3.026565769687294960e-03
7.512084245681762695e-01
2.982236037496477365e-04
4.136744141578674316e-01
2.997246384620666504e-02
4.617101803887635469e-04
4.005947615951299667e-03
4.695734533015638590e-04
1.319014001637697220e-03
2.397071942687034607e-02
4.490428417921066284e-02
1.861658692359924316e-02
5.836371565237641335e-04
1.260727061890065670e-03
1.812343150377273560e-01
3.512069815769791603e-04
7.088975310325622559e-01
1.512857619673013687e-02
9.714707136154174805e-01
1.607841695658862591e-03
2.119975164532661438e-03
4.298324696719646454e-03
4.437054395675659180e-01
4.981442354619503021e-03
4.735114574432373047e-01
5.622951388359069824e-01
6.371242925524711609e-03
9.928914308547973633e-01
1.825279206968843937e-03
2.023163950070738792e-03
1.158545166254043579e-02
2.617185469716787338e-03
7.473136782646179199e-01
1.827594242058694363e-03
4.281104207038879395e-01
2.832566155120730400e-03
9.704354405403137207e-02
6.853445898741483688e-03
2.434369176626205444e-02
1.698279827833175659e-01
5.979869365692138672e-01
2.538166241720318794e-03
9.365959092974662781e-03
2.609011158347129822e-02
8.483155965805053711e-01
1.587998936884105206e-03
2.354525786358863115e-04
8.902479312382638454e-04
9.162928164005279541e-02
1.004320941865444183e-02
5.403032060712575912e-03
8.765873499214649200e-03
2.630590274930000305e-02
1.209572982043027878e-02
5.912865512073040009e-03
1.779846101999282837e-02
8.894038619473576546e-04
2.967679873108863831e-02
8.240582421422004700e-03
1.430475967936217785e-03
4.855698719620704651e-02
9.239323139190673828e-01
5.316854119300842285e-01
1.663494971580803394e-03
2.783506810665130615e-01
4.529560450464487076e-03
7.200758904218673706e-03
9.983269572257995605e-01
4.531752765178680420e-01
8.809817954897880554e-03
1.533458847552537918e-02
7.805977948009967804e-03
4.310328979045152664e-03
1.732472795993089676e-03
6.357469246722757816e-04
2.699026837944984436e-03
2.910615410655736923e-03
1.623140997253358364e-04
4.379182355478405952e-04
4.349625483155250549e-02
2.105604158714413643e-03
1.946817189455032349e-01
1.329673221334815025e-03
2.404954750090837479e-03
2.507822820916771889e-03
7.087335921823978424e-03
4.528876766562461853e-02
7.823163270950317383e-02
2.020979672670364380e-01
8.528454229235649109e-03
5.665796343237161636e-03
9.719787240028381348e-01
1.616105996072292328e-02
2.340756123885512352e-03
1.084459498524665833e-01
6.444180849939584732e-03
5.186555907130241394e-02
9.896032214164733887e-01
4.367451742291450500e-02
3.291741386055946350e-02
5.880163237452507019e-02
4.283452779054641724e-02
2.892397169489413500e-04
1.609659666428342462e-04
5.259280558675527573e-03
1.942499279975891113e-01
1.079433015547692776e-03
6.141771445982158184e-04
8.633466204628348351e-04
2.215760946273803711e-02
5.234611034393310547e-02
7.189811207354068756e-03
9.953097701072692871e-01
4.157689586281776428e-02
6.929920520633459091e-03
1.584006100893020630e-02
3.234868403524160385e-03
3.576086135581135750e-03
2.540744096040725708e-02
1.094831526279449463e-02
4.846292734146118164e-01
8.190160989761352539e-01
1.593679306097328663e-03
3.925413787364959717e-01
6.304974202066659927e-03
5.426742602139711380e-03
1.121341437101364136e-02
5.889164805412292480e-01
3.503235522657632828e-03
5.905613303184509277e-03
3.507745277602225542e-04
5.279526885715313256e-05
7.608638261444866657e-04
7.970727747306227684e-04
7.713733939453959465e-04
1.490384456701576710e-04
3.277093404904007912e-03
8.003501570783555508e-04
9.460683213546872139e-04
3.821961116045713425e-03
2.335551427677273750e-03
5.047961603850126266e-03
6.713113784790039062e-01
1.341717143077403307e-04
3.571135748643428087e-04
6.136981304734945297e-03
5.987469339743256569e-04
1.645446121692657471e-01
4.896742757409811020e-03
4.740036558359861374e-03
6.641609072685241699e-01
7.544283289462327957e-04
3.956922590732574463e-01
1.151423156261444092e-02
5.283844657242298126e-04
8.307568496093153954e-04
5.605197045952081680e-03
1.763446629047393799e-02
4.853309597820043564e-03
1.472342293709516525e-03
2.844885224476456642e-03
3.877127468585968018e-01
7.778701931238174438e-02
7.827748544514179230e-03
7.249048352241516113e-01
4.294931422919034958e-04
4.306662594899535179e-04
1.477222330868244171e-02
8.710739612579345703e-01
2.146027609705924988e-02
1.307095028460025787e-02
2.109341556206345558e-03
2.176283672451972961e-02
6.377492682076990604e-04
8.184506893157958984e-01
6.916930433362722397e-03
8.234851956367492676e-01
9.324196726083755493e-02
4.291503864806145430e-04
3.751451615244150162e-03
3.530371468514204025e-03
2.859728992916643620e-04
4.704637918621301651e-03
3.569075837731361389e-03
1.437512505799531937e-02
4.577535763382911682e-02
3.309111893177032471e-01
9.978294968605041504e-01
4.603928327560424805e-01
3.330294275656342506e-03
3.037066897377371788e-03
2.836514711380004883e-01
1.311898929998278618e-03
8.835361222736537457e-04
2.561968518421053886e-03
1.318443845957517624e-02
1.514542615041136742e-03
3.083540797233581543e-01
7.221382111310958862e-04
1.716505736112594604e-02
7.950327396392822266e-01
1.627790858037769794e-03
1.578442007303237915e-02
4.058778285980224609e-04
6.264934316277503967e-03
3.104740288108587265e-03
1.016095397062599659e-03
1.582179218530654907e-02
2.701844461262226105e-02
4.909105002880096436e-01
1.136207301169633865e-02
6.976653821766376495e-03
1.223569549620151520e-02
2.411040186416357756e-04
5.638754810206592083e-04
4.274028178770095110e-04
5.787042318843305111e-04
1.187731139361858368e-02
5.918052513152360916e-03
8.627302013337612152e-03
1.546753197908401489e-01
1.122075505554676056e-02
1.544615477323532104e-01
1.777764293365180492e-03
9.927236437797546387e-01
9.675886034965515137e-01
2.302297507412731647e-04
2.942548366263508797e-03
4.928893595933914185e-02
8.564881682395935059e-01
4.060451872646808624e-03
1.202889485284686089e-03
6.335555226542055607e-04
8.022885769605636597e-03
9.230460971593856812e-03
6.726085557602345943e-04
1.119194831699132919e-02
5.711797159165143967e-03
4.073457047343254089e-02
3.287882357835769653e-02
2.360833249986171722e-02
5.749698262661695480e-03
1.370900426991283894e-03
8.453457802534103394e-02
1.983211189508438110e-01
3.252601027488708496e-01
5.028665764257311821e-04
2.699940931051969528e-03
3.445202112197875977e-01
6.893023964948952198e-04
2.195239299908280373e-03
4.664040505886077881e-01
9.229774028062820435e-02
2.310097217559814453e-03
1.681373920291662216e-03
3.700425848364830017e-03
5.276618152856826782e-02
2.727554645389318466e-03
9.237463586032390594e-03
6.058013439178466797e-01
1.322060124948620796e-03
8.815423352643847466e-04
3.007629811763763428e-01
4.839446861296892166e-03
7.176752686500549316e-01
4.850445687770843506e-01
6.471274793148040771e-02
4.189396277070045471e-04
5.553310737013816833e-02
4.971030866727232933e-04
6.099810823798179626e-03
7.940309587866067886e-04
8.736395835876464844e-01
3.469933755695819855e-03
3.986675292253494263e-03
1.731513184495270252e-03
4.936753306537866592e-03
1.946115226019173861e-04
1.772009953856468201e-02
5.729789845645427704e-04
2.684198319911956787e-01
3.027172684669494629e-01
9.669265747070312500e-01
9.047221392393112183e-02
1.027719816192984581e-03
8.576171472668647766e-03
2.207854995504021645e-03
6.877875328063964844e-02
3.023341856896877289e-02
3.262428799644112587e-04
8.720662444829940796e-03
4.228597041219472885e-03
9.592092037200927734e-01
1.768147014081478119e-02
4.734752583317458630e-04
1.458769850432872772e-02
3.330417722463607788e-02
3.493110835552215576e-01
2.640010118484497070e-01
2.780118398368358612e-02
8.442252874374389648e-03
6.417628028430044651e-04
2.404313301667571068e-03
8.257157169282436371e-04
6.467499732971191406e-01
6.624931097030639648e-01
2.258231397718191147e-04
1.231653094291687012e-01
6.822360754013061523e-01
8.640325628221035004e-03
7.767187058925628662e-02
7.050436106510460377e-04
2.978465345222502947e-04
3.879608586430549622e-03
2.361144423484802246e-01
8.743168115615844727e-01
2.778260596096515656e-02
7.763473782688379288e-03
2.554122358560562134e-02
8.964042067527770996e-01
1.876782975159585476e-03
9.363801218569278717e-04
5.417803768068552017e-03
3.537420332431793213e-01
1.712488681077957153e-01
1.231852802447974682e-03
1.061373483389616013e-02
9.591764956712722778e-02
2.132004126906394958e-03
9.056342765688896179e-03
2.188945934176445007e-02
4.868556279689073563e-03
4.175773635506629944e-02
7.896847091615200043e-03
1.113066449761390686e-02
1.265360116958618164e-01
1.063812756910920143e-03
7.593479752540588379e-02
5.608262494206428528e-03
2.639755234122276306e-02
2.992411553859710693e-01
7.393795251846313477e-02
1.360762584954500198e-02
4.601951688528060913e-03
2.078719995915889740e-02
2.098508412018418312e-03
8.607877418398857117e-03
6.279181838035583496e-01
8.902780245989561081e-04
2.205872006015852094e-04
5.384741351008415222e-03
8.765650391578674316e-01
1.193351927213370800e-04
9.981714487075805664e-01
9.135555010288953781e-04
9.899829626083374023e-01
2.496302686631679535e-02
1.325801946222782135e-03
9.518858194351196289e-01
4.992308677174150944e-04
3.605264425277709961e-02
6.603316664695739746e-01
3.278657793998718262e-02
8.244573138654232025e-03
3.858807322103530169e-04
9.958414435386657715e-01
1.353283822536468506e-01
6.570760160684585571e-04
1.394873261451721191e-01
3.679776331409811974e-03
5.908004194498062134e-02
2.591179800219833851e-04
1.047666091471910477e-02
2.910325825214385986e-01
3.352945204824209213e-04
9.295558556914329529e-04
2.711389679461717606e-03
1.246788189746439457e-03
2.084003994241356850e-03
3.920060989912599325e-04
7.636957764625549316e-01
5.213820189237594604e-02
3.733886778354644775e-01
7.122117676772177219e-04
2.465862035751342773e-02
9.123257547616958618e-02
5.783813539892435074e-04
1.949922763742506504e-03
9.916947456076741219e-04
5.979660898447036743e-03
7.536737322807312012e-01
2.343631786061450839e-04
1.448609493672847748e-02
6.816692184656858444e-04
4.015036392956972122e-03
8.614723682403564453e-01
7.529995869845151901e-03
2.238849876448512077e-03
1.147544849663972855e-02
2.067360474029555917e-04
7.608152809552848339e-04
2.205605152994394302e-03
6.082735024392604828e-03
9.038086533546447754e-01
6.121708080172538757e-03
3.312731161713600159e-03
2.767964266240596771e-03
2.436552895233035088e-03
9.019674062728881836e-01
9.991718530654907227e-01
7.254900932312011719e-01
1.992637757211923599e-03
3.113132901489734650e-03
1.080481917597353458e-03
7.164368871599435806e-03
1.432597404345870018e-03
3.557054151315242052e-04
5.347499623894691467e-03
3.903336124494671822e-03
1.250705495476722717e-02
6.541527691297233105e-04
9.245275706052780151e-02
5.199685227125883102e-03
1.178298844024538994e-03
1.856721565127372742e-02
3.077004803344607353e-03
2.048721536993980408e-03
6.087320391088724136e-03
2.067820401862263680e-03
1.014813315123319626e-02
2.450642874464392662e-03
4.991453513503074646e-02
1.833104295656085014e-03
5.445209098979830742e-04
1.756538869813084602e-03
1.381400157697498798e-03
5.680231261067092419e-04
5.244355797767639160e-01
6.439878139644861221e-03
3.897729038726538420e-04
7.682142313569784164e-04
2.101882855640724301e-04
1.054391148500144482e-03
4.275343380868434906e-03
8.393034804612398148e-04
1.213302277028560638e-02
2.794783748686313629e-02
4.968541860580444336e-02
4.912925139069557190e-02
6.203214451670646667e-02
2.307744771242141724e-01
5.005252314731478691e-04
4.603920038789510727e-03
6.615375605178996921e-05
3.021947573870420456e-03
1.354175765300169587e-04
5.901446565985679626e-03
1.184347271919250488e-02
5.486984550952911377e-02
3.718702646438032389e-05
7.598237134516239166e-04
9.238286875188350677e-04
1.161059699370525777e-04
2.399030178785324097e-01
2.359227277338504791e-03
4.332093521952629089e-02
6.792221684008836746e-03
5.313327908515930176e-01
9.916999936103820801e-01
4.515038453973829746e-04
5.875114351511001587e-03
7.059667110443115234e-01
5.408751778304576874e-03
1.982013927772641182e-04
3.838333534076809883e-03
9.238214232027530670e-03
6.294587850570678711e-01
2.951706410385668278e-04
7.502706721425056458e-04
4.615347366780042648e-03
1.331315282732248306e-02
1.254414673894643784e-03
6.155924056656658649e-04
3.188652219250798225e-03
1.085882307961583138e-03
6.210143677890300751e-03
1.653516441583633423e-01
9.655895829200744629e-01
1.564651727676391602e-03
4.034607671201229095e-03
9.044526815414428711e-01
1.150450203567743301e-03
1.922504161484539509e-04
5.451135635375976562e-01
8.608079515397548676e-04
3.175321221351623535e-02
4.068268928676843643e-03
5.222628638148307800e-02
5.114692263305187225e-03
1.808442990295588970e-03
4.389556646347045898e-01
2.678918419405817986e-03
8.799002170562744141e-01
1.565271639265120029e-03
6.751515902578830719e-03
9.768337942659854889e-03
5.465332651510834694e-04
1.836835592985153198e-02
9.960390329360961914e-01
3.802129067480564117e-03
7.036380702629685402e-04
1.448640134185552597e-03
2.386715821921825409e-02
4.634730983525514603e-03
4.783585900440812111e-04
1.879745628684759140e-03
2.734120644163340330e-04
6.600228548049926758e-01
1.447189413011074066e-02
2.620678953826427460e-02
5.160300061106681824e-02
2.234361600130796432e-04
9.815990924835205078e-04
2.400078345090150833e-03
1.454123063012957573e-03
1.032769400626420975e-02
7.303471565246582031e-01
9.908030033111572266e-01
1.187636516988277435e-02
3.689571749418973923e-04
3.056782297790050507e-02
2.707509994506835938e-01
3.717584302648901939e-03
1.589376624906435609e-04
2.642590319737792015e-03
2.603766880929470062e-02
1.097773946821689606e-02
1.825487561291083694e-04
8.500530123710632324e-01
2.324461340904235840e-01
2.455175295472145081e-02
1.328021637164056301e-03
1.622467115521430969e-02
3.186095040291547775e-03
9.871733374893665314e-03
5.317886243574321270e-04
7.739155087620019913e-03
7.473022490739822388e-02
1.891194842755794525e-03
9.320697747170925140e-03
3.479177653789520264e-01
8.099205791950225830e-02
9.700579047203063965e-01
5.338883958756923676e-03
2.957355929538607597e-03
1.266962615773081779e-03
1.188878435641527176e-02
2.290081828832626343e-01
9.536653757095336914e-03
2.342726947972550988e-04
3.098709974437952042e-03
8.795086177997291088e-04
3.130288678221404552e-04
1.002849545329809189e-02
5.619481950998306274e-02
4.427075327839702368e-04
4.420977085828781128e-02
1.214540214277803898e-03
1.000941629172302783e-04
2.389532746747136116e-04
4.505096585489809513e-04
2.098068408668041229e-02
2.348350286483764648e-01
9.989203214645385742e-01
2.116043679416179657e-02
9.521010215394198895e-04
1.044662371277809143e-01
4.074483178555965424e-03
1.178360544145107269e-03
3.819707781076431274e-04
5.620109732262790203e-04
1.200842525577172637e-04
8.626107126474380493e-03
6.035884842276573181e-03
7.721338886767625809e-03
1.185728397103957832e-04
4.697894454002380371e-01
7.460466586053371429e-03
1.367199729429557920e-04
6.923057371750473976e-04
6.208978593349456787e-03
4.394793417304754257e-03
6.176617927849292755e-03
3.200068837031722069e-03
4.427658859640359879e-03
8.931931806728243828e-04
9.778164625167846680e-01
2.007603272795677185e-02
7.021726965904235840e-01
3.073085681535303593e-04
3.141255816444754601e-03
9.581626951694488525e-02
2.551173092797398567e-04
3.845609491690993309e-03
4.492778703570365906e-02
9.691632390022277832e-01
1.112481768359430134e-04
7.892817258834838867e-03
4.472562577575445175e-03
2.483090944588184357e-02
1.445335336029529572e-02
5.809051916003227234e-03
1.188617432489991188e-03
1.438052393496036530e-03
3.774772048927843571e-04
1.679535489529371262e-03
3.099815919995307922e-02
1.805469626560807228e-03
1.630894956178963184e-03
2.760045463219285011e-03
2.160559175536036491e-03
2.039809944108128548e-03
3.644449170678853989e-03
9.324758648872375488e-01
9.452853798866271973e-01
4.745830316096544266e-03
5.317889153957366943e-04
3.730070590972900391e-01
8.411911316215991974e-03
3.566236793994903564e-02
1.808948349207639694e-03
6.528285145759582520e-02
2.130916254827752709e-04
7.562024053186178207e-03
3.468785434961318970e-04
3.074225410819053650e-02
1.501608919352293015e-02
1.674950122833251953e-03
5.664919735863804817e-04
6.595858931541442871e-02
1.521167624741792679e-02
4.781308816745877266e-04
2.027905313298106194e-03
1.048667430877685547e-01
4.433812201023101807e-01
4.522777628153562546e-03
9.195278398692607880e-04
1.954122679308056831e-03
7.884292863309383392e-03
7.528494461439549923e-04
4.277498722076416016e-01
5.256777256727218628e-02
1.581506512593477964e-04
5.729665048420429230e-03
9.780190885066986084e-03
1.737206615507602692e-02
1.530499570071697235e-02
8.259529713541269302e-04
3.510614112019538879e-02
7.984541007317602634e-04
3.945237956941127777e-03
1.008167043328285217e-01
1.780292135663330555e-03
1.262308913283050060e-03
1.438167970627546310e-02
1.073123770765960217e-03
9.855269454419612885e-04
8.456187322735786438e-03
5.823260173201560974e-03
3.495731949806213379e-01
2.383477840339764953e-04
1.002904959022998810e-02
3.891970589756965637e-02
3.512002900242805481e-02
8.117379620671272278e-03
1.535723451524972916e-02
9.985201954841613770e-01
5.243060179054737091e-03
4.287206567823886871e-03
3.839548677206039429e-02
1.886816881597042084e-02
1.633512675762176514e-01
7.360219606198370457e-04
1.140292435884475708e-01
1.082270964980125427e-01
3.988408744335174561e-01
9.102347493171691895e-02
1.948693096637725830e-01
7.111505866050720215e-01
6.309194024652242661e-03
2.115790359675884247e-02
9.976822137832641602e-01
2.979683922603726387e-03
3.610638203099370003e-03
2.140032011084258556e-04
4.233396053314208984e-01
1.669407077133655548e-02
3.226311528123915195e-04
1.147069386206567287e-03
4.665140528231859207e-03
8.949374780058860779e-03
1.720719598233699799e-02
9.332604822702705860e-04
1.343222567811608315e-03
3.557776100933551788e-03
2.377360127866268158e-03
9.629201889038085938e-01
1.502080558566376567e-04
9.258558750152587891e-01
2.806443488225340843e-03
2.103417664766311646e-01
1.187348291277885437e-01
1.818105950951576233e-02
2.417672239243984222e-02
2.313866093754768372e-02
1.914976630359888077e-03
2.378480043262243271e-03
2.499029040336608887e-03
5.307100340723991394e-02
9.022480994462966919e-02
4.609850235283374786e-03
1.500122155994176865e-02
9.926401972770690918e-01
1.433369517326354980e-01
2.122014015913009644e-02
1.613015338080003858e-04
3.603387158364057541e-03
1.334008295089006424e-03
4.346958547830581665e-02
4.436887393239885569e-04
4.791334271430969238e-03
8.397847414016723633e-04
9.793978333473205566e-01
1.160487649030983448e-03
1.366986543871462345e-03
6.875772774219512939e-02
3.053708672523498535e-01
9.022193402051925659e-02
1.252856338396668434e-03
2.508706040680408478e-02
5.295763611793518066e-01
1.684078387916088104e-02
1.507165096700191498e-02
3.928723279386758804e-03
4.546802490949630737e-02
2.274023136124014854e-03
2.542544901371002197e-02
6.695517338812351227e-03
3.190418472513556480e-03
9.287104941904544830e-03
2.033053338527679443e-02
1.106992014683783054e-03
7.177925202995538712e-03
7.138274908065795898e-01
1.402436848729848862e-02
1.168628260493278503e-01
1.134320744313299656e-03
3.678347566165030003e-04
2.437466173432767391e-04
9.130739606916904449e-03
3.089704923331737518e-02
2.625950612127780914e-02
1.337177678942680359e-02
2.934586815536022186e-02
2.126805856823921204e-02
1.888858038000762463e-03
2.314083464443683624e-02
4.283299669623374939e-03
1.432263059541583061e-03
6.775110960006713867e-03
4.763485339935868979e-04
5.510739237070083618e-02
6.195110455155372620e-02
8.441209793090820312e-04
2.228368684882298112e-04
7.357584778219461441e-03
9.743040800094604492e-01
3.176789614371955395e-04
9.307953715324401855e-01
7.498665712773799896e-03
1.430431846529245377e-03
3.225569427013397217e-01
3.882049117237329483e-03
5.287975072860717773e-01
1.280536316335201263e-02
1.836705254390835762e-03
1.386529300361871719e-03
1.008506771177053452e-02
1.312361913733184338e-03
9.357748627662658691e-01
7.124543786048889160e-01
4.259555414319038391e-02
6.392417009919881821e-03
1.272317487746477127e-02
1.250556670129299164e-03
1.991262193769216537e-03
1.720581552945077419e-03
5.190448835492134094e-03
2.686256309971213341e-03
4.820272442884743214e-04
3.018722927663475275e-04
3.251119051128625870e-03
2.068183757364749908e-02
9.708483703434467316e-04
2.512761764228343964e-02
8.358197286725044250e-03
3.321872279047966003e-02
5.389956291764974594e-03
5.260959733277559280e-03
1.382204703986644745e-02
3.967277240008115768e-03
4.960373509675264359e-03
3.664759919047355652e-03
9.157655760645866394e-03
1.366821932606399059e-03
1.542581245303153992e-02
1.386574120260775089e-03
2.986916154623031616e-02
6.808692589402198792e-03
9.485121816396713257e-03
5.617477581836283207e-04
9.767411947250366211e-01
8.300421833992004395e-01
9.394317748956382275e-04
1.780573278665542603e-02
1.414338359609246254e-03
9.930152893066406250e-01
5.374364256858825684e-01
4.895350430160760880e-04
9.567848443984985352e-01
3.422054927796125412e-03
3.275596245657652617e-04
1.684426097199320793e-03
3.213611245155334473e-02
5.426644929684698582e-04
7.442516507580876350e-04
1.517655700445175171e-02
6.306472350843250751e-04
3.235460491850972176e-03
4.333030283451080322e-01
7.831056602299213409e-03
5.992510821670293808e-03
9.324205457232892513e-04
8.648158400319516659e-04
7.383955380646511912e-05
6.894720792770385742e-01
9.991402626037597656e-01
1.899942144518718123e-04
1.556252245791256428e-03
2.400344674242660403e-04
2.354008406400680542e-01
6.510805338621139526e-03
2.548473775386810303e-01
2.359888749197125435e-03
2.263663150370121002e-02
3.345341654494404793e-03
3.092576749622821808e-02
1.266102679073810577e-02
7.320322911255061626e-04
2.001779357669875026e-04
1.802145270630717278e-03
9.573889970779418945e-01
5.906542297452688217e-03
1.711343973875045776e-02
1.199469622224569321e-02
1.201028097420930862e-02
2.514604032039642334e-01
4.091959563083946705e-04
2.165641402825713158e-03
1.871644984930753708e-03
1.678765256656333804e-04
6.017044782638549805e-01
9.892481379210948944e-03
2.175366738811135292e-03
1.526162214577198029e-02
1.694841310381889343e-03
7.842023856937885284e-03
8.932866901159286499e-02
5.806772504001855850e-03
1.504851970821619034e-03
1.245981734246015549e-02
3.704990493133664131e-03
1.608519931323826313e-03
1.957261115312576294e-01
4.061998624820262194e-04
7.738434942439198494e-04
5.920064169913530350e-03
3.873836249113082886e-04
3.405299270525574684e-03
5.109238438308238983e-03
2.151688328012824059e-03
2.810564264655113220e-02
1.056809071451425552e-02
4.786135628819465637e-02
2.274979604408144951e-03
2.210751175880432129e-03
7.104493211954832077e-03
1.308741867542266846e-01
2.395408693701028824e-03
3.194117685779929161e-03
1.205629203468561172e-03
6.264073308557271957e-03
1.056949142366647720e-03
3.048598580062389374e-02
2.237801998853683472e-02
1.322410680586472154e-04
1.637225039303302765e-02
2.840192522853612900e-03
7.645167410373687744e-02
6.579527258872985840e-01
3.201000392436981201e-02
3.497165380395017564e-05
7.351530715823173523e-03
7.351098656654357910e-01
6.639565527439117432e-02
2.584334695711731911e-03
3.035417292267084122e-03
1.391542050987482071e-02
2.288868837058544159e-02
4.864524235017597675e-04
2.822274575009942055e-03
9.976165294647216797e-01
3.212070558220148087e-03
7.193525787442922592e-03
4.078648344147950411e-04
9.387127161026000977e-01
9.888032078742980957e-01
9.956248402595520020e-01
1.659518893575295806e-04
1.010511443018913269e-02
5.845452547073364258e-01
3.303494155406951904e-01
7.573642302304506302e-03
5.663560703396797180e-02
9.173310361802577972e-03
9.409950971603393555e-01
3.770871786400675774e-03
7.203769055195152760e-04
1.569239795207977295e-02
2.939086407423019409e-03
4.632198438048362732e-02
2.848223084583878517e-03
5.610833759419620037e-04
3.472744226455688477e-01
4.451358690857887268e-04
6.989109795540571213e-03
1.099666673690080643e-02
1.572975888848304749e-03
4.596116486936807632e-03
5.066119879484176636e-02
2.251166151836514473e-03
2.190521452575922012e-03
2.950224280357360840e-02
3.779332619160413742e-03
1.476416084915399551e-02
1.393507583998143673e-03
9.890594519674777985e-04
3.181199543178081512e-03
2.846048912033438683e-03
3.006560495123267174e-03
5.368673708289861679e-03
6.733159422874450684e-01
5.375968813896179199e-01
3.549410030245780945e-04
1.161286234855651855e-02
2.680912846699357033e-03
1.358567271381616592e-03
2.755119204521179199e-01
1.193967764265835285e-03
1.325749559327960014e-03
3.436757922172546387e-01
2.397208474576473236e-03
1.171808689832687378e-02
8.538278192281723022e-02
1.097069028764963150e-02
7.630210602656006813e-04
6.171935424208641052e-02
2.643094165250658989e-03
2.710135013330727816e-04
3.443934954702854156e-03
2.322244644165039062e-01
1.027841027826070786e-02
1.167461159639060497e-03
2.653429284691810608e-03
2.213140105595812201e-04
8.188158273696899414e-02
1.915602188091725111e-04
6.125419586896896362e-02
1.931571401655673981e-03
2.563417144119739532e-02
2.514611482620239258e-01
3.949516452848911285e-03
5.005781352519989014e-02
2.550904639065265656e-02
5.322136729955673218e-02
2.994303964078426361e-02
4.495741426944732666e-02
1.391204306855797768e-03
3.248658496886491776e-03
2.157514391001313925e-04
7.473727315664291382e-02
4.616969672497361898e-04
1.655418612062931061e-02
2.502889372408390045e-03
1.582765486091375351e-03
6.206239014863967896e-02
4.259846638888120651e-03
2.129101380705833435e-02
3.070492297410964966e-03
2.393629401922225952e-03
2.932658651843667030e-03
2.698043826967477798e-03
2.985068829730153084e-03
3.389379126019775867e-04
5.635708104819059372e-03
2.659096149727702141e-03
2.378886379301548004e-02
2.777822911739349365e-01
1.454684603959321976e-02
1.525425817817449570e-02
3.825030522421002388e-03
1.194755081087350845e-03
1.986573217436671257e-03
3.763564676046371460e-02
5.516709294170141220e-03
5.729553755372762680e-03
8.880221098661422729e-02
3.014363115653395653e-03
2.998244715854525566e-03
2.351487288251519203e-03
5.609087646007537842e-02
5.869479849934577942e-03
7.104045711457729340e-03
7.953378371894359589e-03
4.178202245384454727e-03
9.456397891044616699e-01
4.034770652651786804e-03
1.045549102127552032e-02
3.366570745129138231e-04
4.160064272582530975e-03
1.199378748424351215e-03
6.541870534420013428e-03
2.555591636337339878e-04
2.099065929651260376e-01
2.236463278532028198e-01
7.817068253643810749e-04
7.829237729310989380e-03
7.612095214426517487e-03
6.352389603853225708e-02
4.900540038943290710e-02
8.986328728497028351e-03
9.887129068374633789e-01
8.684449642896652222e-02
1.298782881349325180e-04
2.133800834417343140e-02
4.175304248929023743e-02
1.011993084102869034e-02
9.980096220970153809e-01
1.584271522006019950e-04
9.125007987022399902e-01
5.854244227521121502e-04
1.153546478599309921e-02
1.907185763120651245e-01
2.114414237439632416e-02
5.064582219347357750e-04
9.793418049812316895e-01
2.123208483681082726e-03
8.687922358512878418e-02
4.049204289913177490e-02
3.213032614439725876e-04
2.327295253053307533e-03
1.227843854576349258e-02
2.393895119894295931e-04
2.486067116260528564e-01
1.436310121789574623e-03
1.450346708297729492e-01
5.639840848743915558e-03
3.637002548202872276e-03
8.956741075962781906e-04
5.871965084224939346e-03
6.104416097514331341e-04
4.392940027173608541e-04
2.109681628644466400e-02
4.162878263741731644e-03
2.041541272774338722e-03
2.040035277605056763e-02
4.313964862376451492e-03
5.540017504245042801e-03
4.930369555950164795e-03
8.309525251388549805e-01
1.252879500389099121e-01
4.418409895151853561e-03
6.343348622322082520e-01
5.385890007019042969e-01
4.119921941310167313e-04
8.455595932900905609e-03
5.303200334310531616e-03
2.028003800660371780e-03
9.890857338905334473e-01
4.602261781692504883e-01
6.653410964645445347e-04
1.882748603820800781e-01
1.082411408424377441e-02
4.278390482068061829e-02
2.010916126891970634e-03
1.903510652482509613e-02
1.000131368637084961e-01
1.582326949574053288e-04
8.619157597422599792e-03
1.586899533867835999e-02
3.528275061398744583e-03
9.506779024377465248e-04
7.527126930654048920e-03
1.191129386425018311e-01
4.232681822031736374e-04
9.013276696205139160e-01
4.347861104179173708e-04
8.065718412399291992e-02
9.838682413101196289e-01
2.484312653541564941e-02
4.394669830799102783e-02
1.031892001628875732e-02
9.965895414352416992e-01
8.032703190110623837e-04
5.733368992805480957e-01
8.960657566785812378e-02
1.221104338765144348e-01
4.293598758522421122e-04
8.040684275329113007e-03
3.865244984626770020e-02
4.669867921620607376e-03
2.547569572925567627e-03
5.310600623488426208e-02
7.017780840396881104e-02
5.954615771770477295e-03
5.475595593452453613e-02
3.484796732664108276e-03
1.779337078332901001e-01
3.687519952654838562e-02
5.871093869209289551e-01
1.825476065278053284e-02
3.218220174312591553e-01
3.800365701317787170e-02
3.694958752021193504e-03
1.035310793668031693e-02
4.313406348228454590e-02
2.724570930004119873e-01
1.462442101910710335e-03
4.953078180551528931e-02
4.077559569850564003e-04
1.518558012321591377e-03
8.946663583628833294e-04
6.809071302413940430e-01
5.161807686090469360e-02
1.099788700230419636e-03
1.908066719770431519e-01
2.394611388444900513e-02
4.157665669918060303e-01
5.739697720855474472e-03
8.192425011657178402e-04
7.548664510250091553e-02
1.129009667783975601e-02
4.487593844532966614e-02
8.225277066230773926e-03
2.426019491394981742e-04
3.528471337631344795e-03
7.008476555347442627e-02
9.870482087135314941e-01
2.257277956232428551e-03
5.804668739438056946e-02
6.843281444162130356e-04
1.405004877597093582e-03
2.421434910502284765e-04
2.151677908841520548e-04
2.960238140076398849e-03
9.361035376787185669e-02
3.211323022842407227e-01
1.097648590803146362e-02
3.806028747931122780e-03
7.771278917789459229e-02
6.907432079315185547e-01
8.944699075073003769e-04
3.758932650089263916e-02
2.321636769920587540e-03
2.000206708908081055e-02
1.587272621691226959e-03
1.973990350961685181e-03
5.010902415961027145e-03
1.731230528093874454e-03
7.853804528713226318e-02
6.392358541488647461e-01
5.331863835453987122e-02
1.068522036075592041e-02
2.377717383205890656e-02
9.113236330449581146e-03
2.449504472315311432e-02
2.054582349956035614e-03
3.686924651265144348e-02
2.834177110344171524e-03
1.597547961864620447e-04
2.122336998581886292e-03
5.570607609115540981e-04
2.718958305194973946e-03
1.861509680747985840e-02
6.290726014412939548e-04
4.935859143733978271e-01
3.179793711751699448e-03
8.884955644607543945e-01
2.585057020187377930e-01
6.440695840865373611e-03
9.525858797132968903e-03
9.773893281817436218e-03
4.457632079720497131e-03
4.093466326594352722e-03
3.652907907962799072e-01
1.067525986582040787e-02
9.674481153488159180e-01
8.916231989860534668e-01
9.958829879760742188e-01
8.245946764945983887e-01
5.658198642777279019e-05
8.612534999847412109e-01
9.353731572628021240e-02
8.349925279617309570e-03
3.167478367686271667e-03
1.823685690760612488e-02
1.150068826973438263e-03
1.915986090898513794e-02
2.180930599570274353e-02
5.270522460341453552e-02
8.400598913431167603e-02
8.146236068569123745e-04
1.477325055748224258e-02
1.018740236759185791e-03
9.830863215029239655e-03
1.456853584386408329e-03
1.042244397103786469e-02
4.369842261075973511e-02
7.766607450321316719e-04
1.316759735345840454e-03
7.682643085718154907e-02
8.728876709938049316e-04
7.453394588083028793e-03
9.528316855430603027e-01
2.801726106554269791e-03
2.835352497640997171e-04
1.383936963975429535e-03
1.070998769137077034e-04
5.323025980032980442e-04
4.075605887919664383e-03
2.015083096921443939e-02
9.094778299331665039e-01
1.139955129474401474e-03
1.090034726075828075e-03
2.519781119190156460e-04
1.470508277416229248e-01
2.822135947644710541e-02
1.582688535563647747e-03
4.743167757987976074e-02
9.430366158485412598e-01
2.026120899245142937e-03
8.817132038529962301e-05
1.200739498017355800e-04
9.340040683746337891e-01
2.714226255193352699e-03
4.276874475181102753e-03
8.481845725327730179e-04
2.746782638132572174e-02
6.378648877143859863e-01
7.458760142326354980e-01
2.700449200347065926e-03
9.819944500923156738e-01
1.789511763490736485e-03
7.122133392840623856e-03
4.917380283586680889e-04
8.551548235118389130e-03
8.003733120858669281e-03
1.054592547006905079e-03
5.990612879395484924e-02
2.879112660884857178e-01
1.026981845498085022e-01
6.494109984487295151e-04
3.478090511634945869e-04
5.628991872072219849e-03
1.272304449230432510e-02
1.592161133885383606e-03
4.973862669430673122e-04
8.006677962839603424e-03
8.461282588541507721e-03
3.219670057296752930e-02
4.331191536039113998e-03
2.842874731868505478e-03
1.320299110375344753e-03
2.230124780908226967e-03
1.975318230688571930e-02
6.521572358906269073e-03
9.210506677627563477e-01
8.196168392896652222e-02
2.700370969250798225e-03
4.036468267440795898e-01
1.810290850698947906e-02
6.012325175106525421e-04
6.734234048053622246e-04
5.197583138942718506e-02
1.672136224806308746e-02
4.022285342216491699e-01
5.169699192047119141e-01
3.839978482574224472e-03
3.484620945528149605e-03
4.862785863224416971e-04
5.390927195549011230e-01
7.608935702592134476e-04
1.348956022411584854e-02
5.617383285425603390e-04
1.905733793973922729e-01
4.560551897156983614e-04
2.544150222092866898e-03
5.330531392246484756e-03
8.192364126443862915e-02
1.142528429627418518e-01
7.378455996513366699e-01
1.570185064338147640e-03
5.735397934913635254e-01
3.341045379638671875e-01
6.085832417011260986e-02
7.350132334977388382e-03
2.787809260189533234e-02
5.018294323235750198e-04
3.304418176412582397e-02
5.847701802849769592e-02
7.535379528999328613e-01
9.980279803276062012e-01
1.024393886327743530e-01
1.755003700964152813e-03
1.227560569532215595e-03
2.649967558681964874e-03
1.615959685295820236e-03
2.527068718336522579e-04
6.119254045188426971e-03
5.194320678710937500e-01
9.721142239868640900e-03
2.349987393245100975e-03
6.269023288041353226e-03
1.714874175377190113e-03
9.067471837624907494e-04
7.129599805921316147e-03
1.741691492497920990e-03
5.551663637161254883e-01
4.251921176910400391e-02
7.294654846191406250e-01
4.891930520534515381e-01
2.727720653638243675e-03
4.162874829489737749e-04
5.018193274736404419e-02
5.626808851957321167e-02
2.140616998076438904e-02
2.771771978586912155e-03
1.921944902278482914e-03
1.454798970371484756e-03
5.911458283662796021e-03
2.443125471472740173e-02
6.995138246566057205e-04
1.079814787954092026e-02
1.522448379546403885e-03
9.787572026252746582e-01
3.616295382380485535e-02
6.128278910182416439e-04
9.030397534370422363e-01
2.627340843901038170e-03
4.274425155017524958e-04
1.163913011550903320e-01
3.212721087038516998e-03
2.817573491483926773e-03
1.665363437496125698e-03
1.599882380105555058e-03
9.821088314056396484e-01
1.618824084289371967e-03
5.794502329081296921e-03
1.925992667675018311e-01
2.182499505579471588e-03
7.948882877826690674e-02
8.304548100568354130e-04
7.275760639458894730e-03
1.035882532596588135e-02
1.531762769445776939e-03
1.020939648151397705e-02
4.759900737553834915e-03
2.281827926635742188e-01
2.190893515944480896e-03
5.244433879852294922e-02
4.136989265680313110e-02
4.193762317299842834e-03
7.198239564895629883e-01
1.842085644602775574e-02
6.006957963109016418e-02
3.483486070763319731e-04
1.492506824433803558e-03
9.639809839427471161e-03
2.669930981937795877e-04
3.409528871998190880e-03
1.451752264983952045e-03
9.551290273666381836e-01
5.762911750935018063e-04
8.486671373248100281e-03
6.046517519280314445e-04
4.525800177361816168e-04
4.569686949253082275e-01
1.256641559302806854e-02
1.008374430239200592e-02
4.561948124319314957e-03
1.316337031312286854e-03
1.056605833582580090e-03
4.903531074523925781e-01
3.969658613204956055e-01
8.835946209728717804e-04
2.114749327301979065e-02
7.838140428066253662e-02
1.228718669153749943e-03
9.956579208374023438e-01
1.910800929181277752e-04
1.526741404086351395e-02
3.520622849464416504e-02
8.282104681711643934e-05
2.441306412220001221e-01
1.129150204360485077e-02
2.176953107118606567e-02
2.178071066737174988e-02
1.590483821928501129e-02
1.906998659251257777e-04
1.306529738940298557e-03
3.630355931818485260e-03
1.629130856599658728e-04
2.303749024868011475e-01
7.946656551212072372e-04
1.162200048565864563e-02
4.156681522727012634e-02
3.031654097139835358e-02
3.971167653799057007e-02
2.637136727571487427e-02
4.024245589971542358e-02
1.164164044894278049e-03
5.174097418785095215e-01
1.325338613241910934e-03
1.158743398264050484e-03
9.007864864543080330e-04
1.516604144126176834e-02
4.307313356548547745e-03
1.360221207141876221e-02
6.005209684371948242e-02
1.377391512505710125e-03
1.688108034431934357e-02
4.132195608690381050e-04
7.006819825619459152e-03
3.734793281182646751e-04
9.983567595481872559e-01
6.262695882469415665e-03
1.801370177417993546e-03
1.255204528570175171e-02
5.288631073199212551e-04
2.172924764454364777e-02
1.647409647703170776e-01
8.177078329026699066e-03
1.400833134539425373e-03
3.560019889846444130e-03
3.269586944952607155e-03
7.282478036358952522e-04
2.999768033623695374e-02
3.966480493545532227e-03
1.388314515352249146e-01
1.764185959473252296e-03
1.581027172505855560e-02
2.218264387920498848e-03
1.890238374471664429e-02
5.254538264125585556e-04
9.815744757652282715e-01
4.090701229870319366e-03
9.625292420387268066e-01
1.256346353329718113e-03
4.298916552215814590e-03
9.341008067131042480e-01
1.621508854441344738e-03
2.587471902370452881e-02
1.347770392894744873e-01
7.376376539468765259e-02
2.812334802001714706e-03
9.732199311256408691e-01
1.382751911878585815e-01
2.138226525858044624e-03
1.502604864072054625e-04
4.285282194614410400e-01
2.193097257986664772e-03
5.345414280891418457e-01
2.849229495041072369e-04
5.329076200723648071e-02
1.062209531664848328e-02
1.916676061227917671e-03
8.724787831306457520e-02
1.247962936758995056e-02
5.310593917965888977e-02
4.398911260068416595e-04
5.134054226800799370e-04
1.625903993844985962e-01
2.521541668102145195e-03
9.998625144362449646e-03
3.971573896706104279e-03
1.998908966779708862e-01
3.833027556538581848e-02
1.458713086321949959e-03
8.663793653249740601e-02
2.543986737728118896e-01
1.379394382238388062e-01
5.355632398277521133e-03
1.364814117550849915e-02
2.839197963476181030e-02
2.202228643000125885e-03
2.383964508771896362e-02
5.246830987744033337e-04
7.830789685249328613e-01
8.202661992982029915e-04
1.267864950932562351e-03
9.991860715672373772e-04
1.098313555121421814e-02
4.079553857445716858e-02
2.704498730599880219e-02
5.621774122118949890e-03
2.014875208260491490e-04
6.754746194928884506e-03
9.969592094421386719e-01
7.344206795096397400e-03
5.285416264086961746e-03
1.675387145951390266e-03
1.198008074425160885e-03
1.211022213101387024e-02
2.372056478634476662e-03
8.081567939370870590e-04
2.379749203100800514e-04
6.665248423814773560e-02
2.406690968200564384e-03
6.154512763023376465e-01
3.187173511832952499e-03
1.404982176609337330e-03
5.858141779899597168e-01
8.191791363060474396e-03
4.198499023914337158e-01
1.635630801320075989e-02
1.138613792136311531e-03
3.482593456283211708e-03
3.356419911142438650e-04
3.194240620359778404e-03
2.902058884501457214e-02
3.633601218461990356e-02
1.095610670745372772e-03
1.062461640685796738e-02
2.252467675134539604e-03
1.356048732995986938e-01
2.243741787970066071e-02
1.279375748708844185e-03
1.997238257899880409e-03
3.005833923816680908e-02
4.554660525172948837e-03
1.524872798472642899e-02
6.377149256877601147e-04
1.018916838802397251e-03
1.301176147535443306e-03
9.827354922890663147e-03
5.498514510691165924e-04
9.529320001602172852e-01
3.209303831681609154e-03
6.833797693252563477e-01
1.571412314660847187e-03
3.422438353300094604e-02
7.265542633831501007e-03
2.674463612493127584e-04
2.138585783541202545e-03
8.428673259913921356e-03
1.525501604191958904e-03
2.507214412617031485e-05
3.727695147972553968e-04
3.207763135433197021e-01
1.096643786877393723e-02
4.681260883808135986e-02
2.525314092636108398e-01
9.881288409233093262e-01
8.812718987464904785e-01
1.065293252468109131e-01
5.828489083796739578e-04
6.236723661422729492e-01
8.000414967536926270e-01
9.516120553016662598e-01
1.894052140414714813e-03
2.206519857281818986e-04
2.766424790024757385e-02
3.370210826396942139e-01
9.202063083648681641e-03
1.942428760230541229e-02
9.740092754364013672e-01
4.123870283365249634e-03
2.382441191002726555e-03
3.684084396809339523e-03
1.109013520181179047e-02
8.615366220474243164e-01
9.925897233188152313e-03
3.617558162659406662e-03
3.482660651206970215e-02
1.282687671482563019e-02
1.876898226328194141e-03
6.646078545600175858e-04
8.631483069621026516e-04
3.480749577283859253e-02
9.807155132293701172e-01
3.624072764068841934e-03
1.749103702604770660e-02
8.709453977644443512e-03
4.964162362739443779e-04
5.827620625495910645e-03
2.295846678316593170e-02
2.475461689755320549e-03
4.126327112317085266e-03
2.762452233582735062e-03
8.090689182281494141e-01
1.710062325000762939e-01
7.687499164603650570e-04
1.566146034747362137e-03
4.544495046138763428e-02
6.739164888858795166e-02
7.407434750348329544e-04
2.818706929683685303e-01
7.382462173700332642e-02
5.595375550910830498e-04
3.477758765220642090e-01
1.215446181595325470e-02
9.963550837710499763e-04
6.157403113320469856e-04
1.184520404785871506e-02
6.044324487447738647e-03
1.083742012269794941e-03
2.107776235789060593e-03
7.937646587379276752e-04
5.413183569908142090e-01
2.566829498391598463e-04
8.035870268940925598e-03
2.576783485710620880e-02
3.535765863489359617e-04
3.619017824530601501e-02
2.959207817912101746e-02
1.997919939458370209e-02
1.402715891599655151e-01
4.272547084838151932e-03
1.831859908998012543e-02
7.545791566371917725e-03
2.564508002251386642e-03
2.926915651187300682e-03
7.274542003870010376e-03
1.005488410592079163e-01
9.989429116249084473e-01
3.193774726241827011e-03
6.065847873687744141e-01
7.777878548949956894e-03
1.420404296368360519e-04
9.760572910308837891e-01
1.191283687949180603e-01
9.818992577493190765e-03
4.084119107574224472e-03
9.905115514993667603e-02
1.678861794061958790e-03
2.479886868968605995e-03
1.175990235060453415e-02
7.384145259857177734e-02
9.909647703170776367e-02
1.186153143644332886e-01
2.429912611842155457e-02
1.581934629939496517e-03
3.979438841342926025e-01
7.614234345965087414e-04
4.501054883003234863e-01
5.484406650066375732e-02
6.674002856016159058e-03
9.066624916158616543e-04
1.575509086251258850e-03
8.051706477999687195e-03
7.021201848983764648e-01
8.030954631976783276e-04
5.930355191230773926e-01
9.305993444286286831e-04
2.500374317169189453e-01
5.178577732294797897e-03
1.182279828935861588e-02
2.303548902273178101e-02
1.088578836061060429e-03
1.195003162138164043e-03
8.364793658256530762e-01
4.856453742831945419e-04
2.468155696988105774e-02
6.354697514325380325e-03
2.093549584969878197e-03
2.873006276786327362e-03
4.136790335178375244e-01
2.699568122625350952e-02
8.859924972057342529e-03
5.551842451095581055e-01
2.530106285121291876e-04
4.430181384086608887e-01
4.518249258399009705e-02
1.210796926170587540e-02
1.945591568946838379e-01
7.098269183188676834e-03
7.902492070570588112e-04
4.584252089262008667e-02
3.987158183008432388e-03
5.635195411741733551e-03
1.953059993684291840e-02
2.054523676633834839e-03
2.623503468930721283e-02
9.148200601339340210e-02
6.264601368457078934e-03
2.579791180323809385e-04
9.601502120494842529e-02
2.165574580430984497e-01
4.399542696774005890e-03
5.092449113726615906e-02
3.103835741057991982e-03
9.191538393497467041e-02
2.476436202414333820e-04
4.344590124674141407e-04
1.828232407569885254e-02
2.269535470986738801e-04
6.997462511062622070e-01
6.429681777954101562e-01
1.955454237759113312e-02
2.816579043865203857e-01
2.600534586235880852e-03
3.219281497877091169e-04
1.319363061338663101e-02
3.266680752858519554e-03
9.262634557671844959e-04
8.324874565005302429e-03
6.298197507858276367e-01
1.069442601874470711e-03
1.983470050618052483e-03
8.132889866828918457e-02
7.262996584177017212e-02
1.935817450284957886e-01
9.531457908451557159e-04
4.789528611581772566e-04
2.241144422441720963e-03
8.618676662445068359e-01
1.706027053296566010e-02
4.308517649769783020e-02
5.200922489166259766e-01
1.975654624402523041e-03
1.220623590052127838e-02
4.331366121768951416e-01
6.376113742589950562e-03
7.829513549804687500e-01
6.533461855724453926e-04
8.168258517980575562e-02
4.526467248797416687e-02
5.953868967480957508e-04
8.342645168304443359e-01
2.442676424980163574e-01
5.163217429071664810e-03
1.531657180748879910e-03
9.167277216911315918e-01
8.648162707686424255e-03
8.563701994717121124e-03
2.692879438400268555e-01
9.994677901268005371e-01
3.549386048689484596e-03
3.909666091203689575e-02
1.191913150250911713e-02
5.830953363329172134e-03
1.636391854844987392e-03
9.336942434310913086e-01
2.909586066380143166e-03
3.221744671463966370e-03
3.999027889221906662e-03
1.418016254901885986e-01
8.479527235031127930e-01
1.154358149506151676e-03
1.175377517938613892e-02
4.114490002393722534e-04
1.585941314697265625e-01
1.361372764222323895e-03
3.177156031597405672e-04
8.194146677851676941e-03
3.731471952050924301e-03
1.199015509337186813e-02
5.696508567780256271e-03
8.188755512237548828e-01
5.156904458999633789e-02
1.164677925407886505e-02
7.040338590741157532e-03
2.148637722712010145e-04
7.125794291496276855e-01
9.564530849456787109e-01
6.289302706718444824e-01
6.484430632553994656e-04
5.709165241569280624e-03
6.267084181308746338e-02
4.846366047859191895e-01
1.011585234664380550e-03
6.519656777381896973e-01
1.943009346723556519e-02
9.985979199409484863e-01
3.514027630444616079e-04
2.803086638450622559e-01
1.840540673583745956e-03
9.471239522099494934e-03
7.357877213507890701e-03
3.175986185669898987e-02
4.342446103692054749e-02
4.594428837299346924e-02
8.366537513211369514e-04
5.534210056066513062e-02
6.062179803848266602e-01
2.411980181932449341e-03
9.790055155754089355e-01
2.890849299728870392e-02
3.818437398876994848e-04
1.346303964965045452e-03
2.475725673139095306e-02
5.608918517827987671e-02
4.561961162835359573e-03
1.254785107448697090e-03
5.327619984745979309e-02
8.326039314270019531e-01
9.443482756614685059e-01
2.889972552657127380e-02
1.209944020956754684e-02
5.614818539470434189e-03
3.242639899253845215e-01
1.424227375537157059e-03
2.438255771994590759e-02
2.567769552115350962e-04
1.565622631460428238e-03
1.286287675611674786e-03
3.869167412631213665e-04
1.785637810826301575e-03
9.572847629897296429e-04
4.229084588587284088e-03
9.465488605201244354e-03
3.393145743757486343e-04
6.705501582473516464e-04
6.405336316674947739e-04
2.073658555746078491e-01
9.495234116911888123e-03
7.499450352042913437e-03
1.088940352201461792e-02
1.091753132641315460e-03
1.461336738429963589e-03
1.075103972107172012e-02
1.947240717709064484e-02
2.872048411518335342e-03
7.542656660079956055e-01
7.314148824661970139e-04
6.576576083898544312e-02
2.854592399671673775e-03
8.817270398139953613e-03
1.302256016060709953e-03
3.451405465602874756e-02
3.774530291557312012e-01
1.384396757930517197e-02
1.393235521391034126e-03
2.719113603234291077e-03
9.887774586677551270e-01
7.429679390043020248e-04
1.217191223986446857e-03
4.154741764068603516e-02
7.495791651308536530e-03
5.829951539635658264e-02
7.105300202965736389e-03
1.091954880394041538e-03
3.719720058143138885e-03
4.690540954470634460e-03
5.693649053573608398e-01
9.305791929364204407e-03
3.118752501904964447e-03
2.331525087356567383e-01
1.130147837102413177e-03
3.891607746481895447e-02
1.164271146990358829e-03
5.123768351040780544e-04
4.883214458823204041e-02
7.185614109039306641e-01
9.839380383491516113e-01
6.045756745152175426e-04
7.389707956463098526e-03
1.282925368286669254e-03
5.731580406427383423e-02
9.293528199195861816e-01
7.016766816377639771e-03
4.232439678162336349e-03
1.308205910027027130e-02
1.508727483451366425e-02
1.878341659903526306e-02
2.701644843909889460e-04
2.785931229591369629e-01
2.136002527549862862e-03
8.335693855769932270e-04
9.733360493555665016e-04
4.471070598810911179e-03
8.082187850959599018e-04
1.083264709450304508e-03
3.771317889913916588e-03
7.334368303418159485e-03
1.623876690864562988e-01
2.180881274398416281e-04
5.547699052840471268e-03
4.055514633655548096e-01
5.238922894932329655e-04
6.261905655264854431e-04
3.354319930076599121e-02
1.593214124441146851e-01
2.236990071833133698e-02
2.520300680771470070e-03
1.493084593676030636e-03
6.818011170253157616e-04
1.563362777233123779e-03
8.696557022631168365e-03
1.525456551462411880e-03
1.002406934276223183e-03
1.694487966597080231e-02
2.834767568856477737e-03
9.990072846412658691e-01
9.381177276372909546e-02
5.518558900803327560e-03
4.210319020785391331e-04
4.192281141877174377e-02
1.025089435279369354e-02
1.484128087759017944e-02
1.616777735762298107e-03
9.378514252603054047e-03
5.110220052301883698e-03
3.331041429191827774e-03
1.889100647531449795e-03
2.815335756167769432e-04
5.974360741674900055e-03
9.868692755699157715e-01
1.350600388832390308e-03
4.458013549447059631e-02
2.075070282444357872e-03
4.871967062354087830e-02
3.839651495218276978e-02
2.180386334657669067e-03
3.589428728446364403e-03
3.616470377892255783e-03
3.299567401409149170e-01
6.648932397365570068e-02
4.416679739952087402e-01
7.310760673135519028e-03
2.068878617137670517e-03
5.243983119726181030e-03
1.969347335398197174e-02
1.790444715879857540e-03
1.836091279983520508e-02
6.933245458640158176e-04
2.968838205561041832e-03
1.477518002502620220e-03
3.185693640261888504e-03
2.911669947206974030e-02
4.138866905122995377e-03
9.124665856361389160e-01
9.949439167976379395e-01
9.963063001632690430e-01
6.118082441389560699e-03
8.937275037169456482e-03
2.913976088166236877e-02
1.476067453622817993e-01
7.057986222207546234e-04
7.714185398072004318e-03
3.533738553524017334e-01
3.187062917277216911e-03
7.548781484365463257e-02
1.262392499484121799e-03
2.393779158592224121e-02
7.024227082729339600e-02
5.925047211349010468e-03
8.124312385916709900e-03
1.026569982059299946e-03
7.148403674364089966e-02
1.546957064419984818e-03
9.044791571795940399e-03
7.627346203662455082e-04
1.052019186317920685e-02
6.581913330592215061e-04
4.335520323365926743e-03
1.258200407028198242e-02
9.995366334915161133e-01
2.028204500675201416e-03
1.580020412802696228e-03
6.987146288156509399e-02
3.039315808564424515e-03
2.225696668028831482e-02
5.561925470829010010e-03
4.431664943695068359e-03
1.824088394641876221e-03
1.040960429236292839e-03
1.895415713079273701e-03
2.338184230029582977e-02
9.429196119308471680e-01
1.378927729092538357e-03
1.186367869377136230e-01
1.040982315316796303e-03
4.930944647639989853e-03
9.730293750762939453e-01
3.977421671152114868e-03
4.815537482500076294e-03
8.372386693954467773e-01
7.493683695793151855e-02
6.518916925415396690e-04
8.286655065603554249e-05
2.309855222702026367e-01
1.000679330900311470e-03
3.650932013988494873e-02
1.942666480317711830e-03
3.838052740320563316e-03
3.517784411087632179e-03
7.713200058788061142e-03
3.926111967302858829e-04
1.477805781178176403e-03
9.125852957367897034e-03
6.937984377145767212e-03
1.419747568434104323e-04
4.414546710904687643e-04
7.322743535041809082e-03
9.328832849860191345e-03
1.698790490627288818e-02
2.163518685847520828e-03
9.888559579849243164e-02
7.670909981243312359e-04
9.097620844841003418e-01
6.144463419914245605e-01
1.890611718408763409e-03
1.606797217391431332e-03
3.005384351126849651e-04
9.277486242353916168e-05
1.255397871136665344e-02
2.896681241691112518e-02
1.553078531287610531e-03
7.585575804114341736e-03
4.603331089019775391e-01
1.722317887470126152e-03
1.110086886910721660e-04
1.233768067322671413e-03
4.196913447231054306e-03
1.103631686419248581e-02
9.702485799789428711e-01
3.708295151591300964e-02
2.645491436123847961e-02
2.630222588777542114e-03
7.202705834060907364e-03
6.123602762818336487e-02
4.257038235664367676e-03
9.175826562568545341e-04
2.393447328358888626e-03
6.812665378674864769e-04
9.193211793899536133e-03
1.668009499553591013e-04
6.161728128790855408e-02
7.661334704607725143e-03
8.153221569955348969e-03
3.712756931781768799e-02
2.611660957336425781e-02
5.503185987472534180e-01
2.598114125430583954e-02
1.384572475217282772e-03
8.634821511805057526e-03
2.173629909520968795e-04
4.678245186805725098e-01
2.566521465778350830e-01
9.934228062629699707e-01
9.960470795631408691e-01
3.340588184073567390e-03
9.224144159816205502e-04
2.176416479051113129e-02
1.307130791246891022e-02
8.652196526527404785e-01
4.283944610506296158e-03
4.764639586210250854e-02
1.015878189355134964e-02
1.228253357112407684e-02
2.163808094337582588e-03
1.866589859127998352e-02
9.890996664762496948e-02
3.270784509368240833e-04
3.829256747849285603e-04
1.378236338496208191e-02
6.961990594863891602e-01
9.864060208201408386e-03
1.536274421960115433e-02
3.017225069925189018e-03
2.123910933732986450e-03
1.850189990364015102e-03
2.228333353996276855e-01
2.321594074601307511e-04
4.445759113878011703e-04
1.010930049233138561e-03
8.963916916400194168e-04
7.317831477848812938e-05
2.267171512357890606e-04
9.907485218718647957e-04
9.981982111930847168e-01
2.361698448657989502e-02
2.396861789748072624e-03
5.032463232055306435e-04
2.516834624111652374e-02
4.312099888920783997e-02
1.340027432888746262e-03
1.802119659259915352e-03
3.816582902800291777e-04
7.391493272734805942e-05
4.547719284892082214e-02
8.647355134598910809e-04
4.078771471977233887e-01
5.760123580694198608e-02
1.061577256768941879e-02
1.795494705438613892e-01
2.642786712385714054e-04
1.332086697220802307e-02
2.035109791904687881e-04
4.610040632542222738e-04
2.003339322982355952e-04
8.899015374481678009e-04
2.109230030328035355e-03
9.798289975151419640e-04
3.284651320427656174e-03
5.735282599925994873e-02
4.298508167266845703e-03
7.028062362223863602e-03
3.041520528495311737e-02
5.664673447608947754e-02
5.655779503285884857e-03
3.686830168589949608e-03
4.098880104720592499e-03
9.328969754278659821e-03
4.575399681925773621e-03
3.293606918305158615e-03
5.684677744284272194e-04
2.786642014980316162e-01
4.347885958850383759e-03
4.871498676948249340e-04
1.742290705442428589e-02
5.689825396984815598e-03
5.681204795837402344e-01
1.620384491980075836e-02
5.636665038764476776e-03
5.578230321407318115e-02
1.614026166498661041e-02
3.016651317011564970e-04
8.460389971733093262e-01
2.240102738142013550e-03
8.909321427345275879e-01
2.328493446111679077e-02
3.216835903003811836e-03
9.873700141906738281e-01
1.497041666880249977e-03
2.738378010690212250e-03
1.138086779974400997e-03
2.058265497907996178e-03
4.834129649680107832e-04
3.219673335552215576e-01
2.375811524689197540e-02
2.082294522551819682e-04
6.472259014844894409e-02
3.209774196147918701e-02
5.867277383804321289e-01
5.319915711879730225e-03
5.034861620515584946e-03
5.781782045960426331e-02
1.174739561975002289e-02
4.128110595047473907e-03
2.591304481029510498e-02
2.488347887992858887e-02
2.650964632630348206e-02
6.188399274833500385e-04
2.596725225448608398e-01
2.652056328952312469e-02
5.113919824361801147e-02
2.769716456532478333e-02
2.460899017751216888e-02
1.098458003252744675e-02
4.707483167294412851e-04
2.149698510766029358e-02
4.499308466911315918e-01
1.111160498112440109e-03
1.289284974336624146e-02
7.767809554934501648e-03
1.181450039148330688e-01
1.274839490652084351e-01
1.217188895680010319e-03
1.359033863991498947e-03
4.658133257180452347e-03
1.452318509109318256e-03
7.709543704986572266e-01
2.674908936023712158e-02
6.903598550707101822e-04
1.043325439095497131e-01
1.865768134593963623e-01
1.084462646394968033e-02
8.955739031080156565e-05
2.332451287657022476e-03
1.238380279392004013e-02
4.251479506492614746e-01
1.118268701247870922e-04
3.935323096811771393e-03
5.089537007734179497e-04
2.632833318784832954e-03
2.326904330402612686e-03
1.007336378097534180e-01
2.854034770280122757e-03
9.331169724464416504e-01
9.149938821792602539e-02
1.384183298796415329e-02
7.237660884857177734e-01
1.201788242906332016e-02
4.277641419321298599e-04
2.166497870348393917e-04
9.975692629814147949e-01
5.812804214656352997e-03
1.879188232123851776e-03
2.340751467272639275e-03
2.136221155524253845e-03
5.744597874581813812e-03
3.005896806716918945e-01
8.066182956099510193e-03
5.748782423324882984e-04
4.492185711860656738e-01
5.019773263484239578e-03
1.012093871831893921e-01
9.944400787353515625e-01
5.871061235666275024e-02
1.141212414950132370e-02
1.170588936656713486e-02
4.942610394209623337e-04
9.457249543629586697e-04
5.844145081937313080e-03
9.097703695297241211e-01
4.039705381728708744e-04
9.165922529064118862e-04
3.086589276790618896e-01
4.387680441141128540e-03
3.258041106164455414e-03
1.829614117741584778e-02
2.131005981937050819e-03
9.669677615165710449e-01
2.464078133925795555e-03
2.556448578834533691e-01
1.647300571203231812e-01
4.374240525066852570e-04
2.197854628320783377e-04
3.760812396649271250e-04
1.095480751246213913e-03
3.212994337081909180e-01
4.419584292918443680e-04
2.827256976161152124e-04
5.665338248945772648e-04
7.488448172807693481e-03
4.246528819203376770e-02
7.452789577655494213e-04
3.998486790806055069e-03
8.058398962020874023e-01
1.403220347128808498e-03
1.435804180800914764e-03
1.046482846140861511e-02
9.961434602737426758e-01
7.574213296175003052e-02
2.251963742310181260e-04
5.770867574028670788e-04
4.826079122722148895e-03
3.172779106535017490e-04
4.307065904140472412e-01
4.243190400302410126e-03
1.658919209148734808e-04
2.876776037737727165e-03
1.631339895538985729e-03
9.803103283047676086e-03
2.726460108533501625e-03
4.078688099980354309e-03
8.578810229664668441e-05
3.930667936801910400e-01
2.400811790721490979e-04
2.161013521254062653e-02
1.816892623901367188e-01
1.200254354625940323e-02
4.468725994229316711e-03
3.401946276426315308e-03
1.200796221382915974e-03
2.255537780001759529e-03
4.280853569507598877e-01
2.695395611226558685e-03
7.888997788541018963e-04
9.493699180893599987e-04
9.239739156328141689e-04
1.452447730116546154e-03
6.317496299743652344e-01
3.568872110918164253e-03
7.599453674629330635e-04
1.725836191326379776e-03
9.526764750480651855e-01
8.441802114248275757e-03
5.459454259835183620e-04
1.138212811201810837e-02
1.737884059548377991e-02
1.206800863146781921e-01
1.660363934934139252e-02
9.675593376159667969e-01
3.563444688916206360e-02
6.231084465980529785e-03
7.795633673667907715e-01
1.546462182886898518e-03
1.587058766745030880e-03
2.223248034715652466e-02
7.180892396718263626e-03
3.462087363004684448e-03
1.566961873322725296e-03
6.216450594365596771e-03
1.025702804327011108e-03
4.264215007424354553e-02
3.123509814031422138e-04
1.207745913416147232e-02
1.206098459078930318e-04
8.637745049782097340e-04
5.501122213900089264e-04
1.989102689549326897e-03
2.165048150345683098e-03
3.474389016628265381e-01
4.664815962314605713e-01
1.567090163007378578e-03
2.426735684275627136e-02
1.283284160308539867e-03
3.700427478179335594e-03
7.938524484634399414e-01
3.360014408826828003e-03
2.746500261127948761e-02
2.118508928106166422e-05
6.816265732049942017e-02
6.818184852600097656e-01
1.277721952646970749e-03
4.759627394378185272e-03
4.733745753765106201e-02
5.982195492833852768e-03
1.043865643441677094e-02
9.387506246566772461e-01
3.414430189877748489e-03
6.931091775186359882e-04
1.771724433638155460e-03
9.563250541687011719e-01
5.545319872908294201e-04
1.566556165926158428e-03
4.050678107887506485e-04
2.573315203189849854e-01
1.219335198402404785e-02
1.227534841746091843e-03
1.588603947311639786e-03
4.232869541738182306e-04
1.139120431616902351e-03
1.433745841495692730e-03
5.138320848345756531e-04
1.668989541940391064e-03
8.602130692452192307e-04
4.959473907947540283e-01
5.512814386747777462e-04
2.555587887763977051e-02
3.287521889433264732e-03
5.640125600621104240e-04
9.101593168452382088e-04
1.429134164936840534e-03
3.795626461505889893e-01
1.286287605762481689e-02
4.412407428026199341e-02
4.153791368007659912e-01
7.738012671470642090e-01
7.516633253544569016e-03
6.927140802145004272e-02
3.417325317859649658e-01
4.942306550219655037e-04
5.480267107486724854e-02
1.153996912762522697e-03
9.988439083099365234e-01
2.924311673268675804e-03
8.493663743138313293e-03
8.564068702980875969e-04
2.013577334582805634e-02
4.000601544976234436e-02
2.257720753550529480e-02
4.454377666115760803e-02
3.935529589653015137e-01
5.937885143794119358e-04
3.527350723743438721e-02
7.653267383575439453e-01
5.278053879737854004e-02
1.240182202309370041e-03
3.655899316072463989e-02
1.818950176239013672e-01
9.509000182151794434e-01
5.045172292739152908e-04
2.007313519716262817e-01
6.658616475760936737e-03
8.226447738707065582e-03
7.118673324584960938e-01
2.375597832724452019e-03
3.310143714770674706e-03
6.327563431113958359e-03
6.377198151312768459e-04
6.229116697795689106e-04
9.071909785270690918e-01
8.023698329925537109e-01
1.193799264729022980e-02
3.860097825527191162e-01
4.042292945086956024e-03
1.593334414064884186e-02
9.806149601936340332e-01
2.095579635351896286e-03
1.754394359886646271e-02
5.497733596712350845e-03
1.172319613397121429e-02
3.120905312243849039e-04
1.319560571573674679e-03
2.585449954494833946e-03
1.694270670413970947e-01
1.128551433794200420e-03
1.682143309153616428e-03
8.326186537742614746e-01
3.450439253356307745e-04
2.900284016504883766e-03
2.053965255618095398e-02
5.935477837920188904e-02
2.994666108861565590e-03
3.582686185836791992e-02
5.771327018737792969e-01
2.397043164819478989e-03
8.803591132164001465e-03
2.371740527451038361e-03
2.028054930269718170e-02
1.025875136256217957e-01
5.071097016334533691e-01
5.033372435718774796e-04
1.221567839384078979e-01
8.415246605873107910e-01
1.459579169750213623e-01
4.135759174823760986e-02
2.728363275527954102e-01
6.471814122051000595e-04
4.092895833309739828e-04
3.470354154706001282e-02
9.813565760850906372e-03
9.551168680191040039e-01
4.825126961804926395e-04
1.328786485828459263e-03
1.416972605511546135e-03
4.671523347496986389e-03
5.873975344002246857e-03
8.084918372333049774e-04
9.820229606702923775e-04
4.752679727971553802e-03
1.506388094276189804e-02
2.740886807441711426e-01
1.185738854110240936e-02
3.766102483496069908e-03
2.513040788471698761e-03
2.917721122503280640e-02
6.172910332679748535e-03
2.892339834943413734e-03
5.816019838675856590e-04
1.686224900186061859e-02
4.461544752120971680e-01
1.283319145441055298e-01
1.485941611463204026e-04
8.319617249071598053e-03
2.695431467145681381e-03
1.004824531264603138e-03
5.504831671714782715e-01
6.814680062234401703e-03
6.891766097396612167e-04
2.601208863779902458e-03
1.841407269239425659e-01
2.056924160569906235e-03
5.228070542216300964e-03
1.281762402504682541e-02
9.260596125386655331e-04
3.785747103393077850e-03
2.628205530345439911e-02
3.750126343220472336e-03
9.790164828300476074e-01
8.355711586773395538e-03
1.178566552698612213e-02
9.286440326832234859e-04
6.750764790922403336e-03
1.042946893721818924e-02
1.443000510334968567e-03
9.560867212712764740e-03
3.444026457145810127e-03
8.092455565929412842e-03
1.752616954036056995e-03
5.286509403958916664e-04
1.131913159042596817e-03
5.565439350903034210e-03
1.445109810447320342e-04
1.691204844973981380e-03
4.586441814899444580e-02
2.917884476482868195e-02
3.061858005821704865e-02
8.304582238197326660e-01
9.848514199256896973e-01
2.983882790431380272e-03
1.252480549737811089e-03
1.059452304616570473e-03
2.633068859577178955e-01
2.708821091800928116e-03
9.965979456901550293e-01
1.972214784473180771e-03
6.495896726846694946e-02
8.038322627544403076e-02
4.905047360807657242e-03
1.990076154470443726e-03
2.601985633373260498e-01
6.010984070599079132e-03
7.256526499986648560e-03
6.795083172619342804e-04
4.084239155054092407e-02
1.597990049049258232e-03
8.568642139434814453e-01
7.348300218582153320e-01
1.748226000927388668e-03
1.701664626598358154e-01
1.494981115683913231e-03
7.994251791387796402e-04
4.520974308252334595e-02
7.931229658424854279e-03
3.096858854405581951e-04
4.142633080482482910e-01
2.625222317874431610e-03
2.229575300589203835e-03
1.613148953765630722e-03
1.030170358717441559e-03
1.540805026888847351e-02
5.927373655140399933e-03
9.294419884681701660e-01
3.820654377341270447e-02
1.298805326223373413e-02
9.602792561054229736e-04
8.667312562465667725e-03
3.349059028550982475e-03
2.798828482627868652e-01
3.889129147864878178e-04
2.324452623724937439e-03
1.692198775708675385e-02
1.381206908263266087e-03
4.602409154176712036e-02
1.722377538681030273e-02
4.985981504432857037e-04
4.699993412941694260e-03
7.381028030067682266e-03
6.926399655640125275e-03
1.778419362381100655e-03
1.095245359465479851e-03
1.160503774881362915e-01
4.410617984831333160e-03
1.603654958307743073e-02
5.803833715617656708e-03
2.104297978803515434e-03
4.810645431280136108e-02
4.595234617590904236e-02
9.232570230960845947e-02
3.301785327494144440e-04
1.200368569698184729e-04
4.067909903824329376e-04
2.052887721220031381e-04
5.968440696597099304e-02
2.290484495460987091e-02
7.789488299749791622e-04
5.841264966875314713e-03
1.677652238868176937e-03
6.153863854706287384e-03
4.244949668645858765e-03
1.048626611009240150e-03
4.673024639487266541e-03
2.917604334652423859e-02
1.028310856781899929e-03
2.241749763488769531e-01
2.015916834352537990e-04
9.076219983398914337e-03
2.984319580718874931e-03
1.695404015481472015e-02
1.161320693790912628e-02
9.233231539838016033e-04
4.666016995906829834e-02
1.578631694428622723e-03
1.699904166162014008e-02
2.510725520551204681e-02
1.855094730854034424e-02
1.592734246514737606e-03
8.774069137871265411e-03
3.225363558158278465e-03
5.426616407930850983e-04
1.069112494587898254e-02
2.221032278612256050e-03
5.929714068770408630e-03
1.776276901364326477e-02
6.392720155417919159e-03
6.684420513920485973e-04
7.635149522684514523e-04
1.231832336634397507e-02
1.847815886139869690e-02
6.704876422882080078e-01
2.236125757917761803e-03
7.497130036354064941e-01
9.984530210494995117e-01
4.103866964578628540e-02
4.526689008343964815e-04
3.738590748980641365e-03
1.127358619123697281e-02
6.526333163492381573e-04
9.973364472389221191e-01
1.156353205442428589e-01
1.840138575062155724e-03
1.110358396545052528e-03
7.625093460083007812e-01
1.850828411988914013e-03
2.922682277858257294e-02
2.028753748163580894e-03
1.644990406930446625e-02
9.347389340400695801e-01
2.423707209527492523e-02
5.372346844524145126e-03
3.913776949048042297e-03
1.064895838499069214e-02
7.421141024678945541e-03
6.448326110839843750e-01
6.692723254673182964e-04
1.157059217803180218e-03
6.905414629727602005e-04
3.235429525375366211e-02
2.557669533416628838e-03
9.462862461805343628e-02
2.320649073226377368e-04
3.567957610357552767e-04
6.029554605484008789e-01
3.786900080740451813e-03
3.226235741749405861e-03
1.521941721439361572e-01
1.064067706465721130e-03
2.582084154710173607e-03
2.263532392680644989e-02
3.421500790864229202e-03
9.801786541938781738e-01
4.389149136841297150e-03
7.660058885812759399e-02
5.453038960695266724e-03
2.211890928447246552e-02
6.331691402010619640e-04
2.922088466584682465e-02
2.865542285144329071e-02
1.927011758089065552e-01
1.102949900086969137e-04
3.399106906726956367e-03
3.621283685788512230e-04
2.588115748949348927e-04
9.998632669448852539e-01
1.909626089036464691e-02
1.178672462701797485e-01
4.754877008963376284e-04
1.409010612405836582e-03
1.937110163271427155e-02
9.542037844657897949e-01
2.359337173402309418e-02
1.114241033792495728e-02
1.219985075294971466e-03
3.799221012741327286e-03
9.854507632553577423e-03
5.890035536140203476e-03
4.893497005105018616e-02
8.990364149212837219e-04
1.387254744768142700e-01
1.115801627747714520e-03
1.763595789670944214e-01
2.196469722548499703e-04
2.992197172716259956e-03
4.627523478120565414e-03
2.816480584442615509e-03
1.439070329070091248e-03
1.380428764969110489e-02
1.826410763897001743e-03
4.061904549598693848e-02
8.893343061208724976e-02
3.254569310229271650e-04
1.779020205140113831e-02
1.797097772359848022e-01
3.956491593271493912e-03
2.992667956277728081e-03
7.297539617866277695e-03
5.120096611790359020e-04
3.811764298006892204e-03
1.110084005631506443e-03
5.993508175015449524e-02
7.025564089417457581e-03
5.815329030156135559e-03
4.303186535835266113e-01
2.464300245046615601e-01
5.590844666585326195e-04
3.503691637888550758e-03
5.930683016777038574e-01
4.498519992921501398e-04
3.292849287390708923e-03
2.515723183751106262e-02
4.337965697050094604e-02
9.786026785150170326e-04
7.180586457252502441e-03
1.167776994407176971e-03
8.138982653617858887e-01
3.197199702262878418e-01
3.369510769844055176e-01
5.333500448614358902e-03
7.792639732360839844e-02
2.891090407501906157e-04
4.011068865656852722e-02
1.939688692800700665e-03
2.527966396883130074e-03
2.225390076637268066e-02
8.343831286765635014e-04
5.744154099375009537e-03
3.860887140035629272e-02
2.034633886069059372e-03
1.174613018520176411e-03
7.372885942459106445e-01
9.051342010498046875e-01
4.084465035703033209e-04
3.222118539270013571e-04
1.064932323060929775e-03
2.192640490829944611e-02
1.609576679766178131e-02
2.614703495055437088e-03
6.688410043716430664e-02
3.646519780158996582e-02
1.689744181931018829e-03
4.482171963900327682e-03
1.001746742986142635e-03
2.644034568220376968e-03
3.332921070978045464e-03
5.019492236897349358e-04
1.576824635267257690e-01
7.591059207916259766e-01
4.614986106753349304e-02
9.913580417633056641e-01
6.398148089647293091e-02
5.120972637087106705e-04
3.174934163689613342e-02
1.227092742919921875e-01
2.842677058652043343e-03
2.535901265218853951e-03
8.101483690552413464e-04
1.588209299370646477e-03
8.597705746069550514e-04
4.179894167464226484e-04
8.416045457124710083e-03
1.748014474287629128e-03
3.666404187679290771e-01
6.502916803583502769e-04
2.057231068611145020e-01
8.381602168083190918e-02
7.613134384155273438e-01
5.106112454086542130e-03
6.628937087953090668e-03
2.055455464869737625e-03
7.910153828561306000e-03
4.438370931893587112e-03
1.895912690088152885e-03
9.963985681533813477e-01
2.518433146178722382e-02
3.671128675341606140e-02
3.990431781858205795e-03
4.753302200697362423e-04
8.298030588775873184e-04
1.748262555338442326e-03
1.007986590266227722e-01
1.952928956598043442e-03
2.229518024250864983e-03
3.028723411262035370e-03
5.512323696166276932e-03
1.702372392173856497e-04
1.663094153627753258e-04
6.614755839109420776e-02
1.010229624807834625e-02
1.618847250938415527e-03
8.131880760192871094e-01
2.600902225822210312e-04
3.404108285903930664e-01
2.171039348468184471e-03
8.067764043807983398e-01
1.263961428776383400e-03
5.460194498300552368e-02
1.238376717083156109e-03
5.792832467705011368e-03
1.104239840060472488e-03
4.170832689851522446e-03
7.604296552017331123e-04
8.799630999565124512e-01
1.291406661039218307e-04
1.121694818139076233e-01
2.628702521324157715e-01
7.912643998861312866e-02
1.230688765645027161e-02
1.277010305784642696e-03
1.102107297629117966e-02
2.486706012859940529e-03
9.794926047325134277e-01
8.246755599975585938e-02
5.367471021600067616e-04
8.376630023121833801e-03
2.394774742424488068e-02
3.089951933361589909e-04
4.468312021344900131e-03
9.532776661217212677e-03
2.522817114368081093e-03
3.632894949987530708e-04
4.198575392365455627e-02
9.236751357093453407e-04
1.021803007461130619e-03
6.761323213577270508e-01
9.352606139145791531e-04
1.343042775988578796e-02
1.860347227193415165e-03
3.212385177612304688e-01
4.264303296804428101e-02
1.712701655924320221e-02
1.303068548440933228e-02
6.170844426378607750e-04
2.044145221589133143e-04
4.038347862660884857e-03
3.813974559307098389e-02
8.029339313507080078e-01
7.090097758919000626e-03
9.150748141109943390e-03
1.035885303281247616e-03
4.008176326751708984e-01
1.547374064102768898e-03
1.163379172794520855e-03
1.741874516010284424e-01
9.224262088537216187e-03
1.405025739222764969e-02
3.185684559866786003e-03
2.417505253106355667e-03
1.778731821104884148e-03
8.071616757661104202e-04
6.754922214895486832e-03
5.472494289278984070e-02
1.025947649031877518e-02
1.097650965675711632e-03
2.069718437269330025e-03
1.726525463163852692e-02
1.166095491498708725e-02
9.957077503204345703e-01
3.210367169231176376e-03
2.423573052510619164e-03
3.875396447256207466e-03
3.985193092375993729e-03
6.578359752893447876e-03
9.194508790969848633e-01
1.410854514688253403e-02
7.693840265274047852e-01
1.172082591801881790e-02
7.571807364001870155e-04
3.328729188069701195e-03
8.065885305404663086e-01
1.126138195395469666e-01
3.343237340450286865e-01
2.019599196501076221e-04
1.746317185461521149e-02
1.790865808725357056e-01
1.300214207731187344e-03
6.801862735301256180e-03
3.906810190528631210e-03
6.061429977416992188e-01
4.012178105767816305e-04
4.414606094360351562e-01
6.656209938228130341e-03
2.456110436469316483e-03
9.863573312759399414e-01
2.570638200268149376e-03
3.149041905999183655e-03
7.415968924760818481e-03
1.940386742353439331e-02
1.074945088475942612e-03
1.619527814909815788e-03
7.267960463650524616e-04
2.996916417032480240e-03
5.318270623683929443e-02
1.361748145427554846e-04
1.020759865641593933e-01
2.972756279632449150e-03
8.625348657369613647e-02
7.952027954161167145e-04
2.470660582184791565e-02
3.512221276760101318e-01
3.906851168721914291e-03
9.982894062995910645e-01
5.943204835057258606e-02
1.509497640654444695e-03
2.354656113311648369e-03
1.938341856002807617e-01
1.637511304579675198e-04
1.163200708106160164e-03
2.919015241786837578e-03
1.709943288005888462e-03
7.800831226631999016e-04
7.667629122734069824e-01
3.441160172224044800e-02
1.335065625607967377e-02
4.038771390914916992e-01
1.285325037315487862e-03
1.725377887487411499e-02
5.793590564280748367e-03
1.023132540285587311e-02
1.647037640213966370e-02
4.034688230603933334e-03
1.156592965126037598e-01
1.638846122659742832e-03
4.923088126815855503e-04
3.620433155447244644e-03
3.515612101182341576e-03
2.200977178290486336e-04
8.590855286456644535e-04
2.490940096322447062e-04
6.484168116003274918e-04
5.836551077663898468e-03
6.392082571983337402e-01
9.356829524040222168e-01
1.974820718169212341e-02
2.117247134447097778e-02
3.778668353334069252e-03
3.851689631119370461e-03
3.620816627517342567e-03
1.555736758746206760e-03
7.702004909515380859e-02
6.571579258888959885e-03
1.620015874505043030e-02
2.170770894736051559e-03
9.901254177093505859e-01
4.562097135931253433e-03
6.248304620385169983e-03
1.562600838951766491e-03
4.209909122437238693e-03
7.001490797847509384e-03
5.849298462271690369e-02
1.882075681351125240e-03
2.070905640721321106e-03
6.579042673110961914e-01
4.611483961343765259e-02
3.659001318737864494e-03
1.278619654476642609e-02
5.831856396980583668e-04
2.524151699617505074e-03
4.609083116520196199e-04
8.096606470644474030e-04
4.144554957747459412e-02
1.606087759137153625e-02
9.256645441055297852e-01
9.724979996681213379e-01
4.336718004196882248e-03
1.421547844074666500e-03
5.866588908247649670e-04
2.319975569844245911e-02
7.291047833859920502e-03
4.599765408784151077e-03
4.549157340079545975e-03
1.014419645071029663e-02
8.167875348590314388e-04
6.168918916955590248e-04
5.545613355934619904e-03
1.419164612889289856e-02
7.520635263063013554e-04
1.109121600165963173e-03
8.908146061003208160e-03
1.939919888973236084e-01
2.960267849266529083e-02
1.798549667000770569e-03
4.305689653847366571e-04
2.721333317458629608e-02
9.623089805245399475e-03
5.152143537998199463e-03
8.817400932312011719e-01
7.075668545439839363e-04
1.941872294992208481e-03
7.881989330053329468e-02
1.160452258773148060e-03
7.987420074641704559e-03
1.955937780439853668e-02
3.221530234441161156e-03
2.282529894728213549e-04
9.320206642150878906e-01
2.001786045730113983e-02
1.040288247168064117e-03
9.768989682197570801e-01
2.291835844516754150e-01
1.514749601483345032e-03
3.442689776420593262e-04
1.181994332000613213e-03
1.898863934911787510e-03
2.749030943959951401e-03
5.324106290936470032e-02
8.246230892837047577e-03
4.728825762867927551e-02
9.808440804481506348e-01
1.078520319424569607e-03
9.251706069335341454e-04
3.976995870471000671e-02
7.485088706016540527e-02
1.236311276443302631e-03
3.212153213098645210e-03
1.283318735659122467e-02
7.311078370548784733e-04
1.097432337701320648e-03
9.758689999580383301e-01
1.417567115277051926e-02
4.312388226389884949e-02
1.800651848316192627e-02
4.628980066627264023e-03
1.803500344976782799e-03
1.742685795761644840e-03
3.639166709035634995e-03
1.803383827209472656e-01
2.135217189788818359e-03
1.993375830352306366e-02
1.852760557085275650e-03
6.521797040477395058e-04
9.713692665100097656e-01
7.066852878779172897e-03
2.930177748203277588e-01
4.483888745307922363e-01
8.385825203731656075e-04
1.228316221386194229e-03
7.389438804239034653e-03
1.648915000259876251e-02
9.874218702316284180e-01
3.597559630870819092e-01
8.717127493582665920e-04
9.986448884010314941e-01
3.474355326034128666e-04
2.141322707757353783e-03
4.099991638213396072e-03
2.330038696527481079e-02
1.568597275763750076e-03
2.210394479334354401e-03
9.989816546440124512e-01
9.987521171569824219e-01
4.030842799693346024e-03
2.931267954409122467e-04
3.552565351128578186e-02
1.638873666524887085e-02
7.072512991726398468e-03
1.249282737262547016e-03
2.292426824569702148e-01
5.178450942039489746e-01
5.573224741965532303e-03
4.382936749607324600e-04
4.544338583946228027e-01
1.265968661755323410e-03
9.954246878623962402e-01
1.786499321460723877e-01
2.065723687410354614e-01
1.194237964227795601e-03
9.109504753723740578e-04
4.702766239643096924e-02
9.902822971343994141e-01
1.964398659765720367e-02
3.821777878329157829e-03
8.899102918803691864e-03
4.553778562694787979e-03
2.906878665089607239e-02
2.713882923126220703e-01
1.255008828593418002e-04
9.044139878824353218e-04
7.238738471642136574e-04
1.790707116015255451e-03
3.611101303249597549e-03
6.715497374534606934e-02
5.539099872112274170e-02
4.534807521849870682e-03
1.575473812408745289e-03
2.019652863964438438e-03
8.919200301170349121e-01
7.026838720776140690e-04
5.976146459579467773e-01
2.672732807695865631e-03
3.100211173295974731e-02
3.374066669493913651e-03
4.833855032920837402e-01
1.671909121796488762e-04
1.765755265951156616e-01
7.408790406771004200e-04
1.808231025934219360e-01
3.432323457673192024e-03
1.848403923213481903e-02
2.963548758998513222e-03
4.394689109176397324e-03
7.343436777591705322e-02
1.517338794656097889e-03
6.809259764850139618e-03
7.425932586193084717e-02
2.361364662647247314e-02
1.715990900993347168e-02
7.543811202049255371e-01
7.307664025574922562e-03
2.933152427431195974e-04
9.138827323913574219e-01
3.751530312001705170e-03
5.954860895872116089e-02
7.178074680268764496e-03
7.405919022858142853e-03
1.941510736942291260e-01
4.872225522994995117e-01
3.207853529602289200e-03
8.271930739283561707e-03
3.435163572430610657e-02
1.469576498493552208e-03
5.299367383122444153e-02
2.151517197489738464e-03
1.116759725846350193e-03
2.517774142324924469e-02
3.653686493635177612e-02
3.469276707619428635e-04
9.262152314186096191e-01
1.043585538864135742e-01
6.477339193224906921e-03
6.925364141352474689e-04
5.773756653070449829e-02
6.958949845284223557e-03
2.206689417362213135e-01
1.612487831152975559e-03
7.119729649275541306e-03
1.725241745589300990e-04
4.414281249046325684e-02
3.878576972056180239e-04
6.209272146224975586e-01
2.216455899178981781e-02
3.036408685147762299e-03
2.054677461273968220e-04
7.957612164318561554e-03
5.487510934472084045e-02
1.691919867880642414e-03
7.138833869248628616e-03
9.184757363982498646e-04
1.242142170667648315e-03
4.349081311374902725e-03
6.418702192604541779e-03
2.618543207645416260e-01
2.357539022341370583e-03
8.003687486052513123e-03
1.588732586242258549e-03
2.298245206475257874e-03
4.075600504875183105e-01
1.046130433678627014e-02
5.626699421554803848e-04
1.037034392356872559e-02
1.335327625274658203e-01
3.804226638749241829e-03
3.114362945780158043e-03
1.675065904855728149e-01
7.693435181863605976e-04
8.799819946289062500e-01
3.109450079500675201e-02
4.940687213093042374e-03
1.592597691342234612e-03
4.324286878108978271e-01
1.476738695055246353e-02
3.498098254203796387e-02
3.419595211744308472e-02
1.255565090104937553e-03
1.735308580100536346e-02
1.144029293209314346e-02
3.617106005549430847e-02
2.468449063599109650e-03
2.685991814360022545e-03
2.233886420726776123e-01
6.319755222648382187e-03
3.934231062885373831e-04
1.895499532110989094e-03
8.473432390019297600e-04
8.455678820610046387e-02
6.008940562605857849e-02
1.156276538968086243e-01
3.502113744616508484e-03
4.021751519758254290e-04
1.832723850384354591e-03
1.138331927359104156e-02
2.039334475994110107e-01
3.718971088528633118e-02
3.291856646537780762e-01
3.881857264786958694e-03
7.812060713768005371e-01
1.580710560083389282e-01
3.297434886917471886e-04
9.989934563636779785e-01
4.206794127821922302e-02
4.163922276347875595e-03
5.029313266277313232e-02
9.249856229871511459e-04
7.812812328338623047e-01
1.824335940182209015e-02
3.846495645120739937e-03
1.053190440870821476e-03
9.455463290214538574e-01
3.763421177864074707e-01
6.492073880508542061e-04
5.959356203675270081e-04
2.298746071755886078e-02
1.584444753825664520e-02
4.274854063987731934e-02
2.045772038400173187e-02
4.298743605613708496e-02
2.249517738819122314e-01
1.085315132513642311e-03
1.185313705354928970e-02
2.928619796875864267e-04
1.759054954163730145e-03
1.250256551429629326e-03
1.353464787825942039e-03
1.654160209000110626e-03
1.888248696923255920e-02
7.084757089614868164e-02
1.452948711812496185e-02
1.671054773032665253e-02
1.402418967336416245e-02
2.178622409701347351e-03
2.157127857208251953e-01
1.933734863996505737e-02
4.460555501282215118e-03
1.820217259228229523e-02
1.827007858082652092e-03
5.481487023644149303e-04
4.636286944150924683e-02
2.068525180220603943e-03
1.139538921415805817e-02
5.620561540126800537e-03
6.360315252095460892e-03
3.501370549201965332e-02
2.341402135789394379e-02
1.418927870690822601e-02
1.848933100700378418e-02
7.103044074028730392e-03
1.992580713704228401e-03
1.260913070291280746e-02
3.003878984600305557e-03
1.745749451220035553e-02
2.905878052115440369e-02
2.949371933937072754e-03
7.958067581057548523e-03
2.553410595282912254e-03
9.612061977386474609e-01
1.216732081957161427e-03
1.128249801695346832e-02
6.906082853674888611e-04
2.279238309711217880e-03
8.969990536570549011e-03
1.048031151294708252e-01
3.795744618400931358e-03
1.007227972149848938e-02
7.216966152191162109e-02
3.467283211648464203e-03
6.817517876625061035e-01
7.297546835616230965e-04
1.906639197841286659e-03
2.923473715782165527e-01
3.599314391613006592e-01
1.955948071554303169e-03
9.299894422292709351e-02
2.170226536691188812e-03
1.033393549732863903e-03
6.253716349601745605e-02
1.329751219600439072e-03
1.142699867486953735e-01
6.477361917495727539e-01
2.929838933050632477e-02
5.571354627609252930e-01
2.809525176417082548e-04
3.318861359730362892e-03
1.004099994897842407e-01
8.901221305131912231e-02
2.650227164849638939e-03
2.922756539192050695e-04
4.919280111789703369e-02
9.394429326057434082e-01
4.474078770726919174e-03
5.043671932071447372e-03
6.106011942028999329e-02
2.527731843292713165e-02
1.081802911357954144e-04
3.371332539245486259e-03
2.761348849162459373e-03
9.430488571524620056e-03
3.391057550907135010e-01
1.357816508971154690e-03
7.686579823493957520e-01
4.455071687698364258e-02
1.392555655911564827e-03
1.302498509176075459e-03
1.713294908404350281e-02
2.891596406698226929e-02
4.907720140181481838e-04
2.244745939970016479e-02
5.159208085387945175e-04
1.966599561274051666e-02
2.161242254078388214e-02
1.610183273442089558e-03
2.460824092850089073e-03
6.930520758032798767e-04
3.889980725944042206e-03
5.732404068112373352e-03
5.128018674440681934e-04
8.294955827295780182e-03
1.675174757838249207e-02
7.648656610399484634e-03
5.806464236229658127e-03
8.810179680585861206e-02
2.906024164985865355e-04
1.900378242135047913e-02
5.121862888336181641e-01
1.953159458935260773e-03
1.709019765257835388e-03
7.908819825388491154e-04
1.580150565132498741e-03
3.308058483526110649e-03
5.660831462591886520e-03
7.557331025600433350e-02
3.475426929071545601e-03
8.260915055871009827e-03
5.079223513603210449e-01
4.775562323629856110e-03
1.244685426354408264e-01
8.589764684438705444e-02
5.545505508780479431e-02
1.789059862494468689e-02
6.272803992033004761e-02
2.162833232432603836e-03
4.157303832471370697e-03
2.523642498999834061e-03
9.440577030181884766e-02
6.527395918965339661e-03
1.221870537847280502e-02
2.529270201921463013e-02
5.192793440073728561e-03
9.979074001312255859e-01
4.729116335511207581e-03
4.511732608079910278e-03
2.322053909301757812e-02
4.566838592290878296e-02
3.701083362102508545e-03
3.020614944398403168e-02
9.938185811042785645e-01
1.130225369706749916e-03
1.779326945543289185e-01
7.251670956611633301e-01
4.979641642421483994e-03
1.961878035217523575e-03
3.626444041728973389e-01
5.748900398612022400e-02
3.089988604187965393e-03
4.332945391070097685e-04
5.108581972308456898e-04
8.025713614188134670e-04
1.320725539699196815e-03
5.770378280431032181e-03
6.599333286285400391e-01
3.568299347534775734e-03
7.012314745225012302e-04
1.211403980851173401e-01
1.210707891732454300e-02
1.306027057580649853e-03
9.303146041929721832e-03
9.954577684402465820e-01
4.749140236526727676e-03
2.749007642269134521e-01
3.272687026765197515e-04
5.463457200676202774e-03
2.240286208689212799e-03
3.167716320604085922e-03
2.846873737871646881e-02
2.128803171217441559e-02
9.014227986335754395e-01
6.496183872222900391e-01
6.675688624382019043e-01
4.108493216335773468e-03
5.515944212675094604e-04
1.828123931773006916e-03
2.958147600293159485e-02
1.108120754361152649e-01
8.789845742285251617e-04
4.707391858100891113e-01
8.393988944590091705e-03
3.162977397441864014e-01
2.466645650565624237e-02
6.018558740615844727e-01
1.494462341070175171e-01
8.329611737281084061e-04
7.249498274177312851e-03
1.326604513451457024e-03
6.410071253776550293e-02
3.943079710006713867e-01
2.984611201100051403e-04
9.967406392097473145e-01
2.206258010119199753e-03
1.890539715532213449e-04
3.885865909978747368e-03
6.840646965429186821e-04
6.738073658198118210e-03
2.245244570076465607e-03
2.896678447723388672e-01
1.498822681605815887e-02
5.734284594655036926e-02
8.334438898600637913e-04
6.158445477485656738e-01
2.038468839600682259e-03
6.895885616540908813e-02
1.175204198807477951e-02
3.891423717141151428e-02
1.120998640544712543e-04
2.258461900055408478e-03
6.409059762954711914e-01
7.041512057185173035e-03
7.681853603571653366e-04
9.421544382348656654e-04
6.396853923797607422e-01
2.632355084642767906e-03
3.405632684007287025e-03
7.815951248630881310e-04
2.021050900220870972e-01
5.302039789967238903e-04
8.274043793790042400e-04
1.335032051429152489e-03
4.542188942432403564e-01
9.186485409736633301e-01
1.421151333488523960e-03
2.898020669817924500e-03
8.259261958301067352e-04
2.941851736977696419e-03
6.620590686798095703e-01
7.761490996927022934e-04
5.266332533210515976e-03
9.939354658126831055e-02
4.474205488804727793e-04
3.956679999828338623e-01
7.397115826606750488e-01
2.815563464537262917e-03
8.114140480756759644e-03
1.161060295999050140e-02
4.713172384072095156e-04
1.762716919183731079e-01
1.110069919377565384e-02
2.532980404794216156e-03
1.254602218978106976e-03
1.624625991098582745e-03
4.034734331071376801e-03
1.728660985827445984e-02
6.327140145003795624e-04
1.611306681297719479e-03
1.623855903744697571e-02
6.142778438515961170e-04
1.173286512494087219e-01
1.256934716366231441e-03
8.066192385740578175e-04
7.847699522972106934e-02
4.793217405676841736e-03
4.779151640832424164e-04
9.919844269752502441e-01
1.678618020378053188e-03
2.838989719748497009e-03
8.793158829212188721e-02
3.811999922618269920e-03
1.070558372884988785e-02
5.581324920058250427e-03
1.808802015148103237e-03
6.301629473455250263e-04
1.384106581099331379e-04
8.580635786056518555e-01
4.378864169120788574e-02
2.707247389480471611e-03
1.210379181429743767e-03
1.134861144237220287e-03
1.080705900676548481e-03
1.012960355728864670e-02
9.756142273545265198e-03
4.969719331711530685e-03
7.056710124015808105e-02
3.603938501328229904e-03
3.551749105099588633e-04
2.095964737236499786e-03
9.318026155233383179e-02
1.077310182154178619e-03
7.261406164616346359e-03
5.323660001158714294e-02
8.751118183135986328e-02
1.226991298608481884e-03
3.545170417055487633e-03
3.406914416700601578e-03
9.303800761699676514e-03
1.098206848837435246e-03
8.829621365293860435e-04
1.881514117121696472e-02
5.318344235420227051e-01
1.433749799616634846e-03
1.996400067582726479e-03
1.520874095149338245e-03
2.306339330971240997e-02
2.153229434043169022e-04
1.043170224875211716e-03
1.998563297092914581e-02
3.365839074831455946e-04
7.841846090741455555e-04
5.513588190078735352e-01
3.659388748928904533e-04
6.699035409837961197e-03
1.865101233124732971e-02
1.545566192362457514e-04
5.974320694804191589e-03
2.876611351966857910e-01
8.520379778929054737e-04
2.536942251026630402e-03
2.081262646242976189e-03
9.997714161872863770e-01
4.177196323871612549e-02
5.473389755934476852e-03
6.306950235739350319e-04
2.260904875583946705e-04
7.571778297424316406e-01
9.997929930686950684e-01
2.542012836784124374e-03
2.167411148548126221e-04
2.416132576763629913e-02
6.950273527763783932e-04
5.079371854662895203e-03
5.492224823683500290e-03
1.295904219150543213e-01
2.227375283837318420e-03
1.377557404339313507e-03
5.880514979362487793e-01
2.414686605334281921e-04
2.905874280259013176e-03
2.494347281754016876e-02
6.694740615785121918e-03
9.571986198425292969e-01
1.286076307296752930e-01
2.686597779393196106e-02
1.712394878268241882e-02
3.059629201889038086e-01
1.146576926112174988e-02
1.364479660987854004e-01
2.479777031112462282e-04
2.337824844289571047e-04
4.393919371068477631e-03
8.741863965988159180e-01
1.027181092649698257e-02
5.968220648355782032e-04
2.757834736257791519e-03
3.592967092990875244e-01
1.408264739438891411e-03
9.229800105094909668e-01
9.142295122146606445e-01
1.424942016601562500e-01
9.496447443962097168e-01
1.419516629539430141e-03
2.962868602480739355e-04
2.192791551351547241e-01
1.632173662073910236e-04
4.111976595595479012e-04
2.372101694345474243e-02
1.357172499410808086e-03
1.060549402609467506e-03
6.922230124473571777e-01
1.249492052011191845e-04
8.013796806335449219e-01
1.496681943535804749e-03
9.715615212917327881e-02
5.738310050219297409e-03
2.597990445792675018e-03
1.347277546301484108e-03
8.429058641195297241e-02
1.764106750488281250e-02
1.407090341672301292e-03
6.799617782235145569e-03
5.854607443325221539e-04
2.031741896644234657e-03
7.377609610557556152e-01
7.051628082990646362e-03
1.803214545361697674e-03
9.475286006927490234e-01
7.515595061704516411e-04
7.680615875869989395e-03
3.782869316637516022e-03
1.486272085458040237e-03
3.963153064250946045e-02
4.199792444705963135e-02
4.547385906334966421e-04
1.294331741519272327e-03
7.835780852474272251e-04
1.993050239980220795e-02
2.267725616693496704e-01
8.754814043641090393e-03
9.964008331298828125e-01
6.637555956840515137e-01
1.307759582996368408e-01
2.091649919748306274e-02
1.669817604124546051e-03
2.686669118702411652e-03
6.851813942193984985e-02
8.686169236898422241e-02
9.863966144621372223e-03
9.359746472910046577e-04
8.628325536847114563e-03
1.522615901194512844e-03
6.956857978366315365e-04
8.568042516708374023e-01
1.065851282328367233e-02
9.471235871315002441e-01
2.095000090776011348e-04
3.967508673667907715e-02
1.079766359180212021e-02
1.417786441743373871e-02
4.175276309251785278e-02
5.324878147803246975e-04
5.315062776207923889e-02
1.644778298214077950e-03
2.812968492507934570e-01
2.172376662492752075e-01
6.607738905586302280e-04
6.634532809257507324e-01
1.784136891365051270e-01
1.762422383762896061e-03
4.032377302646636963e-01
1.509360224008560181e-02
5.455576349049806595e-03
2.525902586057782173e-03
2.095754258334636688e-03
8.099584374576807022e-04
5.658800601959228516e-01
9.436492837266996503e-05
1.694610342383384705e-02
1.584360897541046143e-01
1.932868035510182381e-03
5.089877173304557800e-03
4.657704848796129227e-03
1.099706739187240601e-01
4.280542954802513123e-02
1.583502627909183502e-03
2.387821441516280174e-03
3.343740943819284439e-03
1.764177344739437103e-03
2.165211588144302368e-01
9.919404983520507812e-03
2.441798448562622070e-01
4.370830021798610687e-03
2.732411958277225494e-02
3.059246111661195755e-03
2.673446433618664742e-04
2.777072833850979805e-03
1.404402311891317368e-02
2.456785645335912704e-03
2.647828161716461182e-01
2.077929908409714699e-03
2.306456735823303461e-04
9.330528378486633301e-01
7.637143135070800781e-04
1.222161874175071716e-01
9.310432360507547855e-04
2.700288780033588409e-03
1.082116737961769104e-03
6.060563921928405762e-01
2.490535192191600800e-02
1.648994628340005875e-03
1.010468378663063049e-01
1.946717151440680027e-03
4.873014520853757858e-03
7.091037184000015259e-02
5.686080455780029297e-02
9.777553379535675049e-03
9.980594515800476074e-01
2.791939536109566689e-03
2.766126068308949471e-03
3.177867911290377378e-04
6.002309266477823257e-03
9.725701212882995605e-01
1.524300780147314072e-03
1.139784976840019226e-02
5.147433839738368988e-03
4.587100353091955185e-03
2.597232116386294365e-03
1.963135320693254471e-03
8.014581352472305298e-02
4.366231616586446762e-03
1.423952868208289146e-03
1.292597129940986633e-02
1.377750304527580738e-03
1.264979597181081772e-03
1.633896958082914352e-03
8.654091507196426392e-02
1.454650014638900757e-01
4.553108941763639450e-03
9.817268000915646553e-04
1.016994565725326538e-02
1.545999199151992798e-03
2.374829258769750595e-03
1.460290886461734772e-02
6.002411246299743652e-04
1.420464646071195602e-02
5.361437797546386719e-04
1.648278906941413879e-03
4.547398071736097336e-03
1.465241424739360809e-02
2.256805542856454849e-03
5.727503448724746704e-03
1.168520934879779816e-02
4.044476430863142014e-03
3.053521271795034409e-03
3.835277399048209190e-03
5.530663765966892242e-04
6.127181113697588444e-04
3.269956680014729500e-03
3.253443837165832520e-01
3.925010096281766891e-04
4.631430655717849731e-02
5.136064719408750534e-03
9.988499879837036133e-01
2.511765575036406517e-03
3.496442735195159912e-01
1.263724174350500107e-03
3.555313684046268463e-03
9.445334076881408691e-01
1.509641297161579132e-03
3.381530568003654480e-02
8.254050044342875481e-04
1.002414501272141933e-03
7.730002980679273605e-04
1.008068397641181946e-02
9.191397428512573242e-01
1.111449021846055984e-02
1.039146678522229195e-03
1.351419050479307771e-04
5.680829635821282864e-04
5.849813576787710190e-03
3.417078033089637756e-02
6.875622551888227463e-03
2.364273183047771454e-03
1.953311078250408173e-02
4.883953556418418884e-02
8.681109175086021423e-03
1.337179541587829590e-02
5.230024107731878757e-04
6.458604242652654648e-03
4.727375053334981203e-04
6.668620556592941284e-02
1.117885299026966095e-02
2.935437858104705811e-02
5.857605952769517899e-03
5.290085682645440102e-04
2.185093937441706657e-03
1.082237213267944753e-04
3.869665786623954773e-02
4.123697988688945770e-03
6.044843420386314392e-02
2.685588318854570389e-03
1.450734883546829224e-01
9.657180905342102051e-01
1.289368234574794769e-02
4.610677249729633331e-03
9.039271622896194458e-03
3.228918835520744324e-02
2.571237273514270782e-03
9.372643828392028809e-01
1.246266346424818039e-02
8.333103060722351074e-01
6.788880098611116409e-03
3.024398349225521088e-03
2.688022330403327942e-02
1.181105268187820911e-03
6.601717905141413212e-04
5.351807549595832825e-02
5.068949609994888306e-02
2.986636012792587280e-03
5.150510696694254875e-04
8.223981596529483795e-03
2.084045857191085815e-01
9.251132011413574219e-01
2.582041081041097641e-03
5.283400043845176697e-02
7.174787670373916626e-02
5.682849441654980183e-04
8.519914150238037109e-01
5.490932962857186794e-04
4.371410701423883438e-03
6.304663419723510742e-02
1.247213874012231827e-02
3.895653411746025085e-02
9.888195395469665527e-01
8.058255538344383240e-03
8.258771151304244995e-02
2.106131723849102855e-04
4.172755870968103409e-03
3.666400313377380371e-01
3.753367960453033447e-01
2.545611234381794930e-03
5.371691077016294003e-04
1.906179939396679401e-03
1.241735666990280151e-01
4.149620980024337769e-02
3.904900848865509033e-01
2.325509116053581238e-02
5.080787814222276211e-04
1.393649727106094360e-04
6.074966513551771641e-04
3.518410958349704742e-03
2.960439585149288177e-02
1.856694743037223816e-02
6.932390388101339340e-04
1.955599058419466019e-03
3.286357223987579346e-02
7.209375035017728806e-03
3.441263735294342041e-02
7.463161833584308624e-03
1.592128421179950237e-03
1.707719266414642334e-02
2.144755609333515167e-02
1.129079842939972878e-03
4.313534591346979141e-03
1.133910864591598511e-01
7.062241435050964355e-01
3.540218994021415710e-02
2.706953455344773829e-05
4.096959251910448074e-03
9.903074242174625397e-04
9.941992759704589844e-01
4.565684590488672256e-03
1.048510149121284485e-01
4.188913851976394653e-03
1.083079911768436432e-02
1.855736039578914642e-02
9.666593670845031738e-01
4.001414403319358826e-03
2.212671376764774323e-02
1.680430322885513306e-01
2.526955213397741318e-03
5.143750458955764771e-03
2.227444052696228027e-01
8.794599175453186035e-01
4.365693405270576477e-02
3.526466786861419678e-01
3.369685728102922440e-03
1.312180012464523315e-01
8.168000727891921997e-02
8.416595309972763062e-02
1.261753961443901062e-02
2.653637826442718506e-01
4.389689303934574127e-03
1.677196240052580833e-03
4.351040988694876432e-04
2.755792811512947083e-04
3.907662758138030767e-04
2.224775264039635658e-03
1.442195288836956024e-02
4.386315941810607910e-01
1.670903759077191353e-03
1.034025624394416809e-01
1.864585466682910919e-02
4.855477251112461090e-03
2.931150665972381830e-04
1.891139149665832520e-02
1.747587621212005615e-01
4.413223359733819962e-03
1.828567706979811192e-03
6.245312979444861412e-04
1.649486422538757324e-01
6.372752133756875992e-03
1.267931051552295685e-02
8.258391171693801880e-03
8.332377299666404724e-03
1.868518628180027008e-02
6.502514006569981575e-04
1.770962774753570557e-02
2.961012301966547966e-03
4.147838044445961714e-04
1.570659130811691284e-02
1.232835231348872185e-03
8.458526805043220520e-03
1.805046945810317993e-02
8.858161978423595428e-03
2.158804098144173622e-03
4.011106118559837341e-02
4.647215455770492554e-02
1.278513111174106598e-02
6.019719876348972321e-03
1.091618835926055908e-02
2.819009125232696533e-01
8.549705962650477886e-04
4.040870408061891794e-04
2.905328874476253986e-04
2.059674588963389397e-03
7.448007818311452866e-04
3.014367539435625076e-03
3.133953781798481941e-03
8.320305496454238892e-03
2.372251590713858604e-03
8.972788229584693909e-03
2.811267739161849022e-03
2.217680960893630981e-01
7.089859340339899063e-03
3.316168785095214844e-01
4.985347017645835876e-02
9.538449048995971680e-01
5.671066697686910629e-03
6.982474923133850098e-01
2.628864254802465439e-03
6.346550583839416504e-02
1.080612614750862122e-01
1.014101505279541016e-01
1.560510252602398396e-03
1.812278665602207184e-02
8.963575819507241249e-04
9.519982933998107910e-01
6.949068047106266022e-03
1.909284270368516445e-03
1.918439404107630253e-03
2.469703322276473045e-03
4.230316281318664551e-01
6.794631481170654297e-03
5.581809207797050476e-02
1.709877513349056244e-02
9.984635114669799805e-01
9.434214234352111816e-01
5.615620017051696777e-01
2.516199310775846243e-04
1.695512677542865276e-03
1.157119218260049820e-02
1.341492589563131332e-02
1.724902977002784610e-04
1.921104267239570618e-02
1.188017544336616993e-03
8.738267351873219013e-04
8.078756183385848999e-02
1.421177294105291367e-02
2.049351334571838379e-01
7.410181569866836071e-04
9.105746746063232422e-01
9.992229938507080078e-01
2.522203838452696800e-03
1.301900134421885014e-03
1.868240506155416369e-04
3.228147327899932861e-02
1.127646211534738541e-02
2.252970356494188309e-03
4.239101835992187262e-04
3.352592699229717255e-03
3.201307728886604309e-02
1.029097358696162701e-03
5.406739073805510998e-04
7.410025000572204590e-01
5.856914818286895752e-02
2.302373945713043213e-02
1.366693060845136642e-03
2.789242751896381378e-02
8.286791294813156128e-02
4.585578572005033493e-03
6.219140719622373581e-03
1.282595185330137610e-04
1.311108749359846115e-02
7.265737652778625488e-02
3.889028728008270264e-02
8.444944396615028381e-03
1.176833454519510269e-02
1.078309770673513412e-02
1.228300854563713074e-03
4.165911523159593344e-04
1.598940871190279722e-04
5.152931553311645985e-04
5.757314618676900864e-03
9.837116813287138939e-04
6.657346384599804878e-04
1.365055330097675323e-03
1.696611009538173676e-02
2.111056745052337646e-01
2.350949216634035110e-03
4.441061988472938538e-03
2.103097885847091675e-01
3.636366920545697212e-03
7.259708945639431477e-04
1.473605483770370483e-01
1.211272436194121838e-03
3.301655873656272888e-02
1.794966869056224823e-02
1.530897454358637333e-03
1.385379000566899776e-03
2.568252198398113251e-02
1.427977997809648514e-02
5.843947292305529118e-04
1.613606582395732403e-03
9.033235162496566772e-02
3.432344645261764526e-03
1.055715139955282211e-02
1.070083701051771641e-03
2.893300959840416908e-03
2.493654377758502960e-02
1.647326513193547726e-03
2.154839411377906799e-02
9.466636180877685547e-01
1.231963038444519043e-01
1.255664974451065063e-03
1.801657374016940594e-03
3.860760480165481567e-03
2.239784225821495056e-03
3.570724511519074440e-03
6.934478296898305416e-04
2.726376056671142578e-03
4.353123717010021210e-03
1.312618702650070190e-02
4.344894259702414274e-04
5.233014933764934540e-03
2.095674723386764526e-01
5.388311147689819336e-01
7.864329381845891476e-04
1.505901222117245197e-03
3.895916161127388477e-04
9.139081239700317383e-01
1.171299628913402557e-02
5.752635188400745392e-03
6.321025546640157700e-03
5.485725123435258865e-03
4.728793725371360779e-02
9.929671287536621094e-01
2.680153411347419024e-04
1.192675437778234482e-03
1.066424604505300522e-02
9.666297435760498047e-01
1.777751743793487549e-02
1.512663625180721283e-02
3.013817360624670982e-03
9.529139846563339233e-03
1.728676445782184601e-02
6.290150922723114491e-04
6.181203722953796387e-01
4.769694060087203979e-03
9.576980955898761749e-04
1.833182945847511292e-02
1.157301448984071612e-04
1.764423213899135590e-02
8.616594597697257996e-03
7.786228060722351074e-01
1.993126934394240379e-03
1.881042226159479469e-05
1.075308071449398994e-03
2.584526687860488892e-02
7.195446640253067017e-03
8.241824107244610786e-04
2.061700075864791870e-01
7.367985844612121582e-01
2.831728011369705200e-02
2.476190682500600815e-03
6.086346111260354519e-04
6.489142775535583496e-03
1.044529723003506660e-03
9.983500242233276367e-01
9.200206957757472992e-03
1.930934522533789277e-04
3.321989788673818111e-04
3.628458380699157715e-01
9.592862129211425781e-01
8.848746865987777710e-02
4.868741380050778389e-04
5.712287034839391708e-03
7.186126708984375000e-01
3.430044045671820641e-03
3.373114466667175293e-01
4.081892594695091248e-02
1.191389933228492737e-02
4.748427309095859528e-04
2.677407814189791679e-03
6.399095524102449417e-03
6.450232584029436111e-03
8.142051100730895996e-01
9.929844141006469727e-01
4.526581615209579468e-03
3.930537495762109756e-03
4.829508252441883087e-03
6.480887532234191895e-03
1.638742978684604168e-03
1.707658357918262482e-02
2.068546041846275330e-02
8.355734497308731079e-02
1.047032419592142105e-03
3.396199317649006844e-04
1.200371887534856796e-03
1.868365406990051270e-01
1.982345245778560638e-03
3.033942775800824165e-03
3.121797461062669754e-03
3.304685950279235840e-01
1.396033330820500851e-03
1.280322298407554626e-02
9.115936607122421265e-02
1.001857453957200050e-03
9.507469832897186279e-02
9.738083481788635254e-01
1.175430603325366974e-03
4.825339652597904205e-03
1.591446250677108765e-02
2.409300394356250763e-02
1.821043551899492741e-03
1.678432687185704708e-03
2.602207288146018982e-02
9.125550277531147003e-04
9.431716171093285084e-04
8.046356588602066040e-02
3.812937997281551361e-03
3.276206851005554199e-01
5.500784027390182018e-04
5.251932307146489620e-04
2.014118805527687073e-02
9.954311847686767578e-01
1.118113286793231964e-03
5.652704741805791855e-03
1.654395717196166515e-03
9.324274659156799316e-01
1.846944689750671387e-01
2.357632154598832130e-03
1.469496637582778931e-02
1.083193123340606689e-01
2.063813619315624237e-03
6.017190217971801758e-02
1.322227437049150467e-02
3.586479648947715759e-02
3.453398821875452995e-03
5.123578011989593506e-03
9.901648387312889099e-03
9.824790060520172119e-02
9.965729987015947700e-05
2.821215894073247910e-03
1.114290207624435425e-03
7.667321478947997093e-04
9.158442616462707520e-01
3.681706730276346207e-04
9.866711497306823730e-01
1.639401656575500965e-03
3.573209047317504883e-03
1.113730832003057003e-03
1.848524957895278931e-01
2.930094255134463310e-03
2.998589770868420601e-04
1.523886166978627443e-04
1.398901920765638351e-03
3.184628486633300781e-01
2.068194560706615448e-03
4.231968820095062256e-01
6.933300755918025970e-03
9.481932520866394043e-01
6.857682485133409500e-03
1.163325970992445946e-03
2.974770069122314453e-01
6.562294811010360718e-02
5.081382393836975098e-01
8.005216717720031738e-03
2.788536548614501953e-01
1.265183836221694946e-02
6.153070717118680477e-04
1.975242979824542999e-03
1.937610213644802570e-03
6.574578881263732910e-01
2.716391086578369141e-01
3.391067683696746826e-02
3.815699019469320774e-04
4.658115562051534653e-03
8.335739970207214355e-01
3.990869969129562378e-03
4.118971992284059525e-03
8.361589163541793823e-02
1.481804298236966133e-03
8.577298140153288841e-04
3.950372040271759033e-01
9.642511606216430664e-01
6.824645400047302246e-02
1.131886430084705353e-02
1.070337649434804916e-02
8.634820580482482910e-02
3.924890421330928802e-03
2.881194651126861572e-02
2.197082526981830597e-02
4.263124428689479828e-03
1.566804572939872742e-02
1.184869743883609772e-02
4.003053065389394760e-03
2.101918682456016541e-02
1.634022779762744904e-02
2.796237589791417122e-03
4.321223590523004532e-03
6.620138417929410934e-03
3.056324087083339691e-03
2.290316298604011536e-02
1.988243544474244118e-03
3.095312602818012238e-02
1.870103646069765091e-03
7.408667821437120438e-03
4.442181289196014404e-01
7.148604840040206909e-03
1.873616687953472137e-02
3.580660850275307894e-04
1.977517269551753998e-03
2.863949863240122795e-03
7.700823992490768433e-02
1.747082360088825226e-02
4.567002411931753159e-03
3.780350554734468460e-03
2.900128252804279327e-03
1.283463984727859497e-01
3.509876783937215805e-03
1.463779509067535400e-01
1.649209763854742050e-03
3.584397211670875549e-02
4.909425973892211914e-02
7.088275160640478134e-03
3.278056159615516663e-03
2.569226489868015051e-04
1.576744951307773590e-02
1.373630911111831665e-01
2.600748538970947266e-01
1.466351151466369629e-01
8.585074683651328087e-04
4.099348443560302258e-04
3.933194559067487717e-03
1.378426910378038883e-03
7.274858653545379639e-03
6.219340953975915909e-03
2.436056034639477730e-03
1.429628878831863403e-01
4.393810871988534927e-03
1.894992776215076447e-02
1.359132234938442707e-03
4.611555021256208420e-03
5.115645471960306168e-04
3.179040795657783747e-04
7.541421335190534592e-03
2.988301275763660669e-04
1.080204453319311142e-02
7.622598204761743546e-04
5.734978243708610535e-03
2.583594024181365967e-01
9.242891669273376465e-01
1.840899139642715454e-02
4.897293634712696075e-03
9.250051379203796387e-01
3.188486443832516670e-04
5.151537060737609863e-02
5.967945978045463562e-02
9.597953408956527710e-02
5.386601202189922333e-03
1.738584600389003754e-03
2.079860307276248932e-02
2.126774005591869354e-02
3.015951439738273621e-02
1.016866639256477356e-01
5.885046124458312988e-01
1.499781012535095215e-02
1.141298636794090271e-01
1.489179208874702454e-02
5.905966460704803467e-02
2.351423492655158043e-03
3.903100965544581413e-03
9.683559648692607880e-03
3.770977025851607323e-03
1.779474467039108276e-01
1.337090879678726196e-02
6.433272734284400940e-03
4.669040907174348831e-03
1.100649982690811157e-01
1.952154794707894325e-03
2.808423247188329697e-03
7.814454846084117889e-03
2.110006054863333702e-03
2.227319200756028295e-04
7.123577524907886982e-04
1.276443302631378174e-01
3.342441515997052193e-03
1.321479212492704391e-02
5.433626472949981689e-03
9.995618462562561035e-01
5.102930590510368347e-03
1.765412092208862305e-02
4.819777011871337891e-01
1.979577355086803436e-03
8.394032716751098633e-03
3.754901408683508635e-04
4.403005877975374460e-04
5.419978988356888294e-04
1.954859355464577675e-03
3.170424606651067734e-03
2.120976103469729424e-03
2.440774999558925629e-02
1.409962773323059082e-02
2.521203458309173584e-01
2.437799423933029175e-01
2.983609214425086975e-02
1.836580922827124596e-04
3.428992033004760742e-01
2.651485381647944450e-03
1.699955947697162628e-02
7.481659948825836182e-02
1.173213007859885693e-03
1.763267326168715954e-03
9.087030775845050812e-04
6.512890569865703583e-03
2.815950196236371994e-03
1.069515477865934372e-02
3.725834190845489502e-03
1.372860074043273926e-01
3.137168707326054573e-03
4.445844590663909912e-01
1.740087987855076790e-03
1.215288694947957993e-02
6.800652015954256058e-03
4.563470138236880302e-04
7.164226770401000977e-01
1.925123273395001888e-03
1.193153113126754761e-01
8.860648376867175102e-04
6.734321359544992447e-03
3.016678243875503540e-02
4.144248366355895996e-02
4.881344735622406006e-02
2.160447090864181519e-02
7.224996685981750488e-01
1.027335529215633869e-03
8.374864119105041027e-04
1.136953826062381268e-03
1.472005154937505722e-03
1.561344397487118840e-04
2.206423785537481308e-03
1.048258040100336075e-03
4.402216873131692410e-04
4.634928889572620392e-03
5.432352423667907715e-02
2.103774342685937881e-03
3.142874920740723610e-04
4.713838919997215271e-03
1.280908356420695782e-03
7.863436825573444366e-03
1.511730439960956573e-02
1.844721846282482147e-02
8.202889561653137207e-01
1.026483103632926941e-01
4.368685476947575808e-04
3.393616974353790283e-01
3.362073402968235314e-05
5.765869282186031342e-03
6.729182205162942410e-04
4.321461319923400879e-01
1.763692125678062439e-04
4.677193064708262682e-04
1.348748803138732910e-03
7.838711142539978027e-03
1.608704775571823120e-02
7.494849851354956627e-04
9.518509507179260254e-01
5.745609477162361145e-02
7.236000383272767067e-04
4.196004942059516907e-03
4.712559166364371777e-04
2.524768933653831482e-02
3.453190438449382782e-04
2.974050585180521011e-04
2.844544686377048492e-02
3.070141887292265892e-03
1.738834427669644356e-03
2.847970928996801376e-03
1.239584642462432384e-03
1.190627692267298698e-03
5.876590609550476074e-01
2.482104860246181488e-02
2.469574287533760071e-02
2.029084134846925735e-04
3.825425356626510620e-02
4.824802652001380920e-02
7.518537044525146484e-01
3.094604180660098791e-04
1.911328360438346863e-02
6.958894729614257812e-01
1.576404087245464325e-03
7.042999844998121262e-03
4.556485451757907867e-03
5.433937311172485352e-01
1.041898690164089203e-02
1.809537783265113831e-02
7.350351661443710327e-02
3.430079901590943336e-03
5.996559262275695801e-01
8.798153139650821686e-04
6.682442035526037216e-03
2.777770161628723145e-03
3.720646258443593979e-03
1.373246661387383938e-03
5.793013609945774078e-03
5.835603806190192699e-04
3.855956951156258583e-03
4.807247314602136612e-03
3.801852930337190628e-03
1.248758509755134583e-01
9.416729444637894630e-04
2.098203869536519051e-03
9.155487641692161560e-03
1.720473021268844604e-01
1.923016272485256195e-02
4.080067388713359833e-03
1.732429838739335537e-03
8.474256173940375447e-05
2.349345833063125610e-01
7.267486453056335449e-01
5.719807464629411697e-03
8.959368616342544556e-02
4.782179836183786392e-03
1.594147831201553345e-01
1.298038940876722336e-02
1.332665415247902274e-04
2.563831163570284843e-03
3.746129944920539856e-02
2.125577256083488464e-02
2.764923125505447388e-02
2.451385604217648506e-03
3.148428164422512054e-03
9.650549292564392090e-01
3.200224637985229492e-01
1.361398026347160339e-03
1.447750022634863853e-03
2.634738758206367493e-02
2.472644485533237457e-02
1.239713001996278763e-02
6.436641514301300049e-02
4.014195874333381653e-03
2.347351983189582825e-03
7.164483889937400818e-03
3.769027888774871826e-01
4.100380931049585342e-03
1.127084833569824696e-03
1.851089182309806347e-03
6.097279023379087448e-03
1.448456750949844718e-04
3.526173532009124756e-03
2.578401239588856697e-03
1.378271263092756271e-02
1.036759116686880589e-03
6.131938844919204712e-02
6.141330581158399582e-03
9.960603117942810059e-01
4.837883170694112778e-03
1.455145515501499176e-02
4.852089099586009979e-03
2.092597307637333870e-03
1.822299091145396233e-03
1.039535854943096638e-03
7.972794119268655777e-04
2.981084981001913548e-04
2.715541981160640717e-03
4.054936394095420837e-02
1.021107193082571030e-03
1.244590850546956062e-03
1.120568369515240192e-03
7.731407415121793747e-03
2.552436478435993195e-02
7.185313384979963303e-03
9.914554953575134277e-01
9.599868655204772949e-01
1.102843321859836578e-03
4.690307192504405975e-03
5.540558099746704102e-01
1.319718721788376570e-04
9.958414435386657715e-01
2.753380918875336647e-03
3.551381814759224653e-04
1.036607078276574612e-03
8.633663528598845005e-04
9.965417981147766113e-01
9.008996486663818359e-01
1.459256112575531006e-01
5.878011230379343033e-03
2.652928233146667480e-03
2.809009514749050140e-03
1.930962898768484592e-03
1.123809022828936577e-03
6.476394534111022949e-01
7.850967813283205032e-04
9.995451569557189941e-01
7.717123720794916153e-03
4.374227300286293030e-02
5.737729952670633793e-04
1.042083720676600933e-03
9.473207592964172363e-02
1.477422099560499191e-02
3.534857556223869324e-02
5.358239286579191685e-04
2.123187296092510223e-03
5.248844390735030174e-04
5.367197445593774319e-04
1.443860470317304134e-03
7.881142199039459229e-03
1.430447446182370186e-03
3.085215575993061066e-03
3.444144874811172485e-02
1.673825550824403763e-03
1.254936959594488144e-02
7.300090044736862183e-02
8.437248878180980682e-03
5.018508061766624451e-02
1.016754098236560822e-02
3.611727356910705566e-01
3.138857195153832436e-03
1.946961972862482071e-03
1.027371175587177277e-02
6.292519392445683479e-04
2.064783766400068998e-04
1.632699556648731232e-02
1.302829128690063953e-03
4.638269543647766113e-03
1.032585743814706802e-02
4.852300882339477539e-02
1.308567705564200878e-03
5.969910416752099991e-04
1.877536997199058533e-03
1.010221522301435471e-02
2.745245292317122221e-04
4.368785321712493896e-01
2.723218174651265144e-03
1.805400699377059937e-01
2.232899190858006477e-03
5.665089935064315796e-03
3.051111998502165079e-04
1.217760238796472549e-02
2.498356066644191742e-02
9.126848541200160980e-03
1.340707880444824696e-03
2.601196523755788803e-03
8.590674027800559998e-03
1.046958612278103828e-03
2.224415948148816824e-04
8.487668633460998535e-01
1.077672652900218964e-02
4.548524972051382065e-03
7.280143327079713345e-04
2.619243925437331200e-03
5.092168450355529785e-01
3.643610980361700058e-03
7.449095137417316437e-03
1.271918881684541702e-04
4.017453175038099289e-03
5.031494889408349991e-03
6.083167158067226410e-03
5.159997381269931793e-04
1.457944046705961227e-02
5.947686731815338135e-04
5.387724842876195908e-03
6.217437330633401871e-03
2.269436372444033623e-03
9.016670584678649902e-01
4.188231527805328369e-01
6.683617085218429565e-02
4.261599387973546982e-04
5.834052572026848793e-04
5.102646350860595703e-01
2.247771061956882477e-02
9.979696944355964661e-03
8.537380956113338470e-03
1.795046729966998100e-03
1.864078571088612080e-03
5.233786702156066895e-01
1.811935217119753361e-04
1.337878056801855564e-04
2.972869202494621277e-03
4.381918348371982574e-03
6.839777342975139618e-04
7.770957350730895996e-01
6.048932671546936035e-03
6.200534291565418243e-03
1.697660889476537704e-03
5.113928113132715225e-03
1.177569851279258728e-01
1.897779759019613266e-03
1.905746944248676300e-02
1.535232295282185078e-03
3.622740507125854492e-03
9.346627630293369293e-03
9.076407551765441895e-02
1.015833579003810883e-03
1.807672961149364710e-04
2.970330417156219482e-03
1.954077975824475288e-03
3.329961036797612906e-04
1.155122183263301849e-02
2.379408106207847595e-03
1.540894969366490841e-03
6.995524745434522629e-04
7.466597557067871094e-01
9.079017327167093754e-04
1.031983760185539722e-03
1.379100489430129528e-03
1.357153872959315777e-03
9.995223283767700195e-01
8.284401148557662964e-02
1.948277838528156281e-02
2.508579345885664225e-04
4.473981447517871857e-03
1.450934726744890213e-02
4.789079073816537857e-03
6.774619966745376587e-02
5.768034607172012329e-03
5.956524051725864410e-03
2.668858738616108894e-03
6.726456433534622192e-02
1.854442618787288666e-02
2.694362541660666466e-03
3.241413831710815430e-02
1.589129678905010223e-04
1.345475204288959503e-03
1.586707308888435364e-02
9.590104222297668457e-01
1.952943578362464905e-02
1.222268305718898773e-02
1.123559079132974148e-03
1.435509417206048965e-02
9.166643139906227589e-04
4.496503155678510666e-03
1.497200876474380493e-02
8.394371867179870605e-01
4.558887332677841187e-03
9.937651157379150391e-01
1.883091754280030727e-03
4.173887427896261215e-03
5.220372676849365234e-01
4.749348445329815149e-04
3.193090204149484634e-03
5.739597138017416000e-03
2.622659318149089813e-03
3.801799938082695007e-02
8.985122665762901306e-03
2.141160803148522973e-04
7.363711297512054443e-02
4.978930810466408730e-04
3.423137068748474121e-01
4.814173560589551926e-03
7.164575159549713135e-02
6.831598877906799316e-01
1.204105792567133904e-03
1.173656247556209564e-02
8.117222227156162262e-03
7.359667681157588959e-03
6.808730773627758026e-03
5.078289541415870190e-04
3.913877066224813461e-03
4.717961885035037994e-03
1.931532635353505611e-03
8.385697146877646446e-04
1.921943970955908298e-03
2.528801560401916504e-04
5.459665320813655853e-03
3.461965592578053474e-03
5.900916457176208496e-02
2.285830909386277199e-03
8.285384392365813255e-04
2.289596450282260776e-04
8.471087785437703133e-04
1.086583919823169708e-02
1.058474765159189701e-03
6.654936005361378193e-04
3.877416020259261131e-04
8.709830790758132935e-02
1.135433791205286980e-03
9.317737221717834473e-01
1.042574178427457809e-03
1.340017304755747318e-03
1.456975005567073822e-03
2.853068709373474121e-02
8.256414532661437988e-01
6.375530734658241272e-03
2.989973174408078194e-03
8.413089439272880554e-03
4.779178500175476074e-01
1.515574171207845211e-03
1.978468000888824463e-01
1.916127977892756462e-03
3.799861529842019081e-03
2.942947903648018837e-04
5.346914287656545639e-03
4.024469293653964996e-03
1.578961731866002083e-03
1.445938553661108017e-02
1.082974765449762344e-02
3.667977289296686649e-04
7.936050742864608765e-02
2.702548354864120483e-02
9.974548220634460449e-01
7.680298388004302979e-02
4.010719130747020245e-04
2.113618422299623489e-03
8.241397738456726074e-01
1.440803636796772480e-03
8.537665125913918018e-04
3.630688786506652832e-02
4.559374356176704168e-04
1.101271733641624451e-01
1.233976613730192184e-02
4.433001577854156494e-01
3.264614846557378769e-03
1.773263514041900635e-02
1.417009439319372177e-02
1.060235779732465744e-03
3.427402814850211143e-03
3.106793854385614395e-03
2.760723291430622339e-04
4.857148160226643085e-04
7.926990091800689697e-02
4.881346970796585083e-02
4.210902843624353409e-03
2.496909163892269135e-02
2.089376561343669891e-03
5.740013439208269119e-04
9.991366267204284668e-01
5.378405330702662468e-04
2.802067436277866364e-02
9.567458629608154297e-01
3.376750508323311806e-03
1.978456857614219189e-04
5.101621150970458984e-03
1.614882051944732666e-01
3.036330686882138252e-03
9.031434357166290283e-02
1.177327856421470642e-01
3.074710816144943237e-02
9.731663158163428307e-04
2.318657701835036278e-03
2.413051761686801910e-02
2.073976099491119385e-01
1.998392399400472641e-03
4.379697144031524658e-03
6.781033873558044434e-01
7.537795305252075195e-01
1.125773065723478794e-03
1.412922865711152554e-03
2.128088846802711487e-03
4.208848625421524048e-02
3.191619738936424255e-02
8.133080555126070976e-04
1.106470124796032906e-03
9.581510908901691437e-03
3.622919553890824318e-03
4.336600657552480698e-03
2.287674928084015846e-03
6.618961342610418797e-04
7.239231490530073643e-04
1.498952507972717285e-03
1.343575073406100273e-03
2.327152469661086798e-04
5.850545596331357956e-03
3.282432211562991142e-03
2.094539441168308258e-02
2.680421748664230108e-04
2.512308061122894287e-01
2.234919369220733643e-02
3.786674933508038521e-03
6.357420934364199638e-04
1.915209926664829254e-03
5.627819523215293884e-02
1.735143810510635376e-01
9.664983153343200684e-01
1.688160598278045654e-01
3.466266021132469177e-02
1.469304040074348450e-02
5.581611767411231995e-04
3.126894589513540268e-03
4.554183688014745712e-04
2.222942654043436050e-03
9.990146160125732422e-01
2.012880332767963409e-02
3.107920661568641663e-02
2.666628956794738770e-01
9.226234555244445801e-01
3.395626693964004517e-02
1.482495069503784180e-01
8.429310321807861328e-01
4.957912489771842957e-02
3.466952359303832054e-03
9.962950348854064941e-01
1.230167318135499954e-02
1.123497611843049526e-03
1.061079441569745541e-03
2.000938728451728821e-02
7.345409831032156944e-04
1.116584707051515579e-02
7.296375464648008347e-03
9.520497918128967285e-01
3.073817119002342224e-02
4.612849950790405273e-01
1.000918075442314148e-02
4.667957872152328491e-02
3.676739707589149475e-02
1.892313919961452484e-02
6.571052968502044678e-02
2.333044260740280151e-02
3.471496456768363714e-04
4.086990957148373127e-04
4.350740055087953806e-04
4.220212344080209732e-03
2.358393743634223938e-03
7.281221747398376465e-01
7.644235156476497650e-03
4.021989181637763977e-03
1.040519797243177891e-03
1.604295335710048676e-02
4.974515438079833984e-01
1.571891130879521370e-03
1.527016749605536461e-03
6.856835447251796722e-03
3.588323947042226791e-03
1.940097473561763763e-02
6.003917194902896881e-03
1.099301222711801529e-02
1.703389571048319340e-03
4.775186069309711456e-03
4.314986988902091980e-03
1.955421030288562179e-04
2.194218896329402924e-02
1.718732295557856560e-03
4.691108595579862595e-03
8.868930744938552380e-04
9.796858429908752441e-01
4.458403564058244228e-04
1.810916000977158546e-03
2.339696045964956284e-03
3.661124734207987785e-03
1.136184856295585632e-02
2.078805118799209595e-04
3.190395236015319824e-02
3.348174272105097771e-03
2.083976985886693001e-03
1.397361755371093750e-01
4.278084337711334229e-01
2.238128799945116043e-03
1.605977420695126057e-03
1.013761106878519058e-02
3.104106872342526913e-04
2.336538396775722504e-02
4.783780314028263092e-03
1.875126734375953674e-02
1.807318301871418953e-03
4.967214167118072510e-02
9.619631804525852203e-03
2.377009717747569084e-03
4.126289859414100647e-03
3.271184861660003662e-02
8.184873461723327637e-01
8.315262384712696075e-04
1.826936349971219897e-04
6.712202448397874832e-04
5.526561290025711060e-04
9.957851767539978027e-01
1.183462329208850861e-03
9.985153563320636749e-03
2.718555915635079145e-04
1.819751691073179245e-03
1.519414484500885010e-01
1.523902174085378647e-04
7.875268347561359406e-03
8.980323374271392822e-02
1.195029937662184238e-03
1.015929854474961758e-03
7.158106891438364983e-04
5.702880676835775375e-03
2.128646336495876312e-02
7.584488485008478165e-04
5.072554200887680054e-02
1.208167523145675659e-03
1.341537386178970337e-01
1.580970128998160362e-03
9.341965429484844208e-03
5.542330109165050089e-05
9.997166991233825684e-01
8.351376163773238659e-04
1.210233569145202637e-02
6.915086880326271057e-03
5.793175660073757172e-03
2.409818395972251892e-02
4.216376692056655884e-03
2.110798805952072144e-01
1.186877372674643993e-03
1.177215483039617538e-02
1.054547377862036228e-03
4.861589521169662476e-02
6.145712733268737793e-01
3.195808827877044678e-02
5.151239782571792603e-02
2.713025081902742386e-03
4.963342566043138504e-03
1.053615193814039230e-02
6.101200729608535767e-02
7.776572555303573608e-02
3.518108569551259279e-04
2.015526592731475830e-02
1.969122560694813728e-03
8.822645177133381367e-04
2.116810996085405350e-03
9.467791020870208740e-02
7.693413645029067993e-02
9.402345167472958565e-04
4.792896565049886703e-03
3.845191001892089844e-02
1.927068270742893219e-02
3.007467091083526611e-02
8.665673434734344482e-03
6.346257869154214859e-04
7.965952157974243164e-02
9.757905500009655952e-04
7.561745587736368179e-03
2.584939636290073395e-02
9.508616290986537933e-03
1.203484251163899899e-03
8.618828058242797852e-01
7.819845080375671387e-01
3.510712704155594110e-04
5.967183504253625870e-03
9.300113655626773834e-03
2.388856746256351471e-02
2.840555012226104736e-01
3.148717805743217468e-02
7.819987535476684570e-01
1.433428376913070679e-03
8.325867652893066406e-01
2.257466018199920654e-01
3.357677459716796875e-01
4.219923634082078934e-03
6.636527832597494125e-03
5.815899465233087540e-03
1.272384542971849442e-02
3.469198243692517281e-03
1.496599172241985798e-03
8.601137995719909668e-02
1.243835035711526871e-02
8.490568958222866058e-03
2.482769486960023642e-04
5.587966646999120712e-03
6.250335718505084515e-04
1.501469523645937443e-03
1.680861809290945530e-03
4.318186547607183456e-03
2.503015995025634766e-01
6.373674841597676277e-05
1.812040223740041256e-03
8.608691692352294922e-01
4.831623227801173925e-04
1.121188141405582428e-02
1.336924824863672256e-02
3.106490671634674072e-01
7.818375825881958008e-01
5.231151008047163486e-04
4.396211588755249977e-04
1.403630711138248444e-03
8.899160027503967285e-01
9.997231364250183105e-01
4.301149863749742508e-03
2.674550190567970276e-02
9.181181788444519043e-01
1.749567105434834957e-03
1.348006539046764374e-02
2.124345628544688225e-04
1.051584724336862564e-03
3.847433254122734070e-03
3.209729446098208427e-03
7.014544308185577393e-02
1.900707557797431946e-02
3.806119412183761597e-02
5.163520202040672302e-02
2.317244261503219604e-01
1.785866767168045044e-01
1.544885244220495224e-02
1.978390617296099663e-03
3.093483624979853630e-03
4.961658734828233719e-03
2.300638938322663307e-03
1.360101401805877686e-01
8.597324788570404053e-02
2.480196068063378334e-03
1.331306644715368748e-03
9.495988488197326660e-01
6.599021144211292267e-03
1.138444617390632629e-02
7.355976849794387817e-04
1.392188221216201782e-01
2.829293720424175262e-03
8.052939549088478088e-03
9.992284774780273438e-01
1.967243663966655731e-02
6.657061167061328888e-03
1.606948822736740112e-01
3.274142444133758545e-01
8.882644469849765301e-04
5.599099677056074142e-04
5.300256982445716858e-02
3.035386791452765465e-03
7.033984363079071045e-02
1.162402797490358353e-02
9.863476753234863281e-01
9.524672292172908783e-03
1.207285211421549320e-03
6.787305232137441635e-03
1.122731482610106468e-03
2.089379588142037392e-03
1.070740260183811188e-02
3.106706961989402771e-02
2.009067311882972717e-02
9.482778310775756836e-01
3.297661314718425274e-04
4.236456472426652908e-03
6.978283524513244629e-01
2.505262754857540131e-02
3.296595066785812378e-03
5.717833042144775391e-01
4.798198491334915161e-02
6.645640823990106583e-03
5.129054654389619827e-03
3.263873513787984848e-03
5.894232913851737976e-02
1.980469524860382080e-01
8.126547932624816895e-02
6.670540897175669670e-04
7.182220579124987125e-04
7.469489425420761108e-02
1.363021284341812134e-01
9.509994997642934322e-04
7.040861528366804123e-04
3.050541272386908531e-03
3.023271216079592705e-03
1.934793835971504450e-04
1.911024749279022217e-01
8.410443551838397980e-03
1.642735600471496582e-01
9.023354053497314453e-01
1.435365411452949047e-03
1.023085191845893860e-01
1.648977249860763550e-01
6.184622272849082947e-02
1.280229538679122925e-02
3.981798945460468531e-04
2.314881276106461883e-04
9.339340031147003174e-03
1.166005269624292850e-03
1.868872940540313721e-01
8.325528353452682495e-03
4.093740582466125488e-01
8.545922115445137024e-03
1.416808110661804676e-03
1.726477872580289841e-03
9.634170532226562500e-01
1.664230832830071449e-03
2.456431102473288774e-04
5.069991201162338257e-02
1.050446927547454834e-02
9.655606150627136230e-01
7.412786944769322872e-04
1.459725433960556984e-03
9.557846933603286743e-04
1.367658749222755432e-02
5.946921883150935173e-04
8.692963456269353628e-05
3.419251181185245514e-03
1.599337905645370483e-03
1.647454628255218267e-04
1.091662095859646797e-03
3.039867850020527840e-03
3.342556301504373550e-04
1.366127631627023220e-03
1.194524019956588745e-02
1.070695463567972183e-03
9.562346339225769043e-02
4.792049825191497803e-01
9.792327182367444038e-04
1.110974233597517014e-02
1.652621664106845856e-02
1.539486343972384930e-03
2.310087438672780991e-03
5.137032712809741497e-04
8.121227845549583435e-03
3.748898208141326904e-02
1.142562367022037506e-02
1.641414128243923187e-03
9.196005412377417088e-04
4.038927145302295685e-03
5.327776446938514709e-02
1.362052280455827713e-03
3.545086365193128586e-03
7.812283635139465332e-01
4.328835755586624146e-03
6.125572253949940205e-04
3.044010954909026623e-04
7.393633131869137287e-04
3.715683147311210632e-02
6.085739135742187500e-01
4.948859103024005890e-03
1.688356394879519939e-03
1.659542554989457130e-03
6.119692325592041016e-02
1.523545086383819580e-01
6.215247412910684943e-05
3.113801777362823486e-02
8.448306471109390259e-03
8.030238677747547626e-04
4.128116369247436523e-01
4.286813549697399139e-03
3.066702280193567276e-03
3.284643404185771942e-03
1.229023677296936512e-03
9.638512730598449707e-01
4.303131103515625000e-01
2.447923272848129272e-02
1.469868421554565430e-01
5.097897648811340332e-01
3.101595211774110794e-03
1.090160198509693146e-02
1.613554209470748901e-01
9.789752075448632240e-04
9.209890849888324738e-04
5.920631811022758484e-02
3.302288707345724106e-03
2.521560993045568466e-03
5.339742172509431839e-03
4.116506129503250122e-02
7.048714440315961838e-03
4.244474228471517563e-03
1.443124413490295410e-01
3.009576350450515747e-03
7.225409499369561672e-04
8.662426262162625790e-04
1.745801884680986404e-03
1.578968763351440430e-02
1.705597504042088985e-03
2.608840819448232651e-03
1.727995462715625763e-02
8.170541375875473022e-03
1.725087873637676239e-03
1.862058765254914761e-03
9.102517366409301758e-01
5.874799191951751709e-02
2.502790885046124458e-04
3.252925234846770763e-04
2.200897969305515289e-02
4.364434629678726196e-02
6.270282901823520660e-03
6.367499008774757385e-04
8.399989008903503418e-01
3.666412830352783203e-02
7.617971859872341156e-04
4.481974756345152855e-04
3.793691517785191536e-03
9.462584853172302246e-01
4.915914498269557953e-03
1.622527092695236206e-01
1.840144246816635132e-01
8.103264495730400085e-03
1.539268647320568562e-03
1.957102678716182709e-03
3.829809720627963543e-04
1.412230730056762695e-02
1.527742366306483746e-03
2.732547521591186523e-01
8.469861149787902832e-01
4.127664142288267612e-04
4.803819174412637949e-04
1.544522047042846680e-01
4.933761083520948887e-04
2.406507963314652443e-03
1.039595995098352432e-02
1.893589855171740055e-03
5.733791040256619453e-04
1.111691631376743317e-02
7.215449586510658264e-03
8.197119086980819702e-02
1.442390494048595428e-02
3.909930586814880371e-03
3.605468955356627703e-04
9.119817405007779598e-04
3.108670643996447325e-04
1.646953285671770573e-03
9.891085624694824219e-01
8.787685632705688477e-02
1.808199333027005196e-03
6.933192256838083267e-03
8.602060843259096146e-04
5.597263807430863380e-04
6.907997727394104004e-01
1.448958739638328552e-02
4.073624033480882645e-03
1.596140908077359200e-03
7.600169628858566284e-02
9.924060577759519219e-05
3.430039156228303909e-03
1.411873614415526390e-03
7.075050962157547474e-04
4.632646441459655762e-01
5.093123018741607666e-02
2.744227531366050243e-04
2.977866912260651588e-03
1.041499152779579163e-01
2.278414322063326836e-03
2.643149532377719879e-02
9.976869821548461914e-01
9.771803021430969238e-01
2.269455697387456894e-03
6.595007181167602539e-01
4.328926205635070801e-01
9.437180757522583008e-01
1.785425655543804169e-02
7.844966021366417408e-04
4.308364819735288620e-03
5.092823877930641174e-03
1.624135486781597137e-02
1.178246573545038700e-03
1.974107726709917188e-04
9.295784402638673782e-04
5.824430845677852631e-03
2.999616321176290512e-03
9.877663850784301758e-01
1.196645945310592651e-02
2.611785428598523140e-03
2.387627260759472847e-03
9.977333545684814453e-01
8.350158929824829102e-01
2.633940195664763451e-03
1.730004558339715004e-03
6.013876758515834808e-03
5.446750521659851074e-01
1.167278271168470383e-03
3.036700934171676636e-02
8.937646746635437012e-01
1.429062485694885254e-01
1.169742122292518616e-01
7.844428182579576969e-04
2.729812404140830040e-03
3.033215999603271484e-01
2.965864837169647217e-01
2.033029682934284210e-02
1.124475151300430298e-01
1.126724202185869217e-02
1.300120055675506592e-01
2.966172993183135986e-02
2.479574410244822502e-03
1.003458397462964058e-03
1.032401109114289284e-03
1.882842555642127991e-02
1.359046669676899910e-03
1.146119087934494019e-01
7.161596440710127354e-04
2.932517381850630045e-04
6.397318840026855469e-02
1.449515810236334801e-03
1.279653632082045078e-03
1.276991516351699829e-01
3.031845390796661377e-02
1.120090764015913010e-02
4.266423173248767853e-03
5.754418373107910156e-01
1.068297307938337326e-02
1.558558316901326180e-03
3.596107289195060730e-02
8.866040967404842377e-03
3.253244236111640930e-02
2.271916866302490234e-01
1.694700866937637329e-02
1.720965653657913208e-02
1.169903553090989590e-03
1.650290942052379251e-04
3.375800326466560364e-03
6.732168258167803288e-04
2.020290121436119080e-03
2.980479970574378967e-03
5.793093587271869183e-04
4.985970444977283478e-03
3.229388734325766563e-03
8.941473439335823059e-03
4.655606672167778015e-02
4.458323493599891663e-02
1.485556066036224365e-01
1.265250295400619507e-01
1.177458441816270351e-03
5.508690476417541504e-01
5.452594254165887833e-03
3.025195002555847168e-02
3.610325977206230164e-03
4.520088434219360352e-03
9.043402969837188721e-04
2.414178336039185524e-03
1.202150620520114899e-02
4.202958662062883377e-04
5.876428447663784027e-03
2.231497466564178467e-01
4.318913817405700684e-02
5.113724619150161743e-03
3.671057755127549171e-03
5.927031040191650391e-01
2.763185184448957443e-03
3.797461511567234993e-03
5.152639932930469513e-04
1.154180709272623062e-02
9.894596412777900696e-03
3.167835064232349396e-03
1.352256629616022110e-02
2.159674419090151787e-03
1.648516803979873657e-01
1.658944675000384450e-04
4.338053986430168152e-02
1.209667026996612549e-01
1.033682026900351048e-03
1.675722934305667877e-02
1.502582989633083344e-02
4.575036466121673584e-03
3.592350694816559553e-04
3.641511127352714539e-02
7.964984397403895855e-04
5.764680448919534683e-03
2.686975756660103798e-03
5.560976266860961914e-01
4.343037009239196777e-01
9.895976400002837181e-04
5.206475406885147095e-02
3.319741189479827881e-01
1.476950361393392086e-03
1.749495393596589565e-03
2.052457770332694054e-03
3.979994216933846474e-04
1.601883792318403721e-03
1.996982609853148460e-03
2.978912554681301117e-02
4.297136515378952026e-02
1.487651616334915161e-01
4.156671930104494095e-03
2.771471440792083740e-02
1.586121390573680401e-03
7.489991839975118637e-04
9.354219771921634674e-03
3.957889508455991745e-03
1.455700374208390713e-03
7.507720030844211578e-03
1.639795838855206966e-03
3.894341643899679184e-03
1.962999813258647919e-04
4.775521811097860336e-04
4.483698576223105192e-04
7.377572059631347656e-01
2.105872612446546555e-03
9.143621325492858887e-01
2.379946410655975342e-02
1.029883790761232376e-02
9.527123533189296722e-03
6.219444330781698227e-03
2.439126139506697655e-03
1.993480836972594261e-03
5.862656049430370331e-03
6.063500791788101196e-02
4.084708634763956070e-03
4.833791404962539673e-03
1.573359360918402672e-03
2.928190398961305618e-03
7.008654996752738953e-03
2.708057407289743423e-03
2.084504067897796631e-02
1.198019608855247498e-01
3.868136554956436157e-04
7.117174565792083740e-02
2.711866982281208038e-02
1.154473423957824707e-01
1.299114315770566463e-03
5.638593807816505432e-02
4.023028071969747543e-03
3.986985539086163044e-04
2.997788041830062866e-02
1.074792630970478058e-02
2.096154913306236267e-02
4.894776344299316406e-01
1.219235709868371487e-03
1.047448161989450455e-02
1.287460234016180038e-02
1.504975110292434692e-01
4.447946790605783463e-03
1.590567058883607388e-03
1.362408394925296307e-03
9.669387936592102051e-01
1.186145585961639881e-03
4.053515847772359848e-03
3.602684009820222855e-04
6.703991889953613281e-01
4.542110860347747803e-02
3.866170765832066536e-03
1.668087090365588665e-03
1.891188919544219971e-01
3.201205050572752953e-03
1.300128083676099777e-02
2.970132976770401001e-02
2.775771729648113251e-02
8.525938726961612701e-03
1.905608689412474632e-03
1.591354422271251678e-02
6.040025353431701660e-01
1.039338484406471252e-02
5.634721517562866211e-01
3.790953382849693298e-02
4.688288550823926926e-03
1.838193275034427643e-02
1.026649400591850281e-02
6.722460966557264328e-03
1.816089032217860222e-03
1.070151329040527344e-01
1.173022165894508362e-01
9.643252706155180931e-04
9.951006770133972168e-01
7.155095227062702179e-03
1.595644862391054630e-03
1.879726722836494446e-02
2.379433438181877136e-02
1.446783244609832764e-01
1.703865709714591503e-03
1.948644290678203106e-03
3.218489233404397964e-03
1.073415158316493034e-03
8.942129206843674183e-04
1.129889264702796936e-01
6.325274109840393066e-01
2.670106769073754549e-04
9.998716115951538086e-01
5.109192337840795517e-03
2.442051656544208527e-03
3.875573398545384407e-03
8.120473939925432205e-04
9.608798660337924957e-03
1.532711088657379150e-03
1.863011717796325684e-02
7.996928878128528595e-03
5.379979265853762627e-04
8.866559863090515137e-01
1.578299887478351593e-02
2.334195189177989960e-03
1.950108855962753296e-01
6.187674403190612793e-01
3.935492932796478271e-01
3.153355121612548828e-01
2.669079694896936417e-03
1.934798620641231537e-02
1.369162835180759430e-02
2.344250679016113281e-03
8.004455827176570892e-03
4.018724430352449417e-03
4.065688699483871460e-03
1.736724982038140297e-03
2.518398920074105263e-03
2.040444640442728996e-03
1.405296567827463150e-02
5.073772072792053223e-01
1.700034365057945251e-03
1.419880311004817486e-03
9.045800194144248962e-03
6.561703234910964966e-02
1.178208664059638977e-01
3.169286996126174927e-03
3.441552445292472839e-02
1.470911549404263496e-03
2.262886799871921539e-02
8.375977165997028351e-03
6.307325675152242184e-04
2.144681202480569482e-04
2.776019508019089699e-03
2.202672883868217468e-03
2.462955308146774769e-04
1.070922473445534706e-03
1.515637035481631756e-03
5.925123579800128937e-03
3.703309921547770500e-03
9.914755076169967651e-02
1.398452441208064556e-03
1.543869264423847198e-02
6.997354794293642044e-03
3.324756026268005371e-02
1.570075983181595802e-03
6.031699106097221375e-02
1.315177883952856064e-03
2.910803630948066711e-02
4.853471517562866211e-01
9.200199274346232414e-04
9.634743910282850266e-04
5.913264304399490356e-02
2.321222273167222738e-04
2.445870195515453815e-04
3.834315836429595947e-01
2.790541853755712509e-03
1.065376773476600647e-02
1.104640774428844452e-03
1.505502033978700638e-02
5.909547209739685059e-03
4.625419620424509048e-03
6.290188524872064590e-03
5.768651142716407776e-02
1.354924170300364494e-03
7.172765210270881653e-03
5.181137323379516602e-01
1.872991444543004036e-03
9.658829309046268463e-03
1.335281040519475937e-02
6.320318207144737244e-03
8.324874565005302429e-03
9.500947198830544949e-04
7.800418138504028320e-02
9.032650589942932129e-01
3.810232970863580704e-03
1.699308119714260101e-02
9.854054078459739685e-04
5.625958368182182312e-02
1.331966519355773926e-01
1.762360781431198120e-01
4.710419569164514542e-03
5.445686983875930309e-04
1.440021842718124390e-01
3.283842932432889938e-03
3.323458731174468994e-01
8.063600398600101471e-03
4.949284791946411133e-01
1.743094064295291901e-02
3.724782494828104973e-03
1.537135336548089981e-03
6.149098649621009827e-02
5.262836348265409470e-03
9.485069513320922852e-01
3.344720753375440836e-04
2.430494409054517746e-03
1.049093785695731640e-03
1.146114198490977287e-03
6.974978023208677769e-04
6.935614510439336300e-04
2.584787085652351379e-03
6.985417008399963379e-02
1.732727629132568836e-03
2.427711006021127105e-04
2.508141915313899517e-04
3.354108775965869427e-04
1.688353251665830612e-03
1.158635248430073261e-03
1.095154206268489361e-03
1.213509240187704563e-03
4.076194763183593750e-02
1.218451093882322311e-02
8.736579678952693939e-03
2.442081272602081299e-01
9.790713787078857422e-01
3.212509304285049438e-02
2.686095535755157471e-01
4.017962515354156494e-02
2.982751093804836273e-02
1.831547851907089353e-04
6.182811688631772995e-03
4.790577106177806854e-03
1.327294483780860901e-02
2.952625509351491928e-03
9.599240422248840332e-01
2.454503439366817474e-03
1.718626008369028568e-03
4.636957123875617981e-02
1.383564341813325882e-02
2.936116456985473633e-01
5.328056588768959045e-02
6.002258509397506714e-03
1.066841767169535160e-03
3.570509552955627441e-01
4.816173459403216839e-04
3.305577556602656841e-04
1.383159756660461426e-01
4.750447347760200500e-03
2.637039870023727417e-03
1.891025900840759277e-01
5.670147482305765152e-03
7.518269866704940796e-02
2.778281271457672119e-02
4.558380544185638428e-01
3.593660145998001099e-02
1.879076473414897919e-03
5.643529817461967468e-03
3.614707887172698975e-01
1.939468638738617301e-04
3.579027019441127777e-03
1.566762803122401237e-03
3.029037117958068848e-01
8.813233114778995514e-03
9.371420368552207947e-03
9.944748282432556152e-01
2.929560281336307526e-02
3.764210268855094910e-03
6.676000952720642090e-01
2.286730520427227020e-02
3.661582013592123985e-04
2.149995416402816772e-03
4.758954048156738281e-03
1.211677212268114090e-02
3.688362659886479378e-03
1.956509426236152649e-03
1.203223783522844315e-02
3.827612381428480148e-04
6.230750083923339844e-01
9.491574764251708984e-01
2.075980883091688156e-03
8.299129009246826172e-01
3.869533240795135498e-01
2.572570694610476494e-03
7.633982300758361816e-01
8.480754494667053223e-02
3.275249153375625610e-02
5.957367271184921265e-02
2.535024425014853477e-03
4.747008439153432846e-03
3.578313067555427551e-02
7.917723804712295532e-02
3.976608514785766602e-01
6.145457178354263306e-02
6.703505059704184532e-04
2.604230307042598724e-03
7.053607106208801270e-01
5.071888212114572525e-03
4.768566694110631943e-03
2.279885811731219292e-03
5.307128652930259705e-02
5.136323161423206329e-04
2.468508901074528694e-03
8.699705824255943298e-03
9.125469252467155457e-03
5.347132217139005661e-03
8.760672807693481445e-01
2.216291613876819611e-03
8.559052646160125732e-02
7.957586087286472321e-03
2.741062454879283905e-02
2.449120802339166403e-04
3.759141836781054735e-04
6.290361881256103516e-01
4.605078138411045074e-03
6.962604820728302002e-03
7.513005752116441727e-03
5.635409355163574219e-01
5.604989128187298775e-04
1.223647315055131912e-02
3.943813219666481018e-02
4.966136184521019459e-04
2.066946476697921753e-01
4.528750199824571609e-03
2.031288668513298035e-02
2.098672091960906982e-03
1.039550267159938812e-02
9.997965693473815918e-01
1.440046820789575577e-02
9.373836517333984375e-01
5.978933572769165039e-01
9.998036026954650879e-01
6.302897818386554718e-03
1.169935916550457478e-03
9.937174320220947266e-01
1.376894419081509113e-03
1.894399290904402733e-03
6.216107010841369629e-01
7.840213365852832794e-04
3.333047498017549515e-03
9.921281598508358002e-04
9.857710599899291992e-01
2.890869975090026855e-03
9.779063984751701355e-04
2.537651918828487396e-03
1.232988550327718258e-03
8.406409062445163727e-03
1.153467781841754913e-02
4.388817178551107645e-04
1.016523782163858414e-02
3.823063336312770844e-03
5.147065035998821259e-03
9.228890994563698769e-04
1.275809481739997864e-02
1.601087488234043121e-02
2.119045238941907883e-03
9.937013387680053711e-01
2.743838429450988770e-01
1.947201043367385864e-02
7.074793800711631775e-03
6.398641504347324371e-03
9.823092113947495818e-05
3.927194979041814804e-03
5.772550702095031738e-01
1.159055903553962708e-02
2.819313667714595795e-04
1.151701528578996658e-02
6.610160926356911659e-04
1.671500387601554394e-03
1.643157564103603363e-02
7.496366500854492188e-01
2.833680249750614166e-03
1.059695798903703690e-02
5.803897976875305176e-02
7.858688011765480042e-03
9.741641283035278320e-01
2.933548688888549805e-01
8.084671199321746826e-02
1.278577558696269989e-02
1.319913193583488464e-02
1.145202945917844772e-02
1.394932065159082413e-02
1.179413497447967529e-01
2.111327601596713066e-03
5.897588562220335007e-04
7.911503314971923828e-01
1.960587222129106522e-03
3.021831065416336060e-02
1.447820011526346207e-02
3.054149914532899857e-03
7.023314945399761200e-03
2.724734134972095490e-02
5.771755822934210300e-04
4.970810841768980026e-03
1.448591239750385284e-03
5.513329990208148956e-03
6.964184576645493507e-04
3.730660071596503258e-03
3.312097489833831787e-02
6.256622821092605591e-02
3.271513804793357849e-02
7.670976519584655762e-01
2.772378548979759216e-02
5.964612588286399841e-02
6.038047838956117630e-03
3.088890109211206436e-03
3.673852654173970222e-03
4.401466809213161469e-03
3.899263143539428711e-01
1.986655406653881073e-02
6.296750903129577637e-01
7.006096839904785156e-02
1.532567739486694336e-01
9.131839275360107422e-01
3.148747142404317856e-03
1.171540841460227966e-02
4.626521468162536621e-02
8.065681457519531250e-01
2.293599769473075867e-03
4.927958361804485321e-03
8.341541979461908340e-04
3.396043181419372559e-02
2.770600020885467529e-01
8.684248328208923340e-01
4.370721057057380676e-02
5.216286517679691315e-03
1.395044028759002686e-01
7.088255137205123901e-03
9.466265439987182617e-01
2.749163832049816847e-04
4.839943721890449524e-02
1.131059019826352596e-03
2.292831777594983578e-04
4.442143719643354416e-03
4.026010166853666306e-03
3.790413029491901398e-03
8.849859237670898438e-01
9.973426461219787598e-01
6.809865236282348633e-01
6.264194101095199585e-02
1.097185187973082066e-03
4.399235825985670090e-03
6.406938191503286362e-03
4.799651913344860077e-03
8.569443598389625549e-04
1.512488126754760742e-01
7.130436599254608154e-03
4.100098740309476852e-03
2.660903930664062500e-01
4.691364616155624390e-02
3.557011368684470654e-04
3.757308702915906906e-03
1.756828092038631439e-02
6.358540058135986328e-02
5.929812788963317871e-03
4.732512682676315308e-02
5.111438804306089878e-04
7.126536965370178223e-01
7.092542364262044430e-04
2.181536983698606491e-03
6.263162195682525635e-02
1.950464560650289059e-03
8.583895978517830372e-04
3.945062344428151846e-04
3.498616069555282593e-02
1.224623471498489380e-01
3.626627475023269653e-02
1.805526437237858772e-03
1.364708691835403442e-01
1.317431451752781868e-03
2.160645555704832077e-03
2.560512628406286240e-03
1.302566286176443100e-02
5.449197255074977875e-03
1.285502593964338303e-02
1.342614460736513138e-02
1.058067195117473602e-02
1.494827331043779850e-03
3.163215890526771545e-02
3.315350273624062538e-03
2.031656913459300995e-03
1.777514116838574409e-04
8.214613771997392178e-04
8.706274675205349922e-04
6.022799760103225708e-03
2.558896085247397423e-03
3.474798798561096191e-01
8.191430941224098206e-03
3.910114523023366928e-03
1.411097869277000427e-02
6.641810387372970581e-02
6.694867014884948730e-01
3.496855730190873146e-03
5.535286068916320801e-01
1.100601106882095337e-01
6.231231093406677246e-01
4.995655268430709839e-03
3.523138165473937988e-01
7.907016873359680176e-01
7.176578640937805176e-01
1.158445375040173531e-03
5.984410177916288376e-03
2.905354835093021393e-03
1.262283325195312500e-02
1.612575165927410126e-02
2.916678786277770996e-03
2.827378455549478531e-03
7.042499491944909096e-04
3.085011849179863930e-03
6.078871488571166992e-01
9.783555269241333008e-01
5.738202929496765137e-01
2.506678923964500427e-03
3.030951600521802902e-03
1.776977628469467163e-02
2.619799226522445679e-02
9.355240035802125931e-04
9.771591285243630409e-04
7.794894045218825340e-04
2.119904616847634315e-03
5.597717594355344772e-03
1.369780581444501877e-02
2.122524660080671310e-03
8.634662255644798279e-03
4.991660267114639282e-02
1.142540480941534042e-03
7.842372171580791473e-03
9.746820926666259766e-01
2.784331142902374268e-01
4.222340881824493408e-03
9.860270023345947266e-01
3.710644785314798355e-03
9.994264841079711914e-01
2.251928672194480896e-03
3.628987178672105074e-04
1.232459559105336666e-03
1.721135340631008148e-03
1.124379225075244904e-02
9.449939131736755371e-01
5.717270374298095703e-01
2.681095153093338013e-03
1.944221090525388718e-03
5.562988109886646271e-03
2.352682948112487793e-01
8.001065254211425781e-02
9.986799210309982300e-03
6.115577649325132370e-03
2.966936212033033371e-03
3.226713091135025024e-02
2.914475626312196255e-04
1.973527520895004272e-01
9.983425261452794075e-04
2.476231893524527550e-03
5.720292683690786362e-03
4.099923186004161835e-03
9.648050181567668915e-04
7.421066984534263611e-03
4.650604128837585449e-01
9.393448829650878906e-01
2.831239700317382812e-01
4.778348375111818314e-03
5.621780157089233398e-01
1.012961380183696747e-03
7.156930514611303806e-04
2.618432343006134033e-01
4.067182540893554688e-01
3.005464561283588409e-03
2.679401310160756111e-03
7.889851331710815430e-01
9.361106902360916138e-03
8.930903859436511993e-03
1.671189442276954651e-02
5.080490931868553162e-02
2.483999822288751602e-03
2.071391604840755463e-02
2.411354333162307739e-01
1.694910600781440735e-02
2.108488697558641434e-04
6.331639364361763000e-03
1.073484309017658234e-03
5.390963517129421234e-03
1.066663418896496296e-03
5.071127787232398987e-03
5.542970728129148483e-03
6.610980629920959473e-02
2.765192417427897453e-03
2.545150928199291229e-02
2.432631328701972961e-02
4.535348154604434967e-03
3.117581596598029137e-03
1.773722097277641296e-02
5.141603350639343262e-01
4.156225826591253281e-03
1.057647448033094406e-02
1.448017656803131104e-01
2.015336416661739349e-02
7.346520423889160156e-01
9.194809794425964355e-01
1.259136945009231567e-03
3.668109700083732605e-02
6.823140382766723633e-02
2.946580387651920319e-02
3.298052353784441948e-03
2.349532023072242737e-02
3.345107659697532654e-02
1.699425163678824902e-03
9.744113776832818985e-04
8.302133679389953613e-01
1.863427460193634033e-03
8.745926897972822189e-04
3.078629672527313232e-01
2.089819172397255898e-03
5.175075959414243698e-03
6.617198232561349869e-04
1.751545630395412445e-02
1.864871196448802948e-02
1.818651100620627403e-03
4.643093422055244446e-02
2.207863032817840576e-01
1.674055121839046478e-02
1.662629656493663788e-03
1.218789722770452499e-02
6.149351000785827637e-01
3.549618646502494812e-03
2.235244959592819214e-03
2.673326134681701660e-01
1.674124971032142639e-02
4.871955886483192444e-02
9.911158084869384766e-01
6.932181864976882935e-02
4.457645118236541748e-04
1.531663700006902218e-03
2.623263048008084297e-03
1.084479037672281265e-02
8.152444497682154179e-04
5.152620142325758934e-04
8.783109188079833984e-01
2.316873142262920737e-04
3.648352110758423805e-03
7.322038710117340088e-02
1.125350072979927063e-01
1.207114476710557938e-02
1.481204642914235592e-03
9.975852966308593750e-01
8.921446278691291809e-03
3.184817032888531685e-03
6.573250144720077515e-02
9.427166514797136188e-05
4.092483818531036377e-01
1.852864399552345276e-03
2.111076610162854195e-03
3.260899102315306664e-03
3.041550808120518923e-04
6.774569628760218620e-04
2.748968303203582764e-01
1.159869832918047905e-03
2.023557899519801140e-03
5.578023381531238556e-03
3.237897297367453575e-03
5.227651563473045826e-04
1.563494279980659485e-02
2.158917952328920364e-03
2.106926869601011276e-03
2.266815165057778358e-03
9.489778280258178711e-01
1.420480664819478989e-02
2.264968585222959518e-03
4.579870961606502533e-03
9.859602451324462891e-01
2.318086335435509682e-03
8.817531634122133255e-04
3.088190257549285889e-01
1.495646219700574875e-02
2.356174588203430176e-02
6.248725112527608871e-03
1.272302120923995972e-03
2.582575427368283272e-03
1.896548084914684296e-03
1.506675180280581117e-04
1.867197453975677490e-02
1.636159722693264484e-03
5.451731849461793900e-04
9.992836117744445801e-01
9.995071887969970703e-01
1.116180419921875000e-02
3.549446817487478256e-03
9.842595458030700684e-01
9.357339702546596527e-03
1.840499026002362370e-04
5.657461471855640411e-03
1.476191100664436817e-03
5.708627868443727493e-04
8.864012546837329865e-03
4.661119077354669571e-03
3.236878663301467896e-03
5.129050090909004211e-02
3.046871861442923546e-03
1.601884365081787109e-01
6.501565803773701191e-04
6.037675738334655762e-01
1.504265936091542244e-03
4.256603308022022247e-03
1.548255328088998795e-03
1.200928986072540283e-01
9.871561080217361450e-03
2.836463227868080139e-02
1.319456263445317745e-03
5.534119904041290283e-03
1.788269914686679840e-02
7.947366833686828613e-01
1.530427783727645874e-01
2.766247140243649483e-03
3.347270563244819641e-02
1.836348176002502441e-01
6.086760666221380234e-03
3.831480862572789192e-03
3.000385127961635590e-03
2.469886839389801025e-02
1.251275185495615005e-02
8.086047018878161907e-04
3.275616094470024109e-02
6.047960370779037476e-02
6.624044617637991905e-04
8.125396370887756348e-01
8.041304945945739746e-01
8.797929622232913971e-03
1.513942843303084373e-03
4.258916887920349836e-04
8.677411824464797974e-04
3.678226785268634558e-04
5.735524930059909821e-03
7.075782632455229759e-04
5.231161043047904968e-02
2.144220285117626190e-03
1.140858680009841919e-01
1.481604203581809998e-02
6.999494973570108414e-03
8.610987104475498199e-03
1.785112981451675296e-04
6.891103112138807774e-05
2.430452108383178711e-01
1.080256624845787883e-04
1.753103220835328102e-03
1.310996990650892258e-02
1.684753596782684326e-02
5.871267640031874180e-04
4.963173065334558487e-03
3.966369852423667908e-02
7.279466390609741211e-01
1.222130842506885529e-03
9.992378950119018555e-01
1.388530153781175613e-02
1.674073189496994019e-02
9.173155995085835457e-04
3.219408681616187096e-03
5.493631120771169662e-03
5.438836812973022461e-01
3.129266202449798584e-01
3.222211496904492378e-03
5.015459377318620682e-03
8.281068876385688782e-03
1.268760650418698788e-03
6.326239109039306641e-01
2.107952022925019264e-04
6.589003838598728180e-03
9.238108247518539429e-02
4.475493624340742826e-04
1.577650691615417600e-04
9.817474056035280228e-04
1.180708175525069237e-03
2.133411318063735962e-01
1.156761590391397476e-02
8.426891639828681946e-03
1.619330421090126038e-02
1.303021237254142761e-02
1.303022145293653011e-03
9.996925592422485352e-01
9.705752134323120117e-02
8.435175404883921146e-04
1.952756079845130444e-03
1.002577366307377815e-03
6.693444447591900826e-04
3.409985452890396118e-03
1.420770585536956787e-02
1.373826758936047554e-03
1.831522881984710693e-01
9.635169990360736847e-04
3.135745937470346689e-04
9.752498939633369446e-03
1.015089228749275208e-01
3.749073483049869537e-03
3.218408208340406418e-03
7.654969394207000732e-02
1.554490649141371250e-03
8.560265996493399143e-04
3.614821762312203646e-04
4.661901330109685659e-04
3.930770792067050934e-03
1.011795829981565475e-03
7.545473426580429077e-02
3.549387678503990173e-03
4.650129079818725586e-01
7.847418892197310925e-04
2.755456836894154549e-03
5.161390826106071472e-02
2.435408346354961395e-02
3.825735475402325392e-04
5.666986573487520218e-03
2.885849215090274811e-03
2.035163808614015579e-03
9.879806311801075935e-04
1.401053462177515030e-02
7.550295442342758179e-03
7.307878229767084122e-03
7.579676457680761814e-04
5.328827500343322754e-01
4.085701331496238708e-02
3.982380926609039307e-01
9.659764170646667480e-01
1.392769254744052887e-02
7.145794224925339222e-04
9.350402280688285828e-03
1.804967061616480350e-03
1.786616444587707520e-01
5.965766613371670246e-04
6.953494623303413391e-03
6.994617870077490807e-04
6.814889609813690186e-03
1.044587045907974243e-01
7.156813740730285645e-01
3.508279332891106606e-03
1.075218524783849716e-02
9.201267361640930176e-01
3.624436631798744202e-02
2.636869612615555525e-04
2.575509846210479736e-01
1.001106575131416321e-02
7.891000807285308838e-02
9.879467543214559555e-04
3.989903256297111511e-03
2.794485688209533691e-01
4.545846022665500641e-03
1.192241832613945007e-01
8.426732420921325684e-01
7.946901954710483551e-03
1.411407953128218651e-03
1.291431137360632420e-03
1.468761414289474487e-01
9.124470949172973633e-01
9.719503670930862427e-02
2.400454729795455933e-01
3.462300896644592285e-01
2.481818664819002151e-03
6.789267645217478275e-04
3.609482198953628540e-02
4.359028534963726997e-04
1.106809917837381363e-02
2.900477033108472824e-03
6.493641529232263565e-03
2.057331055402755737e-02
1.120265806093811989e-03
5.702656228095293045e-03
8.051710203289985657e-03
1.383632048964500427e-02
1.310056447982788086e-01
6.905767135322093964e-03
2.108068019151687622e-01
1.434869468212127686e-01
3.042408032342791557e-03
1.541417092084884644e-02
6.732922047376632690e-04
5.197439715266227722e-02
9.173805713653564453e-01
8.122587576508522034e-03
8.919018437154591084e-04
1.875351369380950928e-01
9.939454495906829834e-03
2.490188032388687134e-01
1.297487062402069569e-03
2.901274245232343674e-03
9.077412076294422150e-03
6.261200457811355591e-02
4.263590872287750244e-01
1.030407380312681198e-02
2.498071175068616867e-03
9.928218722343444824e-01
6.983981132507324219e-01
8.473662892356514931e-04
1.057013403624296188e-02
2.160087600350379944e-02
6.996621377766132355e-04
4.253743588924407959e-02
1.420116983354091644e-03
1.656597852706909180e-01
2.208257559686899185e-03
2.692223642952740192e-04
3.570756234694272280e-04
3.538518846035003662e-01
5.743904039263725281e-02
1.697656325995922089e-02
2.698283195495605469e-01
9.379203915596008301e-01
2.136714902007952332e-04
1.459069433622062206e-03
1.460041734389960766e-03
6.578913331031799316e-01
7.078083753585815430e-01
2.619651786517351866e-04
8.822212112136185169e-04
1.277252915315330029e-03
5.009553581476211548e-02
8.882535621523857117e-03
8.237641304731369019e-02
1.180088147521018982e-03
2.782737137749791145e-03
1.979659311473369598e-03
1.990965567529201508e-03
2.007107064127922058e-02
1.513654738664627075e-01
3.498755395412445068e-03
5.654444452375173569e-03
4.710396006703376770e-02
1.043183219735510647e-04
1.566590666770935059e-01
9.738789796829223633e-01
5.087288022041320801e-01
2.091431524604558945e-04
3.561698496341705322e-01
3.391663776710629463e-03
6.494459230452775955e-04
6.881251465529203415e-03
8.365539833903312683e-03
9.767053415998816490e-04
3.671426177024841309e-01
7.252165582031011581e-03
1.212428906001150608e-04
1.123317256569862366e-01
5.684940218925476074e-01
6.337182596325874329e-03
3.507310990244150162e-03
2.766827307641506195e-02
4.060964565724134445e-03
6.844062823802232742e-03
2.114083152264356613e-03
3.303042380139231682e-03
3.786187171936035156e-01
5.603847093880176544e-03
1.451473683118820190e-03
8.568242192268371582e-01
1.157603692263364792e-02
9.943232871592044830e-03
8.475362556055188179e-04
1.523857208667322993e-04
4.612248856574296951e-03
2.478731330484151840e-03
1.504364074207842350e-03
9.974871873855590820e-01
3.671848680824041367e-04
1.078117056749761105e-03
3.544237464666366577e-03
3.363326191902160645e-03
7.185970544815063477e-01
8.529683947563171387e-01
3.676709486171603203e-03
3.328604158014059067e-03
9.653289802372455597e-03
1.661803200840950012e-02
5.263950675725936890e-02
1.450574200134724379e-04
8.438628911972045898e-01
1.685240189544856548e-03
8.328629136085510254e-01
4.875785671174526215e-03
9.115870594978332520e-01
1.482187421061098576e-03
6.599453627131879330e-04
1.436666958034038544e-02
9.623707155697047710e-04
2.344893058761954308e-03
5.111798178404569626e-03
9.821473360061645508e-01
5.572865530848503113e-02
4.053392040077596903e-04
1.142618283629417419e-01
3.034679917618632317e-03
2.842354297172278166e-04
5.462565924972295761e-03
3.237087652087211609e-02
4.346116329543292522e-04
2.390223592519760132e-01
3.873651847243309021e-03
8.140764199197292328e-03
6.810496449470520020e-01
1.356339780613780022e-03
6.974245887249708176e-03
1.318577229976654053e-01
2.265710150822997093e-03
5.500455852597951889e-03
4.303367168176919222e-04
1.991594908758997917e-03
1.014242297969758511e-03
5.801824852824211121e-03
9.752205014228820801e-02
8.032199926674365997e-03
5.440046545118093491e-03
6.403853185474872589e-04
1.028878614306449890e-02
6.878045969642698765e-04
9.861026192083954811e-04
2.984176389873027802e-03
2.815493848174810410e-03
3.259958699345588684e-03
1.797675038687884808e-03
7.344212383031845093e-02
2.509113028645515442e-02
6.508495658636093140e-02
1.645762007683515549e-03
1.974075858015567064e-04
6.268937140703201294e-03
4.546871408820152283e-03
6.271126680076122284e-03
3.848001593723893166e-03
7.791972020640969276e-04
9.557273238897323608e-03
1.765464060008525848e-02
2.893812209367752075e-02
9.361953735351562500e-01
4.066961351782083511e-03
7.061748765408992767e-03
1.295026391744613647e-02
7.135927211493253708e-03
1.322361826896667480e-02
1.785355620086193085e-03
9.551225230097770691e-04
6.688408255577087402e-01
3.590234220027923584e-01
1.285944320261478424e-02
1.232258677482604980e-01
5.348511412739753723e-02
2.113316021859645844e-02
9.490398224443197250e-04
7.519634366035461426e-01
4.256130661815404892e-03
1.410298747941851616e-03
2.077650977298617363e-03
1.353378524072468281e-03
1.780164078809320927e-03
9.987939596176147461e-01
1.981476554647088051e-03
1.471749041229486465e-02
1.008319668471813202e-02
7.778714061714708805e-04
8.897529542446136475e-02
3.463621065020561218e-02
6.536617875099182129e-02
1.639014575630426407e-03
2.765578404068946838e-02
5.326637183316051960e-04
3.861435055732727051e-01
7.969325780868530273e-01
1.070738362614065409e-04
1.520378515124320984e-02
5.373080372810363770e-01
3.545846045017242432e-01
1.007946673780679703e-02
4.890484735369682312e-03
3.426393261179327965e-03
1.588582061231136322e-03
6.142087280750274658e-03
1.344251446425914764e-03
3.178294748067855835e-03
1.041687373071908951e-02
9.222267544828355312e-04
3.087688088417053223e-01
1.100352499634027481e-02
2.500637900084257126e-03
1.252752612344920635e-03
9.936586720868945122e-04
2.146556973457336426e-03
1.417476497590541840e-02
2.745203673839569092e-01
4.956504404544830322e-01
1.553392037749290466e-03
1.595386274857446551e-04
2.181498566642403603e-03
1.097035710699856281e-03
2.645773114636540413e-03
7.159126107580959797e-04
1.337866783142089844e-01
4.691088572144508362e-03
3.734160661697387695e-01
1.680537313222885132e-02
5.264675710350275040e-04
1.563508994877338409e-02
1.639091060496866703e-03
1.110364217311143875e-03
1.034692046232521534e-03
8.371902704238891602e-01
9.927883744239807129e-01
1.052642427384853363e-02
9.775444269180297852e-01
1.112477038986980915e-03
1.089348574168980122e-03
3.834343850612640381e-01
6.897067651152610779e-03
1.235211966559290886e-03
9.621746540069580078e-01
3.237415254116058350e-01
7.334583997726440430e-02
6.746442914009094238e-01
7.474971935153007507e-03
5.357654765248298645e-03
5.914583802223205566e-03
4.202669020742177963e-03
2.733181929215788841e-03
1.709512993693351746e-02
6.151898503303527832e-01
1.805247738957405090e-04
5.568517372012138367e-02
1.772692240774631500e-02
9.468501806259155273e-01
4.418040215969085693e-01
7.686883211135864258e-03
9.874552488327026367e-01
5.205417983233928680e-03
2.621034346520900726e-02
1.343087013810873032e-02
5.788936978206038475e-04
3.917340934276580811e-01
1.910026744008064270e-02
1.670894213020801544e-03
7.708105258643627167e-04
1.507439999841153622e-03
1.490712165832519531e-03
7.837780751287937164e-03
8.027599542401731014e-04
9.840211831033229828e-03
3.323039412498474121e-01
2.165782824158668518e-02
2.565146610140800476e-02
3.692863509058952332e-03
3.101012902334332466e-03
1.539946068078279495e-03
5.907434597611427307e-02
9.889127016067504883e-01
5.194107652641832829e-04
8.481798321008682251e-02
1.217762357555329800e-03
6.058096140623092651e-02
5.833149189129471779e-04
3.820984624326229095e-03
5.037907510995864868e-02
4.690558835864067078e-02
4.173485096544027328e-03
1.198365688323974609e-01
1.725072972476482391e-02
1.172151678474619985e-04
2.186231315135955811e-02
5.637701833620667458e-04
1.541036963462829590e-01
6.759913563728332520e-01
3.607115894556045532e-02
7.470522075891494751e-03
3.568441607058048248e-03
2.615243429318070412e-03
5.508398413658142090e-01
8.134418167173862457e-04
5.325518846511840820e-01
2.862009964883327484e-02
6.313368678092956543e-03
1.226413846015930176e-01
2.493152278475463390e-04
6.706032902002334595e-02
7.049121428281068802e-03
6.618046015501022339e-02
3.098455965518951416e-01
2.981151686981320381e-03
1.178492893814109266e-04
2.453937195241451263e-03
4.025069531053304672e-03
2.015934092923998833e-03
9.441133588552474976e-04
5.367115605622529984e-03
4.281012341380119324e-03
9.200578331947326660e-01
4.163226485252380371e-02
3.207307541742920876e-03
8.564332872629165649e-02
9.647594415582716465e-04
1.976434886455535889e-01
8.703052997589111328e-01
7.617732626385986805e-04
3.178421035408973694e-02
4.646256566047668457e-03
8.981711417436599731e-02
1.955161569640040398e-03
2.228960162028670311e-03
6.926604509353637695e-01
4.122818820178508759e-03
4.834158346056938171e-03
1.781923230737447739e-03
9.030339121818542480e-01
1.169776078313589096e-03
9.789369069039821625e-04
4.138499498367309570e-01
5.085607524961233139e-03
3.446523624006658792e-04
2.942255698144435883e-03
8.467891602776944637e-04
9.814513325691223145e-01
1.180541119538247585e-03
2.712193429470062256e-01
1.249872497282922268e-03
5.037157097831368446e-04
8.852884639054536819e-04
5.995935946702957153e-02
1.796524226665496826e-02
1.010199310258030891e-03
6.575607508420944214e-02
3.452448872849345207e-03
7.422676086425781250e-01
2.038293285295367241e-03
9.122724533081054688e-01
5.739119369536638260e-04
3.476724773645401001e-02
6.094408454373478889e-04
1.177583355456590652e-02
5.462263245135545731e-03
2.483194228261709213e-03
8.119952690321952105e-05
9.241617918014526367e-01
5.237500183284282684e-03
5.881211836822330952e-04
1.057517603039741516e-01
6.579791754484176636e-02
3.527958178892731667e-03
5.933880209922790527e-01
2.580005093477666378e-04
2.196884155273437500e-02
1.232178136706352234e-02
5.724923103116452694e-04
8.023837581276893616e-03
5.444062408059835434e-04
5.267105996608734131e-02
1.430824249982833862e-01
6.452282518148422241e-02
4.566681571304798126e-03
4.406416118144989014e-01
1.039892714470624924e-02
6.688754074275493622e-04
4.875776357948780060e-03
4.025482572615146637e-03
2.741295145824551582e-03
9.259554147720336914e-01
1.170986681245267391e-03
2.492867782711982727e-02
3.974331915378570557e-02
9.546482563018798828e-01
2.398798940703272820e-03
5.717574805021286011e-02
1.130115590058267117e-03
1.303339153528213501e-01
3.790974849835038185e-03
1.062282011844217777e-03
6.847822223789989948e-04
2.006250899285078049e-03
7.366945147514343262e-01
1.887659193016588688e-03
8.277307264506816864e-03
6.300264503806829453e-03
9.633092209696769714e-03
8.086769282817840576e-02
2.843043580651283264e-02
4.615936893969774246e-03
7.250514347106218338e-03
1.381650716066360474e-01
1.332105166511610150e-04
1.143741537816822529e-03
4.793769621755927801e-04
3.649846417829394341e-03
3.700300455093383789e-01
1.832678169012069702e-02
2.754586981609463692e-03
1.877418253570795059e-03
4.888740181922912598e-02
8.456353098154067993e-04
2.120182104408740997e-02
7.708424329757690430e-02
9.471726953051984310e-04
7.577178184874355793e-04
3.389023011550307274e-03
3.859988646581768990e-03
9.309105807915329933e-04
3.606323152780532837e-03
1.916951616294682026e-03
6.438056938350200653e-03
6.787109188735485077e-03
5.285894498229026794e-02
8.222416788339614868e-02
2.567674964666366577e-03
2.434611320495605469e-03
1.336729852482676506e-03
1.093291910365223885e-03
1.234019733965396881e-02
9.464151412248611450e-02
1.412891596555709839e-02
4.956767079420387745e-04
9.059146046638488770e-03
9.949512481689453125e-01
5.847712047398090363e-03
9.950537681579589844e-01
9.449661374092102051e-01
5.794921307824552059e-04
7.452643010765314102e-03
3.286432474851608276e-02
5.499286926351487637e-04
5.293139815330505371e-01
2.319625113159418106e-03
1.749150571413338184e-03
1.558792125433683395e-02
1.346274511888623238e-03
1.026859506964683533e-03
1.259202603250741959e-02
3.494457108899950981e-03
1.906750909984111786e-02
8.199748583137989044e-03
8.070033974945545197e-03
9.667302947491407394e-04
6.229894757270812988e-01
2.546916715800762177e-02
6.252089887857437134e-02
1.260281074792146683e-03
1.020847004838287830e-03
2.572325766086578369e-01
1.394314467906951904e-01
1.321475370787084103e-03
4.933730140328407288e-02
4.987822845578193665e-03
2.329105045646429062e-03
7.143883109092712402e-01
4.241357557475566864e-03
3.564671147614717484e-03
3.938076272606849670e-02
6.396515369415283203e-01
2.292128466069698334e-02
6.384228467941284180e-01
4.029922187328338623e-03
1.609035395085811615e-02
4.116748459637165070e-03
3.549816319718956947e-04
1.942502409219741821e-01
1.384255439043045044e-01
7.772206664085388184e-01
7.585173938423395157e-03
9.378050565719604492e-01
1.478442829102277756e-02
1.841742359101772308e-02
3.649594634771347046e-02
3.468734771013259888e-02
4.019682295620441437e-03
2.719337306916713715e-02
2.127703838050365448e-02
1.035413704812526703e-03
5.904034711420536041e-03
9.895562529563903809e-01
6.309288437478244305e-04
2.274979924550279975e-04
1.521720085293054581e-03
4.087663255631923676e-04
7.494802772998809814e-02
7.033339934423565865e-04
3.451046533882617950e-03
2.204986056312918663e-03
7.975765503942966461e-03
4.865639377385377884e-03
5.275709629058837891e-01
6.407247390598058701e-03
6.508998572826385498e-03
7.533506155014038086e-01
1.253168582916259766e-01
1.923739444464445114e-03
1.140196062624454498e-02
7.151698693633079529e-03
5.650932714343070984e-02
9.514510631561279297e-03
9.582835435867309570e-01
7.094820588827133179e-02
4.873532336205244064e-03
9.033521055243909359e-04
1.060690805315971375e-01
8.764717727899551392e-03
1.806837134063243866e-02
3.596108173951506615e-03
2.038082806393504143e-03
2.061689086258411407e-02
2.330292016267776489e-03
9.745768904685974121e-01
1.775995641946792603e-02
2.656517783179879189e-03
4.954214096069335938e-01
3.328193724155426025e-01
1.392926461994647980e-02
2.659302055835723877e-01
7.960390299558639526e-03
8.993627503514289856e-03
1.292706700041890144e-03
1.916603296995162964e-01
2.810717094689607620e-03
4.073902964591979980e-01
1.893384760478511453e-04
2.276101708412170410e-02
6.262648850679397583e-03
3.295756876468658447e-02
1.898571965284645557e-03
2.087793545797467232e-03
8.472443558275699615e-03
4.310231283307075500e-02
9.873944520950317383e-01
5.384831428527832031e-01
1.659279951127246022e-04
2.489492595195770264e-01
3.201573388651013374e-03
3.927607613150030375e-04
3.174868645146489143e-03
4.316851845942437649e-04
6.167786717414855957e-01
1.485036015510559082e-01
4.108592402189970016e-03
5.637438734993338585e-04
1.208943501114845276e-02
4.736844857688993216e-04
1.713093370199203491e-04
1.516036572866141796e-04
1.098966151475906372e-01
3.356380388140678406e-03
3.571182489395141602e-03
6.586978211998939514e-03
6.235856562852859497e-02
3.948655724525451660e-01
3.820097446441650391e-01
7.791180978529155254e-04
9.123847819864749908e-03
4.492229223251342773e-02
4.454658925533294678e-02
2.046512672677636147e-03
3.531636437401175499e-03
1.313758175820112228e-02
3.354470804333686829e-02
1.412491686642169952e-02
6.991485715843737125e-04
2.877922961488366127e-04
1.560497097671031952e-02
1.864457502961158752e-03
2.731435298919677734e-01
1.195255201309919357e-02
3.205361962318420410e-02
1.018241862766444683e-03
7.519852835685014725e-03
1.259305793792009354e-02
1.870943307876586914e-01
5.393868088722229004e-01
4.964444786310195923e-03
1.909240731038153172e-03
1.967255957424640656e-02
1.735971309244632721e-03
2.862906455993652344e-01
4.770535975694656372e-03
4.669641256332397461e-01
4.014008678495883942e-03
6.539577245712280273e-02
8.073210716247558594e-02
3.111916594207286835e-03
1.268474310636520386e-01
6.019848864525556564e-03
1.483095926232635975e-03
2.912739058956503868e-03
3.450042307376861572e-01
1.564122154377400875e-03
2.575062215328216553e-01
8.856404572725296021e-03
8.232236723415553570e-04
1.525569939985871315e-03
1.876260503195226192e-03
1.923447102308273315e-02
2.834427654743194580e-01
5.150069016963243484e-03
4.405112005770206451e-03
5.308428662829101086e-04
5.975612439215183258e-03
9.181379340589046478e-03
7.495175004005432129e-01
2.718188043218106031e-04
1.059075351804494858e-03
5.641325190663337708e-02
6.706843851134181023e-04
9.724248945713043213e-02
5.391638260334730148e-03
1.647716999286785722e-04
7.429394870996475220e-02
6.336666643619537354e-03
6.352553609758615494e-03
3.190696239471435547e-03
4.716761177405714989e-04
6.198269315063953400e-03
1.539974100887775421e-02
1.251709368079900742e-02
1.339317415840923786e-03
5.551027599722146988e-03
3.494930453598499298e-03
4.135034687351435423e-04
4.287684801965951920e-03
9.985401630401611328e-01
3.396670566871762276e-03
7.098810374736785889e-02
1.268989755772054195e-03
2.221629489213228226e-03
2.310504904016852379e-03
6.174754351377487183e-03
1.144829392433166504e-02
3.930071834474802017e-04
9.428140474483370781e-04
6.351924967020750046e-03
5.606224387884140015e-02
3.417948319111019373e-04
7.882029749453067780e-03
3.601186210289597511e-03
3.672765567898750305e-02
1.084577441215515137e-01
2.584045194089412689e-02
3.274182090535759926e-04
9.965832829475402832e-01
2.460004994645714760e-03
9.405180811882019043e-01
3.981927584391087294e-04
1.430068165063858032e-02
8.529736660420894623e-03
6.668817251920700073e-03
4.112912341952323914e-03
7.430464494973421097e-03
9.414719790220260620e-02
9.997401833534240723e-01
1.026781182736158371e-02
9.876531548798084259e-04
1.223573926836252213e-04
7.363734841346740723e-01
1.182352425530552864e-03
3.521488513797521591e-03
1.243616938591003418e-01
4.749243613332509995e-03
9.977110894396901131e-04
9.881509467959403992e-04
2.802628325298428535e-03
2.382282400503754616e-03
2.611513622105121613e-02
1.437101745977997780e-03
6.462519522756338120e-04
1.831065630540251732e-03
6.405238062143325806e-03
2.431839555501937866e-01
6.925372034311294556e-02
2.410652302205562592e-02
4.873423837125301361e-03
1.407384499907493591e-02
6.116101285442709923e-04
3.807649314403533936e-01
2.062121033668518066e-02
4.200572967529296875e-01
1.772221177816390991e-03
5.373536609113216400e-03
6.101166829466819763e-03
1.281377510167658329e-03
9.836022853851318359e-01
1.478505437262356281e-03
3.722006513271480799e-04
2.102331258356571198e-03
8.249552845954895020e-01
3.625920042395591736e-02
3.232758343219757080e-01
1.565427184104919434e-01
4.131015390157699585e-02
2.047313451766967773e-01
1.208642870187759399e-02
5.037432536482810974e-03
2.645262284204363823e-03
1.898029632866382599e-02
5.891001224517822266e-01
4.172920808196067810e-02
5.529618822038173676e-03
8.505393052473664284e-04
7.618549279868602753e-04
3.301494754850864410e-03
6.500739138573408127e-03
3.609108272939920425e-03
6.290131807327270508e-02
8.568892371840775013e-04
1.574663328938186169e-03
2.809888683259487152e-03
2.662413986399769783e-03
7.294535636901855469e-02
4.822061955928802490e-02
4.268400836735963821e-03
1.269237790256738663e-02
8.645137771964073181e-03
5.880211247131228447e-04
3.573085181415081024e-03
8.631095290184020996e-03
5.957425455562770367e-04
9.461655020713806152e-01
1.724389730952680111e-04
2.602993277832865715e-03
7.384777534753084183e-03
1.364754885435104370e-01
3.377230372279882431e-03
4.167092964053153992e-03
1.251616328954696655e-02
7.899680058471858501e-04
8.409422007389366627e-04
1.437593717128038406e-03
4.398105666041374207e-03
1.152759268879890442e-01
3.953523468226194382e-03
4.002766683697700500e-02
2.409471385180950165e-02
4.770791623741388321e-03
7.445422410964965820e-01
5.947055178694427013e-04
7.908086776733398438e-01
1.918559777550399303e-03
1.883303374052047729e-02
1.623676507733762264e-03
5.156058352440595627e-03
9.689535498619079590e-01
6.372094154357910156e-03
2.185560017824172974e-02
5.862758960574865341e-03
5.582801625132560730e-02
1.114360690116882324e-01
2.896142303943634033e-01
4.769859951920807362e-04
1.052105054259300232e-02
5.815448239445686340e-02
1.166612431406974792e-01
1.066901721060276031e-02
6.405626982450485229e-02
3.674245206639170647e-03
9.274026378989219666e-04
3.065722621977329254e-02
4.556900821626186371e-03
1.897826674394309521e-03
2.616940299049019814e-03
2.926172455772757530e-03
1.001328811980783939e-03
1.329526398330926895e-02
4.288456141948699951e-01
9.987053461372852325e-03
6.414661766029894352e-04
4.870588600169867277e-04
4.704477265477180481e-03
2.855571510735899210e-04
1.292145159095525742e-02
2.523843199014663696e-03
1.449985778890550137e-03
3.504279302433133125e-03
4.307212657295167446e-04
5.037137493491172791e-02
1.052726525813341141e-03
1.951213926076889038e-02
7.687089592218399048e-02
2.044244902208447456e-03
4.556787312030792236e-01
1.450306177139282227e-02
2.234210073947906494e-02
5.915476009249687195e-02
1.657223701477050781e-02
9.980691075325012207e-01
8.779206275939941406e-01
2.648810856044292450e-03
1.585182361304759979e-02
3.512229304760694504e-03
1.581410411745309830e-03
9.465571641921997070e-01
4.089266955852508545e-01
3.461307846009731293e-03
2.732048928737640381e-01
3.793765325099229813e-03
5.930323600769042969e-01
1.323373988270759583e-02
2.671808935701847076e-03
2.817948581650853157e-03
4.912847653031349182e-03
7.272297050803899765e-03
7.540789991617202759e-02
1.134280813857913017e-03
1.752744987607002258e-02
2.072055265307426453e-02
4.384621605277061462e-02
8.315180242061614990e-02
2.829866949468851089e-03
1.315056462772190571e-03
5.498655373230576515e-04
7.192454067990183830e-04
4.648854583501815796e-02
9.541871026158332825e-03
3.956968896090984344e-03
3.464630106464028358e-03
2.247255994006991386e-03
3.089006058871746063e-03
1.299065537750720978e-03
1.450955122709274292e-02
3.853125870227813721e-01
6.329970955848693848e-01
1.154834777116775513e-02
1.242134533822536469e-02
9.123136848211288452e-02
1.535804040031507611e-04
1.499364385381340981e-03
2.575017511844635010e-03
1.442546490579843521e-03
3.043319331482052803e-03
4.682049900293350220e-02
1.628127135336399078e-02
6.565299117937684059e-04
5.076690576970577240e-03
1.938593341037631035e-03
1.776673598214983940e-04
1.133804302662611008e-02
5.738873500376939774e-03
2.914979457855224609e-01
5.825195908546447754e-01
4.491756856441497803e-02
1.636873232200741768e-03
6.527533987537026405e-04
1.135575803346000612e-04
1.982513815164566040e-02
3.929353877902030945e-02
5.764282494783401489e-02
5.860316380858421326e-02
6.540748756378889084e-03
2.172256410121917725e-01
4.878821782767772675e-03
3.631598874926567078e-02
9.635636806488037109e-01
1.957398653030395508e-02
3.661189402919262648e-04
2.984337916132062674e-04
2.301316562807187438e-04
5.629639490507543087e-04
3.517223149538040161e-02
3.138937754556536674e-03
8.515174388885498047e-01
5.706634838134050369e-03
1.802038168534636497e-03
3.910529240965843201e-02
1.634008251130580902e-03
5.271945614367723465e-03
8.909137977752834558e-05
1.085973717272281647e-02
3.137614810839295387e-03
1.147217350080609322e-03
7.152868509292602539e-01
7.382243871688842773e-01
1.987098949030041695e-03
1.914449851028621197e-03
3.947658115066587925e-04
7.300120592117309570e-01
3.012071363627910614e-03
1.404796144925057888e-03
2.339763008058071136e-02
4.209325707051903009e-04
1.431590784341096878e-02
8.712903410196304321e-02
6.495303474366664886e-03
4.166323225945234299e-03
1.371293445117771626e-03
6.448026280850172043e-03
7.162668625824153423e-04
5.238739773631095886e-03
7.797409296035766602e-01
1.243619131855666637e-03
7.515446096658706665e-02
6.013426464051008224e-03
7.410735706798732281e-04
8.814462274312973022e-02
7.483110427856445312e-01
5.706360097974538803e-04
3.632030263543128967e-02
7.005355507135391235e-02
2.142127836123108864e-03
2.209516800940036774e-02
3.280370263382792473e-03
6.796655803918838501e-02
9.621584904380142689e-04
3.971212506294250488e-01
1.982581987977027893e-02
4.827333323191851377e-04
3.020760715007781982e-01
9.068241715431213379e-02
8.520708419382572174e-03
2.487286692485213280e-03
3.420689143240451813e-03
7.747727632522583008e-02
2.005771500989794731e-03
5.186326801776885986e-03
3.894736245274543762e-02
3.379399701952934265e-02
2.593813538551330566e-01
9.968634843826293945e-01
9.945300407707691193e-04
4.403556697070598602e-03
8.138232515193521976e-04
1.750958152115345001e-02
4.097601398825645447e-03
1.808569282293319702e-01
3.633600194007158279e-03
6.453850073739886284e-04
3.211327129974961281e-03
9.822751283645629883e-01
2.519969828426837921e-03
3.215197473764419556e-03
6.618031766265630722e-03
4.805053118616342545e-03
1.352662569843232632e-03
8.649684190750122070e-01
1.041394425556063652e-03
3.788146888837218285e-03
9.543465822935104370e-02
1.649775169789791107e-02
2.202553441748023033e-03
2.644956344738602638e-03
8.134724199771881104e-02
8.655504882335662842e-02
1.631855731830000877e-03
8.381266146898269653e-03
3.049307269975543022e-03
4.201181977987289429e-02
4.058443009853363037e-03
4.444161313585937023e-04
3.271730616688728333e-02
2.535404404625296593e-03
1.635172287933528423e-03
4.039855673909187317e-03
3.585464134812355042e-02
5.331810563802719116e-03
5.888374522328376770e-03
6.452717934735119343e-04
6.155082373879849911e-04
1.807178109884262085e-01
6.197843551635742188e-01
1.287066959775984287e-03
2.173744514584541321e-02
6.973679065704345703e-01
2.840685658156871796e-03
9.637615084648132324e-02
8.275903761386871338e-02
6.618465995416045189e-04
4.312195815145969391e-03
6.761450204066932201e-04
1.810636185109615326e-02
6.339984945952892303e-03
1.202112715691328049e-02
1.113828271627426147e-02
9.669033810496330261e-03
6.297017447650432587e-03
5.083954893052577972e-03
8.262793533504009247e-03
2.149314805865287781e-02
4.590794909745454788e-03
9.353883862495422363e-01
2.940851729363203049e-03
7.914353162050247192e-03
2.117575844749808311e-03
1.520326361060142517e-02
1.086645992472767830e-03
2.823492046445608139e-03
3.051717532798647881e-03
6.633985321968793869e-03
3.039170987904071808e-02
5.510486196726560593e-03
1.182924257591366768e-03
1.653126999735832214e-02
5.554831004701554775e-04
2.262319205328822136e-03
4.240858252160251141e-04
3.680386347696185112e-03
2.382281571626663208e-01
1.833407004596665502e-04
3.381043905392289162e-03
3.693425357341766357e-01
6.515836575999855995e-04
1.074213813990354538e-02
1.429934636689722538e-03
4.534538835287094116e-02
6.749133020639419556e-02
4.803660511970520020e-02
6.912032607942819595e-03
4.301721602678298950e-02
3.553508548066020012e-03
3.881477564573287964e-02
6.649328279308974743e-04
2.559195563662797213e-04
3.417761530727148056e-03
6.530604441650211811e-04
7.126831915229558945e-03
3.990348486695438623e-04
5.209091119468212128e-03
5.877964496612548828e-01
6.169580738060176373e-04
1.300804968923330307e-02
1.700617256574332714e-03
8.931230306625366211e-01
4.999389057047665119e-05
1.468698028475046158e-02
6.662138621322810650e-04
9.231253713369369507e-02
4.968557879328727722e-02
2.797955879941582680e-03
1.182089298963546753e-01
4.552349448204040527e-02
3.016761131584644318e-02
5.034251883625984192e-02
4.982726532034575939e-04
4.611110780388116837e-04
4.798094742000102997e-04
1.603943412192165852e-03
2.716683782637119293e-03
3.487228415906429291e-03
8.120876550674438477e-01
5.750458687543869019e-02
3.304515033960342407e-03
5.036039277911186218e-03
5.622792057693004608e-03
1.254580635577440262e-02
1.445989459753036499e-01
1.215042248368263245e-01
5.837766453623771667e-02
1.389442186336964369e-04
7.256589597091078758e-04
2.730817359406501055e-04
7.543302606791257858e-03
7.291238903999328613e-01
4.897148162126541138e-02
2.675550244748592377e-02
6.023927330970764160e-01
4.982649534940719604e-02
5.781878829002380371e-01
5.432977080345153809e-01
7.193959754658862948e-05
7.264179876074194908e-04
9.150964617729187012e-01
3.972833801526576281e-04
3.122712019830942154e-03
2.513892250135540962e-04
3.316453099250793457e-02
1.366054173558950424e-03
1.656993641518056393e-03
6.508535705506801605e-03
8.157814852893352509e-03
3.518286347389221191e-02
2.391199022531509399e-02
1.798883662559092045e-03
1.597222639247775078e-03
1.236977986991405487e-03
7.573219016194343567e-03
2.278827363625168800e-03
9.364400990307331085e-03
1.852592919021844864e-03
3.979155048727989197e-02
1.057594199664890766e-03
1.528381928801536560e-02
9.983910918235778809e-01
9.934312701225280762e-01
1.410429715178906918e-03
3.150413557887077332e-02
1.835275441408157349e-02
2.445903141051530838e-03
9.916273355484008789e-01
9.039551615715026855e-01
3.011398315429687500e-01
1.613079011440277100e-02
4.799639880657196045e-01
5.161975510418415070e-03
2.612802898511290550e-03
2.254171222448348999e-01
9.629802107810974121e-01
8.448602631688117981e-03
2.039844868704676628e-03
1.048594340682029724e-02
9.997043013572692871e-01
3.753011673688888550e-02
2.317555621266365051e-02
2.181751886382699013e-03
4.461155235767364502e-01
3.769389167428016663e-02
3.433839976787567139e-02
1.162808202207088470e-02
9.364143479615449905e-04
2.800763759296387434e-04
3.992397338151931763e-03
4.829895868897438049e-02
3.751216689124703407e-03
1.829274557530879974e-02
5.206317175179719925e-03
1.361822709441184998e-03
1.999938394874334335e-03
8.698985329829156399e-04
9.256599587388336658e-04
8.731146454811096191e-01
3.243013843894004822e-02
1.889816522598266602e-01
8.262654542922973633e-01
1.340513974428176880e-01
4.987808875739574432e-03
7.887306273914873600e-04
1.595623762113973498e-04
1.338599482551217079e-03
9.327325969934463501e-03
8.807604908943176270e-01
5.093120969831943512e-03
2.075964730465784669e-04
1.106682611862197518e-04
1.472686678171157837e-01
3.373294137418270111e-03
1.515967160230502486e-04
4.270920529961585999e-03
2.674564952030777931e-03
2.488825237378478050e-03
2.966571482829749584e-04
4.829013254493474960e-03
9.516808390617370605e-01
1.587299108505249023e-01
4.531125128269195557e-01
8.895773887634277344e-01
2.062829909846186638e-03
4.130039364099502563e-02
2.743963385000824928e-03
1.096630352549254894e-03
4.438054189085960388e-02
6.436541210860013962e-03
1.592364278621971607e-03
1.750748371705412865e-03
1.513117109425365925e-03
1.741269975900650024e-01
5.977358222007751465e-01
6.733435206115245819e-03
1.307949144393205643e-02
1.233945712447166443e-01
4.482890944927930832e-03
3.429288917686790228e-04
8.335641026496887207e-01
9.716714848764240742e-04
1.955183446407318115e-01
7.879603072069585323e-04
8.197108283638954163e-03
2.082365332171320915e-03
3.695934712886810303e-01
1.598230004310607910e-02
1.897071837447583675e-03
2.866144524887204170e-03
2.809992758557200432e-03
7.109168800525367260e-04
3.069885075092315674e-02
3.338422684464603662e-04
9.850632632151246071e-04
3.270886139944195747e-03
4.790222446899861097e-04
7.304076850414276123e-02
4.305070033296942711e-04
2.615152334328740835e-04
1.825970830395817757e-03
5.997380614280700684e-02
4.697814583778381348e-03
1.349080994259566069e-04
3.369995653629302979e-01
3.323513083159923553e-04
2.158050425350666046e-03
9.532863497734069824e-01
1.676654256880283356e-02
3.713044570758938789e-03
1.748342625796794891e-02
6.458815769292414188e-04
4.401635844260454178e-03
2.783555686473846436e-01
4.250499885529279709e-03
1.932660117745399475e-02
6.010756641626358032e-02
9.585823416709899902e-01
5.717413732782006264e-04
7.315193116664886475e-02
2.134291717084124684e-04
2.527893483638763428e-01
1.256240997463464737e-03
1.679178210906684399e-03
2.057676203548908234e-03
9.751931764185428619e-03
9.258669801056385040e-03
3.451589262112975121e-03
1.667396873235702515e-01
9.961890578269958496e-01
5.159894004464149475e-02
6.854441165924072266e-01
6.062033772468566895e-01
1.581883290782570839e-03
9.941758587956428528e-03
5.377268884330987930e-03
3.350127255544066429e-03
1.525729749118909240e-04
2.044288627803325653e-02
9.961911439895629883e-01
1.250315457582473755e-03
3.552459776401519775e-01
2.188176661729812622e-02
1.566597260534763336e-02
1.347364298999309540e-02
4.529423604253679514e-04
5.120941251516342163e-02
6.486846599727869034e-03
1.871380081865936518e-04
8.221293687820434570e-01
1.199459307827055454e-03
1.193731203675270081e-01
2.230564877390861511e-02
6.308104395866394043e-01
5.991754005663096905e-04
1.055075117619708180e-04
7.443448994308710098e-04
8.023614063858985901e-03
2.762232034001499414e-04
8.021845482289791107e-03
3.657639771699905396e-02
4.942837636917829514e-03
1.189763192087411880e-03
4.345312772784382105e-04
5.442020483314990997e-03
1.729466253891587257e-03
5.213386416435241699e-01
3.124798089265823364e-02
5.193509459495544434e-01
2.388680353760719299e-03
2.208855235949158669e-03
4.503158628940582275e-01
1.465177088975906372e-01
6.112678092904388905e-04
3.608947386965155602e-03
2.675316762179136276e-03
2.889657625928521156e-04
7.749759405851364136e-02
9.532370313536375761e-05
5.364003125578165054e-03
3.572277259081602097e-03
1.239601429551839828e-02
6.935377023182809353e-04
1.160836429335176945e-03
3.723495174199342728e-04
3.323619812726974487e-02
9.858695417642593384e-02
1.155721209943294525e-02
1.183022744953632355e-02
5.243107676506042480e-03
2.685483917593955994e-02
3.236748650670051575e-02
1.749198697507381439e-02
7.914246916770935059e-01
2.737580984830856323e-02
7.250617258250713348e-03
8.553735679015517235e-04
1.585582643747329712e-02
4.855249077081680298e-03
1.008192636072635651e-02
2.555419923737645149e-03
2.739753015339374542e-02
3.347776457667350769e-02
9.457721374928951263e-03
4.440799355506896973e-02
6.994429510086774826e-03
7.972486317157745361e-02
9.515780210494995117e-02
8.300688117742538452e-03
3.094842657446861267e-03
2.719315700232982635e-02
9.690147042274475098e-01
9.850587844848632812e-01
1.119395834393799305e-03
3.944396376609802246e-01
3.016317787114530802e-04
9.472429752349853516e-03
8.162407279014587402e-01
2.833382412791252136e-02
3.392669185996055603e-02
5.997796542942523956e-03
3.686298732645809650e-04
2.330962743144482374e-04
3.855610964819788933e-03
7.783150300383567810e-03
7.753302156925201416e-02
4.694714152719825506e-04
5.576713941991329193e-03
2.623526088427752256e-04
2.758186310529708862e-03
1.349931699223816395e-03
2.176415547728538513e-02
3.464697219897061586e-04
1.541542122140526772e-03
1.303400192409753799e-02
2.638466842472553253e-02
3.036932786926627159e-03
3.311089053750038147e-02
4.664393514394760132e-02
1.941997092217206955e-03
9.409085032530128956e-04
1.053841784596443176e-03
2.364386018598452210e-04
7.754701375961303711e-01
7.533153053373098373e-03
8.244180679321289062e-02
1.984877977520227432e-03
7.383260875940322876e-03
9.997416138648986816e-01
5.416121566668152809e-04
4.728251369670033455e-04
9.996778964996337891e-01
2.786043332889676094e-03
8.857548236846923828e-02
1.279319054447114468e-03
7.030545966699719429e-04
8.343482762575149536e-02
9.953597187995910645e-01
5.854490678757429123e-03
1.203299220651388168e-02
1.467683585360646248e-03
5.278016328811645508e-01
3.227337263524532318e-03
1.898808181285858154e-01
5.291827395558357239e-02
4.696085304021835327e-02
5.239818096160888672e-01
2.408998608589172363e-01
3.343680640682578087e-03
9.973299503326416016e-01
1.460812170989811420e-03
1.225646818056702614e-03
5.510256625711917877e-03
8.786444552242755890e-03
9.237274527549743652e-01
8.135725744068622589e-03
1.295845117419958115e-02
3.264454426243901253e-04
4.667466040700674057e-03
2.130896551534533501e-03
9.943974018096923828e-01
8.989232033491134644e-02
1.305338810198009014e-03
2.375808730721473694e-02
5.716206971555948257e-03
4.904425889253616333e-02
1.786742126569151878e-03
4.513584971427917480e-01
1.544614732265472412e-01
8.981927484273910522e-02
1.509148394688963890e-03
4.000825341790914536e-03
1.298088463954627514e-03
3.375869709998369217e-03
2.405738085508346558e-02
9.438735246658325195e-01
1.287213526666164398e-03
2.630178816616535187e-03
1.315291447099298239e-04
1.148506067693233490e-03
5.349130835384130478e-03
5.223578773438930511e-03
3.759581828489899635e-03
9.049750864505767822e-03
1.100215711630880833e-03
5.142127722501754761e-02
9.604706764221191406e-01
1.054421514272689819e-01
5.433237180113792419e-03
2.691081957891583443e-03
3.998646140098571777e-02
1.000686548650264740e-03
2.125924639403820038e-02
1.409779116511344910e-02
7.555593037977814674e-04
3.078640438616275787e-03
1.062920418917201459e-04
6.565390620380640030e-03
1.920501515269279480e-02
9.134580381214618683e-03
4.192629829049110413e-02
3.647889243438839912e-03
9.980729818344116211e-01
1.349708251655101776e-02
3.003593534231185913e-02
3.678933484479784966e-03
4.566133487969636917e-03
7.110105752944946289e-01
2.385911764577031136e-03
3.486077114939689636e-02
1.673636434134095907e-04
1.218724250793457031e-02
2.021453715860843658e-02
3.223021922167390585e-04
3.944175783544778824e-03
9.816500823944807053e-04
9.116031527519226074e-01
1.080464646220207214e-01
7.395423054695129395e-01
2.259781397879123688e-02
9.248905181884765625e-01
2.434105146676301956e-03
8.245312492363154888e-04
2.866244176402688026e-03
1.323201507329940796e-02
7.362359319813549519e-04
1.686460375785827637e-01
3.475251048803329468e-02
1.173717007040977478e-01
9.404400587081909180e-01
7.010898552834987640e-04
8.057127124629914761e-04
9.999135732650756836e-01
1.885993406176567078e-02
1.179824545979499817e-01
1.470817020162940025e-03
2.296111080795526505e-03
6.364577566273510456e-04
1.716311834752559662e-02
3.007366787642240524e-03
5.232348442077636719e-01
2.547325193881988525e-01
5.779052525758743286e-02
8.492304914398118854e-05
3.271777182817459106e-03
2.230044221505522728e-03
1.672433502972126007e-02
7.961848974227905273e-01
5.522142630070447922e-03
6.645745038986206055e-01
3.986908122897148132e-03
5.283530950546264648e-01
1.435796078294515610e-02
2.433300542179495096e-04
1.206206064671278000e-02
2.336034178733825684e-02
2.167900949716567993e-01
1.309748506173491478e-03
7.194037083536386490e-03
1.022043637931346893e-02
6.643475499004125595e-03
8.455955423414707184e-03
1.702240295708179474e-02
5.877032876014709473e-03
2.351527661085128784e-02
5.365982651710510254e-04
1.359226647764444351e-03
1.093946862965822220e-02
9.992492794990539551e-01
3.368438454344868660e-03
1.165973469614982605e-01
8.036458166316151619e-04
3.318358794786036015e-04
9.428306818008422852e-01
4.252681508660316467e-02
5.950371851213276386e-04
3.714080201461911201e-03
5.817375779151916504e-01
1.084000687114894390e-03
5.673772655427455902e-03
2.751477994024753571e-03
1.315291272476315498e-03
1.446110475808382034e-02
4.130255430936813354e-03
2.112641930580139160e-02
8.107784204185009003e-03
1.842116564512252808e-02
1.890184581279754639e-01
2.207504352554678917e-03
1.446272879838943481e-01
7.747610216028988361e-04
1.354949176311492920e-02
1.889426377601921558e-03
1.753327250480651855e-02
9.777419269084930420e-03
1.050748862326145172e-02
5.711956880986690521e-03
4.047738912049680948e-04
7.937608659267425537e-02
8.584324270486831665e-03
8.640871047973632812e-01
9.303679107688367367e-04
2.024664543569087982e-02
4.838695004582405090e-02
1.092721149325370789e-02
4.537255736067891121e-04
2.383692655712366104e-03
3.014529868960380554e-02
8.326052920892834663e-04
5.212132334709167480e-01
4.937758203595876694e-04
5.664573982357978821e-03
6.311883777379989624e-02
4.396435245871543884e-02
2.147095277905464172e-03
1.184120774269104004e-02
9.176868796348571777e-01
2.285697031766176224e-03
3.263285011053085327e-02
1.386752165853977203e-02
2.321667736396193504e-03
4.121393139939755201e-04
7.597231306135654449e-04
2.993432106450200081e-03
1.043127570301294327e-02
1.231854548677802086e-03
1.959146372973918915e-02
2.260823734104633331e-03
1.485113403759896755e-03
2.813520133495330811e-01
3.194296965375542641e-03
5.188677459955215454e-04
1.230192487128078938e-03
1.956759579479694366e-02
1.286985725164413452e-01
1.100115128792822361e-03
8.233002154156565666e-04
3.994778264313936234e-03
2.987358951941132545e-03
5.065685836598277092e-04
1.157068554311990738e-02
4.497857391834259033e-02
2.319997176527976990e-03
8.538632653653621674e-03
2.774492604658007622e-03
1.465232810005545616e-03
1.413292717188596725e-02
1.861354708671569824e-02
3.985009342432022095e-02
1.928882673382759094e-02
4.533240571618080139e-03
1.942539215087890625e-02
3.344003634992986917e-04
6.155739538371562958e-03
2.632732875645160675e-02
6.676408229395747185e-04
4.016960971057415009e-03
6.567425094544887543e-03
1.854786183685064316e-03
2.810467034578323364e-03
2.157785557210445404e-02
4.054833261761814356e-04
9.966100566089153290e-03
1.357191358692944050e-03
3.285986930131912231e-02
2.785114049911499023e-01
5.000315904617309570e-01
1.350703998468816280e-03
5.211225524544715881e-02
9.324778802692890167e-04
5.862802732735872269e-03
1.597097329795360565e-02
1.100022532045841217e-02
1.707851188257336617e-03
1.385536342859268188e-01
1.673101331107318401e-03
7.207951275631785393e-04
7.200036197900772095e-02
9.624666571617126465e-01
4.224392585456371307e-03
7.152467733249068260e-04
1.291220192797482014e-03
1.636818796396255493e-02
2.375160576775670052e-03
1.277166455984115601e-01
1.161970430985093117e-03
2.943915897049009800e-04
2.934276685118675232e-02
1.043753884732723236e-02
8.458819356746971607e-04
5.029843188822269440e-03
6.599063277244567871e-01
3.498303005471825600e-03
1.975145749747753143e-02
6.934637669473886490e-03
1.382867223583161831e-03
2.811807766556739807e-02
6.003975868225097656e-04
1.327483076602220535e-02
6.463257223367691040e-02
2.910230774432420731e-03
2.524653449654579163e-03
2.457282505929470062e-02
3.966007498092949390e-04
3.210802376270294189e-02
5.423507690429687500e-01
3.346766578033566475e-03
2.636666176840662956e-03
1.765049295499920845e-03
1.140052918344736099e-03
8.100835233926773071e-02
9.944893121719360352e-01
3.103093709796667099e-03
1.224541012197732925e-02
5.955321248620748520e-03
4.847247153520584106e-03
8.118842728435993195e-03
6.903677713125944138e-04
2.388628944754600525e-02
1.035434082150459290e-01
6.197377666831016541e-02
1.231873035430908203e-01
1.593605987727642059e-02
2.265162020921707153e-01
3.652953309938311577e-03
6.170243490487337112e-03
1.849098317325115204e-02
9.952048063278198242e-01
1.581565290689468384e-02
5.779622197151184082e-01
1.791600137948989868e-02
2.840166352689266205e-02
2.231768891215324402e-02
9.733883142471313477e-01
5.425409600138664246e-02
1.234383904375135899e-03
2.339657163247466087e-03
9.988270401954650879e-01
8.971888455562293530e-04
2.951905597001314163e-03
1.477063051424920559e-04
5.855684168636798859e-03
1.565932761877775192e-03
5.306189996190369129e-04
6.446512788534164429e-02
6.790299667045474052e-04
1.765741221606731415e-02
1.840878976508975029e-03
5.602761521004140377e-04
1.506697270087897778e-03
1.385511568514630198e-04
1.526566484244540334e-04
1.501935767009854317e-03
1.259442302398383617e-03
4.526728007476776838e-04
1.375984575133770704e-04
8.219386218115687370e-04
1.834721071645617485e-03
5.664505079039372504e-05
2.145604938268661499e-01
3.639042377471923828e-02
8.007198572158813477e-02
3.772878646850585938e-01
3.037094429600983858e-04
2.901785483118146658e-04
3.363033989444375038e-03
1.979847438633441925e-04
1.634519360959529877e-02
4.499837756156921387e-02
6.181033793836832047e-03
1.271117199212312698e-02
2.218348346650600433e-02
1.677127555012702942e-03
6.392647977918386459e-03
1.963461562991142273e-02
2.915289951488375664e-04
5.624174373224377632e-04
1.000352320261299610e-03
1.438494585454463959e-02
5.276260897517204285e-03
1.203491911292076111e-02
2.405751874903216958e-04
2.880617976188659668e-03
3.469228686299175024e-04
1.238078926689922810e-03
1.047573145478963852e-02
4.268307238817214966e-03
3.438996523618698120e-02
3.453357145190238953e-02
1.106566051021218300e-03
9.651995301246643066e-01
7.183875888586044312e-02
1.686444738879799843e-03
3.161046188324689865e-04
8.827143907546997070e-02
5.919396877288818359e-01
9.909858703613281250e-01
3.393082180991768837e-03
7.163566187955439091e-04
7.280868594534695148e-04
1.590828783810138702e-02
7.220439147204160690e-04
2.521285088732838631e-03
3.469495847821235657e-02
1.683674985542893410e-03
2.636955818161368370e-03
2.111729845637455583e-04
7.605552077293395996e-01
5.160718560218811035e-01
1.514997798949480057e-03
8.674674630165100098e-01
4.656549915671348572e-02
6.559478119015693665e-03
2.578728497028350830e-01
1.411754731088876724e-02
2.794229076243937016e-04
1.835430157370865345e-03
2.589003997854888439e-04
5.897195078432559967e-04
8.416299708187580109e-03
7.741971872746944427e-03
4.258468106854707003e-04
1.367599517107009888e-02
1.084102168679237366e-01
1.528093824163079262e-03
6.126620573922991753e-04
1.188234193250536919e-03
2.740911906585097313e-03
8.623329997062683105e-01
7.383274845778942108e-03
6.147395446896553040e-02
3.270552679896354675e-02
1.797686098143458366e-03
2.326241321861743927e-02
2.229550108313560486e-02
9.528780728578567505e-02
6.537324190139770508e-01
9.960000514984130859e-01
3.928740043193101883e-03
3.958696499466896057e-03
2.630348782986402512e-03
9.372936328873038292e-04
4.398836754262447357e-03
2.645383356139063835e-04
3.854906186461448669e-02
1.048644911497831345e-02
9.941961765289306641e-01
6.049252697266638279e-04
8.727953583002090454e-02
6.898504681885242462e-03
2.527255415916442871e-01
4.899844899773597717e-02
1.001695636659860611e-02
5.336668342351913452e-03
2.952353679575026035e-04
2.193012769566848874e-04
7.143893837928771973e-02
6.212344393134117126e-02
3.044211189262568951e-04
7.688979385420680046e-04
1.709381677210330963e-02
2.475718781352043152e-02
3.892307635396718979e-03
1.361030060797929764e-02
6.586706731468439102e-03
9.611927866935729980e-01
3.413114754948765039e-04
7.649943232536315918e-01
5.823591724038124084e-03
2.205756318289786577e-04
8.777490817010402679e-03
4.154753871262073517e-03
2.565047238022089005e-03
1.803521811962127686e-01
6.561326794326305389e-03
9.361339034512639046e-04
6.983757019042968750e-03
3.385313972830772400e-02
5.260308273136615753e-03
8.063942193984985352e-01
4.652848839759826660e-01
3.695310279726982117e-02
8.991461363621056080e-04
3.871248066425323486e-01
5.087479948997497559e-03
1.073651481419801712e-03
8.503702282905578613e-01
2.916504745371639729e-04
3.663397161290049553e-03
7.940545678138732910e-02
9.402841925621032715e-01
2.566031878814101219e-03
1.079795733094215393e-01
2.705127596855163574e-01
9.919276237487792969e-01
1.063755825161933899e-01
7.186791044659912586e-04
1.135174767114222050e-03
3.629452548921108246e-03
1.493121613748371601e-03
4.480657167732715607e-03
2.302112579345703125e-01
2.383968676440417767e-04
4.647744596004486084e-01
3.129329532384872437e-02
2.646331675350666046e-03
5.823832750320434570e-01
8.587811589241027832e-01
3.328668884932994843e-03
5.190742202103137970e-03
5.315822083503007889e-03
2.826077630743384361e-03
4.397817887365818024e-03
2.141528530046343803e-03
1.087166815996170044e-01
1.117535308003425598e-02
4.413707647472620010e-03
3.951485559809952974e-04
4.492473322898149490e-03
9.723179787397384644e-02
2.318145707249641418e-02
2.982390578836202621e-03
1.492181718349456787e-01
3.440314829349517822e-01
6.975715514272451401e-04
1.001471001654863358e-02
5.074875662103295326e-04
3.292503242846578360e-04
3.260898811277002096e-04
2.319950843229889870e-03
5.467239534482359886e-04
2.574770245701074600e-03
2.713043009862303734e-03
8.251982182264328003e-02
1.798456301912665367e-03
1.780879311263561249e-02
1.611468568444252014e-02
1.369280740618705750e-02
9.924519108608365059e-04
7.846139371395111084e-03
1.711300923489034176e-03
1.017107907682657242e-02
7.022636942565441132e-03
9.968671202659606934e-01
5.594822578132152557e-03
2.571162879467010498e-01
9.307824657298624516e-04
7.798717170953750610e-02
2.737852185964584351e-02
1.868218332529067993e-01
9.150316473096609116e-04
2.128420892404392362e-04
5.733124166727066040e-02
5.983830094337463379e-01
9.799376130104064941e-05
3.949486464262008667e-02
3.320993110537528992e-02
3.073050465900450945e-04
1.954581774771213531e-02
2.392393499612808228e-01
3.133539576083421707e-03
2.771612070500850677e-02
5.823367740958929062e-03
9.557742625474929810e-03
1.211849600076675415e-01
1.753284409642219543e-02
2.065218985080718994e-02
2.757934387773275375e-03
2.735706418752670288e-02
4.199138283729553223e-02
1.518517499789595604e-03
3.513953387737274170e-01
3.561466233804821968e-03
1.071343012154102325e-02
1.419057836756110191e-03
2.723670303821563721e-01
5.259614903479814529e-03
1.909912973642349243e-01
9.627621620893478394e-03
5.617683753371238708e-03
8.862256654538214207e-04
3.201316110789775848e-03
1.503522042185068130e-02
2.282823901623487473e-03
1.700052875094115734e-03
3.767218068242073059e-02
7.987952791154384613e-03
3.648081794381141663e-03
9.117509238421916962e-03
9.756683111190795898e-01
1.676976680755615234e-01
4.779300391674041748e-01
1.159297302365303040e-02
3.755034208297729492e-01
1.142280735075473785e-02
1.490246802568435669e-01
4.499890804290771484e-01
9.845829010009765625e-01
5.939987953752279282e-03
9.428742341697216034e-03
3.245582571253180504e-03
1.202169572934508324e-03
2.601963467895984650e-03
4.352418472990393639e-04
1.884045661427080631e-03
2.150030340999364853e-03
1.829106733202934265e-02
2.729718980845063925e-04
5.701529444195330143e-04
3.463037908077239990e-01
1.897836802527308464e-03
2.153383335098624229e-03
6.834068335592746735e-03
2.115762763423845172e-04
8.602038025856018066e-02
1.245642197318375111e-03
1.620786613784730434e-03
4.915548022836446762e-03
9.425148367881774902e-01
1.999721396714448929e-03
2.181140473112463951e-03
7.281518075615167618e-03
4.522921517491340637e-03
9.997891783714294434e-01
7.195329526439309120e-04
2.575947437435388565e-03
2.833255799487233162e-03
7.508139242418110371e-04
9.314857721328735352e-01
9.450384974479675293e-01
4.070714348927140236e-04
6.998830437660217285e-01
8.552565425634384155e-02
4.935930296778678894e-02
1.445730100385844707e-03
2.580009959638118744e-02
9.204751998186111450e-02
4.068904742598533630e-02
4.616844952106475830e-01
7.480893731117248535e-01
1.329137710854411125e-03
9.867428541183471680e-01
9.990885155275464058e-04
9.960977733135223389e-02
8.098444342613220215e-02
6.809431128203868866e-03
1.748053357005119324e-02
4.801845643669366837e-03
7.928245514631271362e-02
1.650850847363471985e-02
3.019980387762188911e-03
1.377611756324768066e-01
4.730674438178539276e-03
4.323284665588289499e-04
1.259687123820185661e-04
9.977239966392517090e-01
9.116057306528091431e-03
2.289945259690284729e-03
2.245632000267505646e-02
8.002540096640586853e-03
2.719172916840761900e-04
1.729610259644687176e-03
3.721572691574692726e-03
6.145133171230554581e-03
7.964384555816650391e-01
7.719248533248901367e-04
9.319768287241458893e-04
1.344449259340763092e-02
6.867375224828720093e-02
2.795850625261664391e-03
