1.157755470275878906e+01
1.193213558197021484e+01
1.141698551177978516e+01
1.143945121765136719e+01
1.167068290710449219e+01
1.157335376739501953e+01
1.161823654174804688e+01
1.070747566223144531e+01
1.179369354248046875e+01
1.211017990112304688e+01
1.191631221771240234e+01
1.163660621643066406e+01
1.154018592834472656e+01
1.123741722106933594e+01
1.145652103424072266e+01
1.145326900482177734e+01
1.226346683502197266e+01
1.157865905761718750e+01
1.268618774414062500e+01
1.136838626861572266e+01
1.164874839782714844e+01
1.162634754180908203e+01
1.187610530853271484e+01
1.155691719055175781e+01
1.206392765045166016e+01
1.231902217864990234e+01
1.172837924957275391e+01
1.280484867095947266e+01
1.059167003631591797e+01
1.161905288696289062e+01
1.169426059722900391e+01
1.141158390045166016e+01
1.227555465698242188e+01
1.166151046752929688e+01
1.207652378082275391e+01
1.174686145782470703e+01
1.253960895538330078e+01
1.130415725708007812e+01
1.152113056182861328e+01
1.184245681762695312e+01
1.225616931915283203e+01
1.128689765930175781e+01
1.123007488250732422e+01
1.183838081359863281e+01
1.219393825531005859e+01
1.152498340606689453e+01
1.150950336456298828e+01
1.076831722259521484e+01
1.185364723205566406e+01
1.108243656158447266e+01
1.144904708862304688e+01
1.079671382904052734e+01
1.178148365020751953e+01
1.198349380493164062e+01
1.143527317047119141e+01
1.208490467071533203e+01
1.178699111938476562e+01
1.151801490783691406e+01
1.142103385925292969e+01
1.158941650390625000e+01
1.139824771881103516e+01
1.216245746612548828e+01
1.188676548004150391e+01
1.134223937988281250e+01
1.180380821228027344e+01
1.134030818939208984e+01
1.073812580108642578e+01
1.305087566375732422e+01
1.274290275573730469e+01
1.182760429382324219e+01
1.157420825958251953e+01
1.110361194610595703e+01
1.106967830657958984e+01
1.175783538818359375e+01
1.140782833099365234e+01
1.126620483398437500e+01
1.187148380279541016e+01
1.060076904296875000e+01
1.127916049957275391e+01
1.101790142059326172e+01
1.131963539123535156e+01
1.170414829254150391e+01
1.140837383270263672e+01
1.163958644866943359e+01
1.175898456573486328e+01
1.156044006347656250e+01
1.171169090270996094e+01
1.169009685516357422e+01
1.194625377655029297e+01
1.103371238708496094e+01
1.148871135711669922e+01
1.263184452056884766e+01
1.128808879852294922e+01
1.070557594299316406e+01
1.175299358367919922e+01
1.125199985504150391e+01
1.154051113128662109e+01
1.316870784759521484e+01
1.165032577514648438e+01
1.185237503051757812e+01
1.160511112213134766e+01
1.134311962127685547e+01
1.160229015350341797e+01
1.133372879028320312e+01
1.139655780792236328e+01
1.172072124481201172e+01
1.146748447418212891e+01
1.174079036712646484e+01
1.094367218017578125e+01
1.146202468872070312e+01
1.172596168518066406e+01
1.156214523315429688e+01
1.319672203063964844e+01
1.133866214752197266e+01
1.150031280517578125e+01
1.179429054260253906e+01
1.126107406616210938e+01
1.165187263488769531e+01
1.183778572082519531e+01
1.141749954223632812e+01
1.212302684783935547e+01
1.188881874084472656e+01
1.137474918365478516e+01
1.178822612762451172e+01
1.163738441467285156e+01
1.129510974884033203e+01
1.041967105865478516e+01
1.246691989898681641e+01
1.052650928497314453e+01
1.140306377410888672e+01
1.093687534332275391e+01
1.154368209838867188e+01
1.100118255615234375e+01
1.097636795043945312e+01
1.120535850524902344e+01
1.158887004852294922e+01
1.152026653289794922e+01
1.174248790740966797e+01
1.161298942565917969e+01
1.176510620117187500e+01
1.158063983917236328e+01
1.158547019958496094e+01
1.191188144683837891e+01
1.154603004455566406e+01
1.127006530761718750e+01
1.163383197784423828e+01
1.122021389007568359e+01
1.070993232727050781e+01
1.156986808776855469e+01
1.184076976776123047e+01
1.221495246887207031e+01
1.124216175079345703e+01
1.200629138946533203e+01
1.164875888824462891e+01
1.117341327667236328e+01
1.098910140991210938e+01
1.142824554443359375e+01
1.149589824676513672e+01
1.168745231628417969e+01
1.165711975097656250e+01
1.063452625274658203e+01
1.250091648101806641e+01
1.147065353393554688e+01
1.123780155181884766e+01
1.170013999938964844e+01
1.127065753936767578e+01
1.115409946441650391e+01
1.156417179107666016e+01
1.234060287475585938e+01
1.213377857208251953e+01
1.114129543304443359e+01
1.078639125823974609e+01
1.112632369995117188e+01
1.042357921600341797e+01
1.195750713348388672e+01
1.127764511108398438e+01
1.220110225677490234e+01
1.134377574920654297e+01
1.155915641784667969e+01
1.174216556549072266e+01
1.202171611785888672e+01
1.142656993865966797e+01
1.159106445312500000e+01
1.180442237854003906e+01
1.169049644470214844e+01
1.152641010284423828e+01
1.184187889099121094e+01
1.349935245513916016e+01
1.156527900695800781e+01
1.168186283111572266e+01
1.164413833618164062e+01
1.179567432403564453e+01
1.154658222198486328e+01
1.111837005615234375e+01
1.066133117675781250e+01
1.171056461334228516e+01
1.166919136047363281e+01
1.192209720611572266e+01
1.172640514373779297e+01
1.084307670593261719e+01
1.209786701202392578e+01
1.189588928222656250e+01
1.135657024383544922e+01
1.103308105468750000e+01
1.177564811706542969e+01
1.137961387634277344e+01
1.081894969940185547e+01
1.169327354431152344e+01
1.203618335723876953e+01
1.206480789184570312e+01
1.179363822937011719e+01
1.182960033416748047e+01
1.143245220184326172e+01
1.136051082611083984e+01
1.132880496978759766e+01
1.160735034942626953e+01
1.120315456390380859e+01
1.120660495758056641e+01
1.129547023773193359e+01
1.171762371063232422e+01
1.200755977630615234e+01
1.175951576232910156e+01
1.173269462585449219e+01
1.136921596527099609e+01
1.286862850189208984e+01
1.301103687286376953e+01
1.156134319305419922e+01
1.138777637481689453e+01
1.149858570098876953e+01
1.255380249023437500e+01
1.173214340209960938e+01
1.171325397491455078e+01
1.171472549438476562e+01
1.162286472320556641e+01
1.121340656280517578e+01
1.109811878204345703e+01
1.142894649505615234e+01
1.175319480895996094e+01
1.162157440185546875e+01
1.160291957855224609e+01
1.135681533813476562e+01
1.218602657318115234e+01
1.119395828247070312e+01
1.147344970703125000e+01
1.181504344940185547e+01
1.202368927001953125e+01
1.092299556732177734e+01
1.086212158203125000e+01
1.172013664245605469e+01
1.171514415740966797e+01
1.168059539794921875e+01
1.195459175109863281e+01
1.198255920410156250e+01
1.113023376464843750e+01
1.144487476348876953e+01
1.158063697814941406e+01
1.194364166259765625e+01
1.154604434967041016e+01
1.195629119873046875e+01
1.226238346099853516e+01
1.160023880004882812e+01
1.144667434692382812e+01
1.170635128021240234e+01
1.176481151580810547e+01
1.251672649383544922e+01
1.236571311950683594e+01
1.199175643920898438e+01
1.088318634033203125e+01
1.144561576843261719e+01
1.148520755767822266e+01
1.181274795532226562e+01
1.125918006896972656e+01
1.163910961151123047e+01
1.117257404327392578e+01
1.134105205535888672e+01
1.098051357269287109e+01
1.142197704315185547e+01
1.140967559814453125e+01
1.174677562713623047e+01
1.084865665435791016e+01
1.199914836883544922e+01
1.176565170288085938e+01
1.232464313507080078e+01
1.202683925628662109e+01
1.161886310577392578e+01
1.137816810607910156e+01
1.159520435333251953e+01
1.203883647918701172e+01
1.141156101226806641e+01
1.122864055633544922e+01
1.132394981384277344e+01
1.154153537750244141e+01
1.212676811218261719e+01
1.035776042938232422e+01
1.123173904418945312e+01
1.212627506256103516e+01
1.150885772705078125e+01
1.192412662506103516e+01
1.180624771118164062e+01
1.171821022033691406e+01
1.192044734954833984e+01
1.144946765899658203e+01
1.155512237548828125e+01
1.132847213745117188e+01
1.178374958038330078e+01
1.161720848083496094e+01
1.132271957397460938e+01
1.172900104522705078e+01
1.191879558563232422e+01
1.135846900939941406e+01
1.178248786926269531e+01
1.153673458099365234e+01
1.119459056854248047e+01
1.168884468078613281e+01
1.172838687896728516e+01
1.233653163909912109e+01
1.135707759857177734e+01
1.169166469573974609e+01
1.155284404754638672e+01
1.201123523712158203e+01
1.152271366119384766e+01
1.153329467773437500e+01
1.142106914520263672e+01
1.226499176025390625e+01
1.158072757720947266e+01
1.129351806640625000e+01
1.177305030822753906e+01
1.203049755096435547e+01
1.136701583862304688e+01
1.115709209442138672e+01
1.191882896423339844e+01
1.137396907806396484e+01
1.201889705657958984e+01
1.176983165740966797e+01
1.193089962005615234e+01
1.212062835693359375e+01
1.113872909545898438e+01
1.100600433349609375e+01
1.157053184509277344e+01
1.186318111419677734e+01
1.310140800476074219e+01
1.192204380035400391e+01
1.132452011108398438e+01
1.181518936157226562e+01
1.166250610351562500e+01
1.059959125518798828e+01
1.186112689971923828e+01
1.185196685791015625e+01
1.129604530334472656e+01
1.109689712524414062e+01
1.163153266906738281e+01
1.213776779174804688e+01
1.125047588348388672e+01
1.285718154907226562e+01
1.131978034973144531e+01
1.191808032989501953e+01
1.178349685668945312e+01
1.148242187500000000e+01
1.282347011566162109e+01
1.141904449462890625e+01
1.220074462890625000e+01
1.274286556243896484e+01
1.193564224243164062e+01
1.017075252532958984e+01
1.118417358398437500e+01
1.407944965362548828e+01
1.171355342864990234e+01
1.130646705627441406e+01
1.203990554809570312e+01
1.175316810607910156e+01
1.184809017181396484e+01
1.146485996246337891e+01
1.130199050903320312e+01
1.244100666046142578e+01
1.145088291168212891e+01
1.176409912109375000e+01
1.179400157928466797e+01
1.176474189758300781e+01
1.161437988281250000e+01
1.117706012725830078e+01
1.244064807891845703e+01
1.149994945526123047e+01
1.174363517761230469e+01
1.180383682250976562e+01
1.152453517913818359e+01
1.146212768554687500e+01
1.158098030090332031e+01
1.165182781219482422e+01
1.153156089782714844e+01
1.137043380737304688e+01
1.248378562927246094e+01
1.171449947357177734e+01
1.170809459686279297e+01
1.123190689086914062e+01
1.148569679260253906e+01
1.253906345367431641e+01
1.043568992614746094e+01
1.140710353851318359e+01
1.138048744201660156e+01
1.124718666076660156e+01
1.145892620086669922e+01
1.155999660491943359e+01
1.130545997619628906e+01
1.260047721862792969e+01
1.179659366607666016e+01
1.139267349243164062e+01
1.085753822326660156e+01
1.071069335937500000e+01
1.237012290954589844e+01
1.207148933410644531e+01
1.202330493927001953e+01
1.106799697875976562e+01
1.126130676269531250e+01
1.136721229553222656e+01
1.159864044189453125e+01
1.121203231811523438e+01
1.110487842559814453e+01
1.132203769683837891e+01
1.157352733612060547e+01
1.081970977783203125e+01
1.192056465148925781e+01
1.155359935760498047e+01
1.117074394226074219e+01
1.153349781036376953e+01
1.169299697875976562e+01
1.135689735412597656e+01
1.166910552978515625e+01
1.146151733398437500e+01
1.174440860748291016e+01
1.085980033874511719e+01
1.141659545898437500e+01
1.124795913696289062e+01
1.156175422668457031e+01
1.128221130371093750e+01
1.105372524261474609e+01
1.176375198364257812e+01
1.077911758422851562e+01
1.201858806610107422e+01
1.140286636352539062e+01
1.151180458068847656e+01
1.093264102935791016e+01
1.145593547821044922e+01
1.171455287933349609e+01
1.190209960937500000e+01
1.167161273956298828e+01
1.198037528991699219e+01
1.178435707092285156e+01
1.129072570800781250e+01
1.148702526092529297e+01
1.179140377044677734e+01
1.187882614135742188e+01
1.178474330902099609e+01
1.147238636016845703e+01
1.121039009094238281e+01
1.170867824554443359e+01
1.117840290069580078e+01
1.151325702667236328e+01
1.130108165740966797e+01
1.184491539001464844e+01
1.126732444763183594e+01
1.169734477996826172e+01
1.131787300109863281e+01
1.136057853698730469e+01
1.181495380401611328e+01
1.168367862701416016e+01
1.183222770690917969e+01
1.077259826660156250e+01
1.171734333038330078e+01
1.302038574218750000e+01
1.115878582000732422e+01
1.118714714050292969e+01
1.202985286712646484e+01
1.142219161987304688e+01
1.143199348449707031e+01
1.129751396179199219e+01
1.156447124481201172e+01
1.209052085876464844e+01
1.150057506561279297e+01
1.147675895690917969e+01
1.168033504486083984e+01
1.201896190643310547e+01
1.150532054901123047e+01
1.151424407958984375e+01
1.154649448394775391e+01
1.167238330841064453e+01
1.160084247589111328e+01
1.193926239013671875e+01
1.262106037139892578e+01
1.186432266235351562e+01
1.131964778900146484e+01
1.227953529357910156e+01
1.129713726043701172e+01
1.141622638702392578e+01
1.242219352722167969e+01
1.147770881652832031e+01
1.158157825469970703e+01
1.176460361480712891e+01
1.153491115570068359e+01
1.084823131561279297e+01
1.126601219177246094e+01
1.245506381988525391e+01
1.064947891235351562e+01
1.210094833374023438e+01
1.136638736724853516e+01
1.155013179779052734e+01
1.165990734100341797e+01
1.123758220672607422e+01
1.164366245269775391e+01
1.357857513427734375e+01
1.128744220733642578e+01
1.151808547973632812e+01
1.118373489379882812e+01
1.165713977813720703e+01
1.134744453430175781e+01
1.147568130493164062e+01
1.121789550781250000e+01
1.128663730621337891e+01
1.282650184631347656e+01
1.152008056640625000e+01
1.181615543365478516e+01
1.176236915588378906e+01
1.132768058776855469e+01
1.119699954986572266e+01
1.176596927642822266e+01
1.157245922088623047e+01
1.153198051452636719e+01
1.231409263610839844e+01
1.305998992919921875e+01
1.154081153869628906e+01
1.124472427368164062e+01
1.189691734313964844e+01
1.242534923553466797e+01
1.149031448364257812e+01
1.137872886657714844e+01
1.132134056091308594e+01
1.168747234344482422e+01
1.098574829101562500e+01
1.173820972442626953e+01
1.198004913330078125e+01
1.188153934478759766e+01
1.136250495910644531e+01
1.104546070098876953e+01
1.136243057250976562e+01
1.174523544311523438e+01
1.197310352325439453e+01
1.133978366851806641e+01
1.173726463317871094e+01
1.117264938354492188e+01
1.102083110809326172e+01
1.038335037231445312e+01
1.163141918182373047e+01
1.249332237243652344e+01
1.211884498596191406e+01
1.144632339477539062e+01
1.151981925964355469e+01
1.074143409729003906e+01
1.098742198944091797e+01
1.143582057952880859e+01
1.159871578216552734e+01
1.081727886199951172e+01
1.151040554046630859e+01
1.097002601623535156e+01
1.138823127746582031e+01
1.170318508148193359e+01
1.166031265258789062e+01
1.131568527221679688e+01
1.179206466674804688e+01
1.112549304962158203e+01
1.116227054595947266e+01
1.121564292907714844e+01
1.111817646026611328e+01
1.149974155426025391e+01
1.197738265991210938e+01
1.338530635833740234e+01
1.165962696075439453e+01
1.144687271118164062e+01
1.191265296936035156e+01
1.137959861755371094e+01
1.136030483245849609e+01
1.123942470550537109e+01
1.175422286987304688e+01
1.096974658966064453e+01
1.128752326965332031e+01
1.048264884948730469e+01
1.167745018005371094e+01
1.170439147949218750e+01
1.226681995391845703e+01
1.196743679046630859e+01
1.142749691009521484e+01
1.139147377014160156e+01
1.123296546936035156e+01
1.076288890838623047e+01
1.130795955657958984e+01
1.162588787078857422e+01
1.197583293914794922e+01
1.142139434814453125e+01
1.184256267547607422e+01
1.168008708953857422e+01
1.244645786285400391e+01
1.140877151489257812e+01
1.121661758422851562e+01
1.223658180236816406e+01
1.115105533599853516e+01
1.081521034240722656e+01
1.187823104858398438e+01
1.355662250518798828e+01
1.150018024444580078e+01
1.148996543884277344e+01
1.158051300048828125e+01
1.136235332489013672e+01
1.172837638854980469e+01
1.158850860595703125e+01
1.162958526611328125e+01
1.072051525115966797e+01
1.107030105590820312e+01
1.166110515594482422e+01
1.145189094543457031e+01
1.143490886688232422e+01
1.158520793914794922e+01
1.116424655914306641e+01
1.120910644531250000e+01
1.133198070526123047e+01
1.177070808410644531e+01
1.332431793212890625e+01
1.225383090972900391e+01
1.112949943542480469e+01
1.102473545074462891e+01
1.161450195312500000e+01
1.182047557830810547e+01
1.159269237518310547e+01
1.188962268829345703e+01
1.150015735626220703e+01
1.139999675750732422e+01
1.174933338165283203e+01
1.150815868377685547e+01
1.175700855255126953e+01
1.122846317291259766e+01
1.066062545776367188e+01
1.146800041198730469e+01
1.148858356475830078e+01
1.126088809967041016e+01
1.160772132873535156e+01
1.177874755859375000e+01
1.188125705718994141e+01
1.225195407867431641e+01
1.167393779754638672e+01
1.165269470214843750e+01
1.147993850708007812e+01
1.171959304809570312e+01
1.158228683471679688e+01
1.193241405487060547e+01
1.190602397918701172e+01
1.126814746856689453e+01
1.190656661987304688e+01
1.084658908843994141e+01
1.121754264831542969e+01
1.174961948394775391e+01
1.143680191040039062e+01
1.180503940582275391e+01
1.116897583007812500e+01
1.147157669067382812e+01
1.177839946746826172e+01
1.150917243957519531e+01
1.174205303192138672e+01
1.022456645965576172e+01
1.140609550476074219e+01
1.148818016052246094e+01
1.172173690795898438e+01
1.147865867614746094e+01
1.205640888214111328e+01
1.123458290100097656e+01
1.135624027252197266e+01
1.149692916870117188e+01
1.123627853393554688e+01
1.174511623382568359e+01
1.159710311889648438e+01
1.324895095825195312e+01
1.136282634735107422e+01
1.066759681701660156e+01
1.139847087860107422e+01
1.183839035034179688e+01
1.151596832275390625e+01
1.126913166046142578e+01
1.195046138763427734e+01
1.183250141143798828e+01
1.189115238189697266e+01
1.212062454223632812e+01
1.196665000915527344e+01
1.172730827331542969e+01
1.145487976074218750e+01
1.128681850433349609e+01
1.270612716674804688e+01
1.132472419738769531e+01
1.158679962158203125e+01
1.121460723876953125e+01
1.188539409637451172e+01
1.144291305541992188e+01
1.118828010559082031e+01
1.169956398010253906e+01
1.118267440795898438e+01
1.161477470397949219e+01
1.115468502044677734e+01
1.127893352508544922e+01
1.130260562896728516e+01
1.163645362854003906e+01
1.080193710327148438e+01
1.211801433563232422e+01
1.077560615539550781e+01
1.166012859344482422e+01
1.124370098114013672e+01
1.161547088623046875e+01
1.228638935089111328e+01
1.124826908111572266e+01
1.201727485656738281e+01
1.136127948760986328e+01
1.159038639068603516e+01
1.159301376342773438e+01
1.155102825164794922e+01
1.178190231323242188e+01
1.172256565093994141e+01
1.116584682464599609e+01
1.147425174713134766e+01
1.245344638824462891e+01
1.163034820556640625e+01
1.104782295227050781e+01
1.111743640899658203e+01
1.168276214599609375e+01
1.162436676025390625e+01
1.130228710174560547e+01
1.166055393218994141e+01
1.144967079162597656e+01
1.124567604064941406e+01
1.218863677978515625e+01
1.168048095703125000e+01
1.036166954040527344e+01
1.161112689971923828e+01
1.186797142028808594e+01
1.150133895874023438e+01
1.147812747955322266e+01
1.180372047424316406e+01
1.237068462371826172e+01
1.173388767242431641e+01
1.157858562469482422e+01
1.172013759613037109e+01
1.190314769744873047e+01
1.138240051269531250e+01
1.153507995605468750e+01
1.083111667633056641e+01
1.111834716796875000e+01
1.076490879058837891e+01
1.137495422363281250e+01
1.069594955444335938e+01
1.119388866424560547e+01
1.269134998321533203e+01
1.171206092834472656e+01
1.190558719635009766e+01
1.169858264923095703e+01
1.133692073822021484e+01
1.123092555999755859e+01
1.108870315551757812e+01
1.194067668914794922e+01
1.170609951019287109e+01
1.202183151245117188e+01
1.165285587310791016e+01
1.179875564575195312e+01
1.128934001922607422e+01
1.175578212738037109e+01
1.126355361938476562e+01
1.073610210418701172e+01
1.135347270965576172e+01
1.142932415008544922e+01
1.136593532562255859e+01
1.158112812042236328e+01
1.088671398162841797e+01
1.140699768066406250e+01
1.173726749420166016e+01
1.217167091369628906e+01
1.131318855285644531e+01
1.235146713256835938e+01
1.146389198303222656e+01
1.140222167968750000e+01
1.185880661010742188e+01
1.131620311737060547e+01
1.291938972473144531e+01
1.176314640045166016e+01
1.178233432769775391e+01
1.142257022857666016e+01
1.218904685974121094e+01
1.170315265655517578e+01
1.242636013031005859e+01
1.208334636688232422e+01
1.172988224029541016e+01
1.082929897308349609e+01
1.057566356658935547e+01
1.147904300689697266e+01
1.139588356018066406e+01
1.170688247680664062e+01
1.140929317474365234e+01
1.147067260742187500e+01
1.169971561431884766e+01
1.158709430694580078e+01
1.078021526336669922e+01
1.111543846130371094e+01
1.149860477447509766e+01
1.140516662597656250e+01
1.182444381713867188e+01
1.164836215972900391e+01
1.189788627624511719e+01
1.093324661254882812e+01
1.105658531188964844e+01
1.150287532806396484e+01
1.108585262298583984e+01
1.126119327545166016e+01
1.099068069458007812e+01
1.152612209320068359e+01
1.101323890686035156e+01
1.123964118957519531e+01
1.180766010284423828e+01
1.116595935821533203e+01
1.161070919036865234e+01
1.167425155639648438e+01
1.465508270263671875e+01
1.289504432678222656e+01
1.177947711944580078e+01
1.139731502532958984e+01
1.143427753448486328e+01
1.347174453735351562e+01
1.149166107177734375e+01
1.114584445953369141e+01
1.279511260986328125e+01
1.174768352508544922e+01
1.098667526245117188e+01
1.139705371856689453e+01
1.048896312713623047e+01
1.161414813995361328e+01
1.076397037506103516e+01
1.208452129364013672e+01
1.061802959442138672e+01
1.126625347137451172e+01
1.240068244934082031e+01
1.168371009826660156e+01
1.164223957061767578e+01
1.120880508422851562e+01
1.090161132812500000e+01
1.095999908447265625e+01
1.207197093963623047e+01
1.308185672760009766e+01
1.172004699707031250e+01
1.162199497222900391e+01
1.119499206542968750e+01
1.145202732086181641e+01
1.184867000579833984e+01
1.264431858062744141e+01
1.147534275054931641e+01
1.141519832611083984e+01
1.108291530609130859e+01
1.150748920440673828e+01
1.150952434539794922e+01
1.129614067077636719e+01
1.088759231567382812e+01
1.109394168853759766e+01
1.215565490722656250e+01
1.150078105926513672e+01
1.063486957550048828e+01
1.160582923889160156e+01
1.180055618286132812e+01
1.164766788482666016e+01
1.083227920532226562e+01
1.162154865264892578e+01
1.168826389312744141e+01
1.124340343475341797e+01
1.202707767486572266e+01
1.117168426513671875e+01
1.095200443267822266e+01
1.139238452911376953e+01
1.115087604522705078e+01
1.133653259277343750e+01
1.175660419464111328e+01
1.154554271697998047e+01
1.122001647949218750e+01
1.173569488525390625e+01
1.169153690338134766e+01
1.138918495178222656e+01
1.182104492187500000e+01
1.161805820465087891e+01
1.143477916717529297e+01
1.155891227722167969e+01
1.162015628814697266e+01
1.144567775726318359e+01
1.174634456634521484e+01
1.165056133270263672e+01
1.143819808959960938e+01
1.120867919921875000e+01
1.112093162536621094e+01
1.142755889892578125e+01
1.156141757965087891e+01
1.135236930847167969e+01
1.177573013305664062e+01
1.207457637786865234e+01
1.124422550201416016e+01
1.130446529388427734e+01
1.124136352539062500e+01
1.095532417297363281e+01
1.147346401214599609e+01
1.142463493347167969e+01
1.172717857360839844e+01
1.125603675842285156e+01
1.180866336822509766e+01
1.162785625457763672e+01
1.202223396301269531e+01
1.192886638641357422e+01
1.125922870635986328e+01
1.112005233764648438e+01
1.221288299560546875e+01
1.146848964691162109e+01
1.154918289184570312e+01
1.189660835266113281e+01
1.117600727081298828e+01
1.180097103118896484e+01
1.164634609222412109e+01
1.182030963897705078e+01
1.288792324066162109e+01
1.186229991912841797e+01
1.134265232086181641e+01
1.103195762634277344e+01
1.232643795013427734e+01
1.268945693969726562e+01
1.394825744628906250e+01
1.121543979644775391e+01
1.130971050262451172e+01
1.192103576660156250e+01
1.230499649047851562e+01
1.128674411773681641e+01
1.168574619293212891e+01
1.141377162933349609e+01
1.264058971405029297e+01
1.156874942779541016e+01
1.151489734649658203e+01
1.149073028564453125e+01
1.180272102355957031e+01
1.179264354705810547e+01
1.140360069274902344e+01
1.136226558685302734e+01
1.178491306304931641e+01
1.108526325225830078e+01
9.953085899353027344e+00
1.128117752075195312e+01
1.179076004028320312e+01
1.075939750671386719e+01
1.133366107940673828e+01
1.152015876770019531e+01
1.149201774597167969e+01
1.160377502441406250e+01
1.128076553344726562e+01
1.201414203643798828e+01
1.154176235198974609e+01
1.136428165435791016e+01
1.096179008483886719e+01
1.162508964538574219e+01
1.138811492919921875e+01
1.142040538787841797e+01
1.247967815399169922e+01
1.208130359649658203e+01
1.155364131927490234e+01
1.149346923828125000e+01
1.092138099670410156e+01
1.112964916229248047e+01
1.181183338165283203e+01
1.177857685089111328e+01
1.154344463348388672e+01
1.161109733581542969e+01
1.092166519165039062e+01
1.113045310974121094e+01
1.151524639129638672e+01
1.146634674072265625e+01
1.144454383850097656e+01
1.142792892456054688e+01
1.156047821044921875e+01
1.089808940887451172e+01
1.163093757629394531e+01
1.226629257202148438e+01
1.165438365936279297e+01
1.093968963623046875e+01
1.108543586730957031e+01
1.063679885864257812e+01
1.181240940093994141e+01
1.180371475219726562e+01
1.135879325866699219e+01
1.054216957092285156e+01
1.141557979583740234e+01
1.192864799499511719e+01
1.171592330932617188e+01
1.154955101013183594e+01
1.132448291778564453e+01
1.150907897949218750e+01
1.141922664642333984e+01
1.154797649383544922e+01
1.175387001037597656e+01
1.186599540710449219e+01
1.149464321136474609e+01
1.164563560485839844e+01
1.085768127441406250e+01
1.111255550384521484e+01
1.122958946228027344e+01
1.140398693084716797e+01
1.166648578643798828e+01
1.175261688232421875e+01
1.149792289733886719e+01
1.008574485778808594e+01
1.103682136535644531e+01
1.146651649475097656e+01
1.204806041717529297e+01
1.164759635925292969e+01
1.148911952972412109e+01
1.146920394897460938e+01
1.081663894653320312e+01
1.196863365173339844e+01
1.171709251403808594e+01
1.161801338195800781e+01
1.175434112548828125e+01
1.093255996704101562e+01
1.110978412628173828e+01
1.067167854309082031e+01
1.160727024078369141e+01
1.130586433410644531e+01
1.103569889068603516e+01
1.169355583190917969e+01
1.059016609191894531e+01
1.174932289123535156e+01
1.157798480987548828e+01
1.173811721801757812e+01
1.133362197875976562e+01
1.127266502380371094e+01
1.186910915374755859e+01
1.144638538360595703e+01
1.262057781219482422e+01
1.163072490692138672e+01
1.117137813568115234e+01
1.101782417297363281e+01
1.183130836486816406e+01
1.155031585693359375e+01
1.113002014160156250e+01
1.062814903259277344e+01
1.141390991210937500e+01
1.167030048370361328e+01
1.173459434509277344e+01
1.118216133117675781e+01
1.090245628356933594e+01
1.109992790222167969e+01
1.116440296173095703e+01
1.108535766601562500e+01
1.259708213806152344e+01
1.216452884674072266e+01
1.159273719787597656e+01
1.133831310272216797e+01
1.144956684112548828e+01
1.154481601715087891e+01
1.358180809020996094e+01
1.140158653259277344e+01
1.278655147552490234e+01
1.161040592193603516e+01
1.159544086456298828e+01
1.276791858673095703e+01
1.159636116027832031e+01
1.144296932220458984e+01
1.226828956604003906e+01
1.178183841705322266e+01
1.159498691558837891e+01
1.160875225067138672e+01
1.158336830139160156e+01
1.110774898529052734e+01
1.106566715240478516e+01
1.165313911437988281e+01
1.158832359313964844e+01
1.149229335784912109e+01
1.179939365386962891e+01
1.162633800506591797e+01
1.043880176544189453e+01
1.135194873809814453e+01
1.140628242492675781e+01
1.120579528808593750e+01
1.111865520477294922e+01
1.161781787872314453e+01
1.131380653381347656e+01
1.165649795532226562e+01
1.181354904174804688e+01
1.163822269439697266e+01
1.175904369354248047e+01
1.164216232299804688e+01
1.231338691711425781e+01
1.258187103271484375e+01
1.175219535827636719e+01
1.230189418792724609e+01
1.158670139312744141e+01
1.140276050567626953e+01
1.154962444305419922e+01
1.171632957458496094e+01
1.060168075561523438e+01
1.243501853942871094e+01
1.179366111755371094e+01
1.121670436859130859e+01
1.191009044647216797e+01
1.169901084899902344e+01
1.183773326873779297e+01
1.169450092315673828e+01
1.108321952819824219e+01
1.156538581848144531e+01
1.135267925262451172e+01
1.097311496734619141e+01
1.137100315093994141e+01
1.124804401397705078e+01
1.114884567260742188e+01
1.172234249114990234e+01
1.173159313201904297e+01
1.080988693237304688e+01
1.243001365661621094e+01
1.146462345123291016e+01
1.146131610870361328e+01
1.286505794525146484e+01
1.193045425415039062e+01
1.182660961151123047e+01
1.153776836395263672e+01
1.294580554962158203e+01
1.152560043334960938e+01
1.216415405273437500e+01
1.226720142364501953e+01
1.136023616790771484e+01
1.112635517120361328e+01
1.153244876861572266e+01
1.137110614776611328e+01
1.174210453033447266e+01
1.065927886962890625e+01
1.166618824005126953e+01
1.149851131439208984e+01
1.129953384399414062e+01
1.168843364715576172e+01
1.051488113403320312e+01
1.151750469207763672e+01
1.160885334014892578e+01
1.274412631988525391e+01
1.149823856353759766e+01
1.210828971862792969e+01
1.141839694976806641e+01
1.135085582733154297e+01
1.123999786376953125e+01
1.148701858520507812e+01
1.247531795501708984e+01
1.119853019714355469e+01
1.165987205505371094e+01
1.140308189392089844e+01
1.121722984313964844e+01
1.161626148223876953e+01
1.218148040771484375e+01
1.144797039031982422e+01
1.175317287445068359e+01
1.195573711395263672e+01
1.161023712158203125e+01
1.251336669921875000e+01
1.126344585418701172e+01
9.911699295043945312e+00
1.177376079559326172e+01
1.051217460632324219e+01
1.122676372528076172e+01
1.104074287414550781e+01
1.167985725402832031e+01
1.163831901550292969e+01
1.149646854400634766e+01
1.293168354034423828e+01
1.188656330108642578e+01
1.159305477142333984e+01
1.161033439636230469e+01
1.165166378021240234e+01
1.176548385620117188e+01
1.135204505920410156e+01
1.173505401611328125e+01
1.163287162780761719e+01
1.205821895599365234e+01
1.149095058441162109e+01
1.135896682739257812e+01
1.170848369598388672e+01
1.192934989929199219e+01
1.175806140899658203e+01
1.178702831268310547e+01
1.163131046295166016e+01
1.141517448425292969e+01
1.135916042327880859e+01
1.156506824493408203e+01
1.128684425354003906e+01
1.166654682159423828e+01
1.190827560424804688e+01
1.340783500671386719e+01
1.150430393218994141e+01
1.065276432037353516e+01
1.159609031677246094e+01
1.092656612396240234e+01
1.197592449188232422e+01
1.172273254394531250e+01
1.178694629669189453e+01
1.141574859619140625e+01
1.146078491210937500e+01
1.081960391998291016e+01
1.113029861450195312e+01
1.102697181701660156e+01
1.175472068786621094e+01
1.112193775177001953e+01
1.220359992980957031e+01
1.075123500823974609e+01
1.301698970794677734e+01
1.159826660156250000e+01
1.147812175750732422e+01
1.119535160064697266e+01
1.146172618865966797e+01
1.170448398590087891e+01
1.143707847595214844e+01
1.208793640136718750e+01
1.156887435913085938e+01
1.341901111602783203e+01
1.281160259246826172e+01
1.309944343566894531e+01
1.253154754638671875e+01
1.101889419555664062e+01
1.237831211090087891e+01
1.038189697265625000e+01
1.111636734008789062e+01
1.158464241027832031e+01
1.171704673767089844e+01
1.126002502441406250e+01
1.168270492553710938e+01
1.121161842346191406e+01
1.177430534362792969e+01
1.184546661376953125e+01
1.166427993774414062e+01
1.181711292266845703e+01
1.169288730621337891e+01
1.147867298126220703e+01
1.182842826843261719e+01
1.156746482849121094e+01
1.167170333862304688e+01
1.164433288574218750e+01
1.170765590667724609e+01
1.148945808410644531e+01
1.095014953613281250e+01
1.158256149291992188e+01
1.283675575256347656e+01
1.163126659393310547e+01
1.063620853424072266e+01
1.112938404083251953e+01
1.135851860046386719e+01
1.113934993743896484e+01
1.131993103027343750e+01
1.172271347045898438e+01
1.248898696899414062e+01
1.122945117950439453e+01
1.092809867858886719e+01
1.114011192321777344e+01
1.166988658905029297e+01
1.140915298461914062e+01
1.113460350036621094e+01
1.121282100677490234e+01
1.249298191070556641e+01
1.137959861755371094e+01
1.139670372009277344e+01
1.145140743255615234e+01
1.206076812744140625e+01
1.143033027648925781e+01
1.153520488739013672e+01
1.171817016601562500e+01
1.164960861206054688e+01
1.181667900085449219e+01
1.206658363342285156e+01
1.150720119476318359e+01
1.289441490173339844e+01
1.048785209655761719e+01
1.153950786590576172e+01
1.144482612609863281e+01
1.117965793609619141e+01
1.159666156768798828e+01
1.106968307495117188e+01
1.128134822845458984e+01
1.216533279418945312e+01
1.159692955017089844e+01
1.112062358856201172e+01
1.118732738494873047e+01
1.156476211547851562e+01
1.149617958068847656e+01
1.169849109649658203e+01
1.115055465698242188e+01
1.147679996490478516e+01
1.111638927459716797e+01
1.141703319549560547e+01
1.165843009948730469e+01
1.130407714843750000e+01
1.159881019592285156e+01
1.110056304931640625e+01
1.083043670654296875e+01
1.119997215270996094e+01
1.245896720886230469e+01
1.224730205535888672e+01
1.066820526123046875e+01
1.252170944213867188e+01
1.191825866699218750e+01
1.161326885223388672e+01
1.090439224243164062e+01
1.192308807373046875e+01
1.169837474822998047e+01
1.272098255157470703e+01
1.241063022613525391e+01
1.129354476928710938e+01
1.158425140380859375e+01
1.150921535491943359e+01
1.192960739135742188e+01
1.163891792297363281e+01
1.163056850433349609e+01
1.108530426025390625e+01
1.210252285003662109e+01
1.036171436309814453e+01
1.170522117614746094e+01
1.169240856170654297e+01
1.154909992218017578e+01
1.212891006469726562e+01
1.232555198669433594e+01
1.135830688476562500e+01
1.221106147766113281e+01
1.270341873168945312e+01
1.166751670837402344e+01
1.161777305603027344e+01
1.141831779479980469e+01
1.157878684997558594e+01
1.129875850677490234e+01
1.185562419891357422e+01
1.213889312744140625e+01
1.260240936279296875e+01
1.103853321075439453e+01
1.146722507476806641e+01
1.166411685943603516e+01
1.171658515930175781e+01
1.131225395202636719e+01
1.079389095306396484e+01
1.129007053375244141e+01
1.205460357666015625e+01
1.171203708648681641e+01
1.085087490081787109e+01
1.045509338378906250e+01
1.155940532684326172e+01
1.173421478271484375e+01
1.163267135620117188e+01
1.131545543670654297e+01
1.201427268981933594e+01
1.206642341613769531e+01
1.235135078430175781e+01
1.182886600494384766e+01
1.157024288177490234e+01
1.172998237609863281e+01
1.185755443572998047e+01
1.180524826049804688e+01
1.121095085144042969e+01
1.119112586975097656e+01
1.168967056274414062e+01
1.078369903564453125e+01
1.166394233703613281e+01
1.190335178375244141e+01
1.109486007690429688e+01
1.155625152587890625e+01
1.107871437072753906e+01
1.268519401550292969e+01
1.175426483154296875e+01
1.165568065643310547e+01
1.283081245422363281e+01
1.156858921051025391e+01
1.163392734527587891e+01
1.203782176971435547e+01
1.088988494873046875e+01
1.094899463653564453e+01
1.084690093994140625e+01
1.121806907653808594e+01
1.261478042602539062e+01
1.153489971160888672e+01
1.168317413330078125e+01
1.142259216308593750e+01
1.110233306884765625e+01
1.086770343780517578e+01
1.162158298492431641e+01
1.160818290710449219e+01
1.199861431121826172e+01
1.088874912261962891e+01
1.136589241027832031e+01
1.135105800628662109e+01
1.197164249420166016e+01
1.051648807525634766e+01
1.169596385955810547e+01
1.151328277587890625e+01
1.158523941040039062e+01
1.160307502746582031e+01
1.195312023162841797e+01
1.168390655517578125e+01
1.175047206878662109e+01
1.155054569244384766e+01
1.172417831420898438e+01
1.142517948150634766e+01
1.190070629119873047e+01
1.084712982177734375e+01
1.251971244812011719e+01
1.120843505859375000e+01
1.183324241638183594e+01
1.127798175811767578e+01
1.087047195434570312e+01
1.189548397064208984e+01
1.178224563598632812e+01
1.046080017089843750e+01
1.141767787933349609e+01
1.126259231567382812e+01
1.144882678985595703e+01
1.256787586212158203e+01
1.189417839050292969e+01
1.082785415649414062e+01
1.158207130432128906e+01
1.168202877044677734e+01
1.174701881408691406e+01
1.324597072601318359e+01
1.158708763122558594e+01
1.210360527038574219e+01
1.134121417999267578e+01
1.161761283874511719e+01
1.146333885192871094e+01
1.141151714324951172e+01
1.109194850921630859e+01
1.202509498596191406e+01
1.016610717773437500e+01
1.194162368774414062e+01
1.091128349304199219e+01
1.147968769073486328e+01
1.138885116577148438e+01
1.151873111724853516e+01
1.174788188934326172e+01
1.185589218139648438e+01
1.178758525848388672e+01
1.091092300415039062e+01
1.153137493133544922e+01
1.191841411590576172e+01
1.149644374847412109e+01
1.131083774566650391e+01
1.160222339630126953e+01
1.147078323364257812e+01
1.121624565124511719e+01
1.109293651580810547e+01
1.178012561798095703e+01
1.176111698150634766e+01
1.169187641143798828e+01
1.160726737976074219e+01
1.069253063201904297e+01
1.135073757171630859e+01
1.127728366851806641e+01
1.186334133148193359e+01
1.158522033691406250e+01
1.291271209716796875e+01
1.118220615386962891e+01
1.119126796722412109e+01
1.171204376220703125e+01
1.011975193023681641e+01
1.163057804107666016e+01
1.239816570281982422e+01
1.117862129211425781e+01
1.080457973480224609e+01
1.159115219116210938e+01
1.089196681976318359e+01
1.139723300933837891e+01
1.181457233428955078e+01
1.144268417358398438e+01
1.221221256256103516e+01
1.179558086395263672e+01
1.175395393371582031e+01
1.130424594879150391e+01
1.132696342468261719e+01
1.113689804077148438e+01
1.259781074523925781e+01
1.087990474700927734e+01
1.193298435211181641e+01
1.166970920562744141e+01
1.092077922821044922e+01
1.271803760528564453e+01
1.093306255340576172e+01
1.143808460235595703e+01
1.200018978118896484e+01
1.120466899871826172e+01
1.156801795959472656e+01
1.260744857788085938e+01
1.227236843109130859e+01
1.079392147064208984e+01
1.104006195068359375e+01
1.188873958587646484e+01
1.098437500000000000e+01
1.186848545074462891e+01
1.160799884796142578e+01
1.192461299896240234e+01
1.145299911499023438e+01
1.174418544769287109e+01
1.216251373291015625e+01
1.176680564880371094e+01
1.191172981262207031e+01
1.093774318695068359e+01
1.145217323303222656e+01
1.169450855255126953e+01
1.151147270202636719e+01
1.087951660156250000e+01
1.173950576782226562e+01
1.256538867950439453e+01
1.152548599243164062e+01
1.165203094482421875e+01
1.187119674682617188e+01
1.165665340423583984e+01
1.172051429748535156e+01
1.129940414428710938e+01
1.030227375030517578e+01
1.129872417449951172e+01
1.149114227294921875e+01
1.178773593902587891e+01
1.144625568389892578e+01
1.267016124725341797e+01
1.132065963745117188e+01
1.165241622924804688e+01
1.124029254913330078e+01
1.165611743927001953e+01
1.179193305969238281e+01
1.163350772857666016e+01
1.159823036193847656e+01
1.132408046722412109e+01
1.079035091400146484e+01
1.347245883941650391e+01
1.065322685241699219e+01
1.173990249633789062e+01
1.135470294952392578e+01
1.098070621490478516e+01
1.174211597442626953e+01
1.105620384216308594e+01
1.112242221832275391e+01
1.126700401306152344e+01
1.188309288024902344e+01
1.143525314331054688e+01
1.177910232543945312e+01
1.165311431884765625e+01
1.127881622314453125e+01
1.224085044860839844e+01
1.141021060943603516e+01
1.195269298553466797e+01
1.142416572570800781e+01
1.142502975463867188e+01
1.121866798400878906e+01
1.118131732940673828e+01
1.174972343444824219e+01
1.168080520629882812e+01
1.204840469360351562e+01
1.090316677093505859e+01
1.182471561431884766e+01
1.159439563751220703e+01
1.205358886718750000e+01
1.167341899871826172e+01
1.115467834472656250e+01
1.134705352783203125e+01
1.025818347930908203e+01
1.090312576293945312e+01
1.182436943054199219e+01
1.170047855377197266e+01
1.123621273040771484e+01
1.080846214294433594e+01
1.160525512695312500e+01
1.129415798187255859e+01
1.265555477142333984e+01
1.156224441528320312e+01
1.189282417297363281e+01
1.070897006988525391e+01
1.147076702117919922e+01
1.179465770721435547e+01
1.169487094879150391e+01
1.121007442474365234e+01
1.174667644500732422e+01
1.137902259826660156e+01
1.120820426940917969e+01
1.105515670776367188e+01
1.221766281127929688e+01
1.165581321716308594e+01
1.165410995483398438e+01
1.178763675689697266e+01
1.234195518493652344e+01
1.239436435699462891e+01
1.188667297363281250e+01
1.172307300567626953e+01
1.199089813232421875e+01
1.223720073699951172e+01
1.270992088317871094e+01
1.083449840545654297e+01
1.088716602325439453e+01
1.081922626495361328e+01
1.270410251617431641e+01
1.123764324188232422e+01
1.130269813537597656e+01
1.282583141326904297e+01
1.149097251892089844e+01
1.156589698791503906e+01
1.131199073791503906e+01
1.204659271240234375e+01
1.216276741027832031e+01
1.173770523071289062e+01
1.169658279418945312e+01
1.227850532531738281e+01
1.179907512664794922e+01
1.128722381591796875e+01
1.170611953735351562e+01
1.126780796051025391e+01
1.150304317474365234e+01
1.220768070220947266e+01
1.146817874908447266e+01
1.185939693450927734e+01
1.191089916229248047e+01
1.108477020263671875e+01
1.152826499938964844e+01
1.147911739349365234e+01
1.172061252593994141e+01
1.143308162689208984e+01
1.181089305877685547e+01
1.225578880310058594e+01
1.252824974060058594e+01
1.105069351196289062e+01
1.119892978668212891e+01
1.123498725891113281e+01
1.187085056304931641e+01
1.117319107055664062e+01
1.219237422943115234e+01
1.192003631591796875e+01
1.095362663269042969e+01
1.183362674713134766e+01
1.155643653869628906e+01
1.162591648101806641e+01
1.160711669921875000e+01
1.156717109680175781e+01
1.158914661407470703e+01
1.126470947265625000e+01
1.181150913238525391e+01
1.126742744445800781e+01
1.171127796173095703e+01
1.130229949951171875e+01
1.121693420410156250e+01
1.082586574554443359e+01
1.174679183959960938e+01
1.177561664581298828e+01
1.165720176696777344e+01
1.165872573852539062e+01
1.148955440521240234e+01
1.113245010375976562e+01
1.141325473785400391e+01
1.109830760955810547e+01
1.149398994445800781e+01
1.057692623138427734e+01
1.128928661346435547e+01
1.168317413330078125e+01
1.242990303039550781e+01
1.182727146148681641e+01
1.219508266448974609e+01
1.109630107879638672e+01
1.175327014923095703e+01
1.205331802368164062e+01
1.206315326690673828e+01
1.167191696166992188e+01
1.134230995178222656e+01
1.151987075805664062e+01
1.128551101684570312e+01
1.152950382232666016e+01
1.177903938293457031e+01
1.171391773223876953e+01
1.217130470275878906e+01
1.161382198333740234e+01
1.165180873870849609e+01
1.154904556274414062e+01
1.273330020904541016e+01
1.176277923583984375e+01
1.211891078948974609e+01
1.160089683532714844e+01
1.121841430664062500e+01
1.144971561431884766e+01
1.171291065216064453e+01
1.117391204833984375e+01
1.319306755065917969e+01
1.133420658111572266e+01
1.245793437957763672e+01
1.134005260467529297e+01
1.171002388000488281e+01
1.141748046875000000e+01
1.167391681671142578e+01
1.146063041687011719e+01
1.129084682464599609e+01
1.185896110534667969e+01
1.300626659393310547e+01
1.166056728363037109e+01
1.156644821166992188e+01
1.088193511962890625e+01
1.129821872711181641e+01
1.151401996612548828e+01
1.168883419036865234e+01
1.179843235015869141e+01
1.133912277221679688e+01
1.241908359527587891e+01
1.124340343475341797e+01
1.218349456787109375e+01
1.135324287414550781e+01
1.131274318695068359e+01
1.179460430145263672e+01
1.196177101135253906e+01
1.169124031066894531e+01
1.122079563140869141e+01
1.117921066284179688e+01
1.142829608917236328e+01
1.149322414398193359e+01
1.108087062835693359e+01
1.190626144409179688e+01
1.161416244506835938e+01
1.148874664306640625e+01
1.094866752624511719e+01
1.169827175140380859e+01
1.175264072418212891e+01
1.173043632507324219e+01
1.121426773071289062e+01
1.148235893249511719e+01
1.117454051971435547e+01
1.158421897888183594e+01
1.115821170806884766e+01
1.203959369659423828e+01
1.172130584716796875e+01
1.210059738159179688e+01
1.228294754028320312e+01
1.167834281921386719e+01
1.185886573791503906e+01
1.112154483795166016e+01
1.177766799926757812e+01
1.187075996398925781e+01
1.120674419403076172e+01
1.116910552978515625e+01
1.152734279632568359e+01
1.274863052368164062e+01
1.045920467376708984e+01
1.167517757415771484e+01
1.162352943420410156e+01
1.181397819519042969e+01
1.187739276885986328e+01
1.133123493194580078e+01
1.153993129730224609e+01
1.137475299835205078e+01
1.241906261444091797e+01
1.155544853210449219e+01
1.142411231994628906e+01
1.193478679656982422e+01
1.139608573913574219e+01
1.161127853393554688e+01
1.158872127532958984e+01
1.155111408233642578e+01
1.235417270660400391e+01
1.114087867736816406e+01
1.182855606079101562e+01
1.184880638122558594e+01
1.152940845489501953e+01
1.264836883544921875e+01
1.219628047943115234e+01
1.149490833282470703e+01
1.164897251129150391e+01
1.191510391235351562e+01
1.161506462097167969e+01
1.120386314392089844e+01
1.180008602142333984e+01
1.349764060974121094e+01
1.108139896392822266e+01
1.151573848724365234e+01
1.159035491943359375e+01
1.098961448669433594e+01
1.154751396179199219e+01
1.229963207244873047e+01
1.125168991088867188e+01
1.136219215393066406e+01
1.175208854675292969e+01
1.151076698303222656e+01
1.226220703125000000e+01
1.116630554199218750e+01
1.198458194732666016e+01
1.151596450805664062e+01
1.185739326477050781e+01
1.100018978118896484e+01
1.112416934967041016e+01
1.160604381561279297e+01
1.181764221191406250e+01
1.164644145965576172e+01
1.118534851074218750e+01
1.327052783966064453e+01
1.173461532592773438e+01
1.173639774322509766e+01
1.181785392761230469e+01
1.148820114135742188e+01
1.219606018066406250e+01
1.308353900909423828e+01
1.158514976501464844e+01
1.162946414947509766e+01
1.165514755249023438e+01
1.145117092132568359e+01
1.150583171844482422e+01
1.165016746520996094e+01
1.269225025177001953e+01
1.171813774108886719e+01
1.380703449249267578e+01
1.122756767272949219e+01
1.240336036682128906e+01
1.160331630706787109e+01
1.158836078643798828e+01
1.185656261444091797e+01
1.197862529754638672e+01
1.132655239105224609e+01
1.106635093688964844e+01
1.161927318572998047e+01
1.105710124969482422e+01
1.223662662506103516e+01
1.176899719238281250e+01
1.265478229522705078e+01
1.176631641387939453e+01
1.101644897460937500e+01
1.187520885467529297e+01
1.180438804626464844e+01
1.181581115722656250e+01
1.170956611633300781e+01
1.043532657623291016e+01
1.135954761505126953e+01
1.310085201263427734e+01
1.213347911834716797e+01
1.147548103332519531e+01
1.187720966339111328e+01
1.122664833068847656e+01
1.341346073150634766e+01
1.171289539337158203e+01
1.079640102386474609e+01
1.160262966156005859e+01
1.152517795562744141e+01
1.124455738067626953e+01
1.088673686981201172e+01
1.121057510375976562e+01
1.144132804870605469e+01
1.164428234100341797e+01
1.182317447662353516e+01
1.137948417663574219e+01
1.128164577484130859e+01
1.115200233459472656e+01
1.197502899169921875e+01
1.143242168426513672e+01
1.122839641571044922e+01
1.103939819335937500e+01
1.156762504577636719e+01
1.075754165649414062e+01
1.137295341491699219e+01
1.150808238983154297e+01
1.128769111633300781e+01
1.255211162567138672e+01
1.172681522369384766e+01
1.154936408996582031e+01
1.105004405975341797e+01
1.162818145751953125e+01
1.146111488342285156e+01
1.182377243041992188e+01
1.311920356750488281e+01
1.091014194488525391e+01
1.160898017883300781e+01
1.123546886444091797e+01
1.407843589782714844e+01
1.173271751403808594e+01
1.168098354339599609e+01
1.178252315521240234e+01
1.130654335021972656e+01
1.141833305358886719e+01
1.144023323059082031e+01
1.146514415740966797e+01
1.136557197570800781e+01
1.110981369018554688e+01
1.223067760467529297e+01
1.088948535919189453e+01
1.153383827209472656e+01
1.130390644073486328e+01
1.162096977233886719e+01
1.146588230133056641e+01
1.163919448852539062e+01
1.144701957702636719e+01
1.148209381103515625e+01
1.216267681121826172e+01
1.286128425598144531e+01
1.138358020782470703e+01
1.166236782073974609e+01
1.162623882293701172e+01
1.166071891784667969e+01
1.284939765930175781e+01
1.172325706481933594e+01
1.114664745330810547e+01
1.148937034606933594e+01
1.203756332397460938e+01
1.196726322174072266e+01
1.136151790618896484e+01
1.207465648651123047e+01
1.119517230987548828e+01
1.150221252441406250e+01
1.118543529510498047e+01
1.124145603179931641e+01
1.151090431213378906e+01
1.142468738555908203e+01
1.130425739288330078e+01
1.091980552673339844e+01
1.143321514129638672e+01
1.150718116760253906e+01
1.171618270874023438e+01
1.179257202148437500e+01
1.109480953216552734e+01
1.125197601318359375e+01
1.164626502990722656e+01
1.193378734588623047e+01
1.122020244598388672e+01
1.089006137847900391e+01
1.153489208221435547e+01
1.153790378570556641e+01
1.179122447967529297e+01
1.162578487396240234e+01
1.109638404846191406e+01
1.164212799072265625e+01
1.159980678558349609e+01
1.173304843902587891e+01
1.311699199676513672e+01
1.165218639373779297e+01
1.161890125274658203e+01
1.119668006896972656e+01
1.139974784851074219e+01
1.150084877014160156e+01
1.214910984039306641e+01
1.108373069763183594e+01
1.128041648864746094e+01
1.188514900207519531e+01
1.048350143432617188e+01
1.130180263519287109e+01
1.107311534881591797e+01
1.151959419250488281e+01
1.267264938354492188e+01
1.127899169921875000e+01
1.156395721435546875e+01
1.129805469512939453e+01
1.135770511627197266e+01
1.187985897064208984e+01
1.118280410766601562e+01
1.035316658020019531e+01
1.166613674163818359e+01
1.249813747406005859e+01
1.117537498474121094e+01
1.124222278594970703e+01
1.120904636383056641e+01
1.144996261596679688e+01
1.178751564025878906e+01
1.168684864044189453e+01
1.161323165893554688e+01
1.174357128143310547e+01
1.122023010253906250e+01
1.147574138641357422e+01
1.143838024139404297e+01
1.176013565063476562e+01
1.138903999328613281e+01
1.119109821319580078e+01
1.264327335357666016e+01
1.248558521270751953e+01
1.270315647125244141e+01
1.080449485778808594e+01
1.089506721496582031e+01
1.265397739410400391e+01
1.171000289916992188e+01
1.139687538146972656e+01
1.177919578552246094e+01
1.189885902404785156e+01
1.171693897247314453e+01
1.143092536926269531e+01
1.152167987823486328e+01
1.167342090606689453e+01
1.184094238281250000e+01
1.144212722778320312e+01
1.150348854064941406e+01
1.162165546417236328e+01
1.163732051849365234e+01
1.074243354797363281e+01
1.127730369567871094e+01
1.135451698303222656e+01
1.180948638916015625e+01
1.129774570465087891e+01
1.144649696350097656e+01
1.149173641204833984e+01
1.238951873779296875e+01
1.155146503448486328e+01
1.061877346038818359e+01
1.189421463012695312e+01
1.080705547332763672e+01
1.168861293792724609e+01
1.150898742675781250e+01
1.120883560180664062e+01
1.157212734222412109e+01
1.156936264038085938e+01
1.131355571746826172e+01
1.154078674316406250e+01
1.280370521545410156e+01
1.126569271087646484e+01
1.204243373870849609e+01
1.168903923034667969e+01
1.154554557800292969e+01
1.253843307495117188e+01
1.100725078582763672e+01
1.130746364593505859e+01
1.191600799560546875e+01
1.164544010162353516e+01
1.123283290863037109e+01
1.131275558471679688e+01
1.191230487823486328e+01
1.109893226623535156e+01
1.144571685791015625e+01
1.160421371459960938e+01
1.174441242218017578e+01
1.080333518981933594e+01
1.170295810699462891e+01
1.155591964721679688e+01
1.170747756958007812e+01
1.154385662078857422e+01
1.168078804016113281e+01
1.118124866485595703e+01
1.099471759796142578e+01
1.002712821960449219e+01
1.134049606323242188e+01
1.080062389373779297e+01
1.160312366485595703e+01
1.194014835357666016e+01
1.163430404663085938e+01
1.235574245452880859e+01
1.228398609161376953e+01
1.169413185119628906e+01
1.122219276428222656e+01
1.149334430694580078e+01
1.127717781066894531e+01
1.163555145263671875e+01
1.196938228607177734e+01
1.088164520263671875e+01
1.154572772979736328e+01
1.219569396972656250e+01
1.157172012329101562e+01
1.131422328948974609e+01
1.131702518463134766e+01
1.169152355194091797e+01
1.160182476043701172e+01
1.198234939575195312e+01
1.151367473602294922e+01
1.095511341094970703e+01
1.142228126525878906e+01
1.130257034301757812e+01
1.137166118621826172e+01
1.163091468811035156e+01
1.116462993621826172e+01
1.179951381683349609e+01
1.145639324188232422e+01
1.144042873382568359e+01
1.147509384155273438e+01
1.142137813568115234e+01
1.102576065063476562e+01
1.188158226013183594e+01
1.134918117523193359e+01
1.178421115875244141e+01
1.220148849487304688e+01
1.159686279296875000e+01
1.169997692108154297e+01
1.172244548797607422e+01
1.133719921112060547e+01
1.147103691101074219e+01
1.183435535430908203e+01
1.314770603179931641e+01
1.269524288177490234e+01
1.101126003265380859e+01
1.161828231811523438e+01
1.197291469573974609e+01
1.163631057739257812e+01
1.204861736297607422e+01
1.081555843353271484e+01
1.186649990081787109e+01
1.063394832611083984e+01
1.165481090545654297e+01
1.153133296966552734e+01
1.152756309509277344e+01
1.103437519073486328e+01
1.098263835906982422e+01
1.112177944183349609e+01
1.099449539184570312e+01
1.231612205505371094e+01
1.127205944061279297e+01
1.164548873901367188e+01
1.079244613647460938e+01
1.194858741760253906e+01
1.156069850921630859e+01
1.190727233886718750e+01
1.102747058868408203e+01
1.125339984893798828e+01
1.115033340454101562e+01
1.145555114746093750e+01
1.123413944244384766e+01
1.155026245117187500e+01
1.143662357330322266e+01
1.248703861236572266e+01
1.198223209381103516e+01
1.166597843170166016e+01
1.144020938873291016e+01
1.175557994842529297e+01
1.195867824554443359e+01
1.136415958404541016e+01
1.154644775390625000e+01
9.880907058715820312e+00
1.114250183105468750e+01
1.150784111022949219e+01
1.044134235382080078e+01
1.141054534912109375e+01
1.172973442077636719e+01
1.143773269653320312e+01
1.173758411407470703e+01
1.122736072540283203e+01
1.162653923034667969e+01
1.137230396270751953e+01
1.145290851593017578e+01
1.115579319000244141e+01
1.163932418823242188e+01
1.150164699554443359e+01
1.121319961547851562e+01
1.157111835479736328e+01
1.100882053375244141e+01
1.159149742126464844e+01
1.179329872131347656e+01
1.167391777038574219e+01
1.173421764373779297e+01
1.077442646026611328e+01
1.124172496795654297e+01
1.154641437530517578e+01
1.131514549255371094e+01
1.128218078613281250e+01
1.169472122192382812e+01
1.164425468444824219e+01
1.205475616455078125e+01
1.163842868804931641e+01
1.095489883422851562e+01
1.102496814727783203e+01
1.163986873626708984e+01
1.208869838714599609e+01
1.159107494354248047e+01
1.032538032531738281e+01
1.125660514831542969e+01
1.169627094268798828e+01
1.164160156250000000e+01
1.145391750335693359e+01
1.077381324768066406e+01
1.215132808685302734e+01
1.186933517456054688e+01
1.122334194183349609e+01
1.206907939910888672e+01
1.110281181335449219e+01
1.159664726257324219e+01
1.066670703887939453e+01
1.126668930053710938e+01
1.178449916839599609e+01
1.178397655487060547e+01
1.161401462554931641e+01
1.162017822265625000e+01
1.066155338287353516e+01
1.144636154174804688e+01
1.194913196563720703e+01
1.043668937683105469e+01
1.065315055847167969e+01
1.181584262847900391e+01
1.175026607513427734e+01
1.180827236175537109e+01
1.162770175933837891e+01
1.214359569549560547e+01
1.186583805084228516e+01
1.166036701202392578e+01
1.151224136352539062e+01
1.153471851348876953e+01
1.182187461853027344e+01
1.151223182678222656e+01
1.160789394378662109e+01
1.186408615112304688e+01
1.169773578643798828e+01
1.159592437744140625e+01
1.250500106811523438e+01
1.136847877502441406e+01
1.171493625640869141e+01
1.185899257659912109e+01
1.150081348419189453e+01
1.219568824768066406e+01
1.112151336669921875e+01
1.124923706054687500e+01
1.163878536224365234e+01
1.097922897338867188e+01
1.166528320312500000e+01
1.177988815307617188e+01
1.098590278625488281e+01
1.157652473449707031e+01
1.162823295593261719e+01
1.129383754730224609e+01
1.127329254150390625e+01
1.005398082733154297e+01
1.189562988281250000e+01
1.239223098754882812e+01
1.102971363067626953e+01
1.169605064392089844e+01
1.115569496154785156e+01
1.122130012512207031e+01
1.010841083526611328e+01
1.147279739379882812e+01
1.158292388916015625e+01
1.230773258209228516e+01
1.222720146179199219e+01
1.131761646270751953e+01
1.218445777893066406e+01
1.176340579986572266e+01
1.164087104797363281e+01
1.078802204132080078e+01
1.292340183258056641e+01
1.149182796478271484e+01
1.158943748474121094e+01
1.153980064392089844e+01
1.068426895141601562e+01
1.162372684478759766e+01
1.214844417572021484e+01
1.146487331390380859e+01
1.121731758117675781e+01
1.194759082794189453e+01
1.162935066223144531e+01
1.230433654785156250e+01
1.229583644866943359e+01
1.152160835266113281e+01
1.147360324859619141e+01
1.166555595397949219e+01
1.127159500122070312e+01
1.173226833343505859e+01
1.182832908630371094e+01
1.195750236511230469e+01
1.127092266082763672e+01
1.112713909149169922e+01
1.141185474395751953e+01
1.161606788635253906e+01
1.126680469512939453e+01
1.128977203369140625e+01
1.119536876678466797e+01
1.287846469879150391e+01
1.134502315521240234e+01
1.235930728912353516e+01
1.180162239074707031e+01
1.136339759826660156e+01
1.027856922149658203e+01
1.104141712188720703e+01
1.124545764923095703e+01
1.267294120788574219e+01
1.101853656768798828e+01
1.149744129180908203e+01
1.141251754760742188e+01
1.164294433593750000e+01
1.143825340270996094e+01
1.145030975341796875e+01
1.172470283508300781e+01
1.188409042358398438e+01
1.155790710449218750e+01
1.183826923370361328e+01
1.182283592224121094e+01
1.253627395629882812e+01
1.155929088592529297e+01
1.124499988555908203e+01
1.073726940155029297e+01
1.174480533599853516e+01
1.136863422393798828e+01
1.184917926788330078e+01
1.139980411529541016e+01
1.164744472503662109e+01
1.159851264953613281e+01
1.183498191833496094e+01
1.125009632110595703e+01
1.164220428466796875e+01
1.172282505035400391e+01
1.143637561798095703e+01
1.189825057983398438e+01
1.119803237915039062e+01
1.173744392395019531e+01
1.174204063415527344e+01
1.104543781280517578e+01
1.146201801300048828e+01
1.152765369415283203e+01
1.096996784210205078e+01
1.126160907745361328e+01
1.186189365386962891e+01
1.091942596435546875e+01
1.097630405426025391e+01
1.102034187316894531e+01
1.107599735260009766e+01
1.177432346343994141e+01
1.183231639862060547e+01
1.171613407135009766e+01
1.167796897888183594e+01
1.090369510650634766e+01
1.236588287353515625e+01
1.183504295349121094e+01
1.160796260833740234e+01
1.144357013702392578e+01
1.120960426330566406e+01
1.224669075012207031e+01
1.176677608489990234e+01
1.268021297454833984e+01
1.124014854431152344e+01
1.161698722839355469e+01
1.261727523803710938e+01
1.152465248107910156e+01
1.166571712493896484e+01
1.196031475067138672e+01
1.171429824829101562e+01
1.122989273071289062e+01
1.170153713226318359e+01
1.161470603942871094e+01
1.133146762847900391e+01
1.190153026580810547e+01
1.140483283996582031e+01
1.179157352447509766e+01
1.126750564575195312e+01
1.131378555297851562e+01
1.156361675262451172e+01
1.139971351623535156e+01
1.180852699279785156e+01
1.197492027282714844e+01
1.273791694641113281e+01
1.071985054016113281e+01
1.189248371124267578e+01
1.154062938690185547e+01
1.180322456359863281e+01
1.181315708160400391e+01
1.075948333740234375e+01
1.095087242126464844e+01
1.120200061798095703e+01
1.239262294769287109e+01
1.152362918853759766e+01
1.159736633300781250e+01
1.119156932830810547e+01
1.176144218444824219e+01
1.126577949523925781e+01
1.163064479827880859e+01
1.221494483947753906e+01
1.177222251892089844e+01
1.169971179962158203e+01
1.136152458190917969e+01
1.262973499298095703e+01
1.147643566131591797e+01
1.183194351196289062e+01
1.148476123809814453e+01
1.207202434539794922e+01
1.182332324981689453e+01
1.079341888427734375e+01
1.167031002044677734e+01
1.142435646057128906e+01
1.158645343780517578e+01
1.164914417266845703e+01
1.146364593505859375e+01
1.093333244323730469e+01
1.155973148345947266e+01
1.209294700622558594e+01
1.181956100463867188e+01
1.127407646179199219e+01
1.152191162109375000e+01
1.054524040222167969e+01
1.111352825164794922e+01
1.129344558715820312e+01
1.195196628570556641e+01
1.164565944671630859e+01
1.211310005187988281e+01
1.168903541564941406e+01
1.230485725402832031e+01
1.148455810546875000e+01
1.144599533081054688e+01
1.221423912048339844e+01
1.122383594512939453e+01
1.173502922058105469e+01
1.129739284515380859e+01
1.305208969116210938e+01
1.127470397949218750e+01
1.155855846405029297e+01
1.144338417053222656e+01
1.196010971069335938e+01
1.172150897979736328e+01
1.137022495269775391e+01
1.015113735198974609e+01
1.303748416900634766e+01
1.123687648773193359e+01
1.196439933776855469e+01
1.270467472076416016e+01
1.135768795013427734e+01
1.167861652374267578e+01
1.183730125427246094e+01
1.209310817718505859e+01
1.167208862304687500e+01
1.120591640472412109e+01
1.158560562133789062e+01
1.130088710784912109e+01
1.134787559509277344e+01
1.181022834777832031e+01
1.129301452636718750e+01
1.101655960083007812e+01
1.156127738952636719e+01
1.166916942596435547e+01
1.055446243286132812e+01
1.117106533050537109e+01
1.229149818420410156e+01
1.191319656372070312e+01
1.178736400604248047e+01
1.131336021423339844e+01
1.181581211090087891e+01
1.236849212646484375e+01
1.073114967346191406e+01
1.170214080810546875e+01
1.135293769836425781e+01
1.123618793487548828e+01
1.108829116821289062e+01
1.151763343811035156e+01
1.153754234313964844e+01
1.189764976501464844e+01
1.161800765991210938e+01
1.134794616699218750e+01
1.194857883453369141e+01
1.130006217956542969e+01
1.178395462036132812e+01
1.182439231872558594e+01
1.175300025939941406e+01
1.193168640136718750e+01
1.178756237030029297e+01
1.246414852142333984e+01
1.143487834930419922e+01
1.190517902374267578e+01
1.158822822570800781e+01
1.177784538269042969e+01
1.170213317871093750e+01
1.192804241180419922e+01
1.101334667205810547e+01
1.199260807037353516e+01
1.294612693786621094e+01
1.237669181823730469e+01
1.180215740203857422e+01
1.275698757171630859e+01
1.139589691162109375e+01
1.160057258605957031e+01
1.195984745025634766e+01
1.126275920867919922e+01
1.242910957336425781e+01
1.141211795806884766e+01
1.185835361480712891e+01
1.177556228637695312e+01
1.122301864624023438e+01
1.174019813537597656e+01
1.087630653381347656e+01
1.148260021209716797e+01
1.150550270080566406e+01
1.123954200744628906e+01
1.172563266754150391e+01
1.203684711456298828e+01
1.131364059448242188e+01
1.197932624816894531e+01
1.200277137756347656e+01
1.104143524169921875e+01
1.156598281860351562e+01
1.168862247467041016e+01
1.204865360260009766e+01
1.161185264587402344e+01
1.195002937316894531e+01
1.151181602478027344e+01
1.160696983337402344e+01
1.167771720886230469e+01
1.157108974456787109e+01
1.269254875183105469e+01
1.095341014862060547e+01
1.156184196472167969e+01
1.141454792022705078e+01
1.201389598846435547e+01
1.165261459350585938e+01
1.141227436065673828e+01
1.180600070953369141e+01
1.110519027709960938e+01
1.106505489349365234e+01
1.120911502838134766e+01
1.163776588439941406e+01
1.205535602569580078e+01
1.150121688842773438e+01
1.132272911071777344e+01
1.182561016082763672e+01
1.105315399169921875e+01
1.167432212829589844e+01
1.158307456970214844e+01
1.028620052337646484e+01
1.178582668304443359e+01
1.182099628448486328e+01
1.149123477935791016e+01
1.116531181335449219e+01
1.109469413757324219e+01
1.177690315246582031e+01
1.106303119659423828e+01
1.130895709991455078e+01
1.145085334777832031e+01
1.123517322540283203e+01
1.155626201629638672e+01
1.172829723358154297e+01
1.298213672637939453e+01
1.120080566406250000e+01
1.157911968231201172e+01
1.165680599212646484e+01
1.190328598022460938e+01
1.154901885986328125e+01
1.285267639160156250e+01
1.162676143646240234e+01
1.129549503326416016e+01
1.200352668762207031e+01
1.190805339813232422e+01
1.145727348327636719e+01
1.225877952575683594e+01
1.077627849578857422e+01
1.203700637817382812e+01
1.152904796600341797e+01
1.172655773162841797e+01
1.155443191528320312e+01
1.277806758880615234e+01
1.219148254394531250e+01
1.082689952850341797e+01
1.141098117828369141e+01
1.167645645141601562e+01
1.084170913696289062e+01
1.155714893341064453e+01
1.182127571105957031e+01
1.093825244903564453e+01
1.181190395355224609e+01
1.155711650848388672e+01
1.163695335388183594e+01
1.150399971008300781e+01
1.113342285156250000e+01
1.128442478179931641e+01
1.129859924316406250e+01
1.274210262298583984e+01
1.144549083709716797e+01
1.158645534515380859e+01
1.138887596130371094e+01
1.152172470092773438e+01
1.143197727203369141e+01
1.176941680908203125e+01
1.177975273132324219e+01
1.150799369812011719e+01
1.144465541839599609e+01
1.171755981445312500e+01
1.168900203704833984e+01
1.171205520629882812e+01
1.135735607147216797e+01
1.177911090850830078e+01
1.153843212127685547e+01
1.167310810089111328e+01
1.121992397308349609e+01
1.170117759704589844e+01
1.211250019073486328e+01
1.119808483123779297e+01
1.135700893402099609e+01
1.157306480407714844e+01
1.134700393676757812e+01
1.145571327209472656e+01
1.175631046295166016e+01
1.159248924255371094e+01
1.116836643218994141e+01
1.122762584686279297e+01
1.097810935974121094e+01
1.035365867614746094e+01
1.184369850158691406e+01
1.150750350952148438e+01
1.125342369079589844e+01
1.035013198852539062e+01
1.142840290069580078e+01
1.049028968811035156e+01
1.123298835754394531e+01
1.143258476257324219e+01
1.170159149169921875e+01
1.169574451446533203e+01
1.152854633331298828e+01
1.188560485839843750e+01
1.121787071228027344e+01
1.153921222686767578e+01
1.029247665405273438e+01
1.144443321228027344e+01
1.094729518890380859e+01
1.149511718750000000e+01
1.141725635528564453e+01
1.151842021942138672e+01
1.106751918792724609e+01
1.153797817230224609e+01
1.145549869537353516e+01
1.153216934204101562e+01
1.128698062896728516e+01
1.084526920318603516e+01
1.101448631286621094e+01
1.154189014434814453e+01
1.148242950439453125e+01
1.156308078765869141e+01
1.154003524780273438e+01
1.111005496978759766e+01
1.125904083251953125e+01
1.146924209594726562e+01
1.140258979797363281e+01
1.101555919647216797e+01
1.231537532806396484e+01
1.133573818206787109e+01
1.230060482025146484e+01
1.294090270996093750e+01
1.168424320220947266e+01
1.151320838928222656e+01
1.104990863800048828e+01
1.193849945068359375e+01
1.065033912658691406e+01
1.251404190063476562e+01
1.234764957427978516e+01
1.168685340881347656e+01
1.082260894775390625e+01
1.260106086730957031e+01
1.163888835906982422e+01
1.172534465789794922e+01
1.129866695404052734e+01
1.142067813873291016e+01
1.227904129028320312e+01
1.157190132141113281e+01
1.201179790496826172e+01
1.112938308715820312e+01
1.199221038818359375e+01
1.186341953277587891e+01
1.111796188354492188e+01
1.147980594635009766e+01
1.122020149230957031e+01
1.124088287353515625e+01
1.170959758758544922e+01
1.154526519775390625e+01
1.175590038299560547e+01
1.109928607940673828e+01
1.155526447296142578e+01
1.228910541534423828e+01
1.142779159545898438e+01
1.188621330261230469e+01
1.210305500030517578e+01
1.114194488525390625e+01
1.158538627624511719e+01
1.156862545013427734e+01
1.126953125000000000e+01
1.356538105010986328e+01
1.171476650238037109e+01
1.150782203674316406e+01
1.119878959655761719e+01
1.201815700531005859e+01
1.175189971923828125e+01
1.187892150878906250e+01
1.181875324249267578e+01
1.174179649353027344e+01
1.124210739135742188e+01
1.125839900970458984e+01
1.147504043579101562e+01
1.114364528656005859e+01
1.368624782562255859e+01
1.172745609283447266e+01
1.144020557403564453e+01
1.169667053222656250e+01
1.081384658813476562e+01
1.130913448333740234e+01
1.187262248992919922e+01
1.153557682037353516e+01
1.188229274749755859e+01
1.115799713134765625e+01
1.094408798217773438e+01
1.125136280059814453e+01
1.172446155548095703e+01
1.194612407684326172e+01
1.158839130401611328e+01
1.153585433959960938e+01
1.160058975219726562e+01
1.171650028228759766e+01
1.112538528442382812e+01
1.123175525665283203e+01
1.159403705596923828e+01
1.169406795501708984e+01
1.211518955230712891e+01
1.120464324951171875e+01
1.178703784942626953e+01
1.185196208953857422e+01
1.197742271423339844e+01
1.145493507385253906e+01
1.168213748931884766e+01
1.172391986846923828e+01
1.123739528656005859e+01
1.009002304077148438e+01
1.193253707885742188e+01
1.107316970825195312e+01
1.102207756042480469e+01
1.136844253540039062e+01
1.195211601257324219e+01
1.176770114898681641e+01
1.083538532257080078e+01
1.189903450012207031e+01
1.188460445404052734e+01
1.102588748931884766e+01
1.092767715454101562e+01
1.245956707000732422e+01
1.170379352569580078e+01
1.161739158630371094e+01
1.215171909332275391e+01
1.148769950866699219e+01
1.132560634613037109e+01
1.123594570159912109e+01
1.088964366912841797e+01
1.197660160064697266e+01
1.171158885955810547e+01
1.234205818176269531e+01
1.155643081665039062e+01
1.235197734832763672e+01
1.156974124908447266e+01
1.141719818115234375e+01
1.165961647033691406e+01
1.160567283630371094e+01
1.120042228698730469e+01
1.077894115447998047e+01
1.103375053405761719e+01
1.189300823211669922e+01
1.172119522094726562e+01
1.118694019317626953e+01
1.169199943542480469e+01
1.190613842010498047e+01
1.126763725280761719e+01
1.163435935974121094e+01
1.083310031890869141e+01
1.178890609741210938e+01
1.182368087768554688e+01
1.181579780578613281e+01
1.177214050292968750e+01
1.143520069122314453e+01
1.142177391052246094e+01
1.128952026367187500e+01
1.136757278442382812e+01
1.143941783905029297e+01
1.122196865081787109e+01
1.111139106750488281e+01
1.147818660736083984e+01
1.170757007598876953e+01
1.146664714813232422e+01
1.269550991058349609e+01
1.193799209594726562e+01
1.148627281188964844e+01
1.123938274383544922e+01
1.177005004882812500e+01
1.129864788055419922e+01
1.167647171020507812e+01
1.163815689086914062e+01
1.122905063629150391e+01
1.164254188537597656e+01
1.120510768890380859e+01
1.201824378967285156e+01
1.167425346374511719e+01
1.122707271575927734e+01
1.127513599395751953e+01
1.194704627990722656e+01
1.186133670806884766e+01
1.176277256011962891e+01
1.188949871063232422e+01
1.147601890563964844e+01
1.098316287994384766e+01
1.142232990264892578e+01
1.167748832702636719e+01
1.150155639648437500e+01
1.286676883697509766e+01
1.148900413513183594e+01
1.149851226806640625e+01
1.169113063812255859e+01
1.171551322937011719e+01
1.137751960754394531e+01
1.171875286102294922e+01
1.106398200988769531e+01
1.152911376953125000e+01
1.139623165130615234e+01
1.184848690032958984e+01
1.061924171447753906e+01
1.144578742980957031e+01
1.128907108306884766e+01
1.186519336700439453e+01
1.167388057708740234e+01
1.093407440185546875e+01
1.130136871337890625e+01
1.149802780151367188e+01
1.149337673187255859e+01
1.135173130035400391e+01
1.254017448425292969e+01
1.142282295227050781e+01
1.137669754028320312e+01
1.089106559753417969e+01
1.121720409393310547e+01
1.146610832214355469e+01
1.175526332855224609e+01
1.162705421447753906e+01
1.264177131652832031e+01
1.162766456604003906e+01
1.214496421813964844e+01
1.248947238922119141e+01
1.164791965484619141e+01
1.128053092956542969e+01
1.163586616516113281e+01
1.160762405395507812e+01
1.118488883972167969e+01
1.221251869201660156e+01
1.175241851806640625e+01
1.127287578582763672e+01
1.172316551208496094e+01
1.207715892791748047e+01
1.118864440917968750e+01
1.151512145996093750e+01
1.095674228668212891e+01
1.162860107421875000e+01
1.160139560699462891e+01
1.169615650177001953e+01
1.084270000457763672e+01
1.081456375122070312e+01
1.228505420684814453e+01
1.160741996765136719e+01
1.132226848602294922e+01
1.125568389892578125e+01
1.167244720458984375e+01
1.128523635864257812e+01
1.200424098968505859e+01
1.156651306152343750e+01
1.131129264831542969e+01
1.132952594757080078e+01
1.170071315765380859e+01
1.190743637084960938e+01
1.280935382843017578e+01
1.127354049682617188e+01
1.119135475158691406e+01
1.119734573364257812e+01
1.204320144653320312e+01
1.115740871429443359e+01
1.152925586700439453e+01
1.082306098937988281e+01
1.179429721832275391e+01
1.182643318176269531e+01
1.159698581695556641e+01
1.171138763427734375e+01
1.108096122741699219e+01
1.122841453552246094e+01
1.183104419708251953e+01
1.163225746154785156e+01
1.200666427612304688e+01
1.160031509399414062e+01
1.130764579772949219e+01
1.160273933410644531e+01
1.165517997741699219e+01
1.356212806701660156e+01
1.148950099945068359e+01
1.137532520294189453e+01
1.082144546508789062e+01
1.121712303161621094e+01
1.171042728424072266e+01
1.202097129821777344e+01
1.160573005676269531e+01
1.212686634063720703e+01
1.142613506317138672e+01
1.128355789184570312e+01
1.162433624267578125e+01
1.213135242462158203e+01
1.185015010833740234e+01
1.160162639617919922e+01
1.124083518981933594e+01
1.189503002166748047e+01
1.193311977386474609e+01
1.140999603271484375e+01
1.127382659912109375e+01
1.147163105010986328e+01
1.206607532501220703e+01
1.108426761627197266e+01
1.185354137420654297e+01
1.163691139221191406e+01
1.183143138885498047e+01
1.218442249298095703e+01
1.143544673919677734e+01
1.154145240783691406e+01
1.126961231231689453e+01
1.171162033081054688e+01
1.123755836486816406e+01
1.080127048492431641e+01
1.118054199218750000e+01
1.172032165527343750e+01
1.056030559539794922e+01
1.119050693511962891e+01
1.210830211639404297e+01
1.155191421508789062e+01
1.170746040344238281e+01
1.117620658874511719e+01
1.160995960235595703e+01
1.205126571655273438e+01
1.031024837493896484e+01
1.265283393859863281e+01
1.205878925323486328e+01
1.125182247161865234e+01
1.126377391815185547e+01
1.195349311828613281e+01
1.161021518707275391e+01
1.096443080902099609e+01
1.123929309844970703e+01
1.128793144226074219e+01
1.108980464935302734e+01
1.218188953399658203e+01
1.182705020904541016e+01
1.169035339355468750e+01
1.220270252227783203e+01
1.054971694946289062e+01
1.103677940368652344e+01
1.151588916778564453e+01
1.122510051727294922e+01
1.166345787048339844e+01
1.110778808593750000e+01
1.143869590759277344e+01
1.122780704498291016e+01
1.160472965240478516e+01
1.102973270416259766e+01
1.141854000091552734e+01
1.117613506317138672e+01
1.137361621856689453e+01
1.139458560943603516e+01
1.114045047760009766e+01
1.141250991821289062e+01
1.239604568481445312e+01
1.347500038146972656e+01
1.048641014099121094e+01
1.169539642333984375e+01
1.110860729217529297e+01
1.158566284179687500e+01
1.121776866912841797e+01
1.123467731475830078e+01
9.166746139526367188e+00
1.125111007690429688e+01
1.121626853942871094e+01
1.162153339385986328e+01
1.232616615295410156e+01
1.146922779083251953e+01
1.153873729705810547e+01
1.158190917968750000e+01
1.174773502349853516e+01
1.170391178131103516e+01
1.182396411895751953e+01
1.157347202301025391e+01
1.121504497528076172e+01
1.228678894042968750e+01
1.109659767150878906e+01
1.157704830169677734e+01
1.196474742889404297e+01
1.031511974334716797e+01
1.177032470703125000e+01
1.118786334991455078e+01
1.130552101135253906e+01
1.172000694274902344e+01
1.204966354370117188e+01
1.207595729827880859e+01
1.318418598175048828e+01
1.170910930633544922e+01
1.085730266571044922e+01
1.064819145202636719e+01
1.159997272491455078e+01
1.178141880035400391e+01
1.168352222442626953e+01
1.152766227722167969e+01
1.144807720184326172e+01
1.162980842590332031e+01
1.170007514953613281e+01
1.161688137054443359e+01
1.147827911376953125e+01
1.068725967407226562e+01
1.099632263183593750e+01
1.181092453002929688e+01
1.168623065948486328e+01
1.146153926849365234e+01
1.159564304351806641e+01
1.123032569885253906e+01
1.136532688140869141e+01
1.130107307434082031e+01
1.123111152648925781e+01
1.237561035156250000e+01
1.107811927795410156e+01
1.149546241760253906e+01
1.135670948028564453e+01
1.119308567047119141e+01
1.159592437744140625e+01
1.142032146453857422e+01
1.190269374847412109e+01
1.109297752380371094e+01
1.248428726196289062e+01
1.105051708221435547e+01
1.131874752044677734e+01
1.276447200775146484e+01
1.107450103759765625e+01
1.147697067260742188e+01
1.154988193511962891e+01
1.160926055908203125e+01
1.092243576049804688e+01
1.120211887359619141e+01
1.190023326873779297e+01
1.039487934112548828e+01
1.074286746978759766e+01
1.294594573974609375e+01
1.082874965667724609e+01
1.071445846557617188e+01
1.177120685577392578e+01
1.234789466857910156e+01
1.104709529876708984e+01
1.114132499694824219e+01
1.155749225616455078e+01
1.167169380187988281e+01
1.147088909149169922e+01
1.259012031555175781e+01
1.165177249908447266e+01
1.177086448669433594e+01
1.189836788177490234e+01
1.136364746093750000e+01
1.064245128631591797e+01
1.161475753784179688e+01
1.100217628479003906e+01
1.191721343994140625e+01
1.061924266815185547e+01
1.117547893524169922e+01
1.100033473968505859e+01
1.169283771514892578e+01
1.265884494781494141e+01
1.062727642059326172e+01
1.229028701782226562e+01
1.194611263275146484e+01
1.133605480194091797e+01
1.142176628112792969e+01
1.165409946441650391e+01
1.146957302093505859e+01
1.291332817077636719e+01
1.191075611114501953e+01
1.125775909423828125e+01
1.255662631988525391e+01
1.122933101654052734e+01
1.069626140594482422e+01
1.122470188140869141e+01
1.175942230224609375e+01
1.125555419921875000e+01
1.155915927886962891e+01
1.338302612304687500e+01
1.340506267547607422e+01
1.169969463348388672e+01
1.079091739654541016e+01
1.173360443115234375e+01
1.151008605957031250e+01
1.139651107788085938e+01
1.133078193664550781e+01
1.193202018737792969e+01
1.270083141326904297e+01
1.199175930023193359e+01
1.167471885681152344e+01
1.251728153228759766e+01
1.077688980102539062e+01
1.297466850280761719e+01
1.180703258514404297e+01
1.227167797088623047e+01
1.079118919372558594e+01
1.070808792114257812e+01
1.160021114349365234e+01
1.262658119201660156e+01
1.141490173339843750e+01
9.721478462219238281e+00
1.151204395294189453e+01
1.158829593658447266e+01
1.161971282958984375e+01
1.180978488922119141e+01
1.117486000061035156e+01
1.159523487091064453e+01
1.143351650238037109e+01
1.156989192962646484e+01
1.155326271057128906e+01
1.182500267028808594e+01
1.184095668792724609e+01
1.066641426086425781e+01
1.112227344512939453e+01
1.195051670074462891e+01
1.177426147460937500e+01
1.145679569244384766e+01
1.148396492004394531e+01
1.132935142517089844e+01
1.155589294433593750e+01
1.121392059326171875e+01
1.175161170959472656e+01
1.093224239349365234e+01
1.183202171325683594e+01
1.170157718658447266e+01
1.209747982025146484e+01
1.189978981018066406e+01
1.168690490722656250e+01
1.156269741058349609e+01
1.129915332794189453e+01
1.182998180389404297e+01
1.161739540100097656e+01
1.140849304199218750e+01
1.196782588958740234e+01
1.151416492462158203e+01
1.147448158264160156e+01
1.216541004180908203e+01
1.133289146423339844e+01
1.160507488250732422e+01
1.219188308715820312e+01
1.163918781280517578e+01
1.212457084655761719e+01
1.001961040496826172e+01
1.132767581939697266e+01
1.174857044219970703e+01
1.191160106658935547e+01
1.144697189331054688e+01
1.123930072784423828e+01
1.171873188018798828e+01
1.116552066802978516e+01
1.258168125152587891e+01
1.018646430969238281e+01
1.127918529510498047e+01
1.183641529083251953e+01
1.192923069000244141e+01
1.151207733154296875e+01
1.216440200805664062e+01
1.153252887725830078e+01
1.181347465515136719e+01
1.123958873748779297e+01
1.203311252593994141e+01
1.175162220001220703e+01
1.163392162322998047e+01
1.147530746459960938e+01
1.042604160308837891e+01
1.123053741455078125e+01
1.201517963409423828e+01
1.121867942810058594e+01
1.189052391052246094e+01
1.184397506713867188e+01
1.164622116088867188e+01
1.126595115661621094e+01
1.144258785247802734e+01
1.135755348205566406e+01
1.095869827270507812e+01
1.114867877960205078e+01
1.172303390502929688e+01
1.156091022491455078e+01
1.125865840911865234e+01
1.194346332550048828e+01
1.187944793701171875e+01
1.130975341796875000e+01
1.190983676910400391e+01
1.124808120727539062e+01
1.138362407684326172e+01
1.184213542938232422e+01
1.136323261260986328e+01
1.122772789001464844e+01
1.154268646240234375e+01
1.128858089447021484e+01
1.107695007324218750e+01
1.168207836151123047e+01
1.178571319580078125e+01
1.143257141113281250e+01
1.298003101348876953e+01
1.172908592224121094e+01
1.170016384124755859e+01
1.094295787811279297e+01
1.170607471466064453e+01
1.168063831329345703e+01
1.183025264739990234e+01
1.169294452667236328e+01
1.140218353271484375e+01
1.062397861480712891e+01
1.171410942077636719e+01
1.221336555480957031e+01
1.088734912872314453e+01
1.090750503540039062e+01
1.211180877685546875e+01
1.170606803894042969e+01
1.098576354980468750e+01
1.044303703308105469e+01
1.178013610839843750e+01
1.132601356506347656e+01
1.149711132049560547e+01
1.212398910522460938e+01
1.120709705352783203e+01
1.140000343322753906e+01
1.151764011383056641e+01
1.172280502319335938e+01
1.189935779571533203e+01
1.125936508178710938e+01
1.198592853546142578e+01
1.144977188110351562e+01
1.156353092193603516e+01
1.190665149688720703e+01
1.092390155792236328e+01
1.235289287567138672e+01
1.142041110992431641e+01
1.169210529327392578e+01
1.178830051422119141e+01
1.146166706085205078e+01
1.265013599395751953e+01
1.162022686004638672e+01
1.135939788818359375e+01
1.151838016510009766e+01
1.222211074829101562e+01
1.163702487945556641e+01
1.091926288604736328e+01
1.188291168212890625e+01
1.135306453704833984e+01
1.140539646148681641e+01
1.124180126190185547e+01
1.131303119659423828e+01
1.170461273193359375e+01
1.240715789794921875e+01
1.159664535522460938e+01
1.180904579162597656e+01
1.153501796722412109e+01
1.113306236267089844e+01
1.112632942199707031e+01
1.102521514892578125e+01
1.117036533355712891e+01
1.111337280273437500e+01
1.175312709808349609e+01
1.172625064849853516e+01
1.104368686676025391e+01
1.156378173828125000e+01
1.050551795959472656e+01
1.338553237915039062e+01
1.190466308593750000e+01
1.146559143066406250e+01
1.082734775543212891e+01
1.132954883575439453e+01
1.161648845672607422e+01
1.169898509979248047e+01
1.153679275512695312e+01
1.123836135864257812e+01
1.134842586517333984e+01
1.143827629089355469e+01
1.159307765960693359e+01
1.149608039855957031e+01
1.126632213592529297e+01
1.175220203399658203e+01
1.126651954650878906e+01
1.086492919921875000e+01
1.178812694549560547e+01
1.179977321624755859e+01
1.182348155975341797e+01
1.028310489654541016e+01
1.110614776611328125e+01
1.163869476318359375e+01
1.065674018859863281e+01
1.251358509063720703e+01
1.130999660491943359e+01
1.174528884887695312e+01
1.148839378356933594e+01
1.138776111602783203e+01
1.181524658203125000e+01
1.185318565368652344e+01
1.147348880767822266e+01
1.150656890869140625e+01
1.157105636596679688e+01
1.125200843811035156e+01
1.246933174133300781e+01
1.120541954040527344e+01
1.128182983398437500e+01
1.154494571685791016e+01
1.148558807373046875e+01
1.109371185302734375e+01
1.211058712005615234e+01
1.202128982543945312e+01
1.142777538299560547e+01
1.183299732208251953e+01
1.179675769805908203e+01
1.227398777008056641e+01
1.288864994049072266e+01
1.136024093627929688e+01
1.265064525604248047e+01
1.132933521270751953e+01
1.121253871917724609e+01
1.152976417541503906e+01
1.147804737091064453e+01
1.135389328002929688e+01
1.101870250701904297e+01
1.145584583282470703e+01
1.243420219421386719e+01
1.172644233703613281e+01
1.122771358489990234e+01
1.150096702575683594e+01
1.147453594207763672e+01
1.168817520141601562e+01
1.117750644683837891e+01
1.173345565795898438e+01
1.188111400604248047e+01
1.171368789672851562e+01
1.109463691711425781e+01
1.206927013397216797e+01
1.065414810180664062e+01
1.165784358978271484e+01
1.164035320281982422e+01
1.123129177093505859e+01
1.152453422546386719e+01
1.118673896789550781e+01
1.140583992004394531e+01
1.088189983367919922e+01
1.172692680358886719e+01
1.187530422210693359e+01
1.119369697570800781e+01
1.147258090972900391e+01
1.162779235839843750e+01
1.071104812622070312e+01
1.156414890289306641e+01
1.097153663635253906e+01
1.111405563354492188e+01
1.169913673400878906e+01
1.158636856079101562e+01
1.153896903991699219e+01
1.120610427856445312e+01
1.157546806335449219e+01
1.188772773742675781e+01
1.253237724304199219e+01
1.133623218536376953e+01
1.150851440429687500e+01
1.150909996032714844e+01
1.136634922027587891e+01
1.102038860321044922e+01
1.149965095520019531e+01
1.160389614105224609e+01
1.140867900848388672e+01
1.175185108184814453e+01
1.236092376708984375e+01
1.151784324645996094e+01
1.135334777832031250e+01
1.181674194335937500e+01
1.161531066894531250e+01
1.151875972747802734e+01
1.172914123535156250e+01
1.166208744049072266e+01
1.171767044067382812e+01
1.180913352966308594e+01
1.167181968688964844e+01
1.148428630828857422e+01
1.155854701995849609e+01
1.182340717315673828e+01
1.082121181488037109e+01
1.205630207061767578e+01
1.138222789764404297e+01
1.133845233917236328e+01
1.149005317687988281e+01
1.148716735839843750e+01
1.156509399414062500e+01
1.172481250762939453e+01
1.269462108612060547e+01
1.163085937500000000e+01
1.195076656341552734e+01
1.271022415161132812e+01
1.164483928680419922e+01
1.166579914093017578e+01
1.180212974548339844e+01
1.165785026550292969e+01
1.145375156402587891e+01
1.148059272766113281e+01
1.168917083740234375e+01
1.040740299224853516e+01
1.166247558593750000e+01
1.068968963623046875e+01
1.222560405731201172e+01
1.166302204132080078e+01
1.148125839233398438e+01
1.214653205871582031e+01
1.178663444519042969e+01
1.148785781860351562e+01
1.089686679840087891e+01
1.218114280700683594e+01
1.134254169464111328e+01
1.197776985168457031e+01
1.148789310455322266e+01
1.109755134582519531e+01
1.120470333099365234e+01
1.145393848419189453e+01
1.183267211914062500e+01
1.143347740173339844e+01
1.223470211029052734e+01
1.290619182586669922e+01
1.182551670074462891e+01
1.185715389251708984e+01
1.127886962890625000e+01
1.150273704528808594e+01
1.195857429504394531e+01
1.164099788665771484e+01
1.164460182189941406e+01
1.222009944915771484e+01
1.183656024932861328e+01
1.199769115447998047e+01
1.205885696411132812e+01
1.222123241424560547e+01
1.210856723785400391e+01
1.100793552398681641e+01
1.162451076507568359e+01
1.142378902435302734e+01
1.212072372436523438e+01
1.181054401397705078e+01
1.136649799346923828e+01
1.308054447174072266e+01
1.144205284118652344e+01
1.141251087188720703e+01
1.170980930328369141e+01
1.151893329620361328e+01
1.092317008972167969e+01
1.190842056274414062e+01
1.251267623901367188e+01
1.148186111450195312e+01
1.202345466613769531e+01
9.885488510131835938e+00
1.233271694183349609e+01
1.168199729919433594e+01
1.161862564086914062e+01
1.121806430816650391e+01
1.111693000793457031e+01
1.134322738647460938e+01
1.128189182281494141e+01
1.226281833648681641e+01
1.091985130310058594e+01
1.137866878509521484e+01
1.151080513000488281e+01
1.202606582641601562e+01
1.143198776245117188e+01
1.155463218688964844e+01
1.163085174560546875e+01
1.183511543273925781e+01
1.128184318542480469e+01
1.043915653228759766e+01
1.074447727203369141e+01
1.152857589721679688e+01
1.223777389526367188e+01
1.173057365417480469e+01
1.181611347198486328e+01
1.165277767181396484e+01
1.144617748260498047e+01
1.216680908203125000e+01
1.167363357543945312e+01
1.091577243804931641e+01
1.151012229919433594e+01
1.134817886352539062e+01
1.197462749481201172e+01
1.189425945281982422e+01
1.125710105895996094e+01
1.172471904754638672e+01
1.159936141967773438e+01
1.116598987579345703e+01
1.139533710479736328e+01
1.190465545654296875e+01
1.148347377777099609e+01
1.164621257781982422e+01
1.119139957427978516e+01
1.164180183410644531e+01
1.134599971771240234e+01
1.149428462982177734e+01
1.188501644134521484e+01
1.142907905578613281e+01
1.127550411224365234e+01
1.156376075744628906e+01
1.043029689788818359e+01
1.127281093597412109e+01
1.193549442291259766e+01
1.169889450073242188e+01
1.097394561767578125e+01
1.308765697479248047e+01
1.128677940368652344e+01
1.157860565185546875e+01
1.133566665649414062e+01
1.147481250762939453e+01
1.158055305480957031e+01
1.079115295410156250e+01
1.128857517242431641e+01
1.164140987396240234e+01
1.161226654052734375e+01
1.271019935607910156e+01
1.069854164123535156e+01
1.071715545654296875e+01
1.146486568450927734e+01
1.173803424835205078e+01
1.157032871246337891e+01
1.131450843811035156e+01
1.139641094207763672e+01
9.641539573669433594e+00
1.226355838775634766e+01
1.145002555847167969e+01
1.150585079193115234e+01
1.158827495574951172e+01
1.169852447509765625e+01
1.140689277648925781e+01
1.142813396453857422e+01
1.117056274414062500e+01
1.153153038024902344e+01
1.122439479827880859e+01
1.171394443511962891e+01
1.166419124603271484e+01
1.128283500671386719e+01
1.123534488677978516e+01
1.194352436065673828e+01
1.190340423583984375e+01
1.211977672576904297e+01
1.085168170928955078e+01
1.147945117950439453e+01
1.110459136962890625e+01
1.191361141204833984e+01
1.096665859222412109e+01
1.162073707580566406e+01
1.110517406463623047e+01
1.158392906188964844e+01
1.123669052124023438e+01
1.219038867950439453e+01
1.141486358642578125e+01
1.154097938537597656e+01
1.194011116027832031e+01
1.105669879913330078e+01
1.186145019531250000e+01
1.156497287750244141e+01
1.112199974060058594e+01
1.149452877044677734e+01
1.116115665435791016e+01
1.350693893432617188e+01
1.168736934661865234e+01
1.150151348114013672e+01
1.161722373962402344e+01
1.137805557250976562e+01
1.232812595367431641e+01
1.394871902465820312e+01
1.164413452148437500e+01
1.089371681213378906e+01
1.198847103118896484e+01
1.136875534057617188e+01
1.125992965698242188e+01
1.161816215515136719e+01
1.207445526123046875e+01
1.182905578613281250e+01
1.163767051696777344e+01
1.256408023834228516e+01
1.082092571258544922e+01
1.170242786407470703e+01
1.172475814819335938e+01
1.171047782897949219e+01
1.251006126403808594e+01
1.202321910858154297e+01
1.200693416595458984e+01
1.189487266540527344e+01
1.112548255920410156e+01
1.183358001708984375e+01
1.162838935852050781e+01
1.107211017608642578e+01
1.041278362274169922e+01
1.153967571258544922e+01
1.215862655639648438e+01
1.189998149871826172e+01
1.090264225006103516e+01
1.128136348724365234e+01
1.172553920745849609e+01
1.125281906127929688e+01
1.310078907012939453e+01
1.220244026184082031e+01
1.178174400329589844e+01
1.188663387298583984e+01
1.148747730255126953e+01
1.159041118621826172e+01
1.184871101379394531e+01
1.158541965484619141e+01
1.166703891754150391e+01
1.150178432464599609e+01
1.149980735778808594e+01
1.127397537231445312e+01
1.241728210449218750e+01
1.146398925781250000e+01
1.215794277191162109e+01
1.162049770355224609e+01
1.204995536804199219e+01
1.167366123199462891e+01
1.113926887512207031e+01
1.149940490722656250e+01
1.136940574645996094e+01
1.144207000732421875e+01
1.131424808502197266e+01
1.108773136138916016e+01
1.163648319244384766e+01
1.114259719848632812e+01
1.130676460266113281e+01
1.147963714599609375e+01
1.166025829315185547e+01
1.239857101440429688e+01
1.096278476715087891e+01
1.190069580078125000e+01
1.154493141174316406e+01
1.170114231109619141e+01
1.174951267242431641e+01
1.190565109252929688e+01
1.096418476104736328e+01
1.046252918243408203e+01
1.103547668457031250e+01
1.130429935455322266e+01
1.243667125701904297e+01
1.135605430603027344e+01
1.334629917144775391e+01
1.188302898406982422e+01
1.190848827362060547e+01
1.117885303497314453e+01
1.163067913055419922e+01
1.149359512329101562e+01
1.098011684417724609e+01
1.150786399841308594e+01
9.834780693054199219e+00
1.140440940856933594e+01
1.171239089965820312e+01
1.169217967987060547e+01
1.166631221771240234e+01
1.240104007720947266e+01
1.153518390655517578e+01
1.241882228851318359e+01
1.154208087921142578e+01
1.104432296752929688e+01
1.097119998931884766e+01
1.190841865539550781e+01
1.170857143402099609e+01
1.158218479156494141e+01
1.176124572753906250e+01
1.142857742309570312e+01
1.210572910308837891e+01
1.155199241638183594e+01
1.163596343994140625e+01
1.199855518341064453e+01
1.191013336181640625e+01
1.165933418273925781e+01
1.204314613342285156e+01
1.162156200408935547e+01
1.113321590423583984e+01
1.152652454376220703e+01
1.156305122375488281e+01
1.142134857177734375e+01
1.211720943450927734e+01
1.121210384368896484e+01
1.101640033721923828e+01
1.159459972381591797e+01
1.116076087951660156e+01
1.163773345947265625e+01
1.139789676666259766e+01
1.220780563354492188e+01
1.170453453063964844e+01
1.063219738006591797e+01
1.117684650421142578e+01
1.141618919372558594e+01
1.157607364654541016e+01
1.204987335205078125e+01
1.180123710632324219e+01
1.176305007934570312e+01
1.169371891021728516e+01
1.149167060852050781e+01
1.135517311096191406e+01
1.168877696990966797e+01
1.131221008300781250e+01
1.085891532897949219e+01
1.158578777313232422e+01
1.158040332794189453e+01
1.127809906005859375e+01
1.116228771209716797e+01
1.255023193359375000e+01
1.116518688201904297e+01
1.205720710754394531e+01
1.160543918609619141e+01
1.126200771331787109e+01
1.163479900360107422e+01
1.241296386718750000e+01
1.089505481719970703e+01
1.067699432373046875e+01
1.218550968170166016e+01
1.132278251647949219e+01
1.130518531799316406e+01
1.088084030151367188e+01
1.065374755859375000e+01
1.083971405029296875e+01
1.316656875610351562e+01
1.153948593139648438e+01
1.159554290771484375e+01
1.161585235595703125e+01
1.168394565582275391e+01
1.276508331298828125e+01
1.157132339477539062e+01
1.162516307830810547e+01
1.171858978271484375e+01
1.101543617248535156e+01
1.131108093261718750e+01
1.148673439025878906e+01
1.186434459686279297e+01
1.170396041870117188e+01
1.162067127227783203e+01
1.135474872589111328e+01
1.100512027740478516e+01
1.143244171142578125e+01
1.116780090332031250e+01
1.166168689727783203e+01
1.141983222961425781e+01
1.093024826049804688e+01
1.132766532897949219e+01
1.135689258575439453e+01
1.130445194244384766e+01
1.114130592346191406e+01
1.198244953155517578e+01
1.137464523315429688e+01
1.178266048431396484e+01
1.173475551605224609e+01
1.170834732055664062e+01
1.127905559539794922e+01
1.130995082855224609e+01
1.152075099945068359e+01
1.123118495941162109e+01
1.121644020080566406e+01
1.107528400421142578e+01
1.156622505187988281e+01
1.174008464813232422e+01
1.090979957580566406e+01
1.177412986755371094e+01
1.130355358123779297e+01
1.201363563537597656e+01
1.129780769348144531e+01
1.191081047058105469e+01
1.139222812652587891e+01
1.254485893249511719e+01
1.125068569183349609e+01
1.228225421905517578e+01
1.077298069000244141e+01
1.105642318725585938e+01
1.234360218048095703e+01
1.118813419342041016e+01
1.117521095275878906e+01
1.163539028167724609e+01
1.111428260803222656e+01
1.131375026702880859e+01
1.204366874694824219e+01
1.211824989318847656e+01
1.168931484222412109e+01
1.143262100219726562e+01
1.075455474853515625e+01
1.082390022277832031e+01
1.172679996490478516e+01
1.046504211425781250e+01
1.174736404418945312e+01
1.182173061370849609e+01
1.128863525390625000e+01
1.200158214569091797e+01
1.169505596160888672e+01
1.188412094116210938e+01
1.078875827789306641e+01
1.162328147888183594e+01
1.128551578521728516e+01
1.219363307952880859e+01
1.171908092498779297e+01
1.175459480285644531e+01
1.149748992919921875e+01
1.145807170867919922e+01
1.078295135498046875e+01
1.157206058502197266e+01
1.198967933654785156e+01
1.173336124420166016e+01
1.181083297729492188e+01
1.121533489227294922e+01
1.193172359466552734e+01
1.263134288787841797e+01
1.134772777557373047e+01
1.168398571014404297e+01
1.169525241851806641e+01
1.189485359191894531e+01
1.115081787109375000e+01
1.271084499359130859e+01
1.118156147003173828e+01
1.171790981292724609e+01
1.155076885223388672e+01
1.170696830749511719e+01
1.152341938018798828e+01
1.160462760925292969e+01
1.157523536682128906e+01
1.139909076690673828e+01
1.195375251770019531e+01
1.176156234741210938e+01
1.114569473266601562e+01
1.179991912841796875e+01
1.228572750091552734e+01
1.223309707641601562e+01
1.149821949005126953e+01
1.127040481567382812e+01
1.162433147430419922e+01
1.108793067932128906e+01
1.209203624725341797e+01
1.156852722167968750e+01
1.165003967285156250e+01
1.146958160400390625e+01
1.094586277008056641e+01
1.130363273620605469e+01
1.345758628845214844e+01
1.096034145355224609e+01
1.217828369140625000e+01
1.093321704864501953e+01
1.200103473663330078e+01
1.135149765014648438e+01
1.264120388031005859e+01
1.109444713592529297e+01
1.110404396057128906e+01
1.139842700958251953e+01
1.166501522064208984e+01
1.069559764862060547e+01
1.194337654113769531e+01
1.182562160491943359e+01
1.142515182495117188e+01
1.116582298278808594e+01
1.134595870971679688e+01
1.170589065551757812e+01
1.116708755493164062e+01
1.154106616973876953e+01
1.125310325622558594e+01
1.140089225769042969e+01
1.184005165100097656e+01
1.122937583923339844e+01
1.176142406463623047e+01
1.155674743652343750e+01
1.136199188232421875e+01
1.178868103027343750e+01
1.113901138305664062e+01
1.106247138977050781e+01
1.121737480163574219e+01
1.169356822967529297e+01
1.238229751586914062e+01
1.172597026824951172e+01
1.094233894348144531e+01
1.190791416168212891e+01
1.094660568237304688e+01
1.403081607818603516e+01
1.138469219207763672e+01
1.204970550537109375e+01
1.099900627136230469e+01
1.156782627105712891e+01
1.173127269744873047e+01
1.374234199523925781e+01
1.152569103240966797e+01
1.120726966857910156e+01
1.188765239715576172e+01
1.123846626281738281e+01
1.163246726989746094e+01
1.180477142333984375e+01
1.253882217407226562e+01
1.224289608001708984e+01
1.222158527374267578e+01
1.138416004180908203e+01
1.179253482818603516e+01
1.182559680938720703e+01
1.186440944671630859e+01
1.064042091369628906e+01
1.154153633117675781e+01
1.068570899963378906e+01
1.113039207458496094e+01
1.114823436737060547e+01
1.165791225433349609e+01
1.122059154510498047e+01
1.188212203979492188e+01
1.175374698638916016e+01
1.190871524810791016e+01
1.155767536163330078e+01
1.159614276885986328e+01
1.177928161621093750e+01
1.188251686096191406e+01
1.112835884094238281e+01
1.083037281036376953e+01
1.171715450286865234e+01
1.106404876708984375e+01
1.169543933868408203e+01
1.167795848846435547e+01
1.148143482208251953e+01
1.163179397583007812e+01
1.155678272247314453e+01
1.132988262176513672e+01
1.143766975402832031e+01
1.168894577026367188e+01
1.172576713562011719e+01
1.072686862945556641e+01
1.187806320190429688e+01
1.182345104217529297e+01
1.130261230468750000e+01
1.166163063049316406e+01
9.940118789672851562e+00
1.159050941467285156e+01
1.113288402557373047e+01
1.116155910491943359e+01
1.104254341125488281e+01
1.156355953216552734e+01
1.180593967437744141e+01
1.143774604797363281e+01
1.173595046997070312e+01
1.191981887817382812e+01
1.178390312194824219e+01
1.111026000976562500e+01
1.107596015930175781e+01
1.161965465545654297e+01
1.165327453613281250e+01
1.129598903656005859e+01
1.119597816467285156e+01
1.183868122100830078e+01
1.148408412933349609e+01
1.143549156188964844e+01
1.147107982635498047e+01
1.187884521484375000e+01
1.151754665374755859e+01
1.172088623046875000e+01
1.138352489471435547e+01
1.228833007812500000e+01
1.127530765533447266e+01
1.254097366333007812e+01
1.159829616546630859e+01
1.139987945556640625e+01
1.193914127349853516e+01
1.236942005157470703e+01
1.120610141754150391e+01
1.122024726867675781e+01
1.147227859497070312e+01
1.269579505920410156e+01
1.122885322570800781e+01
1.153937244415283203e+01
1.141020298004150391e+01
1.099639701843261719e+01
1.273440742492675781e+01
1.202186012268066406e+01
1.150382137298583984e+01
1.154604721069335938e+01
1.199273109436035156e+01
1.216508960723876953e+01
1.197382068634033203e+01
1.167611885070800781e+01
1.169683074951171875e+01
1.153826141357421875e+01
1.164684104919433594e+01
1.113288116455078125e+01
1.018314933776855469e+01
1.157296085357666016e+01
1.154213428497314453e+01
1.192734432220458984e+01
1.189402198791503906e+01
1.139753723144531250e+01
1.160706901550292969e+01
1.233892917633056641e+01
1.271419429779052734e+01
1.163602352142333984e+01
1.098408985137939453e+01
1.139751243591308594e+01
1.165104484558105469e+01
1.134528827667236328e+01
1.154437255859375000e+01
1.110528755187988281e+01
1.096857738494873047e+01
1.170341110229492188e+01
1.133115386962890625e+01
1.153013038635253906e+01
1.189512634277343750e+01
1.156551265716552734e+01
1.124463367462158203e+01
1.167741489410400391e+01
1.138489341735839844e+01
1.170970344543457031e+01
1.117035102844238281e+01
1.103541946411132812e+01
1.087350940704345703e+01
1.140028762817382812e+01
1.206310081481933594e+01
1.158489704132080078e+01
1.136084175109863281e+01
1.134330940246582031e+01
1.124444866180419922e+01
1.163286113739013672e+01
1.146940422058105469e+01
1.163749980926513672e+01
1.160061359405517578e+01
1.117823028564453125e+01
1.121243476867675781e+01
1.048972606658935547e+01
1.118606281280517578e+01
1.142748451232910156e+01
1.190272426605224609e+01
1.138983821868896484e+01
1.147467613220214844e+01
1.214114475250244141e+01
1.120912551879882812e+01
1.162232494354248047e+01
1.173120880126953125e+01
1.109831905364990234e+01
1.176306724548339844e+01
1.162712669372558594e+01
1.172709178924560547e+01
1.128563785552978516e+01
1.184054756164550781e+01
1.161609458923339844e+01
1.155410671234130859e+01
1.149668884277343750e+01
1.144138050079345703e+01
1.123181915283203125e+01
1.090778350830078125e+01
1.112120532989501953e+01
1.118095016479492188e+01
1.174230575561523438e+01
1.125231933593750000e+01
1.169258880615234375e+01
1.243560028076171875e+01
1.184322929382324219e+01
1.118570041656494141e+01
1.178884601593017578e+01
1.150544643402099609e+01
1.089296245574951172e+01
1.108870601654052734e+01
1.083714294433593750e+01
1.171031951904296875e+01
1.146351718902587891e+01
1.136469364166259766e+01
1.108724308013916016e+01
1.162070655822753906e+01
1.150070667266845703e+01
1.258192825317382812e+01
1.148544502258300781e+01
1.152429580688476562e+01
1.138942718505859375e+01
1.260412597656250000e+01
1.179118251800537109e+01
1.115797901153564453e+01
1.161767673492431641e+01
1.167540931701660156e+01
1.232087135314941406e+01
1.287996387481689453e+01
1.181586170196533203e+01
1.135206031799316406e+01
1.146624851226806641e+01
1.178510856628417969e+01
1.119990730285644531e+01
1.158475208282470703e+01
1.170635604858398438e+01
1.139076614379882812e+01
1.134056377410888672e+01
1.146194171905517578e+01
1.167301559448242188e+01
1.165382671356201172e+01
1.171245765686035156e+01
1.102165603637695312e+01
1.122089195251464844e+01
1.182949352264404297e+01
1.162238502502441406e+01
1.283309268951416016e+01
1.168587684631347656e+01
1.096706962585449219e+01
1.171858596801757812e+01
1.145487499237060547e+01
1.135097789764404297e+01
1.108009147644042969e+01
1.183557128906250000e+01
1.360006427764892578e+01
1.181894016265869141e+01
1.120506858825683594e+01
1.174565124511718750e+01
1.171348094940185547e+01
1.124760532379150391e+01
1.334974765777587891e+01
1.130489349365234375e+01
1.141763496398925781e+01
1.097770690917968750e+01
1.149688339233398438e+01
1.260556507110595703e+01
1.222986221313476562e+01
1.107248783111572266e+01
1.165407848358154297e+01
1.246762371063232422e+01
1.130454063415527344e+01
1.168001842498779297e+01
1.141228866577148438e+01
1.186936473846435547e+01
1.130192375183105469e+01
1.047931003570556641e+01
1.133062744140625000e+01
1.168056678771972656e+01
1.215917491912841797e+01
1.332301235198974609e+01
9.726819992065429688e+00
1.120781230926513672e+01
1.191523551940917969e+01
1.142080974578857422e+01
1.104360389709472656e+01
1.153408908843994141e+01
1.092276954650878906e+01
1.175591850280761719e+01
1.128847217559814453e+01
1.136983966827392578e+01
1.099868297576904297e+01
1.183925724029541016e+01
1.118266487121582031e+01
1.168939685821533203e+01
1.130538082122802734e+01
1.188896274566650391e+01
1.139549446105957031e+01
1.196971797943115234e+01
1.213231086730957031e+01
1.125050258636474609e+01
1.168856811523437500e+01
1.208232593536376953e+01
1.124924087524414062e+01
1.078913974761962891e+01
1.191220569610595703e+01
1.179284572601318359e+01
1.094665813446044922e+01
1.152397346496582031e+01
1.175667190551757812e+01
1.146226692199707031e+01
1.151537609100341797e+01
1.188905620574951172e+01
1.113055133819580078e+01
1.237060832977294922e+01
1.117698097229003906e+01
1.119658660888671875e+01
9.571142196655273438e+00
1.401576328277587891e+01
1.134254074096679688e+01
1.072857475280761719e+01
1.080855083465576172e+01
1.275852870941162109e+01
1.181748676300048828e+01
1.162477397918701172e+01
1.130608081817626953e+01
1.153119754791259766e+01
1.142777824401855469e+01
1.195085430145263672e+01
1.139311504364013672e+01
1.201359081268310547e+01
1.162321853637695312e+01
1.175460052490234375e+01
1.159795093536376953e+01
1.192765331268310547e+01
1.112491130828857422e+01
1.149745082855224609e+01
1.131904315948486328e+01
1.160377120971679688e+01
1.262761688232421875e+01
1.120104408264160156e+01
1.209442424774169922e+01
1.113206386566162109e+01
1.150185298919677734e+01
1.144128417968750000e+01
1.127973556518554688e+01
1.134676742553710938e+01
1.095816421508789062e+01
1.155678749084472656e+01
1.132686519622802734e+01
1.205183601379394531e+01
1.158915615081787109e+01
1.188030433654785156e+01
1.155960750579833984e+01
1.378885173797607422e+01
1.089333629608154297e+01
1.175041580200195312e+01
1.157958507537841797e+01
1.178561687469482422e+01
1.227591323852539062e+01
1.141120910644531250e+01
1.223151683807373047e+01
1.140770721435546875e+01
1.144292831420898438e+01
1.182958412170410156e+01
1.150371932983398438e+01
1.220217418670654297e+01
1.178232955932617188e+01
1.158023262023925781e+01
1.120740222930908203e+01
1.083122158050537109e+01
1.182291698455810547e+01
1.171170234680175781e+01
1.177744007110595703e+01
1.223182201385498047e+01
1.161012554168701172e+01
1.128906059265136719e+01
1.188745307922363281e+01
1.285202503204345703e+01
1.120040798187255859e+01
1.171329593658447266e+01
1.168182373046875000e+01
1.191018486022949219e+01
1.168540191650390625e+01
1.178449821472167969e+01
1.218820476531982422e+01
1.126569652557373047e+01
1.151107978820800781e+01
1.170000839233398438e+01
1.171497726440429688e+01
1.180102348327636719e+01
1.176804733276367188e+01
1.018642711639404297e+01
1.133148193359375000e+01
1.137240982055664062e+01
1.161977481842041016e+01
1.136696910858154297e+01
1.096144676208496094e+01
1.145326709747314453e+01
1.163726902008056641e+01
1.054780960083007812e+01
1.176332473754882812e+01
1.177160263061523438e+01
1.175459194183349609e+01
1.141407585144042969e+01
1.133263874053955078e+01
1.128997039794921875e+01
1.176941013336181641e+01
1.169398689270019531e+01
1.117153358459472656e+01
1.154502010345458984e+01
1.120547580718994141e+01
1.183856964111328125e+01
1.191773796081542969e+01
1.179307460784912109e+01
1.101179027557373047e+01
1.173334026336669922e+01
1.144522380828857422e+01
1.066211795806884766e+01
1.129656219482421875e+01
1.147695827484130859e+01
1.146781539916992188e+01
1.262047100067138672e+01
1.164055824279785156e+01
1.190707397460937500e+01
1.105662059783935547e+01
1.178749275207519531e+01
1.178361892700195312e+01
1.154668045043945312e+01
1.180154609680175781e+01
1.159524917602539062e+01
1.113928222656250000e+01
1.178273105621337891e+01
1.182761955261230469e+01
1.171015739440917969e+01
1.144332122802734375e+01
1.140608024597167969e+01
1.126385116577148438e+01
1.147906780242919922e+01
1.163859653472900391e+01
1.118990325927734375e+01
1.116987514495849609e+01
1.114273738861083984e+01
1.150177860260009766e+01
1.189383029937744141e+01
1.234623718261718750e+01
1.150648307800292969e+01
1.099179077148437500e+01
1.318490982055664062e+01
1.117533111572265625e+01
1.182803726196289062e+01
1.168010330200195312e+01
1.171916294097900391e+01
1.096443176269531250e+01
1.090636444091796875e+01
1.178661918640136719e+01
1.132145786285400391e+01
1.169774150848388672e+01
1.160869026184082031e+01
1.183040523529052734e+01
1.186563301086425781e+01
1.161715507507324219e+01
1.154435920715332031e+01
1.161879062652587891e+01
1.169035625457763672e+01
1.191279888153076172e+01
1.143043518066406250e+01
1.174330234527587891e+01
1.195978355407714844e+01
1.170709323883056641e+01
1.185657501220703125e+01
1.161147403717041016e+01
1.137187480926513672e+01
1.179565620422363281e+01
1.147083854675292969e+01
1.206946372985839844e+01
1.151562213897705078e+01
1.121903610229492188e+01
1.122541999816894531e+01
1.212658309936523438e+01
1.160856628417968750e+01
1.126343822479248047e+01
1.171880149841308594e+01
1.352617740631103516e+01
1.157605361938476562e+01
1.180005550384521484e+01
1.208073329925537109e+01
1.183002376556396484e+01
1.167787170410156250e+01
1.117571544647216797e+01
1.159121227264404297e+01
1.151417160034179688e+01
1.079331588745117188e+01
1.176612377166748047e+01
1.139339923858642578e+01
1.152946853637695312e+01
1.155276775360107422e+01
1.197267627716064453e+01
1.189286613464355469e+01
1.173694896697998047e+01
1.158165359497070312e+01
1.178797626495361328e+01
1.154274082183837891e+01
1.148575496673583984e+01
1.161911678314208984e+01
1.165869617462158203e+01
1.128909492492675781e+01
1.167956542968750000e+01
1.169312763214111328e+01
1.101055335998535156e+01
1.107691192626953125e+01
1.147580718994140625e+01
1.206750106811523438e+01
1.153433704376220703e+01
1.145355796813964844e+01
1.127692222595214844e+01
1.174710559844970703e+01
1.189159107208251953e+01
1.136775302886962891e+01
1.191448688507080078e+01
1.143255424499511719e+01
1.175733470916748047e+01
1.147957515716552734e+01
1.136408805847167969e+01
1.178570461273193359e+01
1.172264289855957031e+01
1.086206912994384766e+01
1.152592754364013672e+01
1.226984310150146484e+01
1.129195117950439453e+01
1.159856033325195312e+01
1.143525028228759766e+01
1.154735469818115234e+01
1.176213455200195312e+01
1.146881008148193359e+01
1.143140602111816406e+01
1.079082489013671875e+01
1.167096710205078125e+01
1.156917476654052734e+01
1.181027793884277344e+01
1.119258117675781250e+01
1.159574127197265625e+01
1.104413890838623047e+01
1.126578140258789062e+01
1.158650016784667969e+01
1.102780628204345703e+01
1.302618217468261719e+01
1.176414203643798828e+01
1.038287734985351562e+01
1.217744731903076172e+01
1.100174713134765625e+01
1.101833248138427734e+01
1.147397613525390625e+01
1.202456283569335938e+01
1.155973339080810547e+01
1.138967132568359375e+01
1.104459762573242188e+01
1.194402408599853516e+01
1.191672801971435547e+01
1.073272800445556641e+01
1.288617992401123047e+01
1.153973197937011719e+01
1.154125595092773438e+01
1.168074512481689453e+01
1.095830821990966797e+01
1.183981990814208984e+01
1.146036434173583984e+01
1.117768859863281250e+01
1.157331466674804688e+01
1.150215625762939453e+01
1.099363899230957031e+01
1.164363670349121094e+01
1.113238239288330078e+01
1.064052486419677734e+01
1.192199611663818359e+01
1.166386032104492188e+01
1.143018436431884766e+01
1.169345760345458984e+01
1.143709182739257812e+01
1.138556957244873047e+01
1.253142070770263672e+01
1.139872932434082031e+01
1.130922126770019531e+01
1.211922740936279297e+01
1.137508583068847656e+01
1.132048511505126953e+01
1.127479839324951172e+01
1.177717399597167969e+01
1.128796291351318359e+01
1.121844768524169922e+01
1.170933723449707031e+01
1.193579006195068359e+01
1.195536518096923828e+01
1.176874828338623047e+01
1.172272586822509766e+01
1.180176162719726562e+01
1.153819465637207031e+01
1.096294307708740234e+01
1.143219852447509766e+01
1.165306472778320312e+01
1.172227478027343750e+01
1.147193813323974609e+01
1.173360157012939453e+01
1.192289543151855469e+01
1.120917987823486328e+01
1.195824623107910156e+01
1.128431415557861328e+01
1.225282001495361328e+01
1.141370677947998047e+01
1.134722518920898438e+01
1.118492412567138672e+01
1.122298908233642578e+01
1.203080177307128906e+01
1.156675720214843750e+01
1.132285022735595703e+01
1.117180252075195312e+01
1.184070110321044922e+01
1.171706771850585938e+01
1.099051380157470703e+01
1.123585605621337891e+01
1.092528438568115234e+01
1.211313343048095703e+01
1.129571056365966797e+01
1.191948223114013672e+01
1.111097335815429688e+01
1.147380065917968750e+01
1.219356632232666016e+01
1.276430320739746094e+01
1.161359977722167969e+01
1.117074871063232422e+01
1.152642822265625000e+01
1.163593673706054688e+01
1.173065853118896484e+01
1.156402873992919922e+01
1.170137786865234375e+01
1.148465824127197266e+01
1.129423046112060547e+01
1.194768714904785156e+01
1.153913211822509766e+01
1.157952499389648438e+01
1.144479751586914062e+01
1.147018718719482422e+01
1.180574035644531250e+01
1.163488006591796875e+01
1.162004566192626953e+01
1.171383285522460938e+01
1.104821968078613281e+01
1.137427425384521484e+01
1.160379314422607422e+01
1.272596931457519531e+01
1.153623008728027344e+01
1.165958595275878906e+01
1.144093704223632812e+01
1.155006217956542969e+01
1.148819351196289062e+01
1.097366237640380859e+01
1.115877819061279297e+01
1.112628746032714844e+01
1.144390010833740234e+01
1.181413459777832031e+01
1.170178699493408203e+01
1.130791378021240234e+01
1.139996814727783203e+01
1.181758880615234375e+01
1.137910366058349609e+01
1.134197330474853516e+01
1.205053997039794922e+01
1.305518913269042969e+01
1.131473159790039062e+01
1.161984348297119141e+01
1.161391639709472656e+01
1.065467929840087891e+01
1.366564083099365234e+01
1.123020935058593750e+01
1.116531944274902344e+01
1.177431392669677734e+01
1.157489204406738281e+01
1.263085556030273438e+01
1.236078834533691406e+01
1.157357120513916016e+01
1.144985866546630859e+01
1.191832542419433594e+01
1.173008537292480469e+01
1.163823986053466797e+01
1.163708400726318359e+01
1.195241260528564453e+01
1.150522804260253906e+01
1.261065483093261719e+01
1.179951095581054688e+01
1.139886283874511719e+01
1.064653873443603516e+01
1.132362174987792969e+01
1.185229396820068359e+01
1.077631568908691406e+01
1.159594058990478516e+01
1.145105838775634766e+01
1.163871002197265625e+01
1.214905643463134766e+01
1.183444690704345703e+01
1.097629165649414062e+01
1.093403625488281250e+01
1.134548377990722656e+01
1.081154918670654297e+01
1.118933677673339844e+01
1.136153888702392578e+01
1.130081081390380859e+01
1.199706935882568359e+01
1.109023475646972656e+01
1.190331649780273438e+01
1.166973781585693359e+01
1.206317520141601562e+01
1.081556987762451172e+01
1.147902679443359375e+01
1.186866950988769531e+01
1.118627452850341797e+01
1.119859218597412109e+01
1.171496582031250000e+01
1.163570976257324219e+01
1.097600078582763672e+01
1.174178218841552734e+01
1.137677192687988281e+01
1.146471500396728516e+01
1.091247653961181641e+01
1.044509410858154297e+01
1.192846012115478516e+01
1.167849922180175781e+01
1.206341934204101562e+01
1.131947135925292969e+01
1.154578685760498047e+01
1.112843608856201172e+01
1.139013195037841797e+01
1.195873069763183594e+01
1.137040710449218750e+01
1.178356266021728516e+01
1.086824035644531250e+01
1.104964447021484375e+01
1.155304622650146484e+01
1.128560638427734375e+01
1.181289005279541016e+01
1.121504306793212891e+01
1.226400184631347656e+01
1.167489528656005859e+01
1.152495479583740234e+01
1.166025733947753906e+01
1.170478439331054688e+01
1.175910377502441406e+01
1.159203624725341797e+01
1.141265106201171875e+01
1.157117366790771484e+01
1.149514293670654297e+01
1.160725593566894531e+01
1.125740528106689453e+01
1.165428352355957031e+01
1.177186584472656250e+01
1.132440090179443359e+01
1.051574039459228516e+01
1.146332263946533203e+01
1.170272445678710938e+01
1.267214298248291016e+01
1.177206707000732422e+01
1.184259796142578125e+01
1.163534927368164062e+01
1.169479465484619141e+01
1.189287757873535156e+01
1.142599964141845703e+01
1.148989105224609375e+01
1.166892814636230469e+01
1.138311481475830078e+01
1.090780162811279297e+01
1.322869777679443359e+01
1.103766918182373047e+01
1.171311187744140625e+01
1.134474468231201172e+01
1.111978435516357422e+01
1.145521450042724609e+01
1.245385169982910156e+01
1.128069591522216797e+01
1.117673969268798828e+01
1.125907707214355469e+01
1.185744094848632812e+01
1.211868476867675781e+01
1.157476806640625000e+01
1.173787498474121094e+01
1.089233875274658203e+01
1.120620918273925781e+01
1.159769248962402344e+01
1.154958534240722656e+01
1.069894790649414062e+01
1.154207229614257812e+01
1.125290393829345703e+01
1.150634670257568359e+01
1.061829090118408203e+01
1.144455528259277344e+01
1.180737876892089844e+01
1.137497043609619141e+01
1.141692543029785156e+01
1.191095542907714844e+01
1.157667732238769531e+01
1.165445613861083984e+01
1.140818500518798828e+01
1.129482936859130859e+01
1.213223457336425781e+01
1.170007133483886719e+01
1.120605182647705078e+01
1.115882873535156250e+01
1.170794010162353516e+01
1.164104366302490234e+01
1.096092605590820312e+01
1.133516216278076172e+01
1.068869781494140625e+01
1.174332618713378906e+01
1.154757690429687500e+01
1.127298831939697266e+01
1.179259681701660156e+01
1.159689712524414062e+01
1.087550544738769531e+01
1.099816131591796875e+01
1.134652423858642578e+01
1.176597881317138672e+01
1.271545696258544922e+01
1.137705802917480469e+01
1.171266937255859375e+01
1.161753654479980469e+01
1.134227180480957031e+01
1.167511844635009766e+01
1.113604831695556641e+01
1.189478588104248047e+01
1.261996746063232422e+01
1.160680484771728516e+01
1.317530918121337891e+01
1.154699993133544922e+01
1.161560153961181641e+01
1.211158275604248047e+01
1.166027069091796875e+01
1.172947025299072266e+01
1.163769340515136719e+01
1.168515682220458984e+01
1.158365631103515625e+01
1.177522277832031250e+01
1.112653732299804688e+01
1.143276405334472656e+01
1.158764457702636719e+01
1.217815780639648438e+01
1.165051746368408203e+01
1.154653549194335938e+01
1.092826938629150391e+01
1.114683532714843750e+01
1.125335025787353516e+01
1.144494342803955078e+01
1.178133678436279297e+01
1.097262668609619141e+01
1.168284988403320312e+01
1.077803897857666016e+01
1.141691017150878906e+01
1.141759204864501953e+01
1.173858165740966797e+01
1.166811943054199219e+01
1.159298038482666016e+01
1.136178016662597656e+01
1.113608837127685547e+01
1.167031955718994141e+01
1.070763874053955078e+01
1.136479854583740234e+01
1.161435127258300781e+01
1.064967060089111328e+01
1.146668624877929688e+01
1.173086833953857422e+01
1.102945709228515625e+01
1.121052837371826172e+01
1.179572582244873047e+01
1.025257968902587891e+01
1.267893600463867188e+01
1.130283164978027344e+01
1.149910259246826172e+01
1.155077838897705078e+01
1.171257019042968750e+01
1.231435108184814453e+01
1.137995719909667969e+01
1.142584323883056641e+01
1.193670940399169922e+01
1.203953838348388672e+01
1.171663951873779297e+01
1.191659450531005859e+01
1.167275905609130859e+01
1.153180599212646484e+01
1.102078723907470703e+01
1.165932369232177734e+01
1.159553432464599609e+01
1.135908985137939453e+01
1.234298706054687500e+01
1.164713573455810547e+01
1.151071834564208984e+01
1.172667884826660156e+01
1.198647117614746094e+01
1.255594062805175781e+01
1.188866615295410156e+01
1.071098327636718750e+01
1.167700576782226562e+01
1.222459316253662109e+01
1.144618415832519531e+01
1.167871761322021484e+01
1.175568771362304688e+01
1.164487075805664062e+01
1.192208957672119141e+01
1.162929058074951172e+01
1.136646461486816406e+01
1.063056087493896484e+01
1.087901401519775391e+01
1.116062545776367188e+01
1.121741867065429688e+01
1.160486030578613281e+01
1.125673103332519531e+01
1.139090251922607422e+01
1.172129440307617188e+01
1.192398357391357422e+01
1.174216270446777344e+01
1.150751209259033203e+01
1.173607635498046875e+01
1.143882179260253906e+01
1.154184913635253906e+01
1.320516014099121094e+01
1.152300262451171875e+01
1.130133628845214844e+01
1.229654216766357422e+01
1.095262432098388672e+01
1.097362899780273438e+01
1.102255439758300781e+01
1.174663162231445312e+01
1.110513973236083984e+01
1.169030761718750000e+01
1.159751319885253906e+01
1.178552436828613281e+01
1.080738544464111328e+01
1.173550319671630859e+01
1.148132419586181641e+01
1.188816642761230469e+01
1.152540206909179688e+01
1.146196556091308594e+01
1.175464630126953125e+01
1.220826625823974609e+01
1.161313152313232422e+01
1.190922832489013672e+01
1.034281921386718750e+01
1.190699005126953125e+01
1.102306556701660156e+01
1.160543155670166016e+01
1.147874927520751953e+01
1.190229988098144531e+01
1.164220619201660156e+01
1.151621913909912109e+01
1.135190773010253906e+01
1.152713108062744141e+01
1.116053009033203125e+01
1.131004238128662109e+01
1.127038574218750000e+01
1.025023174285888672e+01
1.178749179840087891e+01
1.146403312683105469e+01
1.168903923034667969e+01
1.151546382904052734e+01
1.204934597015380859e+01
1.185871696472167969e+01
1.153041458129882812e+01
1.136765670776367188e+01
1.118261814117431641e+01
1.170157527923583984e+01
1.207599639892578125e+01
1.311227607727050781e+01
1.177759552001953125e+01
1.124321079254150391e+01
1.185954284667968750e+01
1.149428272247314453e+01
1.162788009643554688e+01
1.112044525146484375e+01
1.167137527465820312e+01
1.331262111663818359e+01
1.199577999114990234e+01
1.165622234344482422e+01
1.224808120727539062e+01
1.232230186462402344e+01
1.139426326751708984e+01
1.243810653686523438e+01
1.273311042785644531e+01
1.161521530151367188e+01
1.084401130676269531e+01
1.237637042999267578e+01
1.136673641204833984e+01
1.159817600250244141e+01
1.115367794036865234e+01
1.141652679443359375e+01
1.126961803436279297e+01
1.181930541992187500e+01
1.180677223205566406e+01
1.251415157318115234e+01
1.043102550506591797e+01
1.228995132446289062e+01
1.163508415222167969e+01
1.117722225189208984e+01
1.112779808044433594e+01
1.145653724670410156e+01
1.192252635955810547e+01
1.125780391693115234e+01
1.092942142486572266e+01
1.169591712951660156e+01
1.142040061950683594e+01
1.177961730957031250e+01
1.038929176330566406e+01
1.204275989532470703e+01
1.131721115112304688e+01
1.150809383392333984e+01
1.149498081207275391e+01
1.187158107757568359e+01
1.227259635925292969e+01
1.096197509765625000e+01
1.130331516265869141e+01
1.161842823028564453e+01
1.113698291778564453e+01
1.168259048461914062e+01
1.126250362396240234e+01
1.147733688354492188e+01
1.136520385742187500e+01
1.115718269348144531e+01
1.129668617248535156e+01
1.129829597473144531e+01
1.147598171234130859e+01
1.131567955017089844e+01
1.170643234252929688e+01
1.159789943695068359e+01
1.231270122528076172e+01
1.173022460937500000e+01
1.129283428192138672e+01
1.091510009765625000e+01
1.158758258819580078e+01
1.160386466979980469e+01
1.147748947143554688e+01
1.194298553466796875e+01
1.126383972167968750e+01
1.182089138031005859e+01
1.157633399963378906e+01
1.156490421295166016e+01
1.171472167968750000e+01
1.151541805267333984e+01
1.188870906829833984e+01
1.143589973449707031e+01
1.159805965423583984e+01
1.155956649780273438e+01
1.181725120544433594e+01
1.106745052337646484e+01
1.191169452667236328e+01
1.176934719085693359e+01
1.155260181427001953e+01
1.147929668426513672e+01
1.177815532684326172e+01
1.202267837524414062e+01
1.152306270599365234e+01
1.157136344909667969e+01
1.052885627746582031e+01
1.154580116271972656e+01
1.382469177246093750e+01
1.112084102630615234e+01
1.139668083190917969e+01
1.143066024780273438e+01
1.148786067962646484e+01
1.181236267089843750e+01
1.134807014465332031e+01
1.176371669769287109e+01
1.154008674621582031e+01
1.150285911560058594e+01
1.103361797332763672e+01
1.199397277832031250e+01
1.148357009887695312e+01
1.167686462402343750e+01
1.125998210906982422e+01
1.135782814025878906e+01
1.052542114257812500e+01
1.208291530609130859e+01
1.176906967163085938e+01
1.129384040832519531e+01
1.089125823974609375e+01
1.214411926269531250e+01
1.116553592681884766e+01
1.171902179718017578e+01
1.039740276336669922e+01
1.127611255645751953e+01
1.170197105407714844e+01
1.135538005828857422e+01
1.165738010406494141e+01
1.123160457611083984e+01
1.193660831451416016e+01
1.143643760681152344e+01
1.195398712158203125e+01
1.211293220520019531e+01
1.139108753204345703e+01
1.152172183990478516e+01
1.122929000854492188e+01
1.140333747863769531e+01
1.150794982910156250e+01
1.151113033294677734e+01
1.133834266662597656e+01
1.143111801147460938e+01
1.184112071990966797e+01
1.144825839996337891e+01
1.074807834625244141e+01
1.173312377929687500e+01
1.084664154052734375e+01
1.175387668609619141e+01
1.158702373504638672e+01
1.092984867095947266e+01
1.198242664337158203e+01
1.190724754333496094e+01
1.171458053588867188e+01
1.111849594116210938e+01
1.133826828002929688e+01
1.182658386230468750e+01
1.100029468536376953e+01
1.183731174468994141e+01
1.195750331878662109e+01
1.155088043212890625e+01
1.166914749145507812e+01
1.264234828948974609e+01
1.257470417022705078e+01
1.104300117492675781e+01
1.174153041839599609e+01
1.161803436279296875e+01
1.168571949005126953e+01
1.206549167633056641e+01
1.130883026123046875e+01
1.249833774566650391e+01
1.167517280578613281e+01
1.284618663787841797e+01
1.200545597076416016e+01
1.154924678802490234e+01
1.167643547058105469e+01
1.108827781677246094e+01
1.016252231597900391e+01
1.191304206848144531e+01
1.130162239074707031e+01
1.118913173675537109e+01
1.163222312927246094e+01
1.164065742492675781e+01
1.170546245574951172e+01
1.124649906158447266e+01
1.071856975555419922e+01
1.124265575408935547e+01
1.148192119598388672e+01
1.176563167572021484e+01
1.080531978607177734e+01
1.192310523986816406e+01
1.159155941009521484e+01
1.168653297424316406e+01
1.263823604583740234e+01
1.149410438537597656e+01
1.194314384460449219e+01
1.148609066009521484e+01
1.184854125976562500e+01
1.248958015441894531e+01
1.169720840454101562e+01
1.166491985321044922e+01
1.138230991363525391e+01
1.203098297119140625e+01
1.265262317657470703e+01
1.179691886901855469e+01
1.111065006256103516e+01
1.276429080963134766e+01
1.101507377624511719e+01
1.131275177001953125e+01
1.121678066253662109e+01
1.099336814880371094e+01
1.120073032379150391e+01
1.144699859619140625e+01
1.177929878234863281e+01
1.190998554229736328e+01
1.133118915557861328e+01
1.178275489807128906e+01
1.211908149719238281e+01
1.139515590667724609e+01
1.154996681213378906e+01
1.166705894470214844e+01
1.160787487030029297e+01
1.165121746063232422e+01
1.122111320495605469e+01
1.182704257965087891e+01
1.149935817718505859e+01
1.132505798339843750e+01
1.116878700256347656e+01
1.230082893371582031e+01
1.155720138549804688e+01
1.140624618530273438e+01
1.161640071868896484e+01
1.208907794952392578e+01
1.125935649871826172e+01
1.150237274169921875e+01
1.254614734649658203e+01
1.184386253356933594e+01
1.157618427276611328e+01
1.234468936920166016e+01
1.183039760589599609e+01
1.115194702148437500e+01
1.021493911743164062e+01
1.140026187896728516e+01
1.179901790618896484e+01
1.128243446350097656e+01
1.140955448150634766e+01
1.288257884979248047e+01
1.072453880310058594e+01
1.077523899078369141e+01
1.174724102020263672e+01
1.166575241088867188e+01
1.128438472747802734e+01
1.164564418792724609e+01
1.171225738525390625e+01
1.098244285583496094e+01
1.320105361938476562e+01
1.142230319976806641e+01
1.094707012176513672e+01
1.201871871948242188e+01
1.141192913055419922e+01
1.164788722991943359e+01
1.225855541229248047e+01
1.164538383483886719e+01
1.178864288330078125e+01
1.180870056152343750e+01
1.134486389160156250e+01
1.187387752532958984e+01
1.211191272735595703e+01
1.174354648590087891e+01
1.162866592407226562e+01
1.083421516418457031e+01
1.151100158691406250e+01
1.150605773925781250e+01
1.135789585113525391e+01
1.134527015686035156e+01
1.021534633636474609e+01
1.113996696472167969e+01
1.151100254058837891e+01
1.206539726257324219e+01
1.166170597076416016e+01
1.160900020599365234e+01
1.222912788391113281e+01
1.146316337585449219e+01
1.144385719299316406e+01
1.212601947784423828e+01
1.170500659942626953e+01
1.125187683105468750e+01
1.125390720367431641e+01
1.138210773468017578e+01
1.162894916534423828e+01
1.107680606842041016e+01
1.200892829895019531e+01
1.171500015258789062e+01
1.163447475433349609e+01
1.111809158325195312e+01
1.125559329986572266e+01
1.033100509643554688e+01
1.258954906463623047e+01
1.104727935791015625e+01
1.096956920623779297e+01
1.090268325805664062e+01
1.105535697937011719e+01
1.198123264312744141e+01
1.178817081451416016e+01
1.135784435272216797e+01
1.178983116149902344e+01
1.154934501647949219e+01
1.110411453247070312e+01
1.158564376831054688e+01
1.158098983764648438e+01
1.173638439178466797e+01
1.092576408386230469e+01
1.129559135437011719e+01
1.072443866729736328e+01
1.170158481597900391e+01
1.160025405883789062e+01
1.170957088470458984e+01
1.149772644042968750e+01
1.203421401977539062e+01
1.263506412506103516e+01
1.142557239532470703e+01
1.190288925170898438e+01
1.136404895782470703e+01
1.127288341522216797e+01
1.113945674896240234e+01
1.109351730346679688e+01
1.148471641540527344e+01
1.169131946563720703e+01
1.171176815032958984e+01
1.171120548248291016e+01
1.175945377349853516e+01
1.189058971405029297e+01
1.162790298461914062e+01
1.096842956542968750e+01
1.173128890991210938e+01
1.209468173980712891e+01
1.145955944061279297e+01
1.134832763671875000e+01
1.101283836364746094e+01
1.159275245666503906e+01
1.179807090759277344e+01
1.216850948333740234e+01
1.086450386047363281e+01
1.167955017089843750e+01
1.090754127502441406e+01
1.165070724487304688e+01
1.168531608581542969e+01
1.095766353607177734e+01
1.210093975067138672e+01
1.179959869384765625e+01
1.122170543670654297e+01
1.187152671813964844e+01
1.157144641876220703e+01
1.156389236450195312e+01
1.127213096618652344e+01
1.179041385650634766e+01
1.304792404174804688e+01
1.197378349304199219e+01
1.135906124114990234e+01
1.200065040588378906e+01
1.195538711547851562e+01
1.150772666931152344e+01
1.157128524780273438e+01
1.183756065368652344e+01
1.160606193542480469e+01
1.165081691741943359e+01
1.193857955932617188e+01
1.132969856262207031e+01
1.128442478179931641e+01
1.088602638244628906e+01
1.115246105194091797e+01
1.190055370330810547e+01
1.145696640014648438e+01
1.169061565399169922e+01
1.131165504455566406e+01
1.172900199890136719e+01
1.158831691741943359e+01
1.177566528320312500e+01
1.092397880554199219e+01
1.126553249359130859e+01
1.121452045440673828e+01
1.168784523010253906e+01
1.155088138580322266e+01
1.044731140136718750e+01
1.152893829345703125e+01
1.218259525299072266e+01
1.155971336364746094e+01
1.149539756774902344e+01
1.150665950775146484e+01
1.096599006652832031e+01
1.144454956054687500e+01
1.179563045501708984e+01
1.121547603607177734e+01
1.198964786529541016e+01
1.089268493652343750e+01
1.183020496368408203e+01
1.161246109008789062e+01
1.091693401336669922e+01
1.255800056457519531e+01
1.139566612243652344e+01
1.122288417816162109e+01
1.215791416168212891e+01
1.169201278686523438e+01
1.074630451202392578e+01
1.164797496795654297e+01
1.150494670867919922e+01
1.150063514709472656e+01
1.124153041839599609e+01
1.150365543365478516e+01
1.312058544158935547e+01
1.096762657165527344e+01
1.152722930908203125e+01
1.196205615997314453e+01
1.163083744049072266e+01
1.147995758056640625e+01
1.151474094390869141e+01
1.174171924591064453e+01
1.154958629608154297e+01
1.180482101440429688e+01
1.138348293304443359e+01
1.130149364471435547e+01
1.196681785583496094e+01
1.145000267028808594e+01
1.091984558105468750e+01
1.130000305175781250e+01
1.148489379882812500e+01
1.146377372741699219e+01
1.279068660736083984e+01
1.181384372711181641e+01
1.151696968078613281e+01
1.184872627258300781e+01
1.163705635070800781e+01
1.134013175964355469e+01
1.161847591400146484e+01
1.165874481201171875e+01
1.138476943969726562e+01
1.139009189605712891e+01
1.205835247039794922e+01
1.122807598114013672e+01
1.117015361785888672e+01
1.132155513763427734e+01
1.123898506164550781e+01
1.076745986938476562e+01
1.134688758850097656e+01
1.134858322143554688e+01
1.153809356689453125e+01
1.182617378234863281e+01
1.127521800994873047e+01
1.183349323272705078e+01
1.240550422668457031e+01
1.266004467010498047e+01
1.139629173278808594e+01
1.207216835021972656e+01
1.224527072906494141e+01
1.241721725463867188e+01
1.191847991943359375e+01
1.133178997039794922e+01
1.165666294097900391e+01
1.090016651153564453e+01
1.143882656097412109e+01
1.149654006958007812e+01
1.113206195831298828e+01
1.102494430541992188e+01
1.138010311126708984e+01
1.174865722656250000e+01
1.348039817810058594e+01
1.102690315246582031e+01
1.190555953979492188e+01
1.179320621490478516e+01
1.308139419555664062e+01
1.252176666259765625e+01
1.128326320648193359e+01
1.086727142333984375e+01
1.149901103973388672e+01
1.167180633544921875e+01
1.127131271362304688e+01
1.130733108520507812e+01
1.273290157318115234e+01
1.225187969207763672e+01
1.131369304656982422e+01
1.151706504821777344e+01
1.167005825042724609e+01
1.160374355316162109e+01
1.155269432067871094e+01
1.171550559997558594e+01
1.207089042663574219e+01
1.158218097686767578e+01
1.129200649261474609e+01
1.106478595733642578e+01
1.169824028015136719e+01
1.019504451751708984e+01
1.170779609680175781e+01
1.171034049987792969e+01
1.094673919677734375e+01
1.152334213256835938e+01
1.160722446441650391e+01
1.162556934356689453e+01
1.170761108398437500e+01
1.120792770385742188e+01
1.166196250915527344e+01
1.175556182861328125e+01
1.148949718475341797e+01
1.134368515014648438e+01
1.129588317871093750e+01
1.204538440704345703e+01
1.124262523651123047e+01
1.164977550506591797e+01
1.113655948638916016e+01
1.158991241455078125e+01
1.087796688079833984e+01
1.095916748046875000e+01
1.151282882690429688e+01
1.168442344665527344e+01
1.114077091217041016e+01
1.129300689697265625e+01
1.140835666656494141e+01
1.114572238922119141e+01
1.171382236480712891e+01
1.141040992736816406e+01
1.145720100402832031e+01
1.147475910186767578e+01
1.155040931701660156e+01
1.171904373168945312e+01
1.163386726379394531e+01
1.154302215576171875e+01
1.153755760192871094e+01
1.190180397033691406e+01
1.180410289764404297e+01
1.220759010314941406e+01
1.194934177398681641e+01
1.207112789154052734e+01
1.168173694610595703e+01
1.156936645507812500e+01
1.121062374114990234e+01
1.111902618408203125e+01
1.211904144287109375e+01
1.117989063262939453e+01
1.094157981872558594e+01
1.224727535247802734e+01
1.140269756317138672e+01
1.100709342956542969e+01
1.164621925354003906e+01
1.247585487365722656e+01
1.140442085266113281e+01
1.165280532836914062e+01
1.144140338897705078e+01
1.159610843658447266e+01
1.126325511932373047e+01
1.162746810913085938e+01
1.166437435150146484e+01
1.140388679504394531e+01
1.201249122619628906e+01
1.063134002685546875e+01
1.193860340118408203e+01
1.111176490783691406e+01
1.129707908630371094e+01
1.161233043670654297e+01
1.197132587432861328e+01
1.145052623748779297e+01
1.029450130462646484e+01
1.186911201477050781e+01
1.095182800292968750e+01
1.169707202911376953e+01
1.133785533905029297e+01
1.186737918853759766e+01
1.244121742248535156e+01
1.166767883300781250e+01
1.123384094238281250e+01
1.187256431579589844e+01
1.153706264495849609e+01
1.096573448181152344e+01
1.134795475006103516e+01
1.166454315185546875e+01
1.040919113159179688e+01
1.131302356719970703e+01
1.147717189788818359e+01
1.131023979187011719e+01
1.165558052062988281e+01
1.125005626678466797e+01
1.192709827423095703e+01
1.053795528411865234e+01
1.142196083068847656e+01
1.030316543579101562e+01
1.164756393432617188e+01
1.146094799041748047e+01
1.132082271575927734e+01
1.122912979125976562e+01
1.116166591644287109e+01
1.118551540374755859e+01
1.129723167419433594e+01
1.132388401031494141e+01
1.222252082824707031e+01
1.092968177795410156e+01
1.212207889556884766e+01
1.135626411437988281e+01
1.172085189819335938e+01
1.165031147003173828e+01
1.133170223236083984e+01
1.131610012054443359e+01
1.078491020202636719e+01
1.137519454956054688e+01
1.136031055450439453e+01
1.139548683166503906e+01
1.129414558410644531e+01
1.132553863525390625e+01
1.082511901855468750e+01
1.119665813446044922e+01
1.133338642120361328e+01
1.178810882568359375e+01
1.163379096984863281e+01
1.067045402526855469e+01
1.174286556243896484e+01
1.146847438812255859e+01
1.193766117095947266e+01
1.103712940216064453e+01
1.187049293518066406e+01
1.148184490203857422e+01
1.161527061462402344e+01
1.150875186920166016e+01
1.135726070404052734e+01
1.169649505615234375e+01
1.237451267242431641e+01
1.176443767547607422e+01
1.120256710052490234e+01
1.132198333740234375e+01
1.177505874633789062e+01
1.169142341613769531e+01
1.152383899688720703e+01
1.140083312988281250e+01
1.249388313293457031e+01
1.172875785827636719e+01
1.128298377990722656e+01
1.170496654510498047e+01
1.206594181060791016e+01
1.122830104827880859e+01
1.110132122039794922e+01
1.151300811767578125e+01
1.177709197998046875e+01
1.148421382904052734e+01
1.212820053100585938e+01
1.155976486206054688e+01
1.168863201141357422e+01
1.151019382476806641e+01
1.133636474609375000e+01
1.176999378204345703e+01
1.180942249298095703e+01
1.204272174835205078e+01
1.142756175994873047e+01
1.142058181762695312e+01
1.149410915374755859e+01
1.181703853607177734e+01
1.147931957244873047e+01
1.171449565887451172e+01
1.171260166168212891e+01
1.184183883666992188e+01
1.116723442077636719e+01
1.166685009002685547e+01
1.252293872833251953e+01
1.188412952423095703e+01
1.144209957122802734e+01
1.152226543426513672e+01
1.079017162322998047e+01
1.147749233245849609e+01
1.110675048828125000e+01
1.145204544067382812e+01
1.164626789093017578e+01
1.124956035614013672e+01
1.131698322296142578e+01
1.160511112213134766e+01
1.159103775024414062e+01
1.066673660278320312e+01
1.366415405273437500e+01
1.171842670440673828e+01
1.078320407867431641e+01
1.193721294403076172e+01
1.121425437927246094e+01
1.180150604248046875e+01
1.174867820739746094e+01
1.153740215301513672e+01
1.171608543395996094e+01
1.122621726989746094e+01
1.217413425445556641e+01
1.171403121948242188e+01
1.149118709564208984e+01
1.157491493225097656e+01
1.250690555572509766e+01
1.199277400970458984e+01
1.184374332427978516e+01
1.171113300323486328e+01
1.207161426544189453e+01
1.167890834808349609e+01
1.151254367828369141e+01
1.145638370513916016e+01
1.167178821563720703e+01
1.167941093444824219e+01
1.138836002349853516e+01
1.117653369903564453e+01
1.058429718017578125e+01
1.139062595367431641e+01
1.158658027648925781e+01
1.151766014099121094e+01
1.159230804443359375e+01
1.127248668670654297e+01
1.184153556823730469e+01
1.170172119140625000e+01
1.169464683532714844e+01
1.149129199981689453e+01
1.073081398010253906e+01
1.214956569671630859e+01
1.134358692169189453e+01
1.160074615478515625e+01
1.116174983978271484e+01
1.164314842224121094e+01
1.159873008728027344e+01
1.073939800262451172e+01
1.092629909515380859e+01
1.127348613739013672e+01
1.122070217132568359e+01
1.167248439788818359e+01
1.174910449981689453e+01
1.138699722290039062e+01
1.162236595153808594e+01
1.155506801605224609e+01
1.131769847869873047e+01
1.165562725067138672e+01
1.175559329986572266e+01
1.102224445343017578e+01
1.200717163085937500e+01
1.194975471496582031e+01
1.146888351440429688e+01
1.149912738800048828e+01
1.186271667480468750e+01
1.164800453186035156e+01
1.165124511718750000e+01
1.218314743041992188e+01
1.099292945861816406e+01
1.177451515197753906e+01
1.110253715515136719e+01
1.168959808349609375e+01
1.144729709625244141e+01
1.129014968872070312e+01
1.140492820739746094e+01
1.110460186004638672e+01
1.137041950225830078e+01
1.119156837463378906e+01
1.173179054260253906e+01
1.159013080596923828e+01
1.145428943634033203e+01
1.045007324218750000e+01
1.161432170867919922e+01
1.128288745880126953e+01
1.090708827972412109e+01
1.193398094177246094e+01
1.245064640045166016e+01
1.145788764953613281e+01
1.100199890136718750e+01
1.092798137664794922e+01
1.146386051177978516e+01
1.142680168151855469e+01
1.181153202056884766e+01
1.133567905426025391e+01
1.166338062286376953e+01
1.173242664337158203e+01
1.149606418609619141e+01
1.190975284576416016e+01
1.073921871185302734e+01
1.217451381683349609e+01
1.154158210754394531e+01
1.168986034393310547e+01
1.140845012664794922e+01
1.125039386749267578e+01
1.078550720214843750e+01
1.171173572540283203e+01
1.106366062164306641e+01
1.053157711029052734e+01
1.143491840362548828e+01
1.119986534118652344e+01
1.144052886962890625e+01
1.091945552825927734e+01
1.167078876495361328e+01
1.156866550445556641e+01
1.143463516235351562e+01
1.127793598175048828e+01
1.187534141540527344e+01
1.129428291320800781e+01
1.121020507812500000e+01
1.142824268341064453e+01
1.100780868530273438e+01
1.161527824401855469e+01
1.189505958557128906e+01
1.125080299377441406e+01
1.088742733001708984e+01
1.178248214721679688e+01
1.232914733886718750e+01
1.154426097869873047e+01
1.171654415130615234e+01
1.204401493072509766e+01
1.166827106475830078e+01
1.122221946716308594e+01
1.147103023529052734e+01
1.096938037872314453e+01
9.945219039916992188e+00
1.164167022705078125e+01
1.181539916992187500e+01
1.134974670410156250e+01
1.147544193267822266e+01
1.213514518737792969e+01
1.184550189971923828e+01
1.302948570251464844e+01
1.206194877624511719e+01
1.142886447906494141e+01
1.151136779785156250e+01
1.138318729400634766e+01
1.155891895294189453e+01
1.102357006072998047e+01
1.171051025390625000e+01
1.138874530792236328e+01
1.152982807159423828e+01
1.198296451568603516e+01
1.183405303955078125e+01
1.186527156829833984e+01
1.197610473632812500e+01
1.175463008880615234e+01
1.145814800262451172e+01
1.114369487762451172e+01
1.156023216247558594e+01
1.170069408416748047e+01
1.126503276824951172e+01
1.165227413177490234e+01
1.162979602813720703e+01
1.209364700317382812e+01
1.115161418914794922e+01
1.144349765777587891e+01
1.284597587585449219e+01
1.149908638000488281e+01
1.046153926849365234e+01
1.235244560241699219e+01
1.144611358642578125e+01
1.174659156799316406e+01
1.136387348175048828e+01
1.139377212524414062e+01
1.178395557403564453e+01
1.120495796203613281e+01
1.213716888427734375e+01
1.162669372558593750e+01
1.144594955444335938e+01
1.167680549621582031e+01
1.307536029815673828e+01
1.092776870727539062e+01
1.241291809082031250e+01
1.169203472137451172e+01
1.138434505462646484e+01
1.185304641723632812e+01
1.163412570953369141e+01
1.177929592132568359e+01
1.179098320007324219e+01
1.158883285522460938e+01
1.124211883544921875e+01
1.185494709014892578e+01
1.194608783721923828e+01
1.141755867004394531e+01
1.135078430175781250e+01
1.156340408325195312e+01
1.032468986511230469e+01
1.258682346343994141e+01
1.144894695281982422e+01
1.016271591186523438e+01
1.094006729125976562e+01
1.148071098327636719e+01
1.129967594146728516e+01
1.159602737426757812e+01
1.144516754150390625e+01
1.136068916320800781e+01
1.112424373626708984e+01
1.244839763641357422e+01
1.189117908477783203e+01
1.202622890472412109e+01
1.145765113830566406e+01
1.171468734741210938e+01
1.099945735931396484e+01
1.151467132568359375e+01
1.154308223724365234e+01
1.131609535217285156e+01
1.090881156921386719e+01
1.123250198364257812e+01
1.202627754211425781e+01
1.164363384246826172e+01
1.169676208496093750e+01
1.213758182525634766e+01
1.153264141082763672e+01
1.163296890258789062e+01
1.140886688232421875e+01
1.155016040802001953e+01
1.155252361297607422e+01
1.120590782165527344e+01
1.403594112396240234e+01
1.173848438262939453e+01
1.270163440704345703e+01
1.208110427856445312e+01
1.369115447998046875e+01
1.091644287109375000e+01
1.151758861541748047e+01
1.248301315307617188e+01
1.092036914825439453e+01
1.163923168182373047e+01
1.212445259094238281e+01
1.095998668670654297e+01
1.148239040374755859e+01
1.103526306152343750e+01
1.323757648468017578e+01
1.175928688049316406e+01
1.116947841644287109e+01
1.177299308776855469e+01
1.121767520904541016e+01
1.131721019744873047e+01
1.121968936920166016e+01
1.150630664825439453e+01
1.167739486694335938e+01
1.113313484191894531e+01
1.124490833282470703e+01
1.137743091583251953e+01
1.088774871826171875e+01
1.189715671539306641e+01
1.006025028228759766e+01
1.256355094909667969e+01
1.148893070220947266e+01
1.142670249938964844e+01
1.146984386444091797e+01
1.142501258850097656e+01
1.168431663513183594e+01
1.055160808563232422e+01
1.268759250640869141e+01
1.130495834350585938e+01
1.169003772735595703e+01
1.136106967926025391e+01
1.136975860595703125e+01
1.096297836303710938e+01
1.176386642456054688e+01
1.239471721649169922e+01
1.103778266906738281e+01
1.167067527770996094e+01
1.183858299255371094e+01
1.183894157409667969e+01
1.187230300903320312e+01
1.170385646820068359e+01
1.188583087921142578e+01
1.187033557891845703e+01
1.163830471038818359e+01
1.149105453491210938e+01
1.159777450561523438e+01
1.210308837890625000e+01
1.165984439849853516e+01
1.125828361511230469e+01
1.260858535766601562e+01
1.169785213470458984e+01
1.180266571044921875e+01
1.121059608459472656e+01
1.169336509704589844e+01
1.092678642272949219e+01
1.200898742675781250e+01
1.186454868316650391e+01
1.140179443359375000e+01
1.130346775054931641e+01
1.158819007873535156e+01
1.168980312347412109e+01
1.187778472900390625e+01
1.163893890380859375e+01
1.130302715301513672e+01
1.190620994567871094e+01
1.205326175689697266e+01
1.157769680023193359e+01
1.135514354705810547e+01
1.145693492889404297e+01
1.174942684173583984e+01
1.185791015625000000e+01
1.119698238372802734e+01
1.160581302642822266e+01
1.101813793182373047e+01
1.210327816009521484e+01
1.122073650360107422e+01
1.221390438079833984e+01
1.246623992919921875e+01
1.127125644683837891e+01
1.162321376800537109e+01
1.169550228118896484e+01
1.224435329437255859e+01
1.124346065521240234e+01
1.001162052154541016e+01
1.122213745117187500e+01
1.080776119232177734e+01
1.160885906219482422e+01
1.187474155426025391e+01
1.147328281402587891e+01
1.122599411010742188e+01
1.175171279907226562e+01
1.161260223388671875e+01
1.285801410675048828e+01
1.090327167510986328e+01
1.170397186279296875e+01
1.144691181182861328e+01
1.147468280792236328e+01
1.125691986083984375e+01
1.100912952423095703e+01
1.146259498596191406e+01
1.204897212982177734e+01
1.366140651702880859e+01
1.214341163635253906e+01
1.167419147491455078e+01
1.072514724731445312e+01
1.086235332489013672e+01
1.169097518920898438e+01
1.188910484313964844e+01
1.158242797851562500e+01
1.075664043426513672e+01
1.176152420043945312e+01
1.108083724975585938e+01
1.145777034759521484e+01
1.194845104217529297e+01
1.123858833312988281e+01
1.170328712463378906e+01
1.156656169891357422e+01
1.212496089935302734e+01
1.168288612365722656e+01
1.131450939178466797e+01
1.147904109954833984e+01
1.203554916381835938e+01
1.109880447387695312e+01
1.144055557250976562e+01
1.147205448150634766e+01
1.119611167907714844e+01
1.142529678344726562e+01
1.154016304016113281e+01
1.205758857727050781e+01
1.196749401092529297e+01
1.166359329223632812e+01
1.086852359771728516e+01
1.146268272399902344e+01
1.158068561553955078e+01
9.994009017944335938e+00
1.146905326843261719e+01
1.166652107238769531e+01
1.123497772216796875e+01
1.157739639282226562e+01
1.134420871734619141e+01
1.166303157806396484e+01
1.140819072723388672e+01
1.132959365844726562e+01
1.131143474578857422e+01
1.139501857757568359e+01
1.158598041534423828e+01
1.150133800506591797e+01
1.111924552917480469e+01
1.182691192626953125e+01
1.117755603790283203e+01
1.116188526153564453e+01
1.120965862274169922e+01
1.122426509857177734e+01
1.129239273071289062e+01
1.171546077728271484e+01
1.226656150817871094e+01
1.176145076751708984e+01
1.240592861175537109e+01
1.199560737609863281e+01
1.230682277679443359e+01
1.080039787292480469e+01
1.194618129730224609e+01
1.309345912933349609e+01
1.250586605072021484e+01
1.141093730926513672e+01
1.133442783355712891e+01
1.152687454223632812e+01
1.177104663848876953e+01
1.160891437530517578e+01
1.164997768402099609e+01
1.144314193725585938e+01
1.157392597198486328e+01
1.153161430358886719e+01
1.155602645874023438e+01
1.201983737945556641e+01
1.219699382781982422e+01
1.161874103546142578e+01
1.097638416290283203e+01
1.173266983032226562e+01
1.112176799774169922e+01
1.137249851226806641e+01
1.091940975189208984e+01
1.104347801208496094e+01
1.165474510192871094e+01
1.093954086303710938e+01
1.176183795928955078e+01
1.116038513183593750e+01
1.108267307281494141e+01
1.113433551788330078e+01
1.149731063842773438e+01
1.159306621551513672e+01
1.252979469299316406e+01
1.256171798706054688e+01
1.164052104949951172e+01
1.300220394134521484e+01
1.172748374938964844e+01
1.279478549957275391e+01
1.128551197052001953e+01
1.123590183258056641e+01
1.142274665832519531e+01
1.163872909545898438e+01
1.168849658966064453e+01
1.247883892059326172e+01
1.189205741882324219e+01
1.191324520111083984e+01
1.134751892089843750e+01
1.130675315856933594e+01
1.174925613403320312e+01
1.156005001068115234e+01
1.175569629669189453e+01
1.126042461395263672e+01
1.159417247772216797e+01
1.138182449340820312e+01
1.122615242004394531e+01
1.232384681701660156e+01
1.167797946929931641e+01
1.124538993835449219e+01
1.167624950408935547e+01
1.103387928009033203e+01
1.043453311920166016e+01
1.116464424133300781e+01
1.181200504302978516e+01
1.323598098754882812e+01
1.213906669616699219e+01
1.164389896392822266e+01
1.192391681671142578e+01
1.024970912933349609e+01
1.165210819244384766e+01
1.195223522186279297e+01
1.184325885772705078e+01
1.139598751068115234e+01
1.128309249877929688e+01
1.240645313262939453e+01
1.185943222045898438e+01
1.046643543243408203e+01
1.156414604187011719e+01
1.168970394134521484e+01
1.118548297882080078e+01
1.169874858856201172e+01
1.173597908020019531e+01
1.167416763305664062e+01
1.088628196716308594e+01
1.081426239013671875e+01
1.123908519744873047e+01
1.161300849914550781e+01
1.143849658966064453e+01
1.171171951293945312e+01
1.117510604858398438e+01
1.173184585571289062e+01
1.078762340545654297e+01
1.054118537902832031e+01
1.192687797546386719e+01
1.171561336517333984e+01
1.124880981445312500e+01
1.158618545532226562e+01
1.153621768951416016e+01
1.121839904785156250e+01
1.147514057159423828e+01
1.199047756195068359e+01
1.151008510589599609e+01
1.210874652862548828e+01
1.251523017883300781e+01
1.159832477569580078e+01
1.187188816070556641e+01
1.135314846038818359e+01
1.205427074432373047e+01
1.154426383972167969e+01
1.139943027496337891e+01
1.157038021087646484e+01
1.070140838623046875e+01
1.126397418975830078e+01
1.263961315155029297e+01
1.176274108886718750e+01
1.131792926788330078e+01
1.199685668945312500e+01
1.153008556365966797e+01
1.148164463043212891e+01
1.103133201599121094e+01
1.190161323547363281e+01
1.137428092956542969e+01
1.157040023803710938e+01
1.186315155029296875e+01
1.217017555236816406e+01
1.101263904571533203e+01
1.169210433959960938e+01
1.156810188293457031e+01
1.274525070190429688e+01
1.127875137329101562e+01
1.159427547454833984e+01
1.194509792327880859e+01
1.127286243438720703e+01
1.154417896270751953e+01
1.240543270111083984e+01
1.132648563385009766e+01
1.133904075622558594e+01
1.101429367065429688e+01
1.163169956207275391e+01
1.160149002075195312e+01
1.126237964630126953e+01
1.159715938568115234e+01
1.196794795989990234e+01
1.168484497070312500e+01
1.166298007965087891e+01
1.256155490875244141e+01
1.193444919586181641e+01
1.163751602172851562e+01
1.161904811859130859e+01
1.319340610504150391e+01
1.138852310180664062e+01
1.176593875885009766e+01
1.215931320190429688e+01
1.170679569244384766e+01
1.204335021972656250e+01
1.181212139129638672e+01
1.150127124786376953e+01
1.163447380065917969e+01
1.150523757934570312e+01
1.150864887237548828e+01
1.224012851715087891e+01
1.074187660217285156e+01
1.182726955413818359e+01
1.169082736968994141e+01
1.113416004180908203e+01
1.161355209350585938e+01
1.172747421264648438e+01
1.086281013488769531e+01
1.161684894561767578e+01
1.166921997070312500e+01
1.213410758972167969e+01
1.118412590026855469e+01
1.144502639770507812e+01
1.097013187408447266e+01
1.262354755401611328e+01
1.142807960510253906e+01
1.105976867675781250e+01
1.172234058380126953e+01
1.200855541229248047e+01
1.137009143829345703e+01
1.134630775451660156e+01
1.106983184814453125e+01
1.157889652252197266e+01
1.059757423400878906e+01
1.125647735595703125e+01
1.133893299102783203e+01
8.989504814147949219e+00
1.035977363586425781e+01
1.318465423583984375e+01
1.304334068298339844e+01
1.188142395019531250e+01
1.126012516021728516e+01
1.293097114562988281e+01
1.175665092468261719e+01
1.115886211395263672e+01
1.156484603881835938e+01
1.173229789733886719e+01
1.164254856109619141e+01
1.156269645690917969e+01
1.171576881408691406e+01
1.148996257781982422e+01
1.150795555114746094e+01
1.104737377166748047e+01
1.177661037445068359e+01
1.116166782379150391e+01
1.160086917877197266e+01
1.137715053558349609e+01
1.091566562652587891e+01
1.186228847503662109e+01
1.145000839233398438e+01
1.098898983001708984e+01
1.136420440673828125e+01
1.079677963256835938e+01
1.188356208801269531e+01
1.156202030181884766e+01
1.222776794433593750e+01
1.186296081542968750e+01
1.126962184906005859e+01
1.121812343597412109e+01
1.157444953918457031e+01
1.128898620605468750e+01
1.092418384552001953e+01
1.159554290771484375e+01
1.182704353332519531e+01
1.215835094451904297e+01
1.140616893768310547e+01
1.173655319213867188e+01
1.176823520660400391e+01
1.151142978668212891e+01
1.219219684600830078e+01
1.186954021453857422e+01
1.164038181304931641e+01
1.159863185882568359e+01
1.108488845825195312e+01
1.142949962615966797e+01
1.158996677398681641e+01
1.172643756866455078e+01
1.153620815277099609e+01
1.142867469787597656e+01
1.127007865905761719e+01
1.160286712646484375e+01
1.190110301971435547e+01
1.125637531280517578e+01
1.158349895477294922e+01
1.106447029113769531e+01
1.091681098937988281e+01
1.156857013702392578e+01
1.097871017456054688e+01
1.133231163024902344e+01
1.145180320739746094e+01
1.125543022155761719e+01
1.166053581237792969e+01
1.138709068298339844e+01
1.128924083709716797e+01
1.195103359222412109e+01
1.179414081573486328e+01
1.344166469573974609e+01
1.133021163940429688e+01
1.138976955413818359e+01
1.081741619110107422e+01
1.175000762939453125e+01
1.184833717346191406e+01
1.251642990112304688e+01
1.133479785919189453e+01
1.147685718536376953e+01
1.194186592102050781e+01
1.151511573791503906e+01
1.144373416900634766e+01
1.281337356567382812e+01
1.162294483184814453e+01
1.174438190460205078e+01
1.163196277618408203e+01
1.118422698974609375e+01
1.166674613952636719e+01
1.159962463378906250e+01
1.110689544677734375e+01
1.204419708251953125e+01
1.165534210205078125e+01
1.134314060211181641e+01
1.174800872802734375e+01
1.174450206756591797e+01
1.169002151489257812e+01
1.291803741455078125e+01
1.158836746215820312e+01
1.154983520507812500e+01
1.168778324127197266e+01
1.094977188110351562e+01
1.136827850341796875e+01
1.133382415771484375e+01
1.121862411499023438e+01
1.106103897094726562e+01
1.165157032012939453e+01
1.154010963439941406e+01
1.170002079010009766e+01
1.136425399780273438e+01
1.138471412658691406e+01
1.114652919769287109e+01
1.106269168853759766e+01
1.176039123535156250e+01
1.124239158630371094e+01
1.121792221069335938e+01
1.123057937622070312e+01
1.149611282348632812e+01
1.111864757537841797e+01
1.116085147857666016e+01
1.146080589294433594e+01
1.162301158905029297e+01
1.185591602325439453e+01
1.066664600372314453e+01
1.131561660766601562e+01
1.163196659088134766e+01
1.125293254852294922e+01
1.146997833251953125e+01
1.186279869079589844e+01
1.084455585479736328e+01
1.137324523925781250e+01
1.171331310272216797e+01
1.164415168762207031e+01
1.001370620727539062e+01
1.153470802307128906e+01
1.158803653717041016e+01
1.173666572570800781e+01
1.178155422210693359e+01
1.209493160247802734e+01
1.228109359741210938e+01
1.180113029479980469e+01
1.160965156555175781e+01
1.056276798248291016e+01
1.085972023010253906e+01
1.163520336151123047e+01
1.119509220123291016e+01
1.129505634307861328e+01
1.104550266265869141e+01
1.119552707672119141e+01
1.186796665191650391e+01
1.262149906158447266e+01
1.148765087127685547e+01
1.142231559753417969e+01
1.221280193328857422e+01
1.155534267425537109e+01
1.101899528503417969e+01
1.233246040344238281e+01
1.142159080505371094e+01
1.152423095703125000e+01
1.132088375091552734e+01
1.161507987976074219e+01
1.191311168670654297e+01
1.039055252075195312e+01
1.177721977233886719e+01
1.226329421997070312e+01
1.165562915802001953e+01
1.177654170989990234e+01
1.130748653411865234e+01
1.199930572509765625e+01
1.234162425994873047e+01
1.181875896453857422e+01
1.219813919067382812e+01
1.176246356964111328e+01
1.132581138610839844e+01
1.148387241363525391e+01
1.151734256744384766e+01
1.135133266448974609e+01
1.173546504974365234e+01
1.143613624572753906e+01
1.180588722229003906e+01
1.177517032623291016e+01
1.127458858489990234e+01
1.171312999725341797e+01
1.167106533050537109e+01
1.134606075286865234e+01
1.226803588867187500e+01
1.064263534545898438e+01
1.135657501220703125e+01
1.184561634063720703e+01
1.150201129913330078e+01
1.129328823089599609e+01
1.154294776916503906e+01
1.174402999877929688e+01
1.230664157867431641e+01
1.124424839019775391e+01
1.156355762481689453e+01
1.135618209838867188e+01
1.139828491210937500e+01
1.192453861236572266e+01
1.150705337524414062e+01
1.180104351043701172e+01
1.104327392578125000e+01
1.173081302642822266e+01
1.182258319854736328e+01
1.157256793975830078e+01
1.173173618316650391e+01
1.244925498962402344e+01
1.172534370422363281e+01
1.153149032592773438e+01
1.121251964569091797e+01
1.161383056640625000e+01
1.139068889617919922e+01
1.123861789703369141e+01
1.152076339721679688e+01
1.132843971252441406e+01
1.139450550079345703e+01
1.080491447448730469e+01
1.121050739288330078e+01
1.266893577575683594e+01
1.144180488586425781e+01
1.117868995666503906e+01
1.192410182952880859e+01
1.238634777069091797e+01
1.169515705108642578e+01
1.114759540557861328e+01
1.137003898620605469e+01
1.230422306060791016e+01
1.204719257354736328e+01
1.118831729888916016e+01
1.117011928558349609e+01
1.166658878326416016e+01
1.148530197143554688e+01
1.150806427001953125e+01
1.203950309753417969e+01
1.161248970031738281e+01
1.148711681365966797e+01
1.163963222503662109e+01
1.157536888122558594e+01
1.156596946716308594e+01
1.169267559051513672e+01
1.154457092285156250e+01
1.098957157135009766e+01
1.176502704620361328e+01
1.160658645629882812e+01
1.175570964813232422e+01
1.251370239257812500e+01
1.226327133178710938e+01
1.152330493927001953e+01
1.188807582855224609e+01
1.181457710266113281e+01
1.117827606201171875e+01
1.152363872528076172e+01
1.181191921234130859e+01
1.160419845581054688e+01
1.209542369842529297e+01
1.127524852752685547e+01
1.042908859252929688e+01
1.167312049865722656e+01
1.137053680419921875e+01
1.151063346862792969e+01
1.161469554901123047e+01
1.150915336608886719e+01
1.178161048889160156e+01
1.137863540649414062e+01
1.068907928466796875e+01
1.151062011718750000e+01
1.181350898742675781e+01
1.156528282165527344e+01
1.121068763732910156e+01
1.276327896118164062e+01
1.165597248077392578e+01
1.131096744537353516e+01
1.086860275268554688e+01
1.151211833953857422e+01
1.168968391418457031e+01
1.122482872009277344e+01
1.166402149200439453e+01
1.322832202911376953e+01
1.106830406188964844e+01
1.174775695800781250e+01
1.139209175109863281e+01
1.108281707763671875e+01
1.195048046112060547e+01
1.240007019042968750e+01
1.141217613220214844e+01
1.177002716064453125e+01
1.125382423400878906e+01
1.183553218841552734e+01
1.145400524139404297e+01
1.151213645935058594e+01
1.269711494445800781e+01
1.148071956634521484e+01
1.130904579162597656e+01
1.159608459472656250e+01
1.226108741760253906e+01
1.180018806457519531e+01
1.143445396423339844e+01
1.178615188598632812e+01
1.181034088134765625e+01
1.130112838745117188e+01
1.128513622283935547e+01
1.314298152923583984e+01
1.178823280334472656e+01
1.156408500671386719e+01
1.216123771667480469e+01
1.158747196197509766e+01
1.161217689514160156e+01
1.144817638397216797e+01
1.034726142883300781e+01
1.162863349914550781e+01
1.165994071960449219e+01
1.154401779174804688e+01
1.154854869842529297e+01
1.193390464782714844e+01
1.161408424377441406e+01
1.164853858947753906e+01
1.157154750823974609e+01
1.141179943084716797e+01
1.195612335205078125e+01
1.170757007598876953e+01
1.117042732238769531e+01
1.163871288299560547e+01
1.146589946746826172e+01
1.133831882476806641e+01
1.154767513275146484e+01
1.122541332244873047e+01
1.127218532562255859e+01
1.178578853607177734e+01
1.147117900848388672e+01
1.122532558441162109e+01
1.108277320861816406e+01
1.168356800079345703e+01
1.185418128967285156e+01
1.138290405273437500e+01
1.113924407958984375e+01
1.170535182952880859e+01
1.203993225097656250e+01
1.123569965362548828e+01
9.931867599487304688e+00
1.143916320800781250e+01
1.162300968170166016e+01
1.194166660308837891e+01
1.138165473937988281e+01
1.128979206085205078e+01
1.147989749908447266e+01
1.162304687500000000e+01
1.142582607269287109e+01
1.206770515441894531e+01
1.122695255279541016e+01
1.138476657867431641e+01
1.015245723724365234e+01
1.177311134338378906e+01
1.186032962799072266e+01
1.146188640594482422e+01
1.130790042877197266e+01
1.249543476104736328e+01
1.180711841583251953e+01
1.201375293731689453e+01
1.049855709075927734e+01
1.171714878082275391e+01
1.166080665588378906e+01
1.130511760711669922e+01
1.169934654235839844e+01
1.159032917022705078e+01
1.094295215606689453e+01
1.117069721221923828e+01
1.122482395172119141e+01
1.176979541778564453e+01
1.343304729461669922e+01
1.076761054992675781e+01
1.054514980316162109e+01
1.139599418640136719e+01
1.111374759674072266e+01
1.178053569793701172e+01
1.183949851989746094e+01
1.162346458435058594e+01
1.107861423492431641e+01
1.191397380828857422e+01
1.084782314300537109e+01
1.144764900207519531e+01
1.329307079315185547e+01
1.124258232116699219e+01
1.118566322326660156e+01
1.234458446502685547e+01
1.255420112609863281e+01
1.131025886535644531e+01
1.186817836761474609e+01
1.136536216735839844e+01
1.175035381317138672e+01
1.099478149414062500e+01
1.167046928405761719e+01
1.169090843200683594e+01
1.145804595947265625e+01
1.163833332061767578e+01
1.213568496704101562e+01
1.114889526367187500e+01
1.130457401275634766e+01
1.152433872222900391e+01
1.179391002655029297e+01
1.143360328674316406e+01
1.141499805450439453e+01
1.197134494781494141e+01
1.210598278045654297e+01
1.154011821746826172e+01
1.099468708038330078e+01
1.105298137664794922e+01
1.127975654602050781e+01
1.147823619842529297e+01
1.105134010314941406e+01
1.148515510559082031e+01
1.132301330566406250e+01
1.197202396392822266e+01
1.159887313842773438e+01
1.170879650115966797e+01
1.148427867889404297e+01
1.169250679016113281e+01
1.173373508453369141e+01
1.113561248779296875e+01
1.272253036499023438e+01
1.243383026123046875e+01
1.144463920593261719e+01
1.244996929168701172e+01
1.119141006469726562e+01
1.105931377410888672e+01
1.200317001342773438e+01
1.169865798950195312e+01
1.134916973114013672e+01
1.189579010009765625e+01
1.141459655761718750e+01
1.157943820953369141e+01
1.205274581909179688e+01
1.093251800537109375e+01
1.167327022552490234e+01
1.131484889984130859e+01
1.095261669158935547e+01
1.153978061676025391e+01
1.167499732971191406e+01
1.260389709472656250e+01
1.163029384613037109e+01
1.192520332336425781e+01
1.134798336029052734e+01
1.260241413116455078e+01
1.172416591644287109e+01
1.182804870605468750e+01
1.245065402984619141e+01
1.098480606079101562e+01
1.114070796966552734e+01
1.131829547882080078e+01
1.074277877807617188e+01
1.237736988067626953e+01
1.134324359893798828e+01
1.129918956756591797e+01
1.141165065765380859e+01
1.176469516754150391e+01
1.108757400512695312e+01
1.164996051788330078e+01
1.167327785491943359e+01
1.145252037048339844e+01
1.165943241119384766e+01
1.118579578399658203e+01
1.184207057952880859e+01
1.170650196075439453e+01
1.168701934814453125e+01
1.115723705291748047e+01
1.104645442962646484e+01
1.266103267669677734e+01
1.159495639801025391e+01
1.209284210205078125e+01
1.166533374786376953e+01
1.224692916870117188e+01
1.184325027465820312e+01
1.100931835174560547e+01
1.188709926605224609e+01
1.172759437561035156e+01
1.134584140777587891e+01
1.198385334014892578e+01
1.183132266998291016e+01
1.092024040222167969e+01
1.170416164398193359e+01
1.186599063873291016e+01
1.171065044403076172e+01
1.209081745147705078e+01
1.125895690917968750e+01
1.147586345672607422e+01
1.151780605316162109e+01
1.116342449188232422e+01
1.220519733428955078e+01
1.161787796020507812e+01
1.176475524902343750e+01
1.167520141601562500e+01
1.155032920837402344e+01
1.186406612396240234e+01
1.149777889251708984e+01
1.177359294891357422e+01
9.801169395446777344e+00
1.172955226898193359e+01
1.216007709503173828e+01
1.178996467590332031e+01
1.163152313232421875e+01
1.164971828460693359e+01
1.125714683532714844e+01
1.109549427032470703e+01
1.163236999511718750e+01
1.126773548126220703e+01
1.124036884307861328e+01
1.291568470001220703e+01
1.191578865051269531e+01
1.156251811981201172e+01
1.176162910461425781e+01
1.173936748504638672e+01
1.201847934722900391e+01
1.259459590911865234e+01
1.127033615112304688e+01
1.151661682128906250e+01
1.159385204315185547e+01
1.166765975952148438e+01
1.120196151733398438e+01
1.160718059539794922e+01
1.149745082855224609e+01
1.160990619659423828e+01
1.154517459869384766e+01
1.157251071929931641e+01
1.176342773437500000e+01
1.096939563751220703e+01
1.094089508056640625e+01
1.194088268280029297e+01
1.142462825775146484e+01
1.136742782592773438e+01
1.176348972320556641e+01
1.137845802307128906e+01
1.283961009979248047e+01
1.104422092437744141e+01
1.208014202117919922e+01
1.131805324554443359e+01
1.168158626556396484e+01
1.084523105621337891e+01
1.190966892242431641e+01
1.127226543426513672e+01
1.154312610626220703e+01
1.091786766052246094e+01
1.105611038208007812e+01
1.336764240264892578e+01
1.084215259552001953e+01
1.212120246887207031e+01
1.144946002960205078e+01
1.176998424530029297e+01
1.137180995941162109e+01
1.164464092254638672e+01
1.145560646057128906e+01
1.179693889617919922e+01
1.130347537994384766e+01
1.379252243041992188e+01
1.157553005218505859e+01
1.131758975982666016e+01
1.149084281921386719e+01
1.182844543457031250e+01
1.164840698242187500e+01
1.229089927673339844e+01
1.146965694427490234e+01
1.163594722747802734e+01
1.151775264739990234e+01
1.160814380645751953e+01
1.154530334472656250e+01
1.176630878448486328e+01
1.194649982452392578e+01
1.187233448028564453e+01
1.159298610687255859e+01
1.157277488708496094e+01
1.218040084838867188e+01
1.174474716186523438e+01
1.150118160247802734e+01
1.133074283599853516e+01
1.105969810485839844e+01
1.098193740844726562e+01
1.247772312164306641e+01
1.062606811523437500e+01
1.122142887115478516e+01
1.135854625701904297e+01
1.273563861846923828e+01
1.145452404022216797e+01
1.168419456481933594e+01
1.174584865570068359e+01
1.123374366760253906e+01
1.186229324340820312e+01
1.158553028106689453e+01
1.141746902465820312e+01
1.161790466308593750e+01
1.202217483520507812e+01
1.133108806610107422e+01
1.122168731689453125e+01
1.180714797973632812e+01
1.169725513458251953e+01
1.134764003753662109e+01
1.136277008056640625e+01
1.171691799163818359e+01
1.095859432220458984e+01
1.142182064056396484e+01
1.105545330047607422e+01
1.120983886718750000e+01
1.140647792816162109e+01
1.186282062530517578e+01
1.240423107147216797e+01
1.201731204986572266e+01
1.126509284973144531e+01
1.087848472595214844e+01
1.157781696319580078e+01
1.103063201904296875e+01
1.115484142303466797e+01
1.158692455291748047e+01
1.143365764617919922e+01
1.079020023345947266e+01
1.182327461242675781e+01
1.149529838562011719e+01
1.142253875732421875e+01
1.105566787719726562e+01
1.141396236419677734e+01
1.153065299987792969e+01
1.144508457183837891e+01
1.200432777404785156e+01
1.147553348541259766e+01
1.144428253173828125e+01
1.148802757263183594e+01
1.162966632843017578e+01
1.083607292175292969e+01
1.173215579986572266e+01
1.237988853454589844e+01
1.146495342254638672e+01
1.114850425720214844e+01
1.161491870880126953e+01
1.382902622222900391e+01
1.136414337158203125e+01
1.200976276397705078e+01
1.238926982879638672e+01
1.117406272888183594e+01
1.059561634063720703e+01
1.183472251892089844e+01
1.030214405059814453e+01
1.185573577880859375e+01
1.138464546203613281e+01
1.119801330566406250e+01
1.175246906280517578e+01
1.155990028381347656e+01
1.163856792449951172e+01
1.136636638641357422e+01
1.148532581329345703e+01
1.143724155426025391e+01
1.142842864990234375e+01
1.199957275390625000e+01
1.166195678710937500e+01
1.199834823608398438e+01
1.159615516662597656e+01
1.192558860778808594e+01
1.125127696990966797e+01
1.161105346679687500e+01
1.214455127716064453e+01
1.141375923156738281e+01
1.150040435791015625e+01
1.195837593078613281e+01
1.094668579101562500e+01
1.104838085174560547e+01
1.254988288879394531e+01
1.153710269927978516e+01
1.165385246276855469e+01
1.158100605010986328e+01
1.292841148376464844e+01
1.167928409576416016e+01
1.206913852691650391e+01
1.048356151580810547e+01
1.188986396789550781e+01
1.146980571746826172e+01
1.118794631958007812e+01
1.143809700012207031e+01
1.193089866638183594e+01
1.208695220947265625e+01
1.173326492309570312e+01
1.267294597625732422e+01
1.173757648468017578e+01
1.171160793304443359e+01
1.184741878509521484e+01
1.123770809173583984e+01
1.144443035125732422e+01
1.116777610778808594e+01
1.157658100128173828e+01
1.171926498413085938e+01
1.164865016937255859e+01
1.283611106872558594e+01
1.153047275543212891e+01
1.118245220184326172e+01
1.105839347839355469e+01
1.162313175201416016e+01
1.225611305236816406e+01
1.172231006622314453e+01
1.159284400939941406e+01
1.171658325195312500e+01
1.189878559112548828e+01
1.108496570587158203e+01
1.178582763671875000e+01
1.126252365112304688e+01
1.130366134643554688e+01
1.195152282714843750e+01
1.196104526519775391e+01
1.135480213165283203e+01
1.126026344299316406e+01
1.164841938018798828e+01
1.162958431243896484e+01
1.158427715301513672e+01
1.186224365234375000e+01
1.113093662261962891e+01
1.053558921813964844e+01
1.179338836669921875e+01
1.146919918060302734e+01
1.080508136749267578e+01
1.158615112304687500e+01
1.166063404083251953e+01
1.159121608734130859e+01
1.162239074707031250e+01
1.126065158843994141e+01
1.212943172454833984e+01
1.174468517303466797e+01
1.088845252990722656e+01
1.195585250854492188e+01
1.190124034881591797e+01
1.170153903961181641e+01
1.236732482910156250e+01
1.169377422332763672e+01
1.120399475097656250e+01
1.134701919555664062e+01
1.215255451202392578e+01
1.159809875488281250e+01
1.156632614135742188e+01
1.120533466339111328e+01
1.179144668579101562e+01
1.142119121551513672e+01
1.205148315429687500e+01
1.128194236755371094e+01
1.152464199066162109e+01
1.125043010711669922e+01
1.178825092315673828e+01
1.366880321502685547e+01
1.174572658538818359e+01
1.101105880737304688e+01
1.173166275024414062e+01
1.131417942047119141e+01
1.110622406005859375e+01
1.141987037658691406e+01
1.163698863983154297e+01
1.249897098541259766e+01
1.193575096130371094e+01
1.118705940246582031e+01
1.169713592529296875e+01
1.144852733612060547e+01
1.153587722778320312e+01
1.122657489776611328e+01
1.117354106903076172e+01
1.195058345794677734e+01
1.161472225189208984e+01
1.112409591674804688e+01
1.089812183380126953e+01
1.204783153533935547e+01
1.221368217468261719e+01
1.198283386230468750e+01
1.117306518554687500e+01
1.115532016754150391e+01
1.197649955749511719e+01
1.110261344909667969e+01
1.177469825744628906e+01
1.133578872680664062e+01
1.139872550964355469e+01
1.167766857147216797e+01
1.167556285858154297e+01
1.160047340393066406e+01
1.169692897796630859e+01
1.153828525543212891e+01
1.145248699188232422e+01
1.143955898284912109e+01
1.177654743194580078e+01
1.153634166717529297e+01
1.124281597137451172e+01
1.153426074981689453e+01
1.131194210052490234e+01
1.176861000061035156e+01
1.213406276702880859e+01
1.179625606536865234e+01
1.174388504028320312e+01
1.087221813201904297e+01
1.142129802703857422e+01
1.169727516174316406e+01
1.175707149505615234e+01
1.184385585784912109e+01
1.147276782989501953e+01
1.247896480560302734e+01
1.176551532745361328e+01
1.113217449188232422e+01
1.163732242584228516e+01
1.132204246520996094e+01
1.144193744659423828e+01
1.192794322967529297e+01
1.210296630859375000e+01
1.151818943023681641e+01
1.228911781311035156e+01
1.096340560913085938e+01
1.167639160156250000e+01
1.141889667510986328e+01
1.103361034393310547e+01
1.177534103393554688e+01
1.219624423980712891e+01
1.193525695800781250e+01
1.164492321014404297e+01
1.129199409484863281e+01
1.157519817352294922e+01
1.179018211364746094e+01
1.234220790863037109e+01
1.095290946960449219e+01
1.166038799285888672e+01
1.200866031646728516e+01
1.166773033142089844e+01
1.178288650512695312e+01
1.177201747894287109e+01
1.137782859802246094e+01
1.154072189331054688e+01
1.168488979339599609e+01
1.174451637268066406e+01
1.106698703765869141e+01
1.125045490264892578e+01
1.171328067779541016e+01
1.098835945129394531e+01
1.155004692077636719e+01
1.186978530883789062e+01
1.138161182403564453e+01
1.153673744201660156e+01
1.136598014831542969e+01
1.155854034423828125e+01
1.339684486389160156e+01
1.148607349395751953e+01
1.205681896209716797e+01
1.156700515747070312e+01
1.132434082031250000e+01
1.120588970184326172e+01
1.164218521118164062e+01
1.110449409484863281e+01
1.115830516815185547e+01
1.155005741119384766e+01
1.133154106140136719e+01
1.038890075683593750e+01
1.114522647857666016e+01
1.118618583679199219e+01
1.177239894866943359e+01
1.167075061798095703e+01
1.132619667053222656e+01
1.184462928771972656e+01
1.146960830688476562e+01
1.221363544464111328e+01
1.175569152832031250e+01
1.204751014709472656e+01
1.058816051483154297e+01
1.110718727111816406e+01
1.162410449981689453e+01
1.142683506011962891e+01
1.127179145812988281e+01
1.128837394714355469e+01
1.211603832244873047e+01
1.329932594299316406e+01
1.144209098815917969e+01
1.185558891296386719e+01
1.115163993835449219e+01
1.201013851165771484e+01
1.166984653472900391e+01
1.152584362030029297e+01
1.143122959136962891e+01
1.050419616699218750e+01
1.163705825805664062e+01
1.126059055328369141e+01
1.177656078338623047e+01
1.161268043518066406e+01
1.135030651092529297e+01
1.046631050109863281e+01
1.105913829803466797e+01
1.082573223114013672e+01
1.151399707794189453e+01
1.166069507598876953e+01
1.188998985290527344e+01
1.183689308166503906e+01
1.102364540100097656e+01
1.181924247741699219e+01
1.136020660400390625e+01
1.210091686248779297e+01
1.200116157531738281e+01
1.125090885162353516e+01
1.145354366302490234e+01
1.098263740539550781e+01
1.167746639251708984e+01
1.166247081756591797e+01
1.206664371490478516e+01
1.114562320709228516e+01
1.034956741333007812e+01
1.149833774566650391e+01
1.244825267791748047e+01
1.149728012084960938e+01
1.321433734893798828e+01
1.203223896026611328e+01
1.181327629089355469e+01
1.202616405487060547e+01
1.146784305572509766e+01
1.125138473510742188e+01
1.166865634918212891e+01
1.112371253967285156e+01
1.238732337951660156e+01
1.122857093811035156e+01
1.178684234619140625e+01
1.104186153411865234e+01
1.174212265014648438e+01
1.143205451965332031e+01
1.129923820495605469e+01
1.130736064910888672e+01
1.180812931060791016e+01
1.116746616363525391e+01
1.165660476684570312e+01
1.160702514648437500e+01
1.162606430053710938e+01
1.298793411254882812e+01
1.151665401458740234e+01
1.131999874114990234e+01
1.186072635650634766e+01
1.168968009948730469e+01
1.143179893493652344e+01
1.152112483978271484e+01
1.152621459960937500e+01
1.160457229614257812e+01
1.204781246185302734e+01
1.138108825683593750e+01
1.001990795135498047e+01
1.174479961395263672e+01
1.170803642272949219e+01
1.191993141174316406e+01
1.164055061340332031e+01
1.161672973632812500e+01
1.123565196990966797e+01
1.161104202270507812e+01
1.100134277343750000e+01
1.133617782592773438e+01
1.148431015014648438e+01
1.108206081390380859e+01
1.186255931854248047e+01
1.167441749572753906e+01
1.140384864807128906e+01
1.234720993041992188e+01
1.116444015502929688e+01
1.280674171447753906e+01
1.054231929779052734e+01
1.109800052642822266e+01
1.142143535614013672e+01
1.155040740966796875e+01
1.294540214538574219e+01
1.079521465301513672e+01
1.153765773773193359e+01
1.160871601104736328e+01
1.195072841644287109e+01
1.019985961914062500e+01
1.189105510711669922e+01
1.163781642913818359e+01
1.182662582397460938e+01
1.186316776275634766e+01
1.150159645080566406e+01
1.157120037078857422e+01
1.186710357666015625e+01
1.171842861175537109e+01
1.171779918670654297e+01
1.173490810394287109e+01
1.116836261749267578e+01
1.159523391723632812e+01
1.140085411071777344e+01
1.139291858673095703e+01
1.112592411041259766e+01
1.125929450988769531e+01
1.209277820587158203e+01
1.125732135772705078e+01
1.162563991546630859e+01
1.098919963836669922e+01
1.132529354095458984e+01
1.123499107360839844e+01
1.101751327514648438e+01
1.156442928314208984e+01
1.093664264678955078e+01
1.046450328826904297e+01
1.192810153961181641e+01
1.189763736724853516e+01
1.165284347534179688e+01
1.136415863037109375e+01
1.172253322601318359e+01
1.168496036529541016e+01
1.245585632324218750e+01
1.179281139373779297e+01
1.178568077087402344e+01
1.153207015991210938e+01
1.182151699066162109e+01
1.200258350372314453e+01
1.185456371307373047e+01
1.165191841125488281e+01
1.128825569152832031e+01
1.109586238861083984e+01
1.131733417510986328e+01
1.220549964904785156e+01
1.163302612304687500e+01
1.177700901031494141e+01
1.184636402130126953e+01
1.159406471252441406e+01
1.210905361175537109e+01
1.138697433471679688e+01
1.158733940124511719e+01
1.120623111724853516e+01
1.134598541259765625e+01
1.131240844726562500e+01
1.186564159393310547e+01
1.170860767364501953e+01
1.111249160766601562e+01
1.174632644653320312e+01
1.115041255950927734e+01
1.142420864105224609e+01
1.122993564605712891e+01
1.157821941375732422e+01
1.167342090606689453e+01
1.142105770111083984e+01
1.187386226654052734e+01
1.112563991546630859e+01
1.166234683990478516e+01
1.125850391387939453e+01
1.149259757995605469e+01
1.151612186431884766e+01
1.142089557647705078e+01
1.128757286071777344e+01
1.157672119140625000e+01
1.197910213470458984e+01
9.963721275329589844e+00
1.202034854888916016e+01
1.119489288330078125e+01
1.127912902832031250e+01
1.143282794952392578e+01
1.176972675323486328e+01
1.180169486999511719e+01
1.096193408966064453e+01
1.198210144042968750e+01
1.157135295867919922e+01
1.074350929260253906e+01
1.149396133422851562e+01
1.142249298095703125e+01
1.091098403930664062e+01
1.146229743957519531e+01
1.114412879943847656e+01
1.146966457366943359e+01
1.233117580413818359e+01
1.189422321319580078e+01
1.172698593139648438e+01
1.086286449432373047e+01
1.112425231933593750e+01
1.169355106353759766e+01
1.120539283752441406e+01
1.112512969970703125e+01
1.178627014160156250e+01
1.122751903533935547e+01
1.176640033721923828e+01
1.167500305175781250e+01
1.167432022094726562e+01
1.204491615295410156e+01
1.160051822662353516e+01
1.027846240997314453e+01
1.160343933105468750e+01
1.143862628936767578e+01
1.061265850067138672e+01
1.122807502746582031e+01
1.171086597442626953e+01
1.262600135803222656e+01
1.130312156677246094e+01
1.135338497161865234e+01
1.104643440246582031e+01
1.116144561767578125e+01
1.111852836608886719e+01
1.117674255371093750e+01
1.148274898529052734e+01
1.140659046173095703e+01
1.145967769622802734e+01
1.274678230285644531e+01
1.221337890625000000e+01
1.141949939727783203e+01
1.186717987060546875e+01
1.124484157562255859e+01
1.161171722412109375e+01
1.048743152618408203e+01
1.135353565216064453e+01
1.131411933898925781e+01
1.159104633331298828e+01
1.184659194946289062e+01
1.105368041992187500e+01
1.109233951568603516e+01
1.102456283569335938e+01
1.145693016052246094e+01
1.171955776214599609e+01
1.121351814270019531e+01
1.149956989288330078e+01
1.251195144653320312e+01
1.158923721313476562e+01
1.149805736541748047e+01
1.161127185821533203e+01
1.172973823547363281e+01
1.181241512298583984e+01
1.314311504364013672e+01
1.162058830261230469e+01
1.171840953826904297e+01
1.208679676055908203e+01
1.136735725402832031e+01
1.218067836761474609e+01
1.124167156219482422e+01
1.176443576812744141e+01
1.144547748565673828e+01
1.159195232391357422e+01
1.139136028289794922e+01
1.152512073516845703e+01
1.217509078979492188e+01
1.165622997283935547e+01
1.165494537353515625e+01
1.155881786346435547e+01
1.136772251129150391e+01
1.184704971313476562e+01
1.115950393676757812e+01
1.181394481658935547e+01
9.720780372619628906e+00
1.184003162384033203e+01
1.162474918365478516e+01
1.291973972320556641e+01
1.100111484527587891e+01
1.188688278198242188e+01
1.144243049621582031e+01
1.124268531799316406e+01
1.169743728637695312e+01
1.204333972930908203e+01
1.169199657440185547e+01
1.172288799285888672e+01
1.172037315368652344e+01
1.268708801269531250e+01
1.143303203582763672e+01
1.169865226745605469e+01
1.161559581756591797e+01
1.069010162353515625e+01
1.122949695587158203e+01
1.290322399139404297e+01
1.072678565979003906e+01
1.143483829498291016e+01
1.136085891723632812e+01
1.194674396514892578e+01
1.067294597625732422e+01
1.157584381103515625e+01
1.159876251220703125e+01
1.158931064605712891e+01
1.153560256958007812e+01
1.134362220764160156e+01
1.177124977111816406e+01
1.132650089263916016e+01
1.131297588348388672e+01
1.163816165924072266e+01
1.149773883819580078e+01
1.163347816467285156e+01
1.126157283782958984e+01
1.136398506164550781e+01
1.160672092437744141e+01
1.169528961181640625e+01
1.148087787628173828e+01
1.157497215270996094e+01
1.094168090820312500e+01
1.210390567779541016e+01
1.250533390045166016e+01
1.143922138214111328e+01
1.064306735992431641e+01
1.206606674194335938e+01
1.141021060943603516e+01
1.199405384063720703e+01
1.164167404174804688e+01
1.130193233489990234e+01
1.182242488861083984e+01
1.163103771209716797e+01
1.135607910156250000e+01
1.118384265899658203e+01
1.209798526763916016e+01
1.192045783996582031e+01
1.134588432312011719e+01
1.128906440734863281e+01
1.171650791168212891e+01
1.128304576873779297e+01
1.216906261444091797e+01
1.156213569641113281e+01
1.201489067077636719e+01
1.167367458343505859e+01
1.188482666015625000e+01
1.136425590515136719e+01
1.154870223999023438e+01
1.086660766601562500e+01
1.129028797149658203e+01
1.157289409637451172e+01
1.176808929443359375e+01
1.197174835205078125e+01
1.178954696655273438e+01
1.160371780395507812e+01
1.192707443237304688e+01
1.151940536499023438e+01
1.164659309387207031e+01
1.151187610626220703e+01
1.161723709106445312e+01
1.143704509735107422e+01
1.148719882965087891e+01
1.149660968780517578e+01
1.176579189300537109e+01
1.162026119232177734e+01
1.172715377807617188e+01
1.112372589111328125e+01
1.143020057678222656e+01
1.187184524536132812e+01
1.207770442962646484e+01
1.074745464324951172e+01
1.169500255584716797e+01
1.179472637176513672e+01
1.165428352355957031e+01
1.109179973602294922e+01
1.165391254425048828e+01
1.181821823120117188e+01
1.091288185119628906e+01
1.175825214385986328e+01
1.066027164459228516e+01
1.121340465545654297e+01
1.183703517913818359e+01
1.151872634887695312e+01
1.147765922546386719e+01
1.082550239562988281e+01
1.253822422027587891e+01
1.118707275390625000e+01
1.145473003387451172e+01
1.081863117218017578e+01
1.142160224914550781e+01
1.125995349884033203e+01
1.118309402465820312e+01
1.174506664276123047e+01
1.049112892150878906e+01
1.187632942199707031e+01
1.187447834014892578e+01
1.114451026916503906e+01
1.161877250671386719e+01
1.153006172180175781e+01
1.174929523468017578e+01
1.106840133666992188e+01
1.123389148712158203e+01
1.253539657592773438e+01
1.186873245239257812e+01
1.123876953125000000e+01
1.139222717285156250e+01
1.179560852050781250e+01
1.159778499603271484e+01
1.150560188293457031e+01
1.144159507751464844e+01
1.137099075317382812e+01
1.161119079589843750e+01
1.118908119201660156e+01
1.151131916046142578e+01
1.169772624969482422e+01
1.211002063751220703e+01
1.155857944488525391e+01
1.167732620239257812e+01
1.180043506622314453e+01
1.159142589569091797e+01
1.225567817687988281e+01
1.117349338531494141e+01
1.111571884155273438e+01
1.101214599609375000e+01
1.244062519073486328e+01
1.141181564331054688e+01
1.163803386688232422e+01
1.152802658081054688e+01
1.128959751129150391e+01
1.168014812469482422e+01
1.140599155426025391e+01
1.185212993621826172e+01
1.150121593475341797e+01
1.171591854095458984e+01
1.162948608398437500e+01
1.154949665069580078e+01
1.166055393218994141e+01
1.141835212707519531e+01
1.161719131469726562e+01
1.123425579071044922e+01
1.127899646759033203e+01
1.081464862823486328e+01
1.113838481903076172e+01
1.097792720794677734e+01
1.179105281829833984e+01
1.336133861541748047e+01
1.272349643707275391e+01
1.150476169586181641e+01
1.183492946624755859e+01
1.182440185546875000e+01
1.127700901031494141e+01
1.300049209594726562e+01
1.238910865783691406e+01
1.172817039489746094e+01
1.117605018615722656e+01
1.150004959106445312e+01
1.139619636535644531e+01
1.131871891021728516e+01
1.134325790405273438e+01
1.264451789855957031e+01
1.125674152374267578e+01
1.094123458862304688e+01
1.119583034515380859e+01
1.357121944427490234e+01
1.149828720092773438e+01
1.159580230712890625e+01
1.146560382843017578e+01
1.190009784698486328e+01
1.175008392333984375e+01
1.170252990722656250e+01
1.148806667327880859e+01
1.160453128814697266e+01
1.135632610321044922e+01
1.122556114196777344e+01
1.117215442657470703e+01
1.056904697418212891e+01
1.166682147979736328e+01
1.186943244934082031e+01
1.118636131286621094e+01
1.170923614501953125e+01
1.158229923248291016e+01
1.136163806915283203e+01
1.223884582519531250e+01
1.130561923980712891e+01
1.131852722167968750e+01
1.281640720367431641e+01
1.198960018157958984e+01
1.175994968414306641e+01
1.085757446289062500e+01
1.142567157745361328e+01
1.092809391021728516e+01
1.069388866424560547e+01
1.196751785278320312e+01
1.111916446685791016e+01
1.103691101074218750e+01
1.161894226074218750e+01
1.174507045745849609e+01
1.145310497283935547e+01
1.142971897125244141e+01
1.140462017059326172e+01
1.139817714691162109e+01
1.140794849395751953e+01
1.159625911712646484e+01
1.134203910827636719e+01
1.257801723480224609e+01
1.202394771575927734e+01
1.235040473937988281e+01
1.270728874206542969e+01
1.149507331848144531e+01
1.192507934570312500e+01
1.118974113464355469e+01
1.157891559600830078e+01
1.178811931610107422e+01
1.149388885498046875e+01
1.118153762817382812e+01
1.147105503082275391e+01
1.134940814971923828e+01
1.194219398498535156e+01
1.203990459442138672e+01
1.182405090332031250e+01
1.179832458496093750e+01
1.155542564392089844e+01
1.165768241882324219e+01
1.153784465789794922e+01
1.200225257873535156e+01
1.130601501464843750e+01
1.183569335937500000e+01
1.081714248657226562e+01
1.166380405426025391e+01
1.133427715301513672e+01
1.172209453582763672e+01
1.164822292327880859e+01
1.120736694335937500e+01
1.165603446960449219e+01
1.124997234344482422e+01
1.075732135772705078e+01
1.169171810150146484e+01
1.149761390686035156e+01
1.081853580474853516e+01
1.145501327514648438e+01
1.116487979888916016e+01
1.205432224273681641e+01
1.085506057739257812e+01
1.120147514343261719e+01
1.144266986846923828e+01
1.184610271453857422e+01
1.183867835998535156e+01
1.168913745880126953e+01
1.281479454040527344e+01
1.116579723358154297e+01
1.124915218353271484e+01
1.247562313079833984e+01
1.173093414306640625e+01
1.165953254699707031e+01
1.196823215484619141e+01
1.128342533111572266e+01
1.148684787750244141e+01
1.226328849792480469e+01
1.131444835662841797e+01
1.174306964874267578e+01
1.165663909912109375e+01
1.275505256652832031e+01
1.117430973052978516e+01
1.160930252075195312e+01
1.136145973205566406e+01
1.143175315856933594e+01
1.161740112304687500e+01
1.172097396850585938e+01
1.133894920349121094e+01
1.192249202728271484e+01
1.126983928680419922e+01
1.120176982879638672e+01
1.143309688568115234e+01
1.253343677520751953e+01
1.189126586914062500e+01
1.260162639617919922e+01
1.271470737457275391e+01
1.080070400238037109e+01
1.156053256988525391e+01
1.167054653167724609e+01
1.123690032958984375e+01
1.100961685180664062e+01
1.129854488372802734e+01
1.370940685272216797e+01
1.124985885620117188e+01
1.174440860748291016e+01
1.121773719787597656e+01
1.178065109252929688e+01
1.121517848968505859e+01
1.099098682403564453e+01
1.172706890106201172e+01
1.094471359252929688e+01
1.155167007446289062e+01
1.201966285705566406e+01
1.127603435516357422e+01
1.172251701354980469e+01
1.159219646453857422e+01
1.144113254547119141e+01
1.162700653076171875e+01
1.177108192443847656e+01
1.158661651611328125e+01
1.156103324890136719e+01
1.152452564239501953e+01
1.158796119689941406e+01
1.144884681701660156e+01
1.139934444427490234e+01
1.140939903259277344e+01
1.163586997985839844e+01
1.141455078125000000e+01
1.131915855407714844e+01
1.203389263153076172e+01
1.110893630981445312e+01
1.209795475006103516e+01
1.130892658233642578e+01
1.113261604309082031e+01
1.278743457794189453e+01
1.206127262115478516e+01
1.156066036224365234e+01
1.162672710418701172e+01
1.154747390747070312e+01
1.128041267395019531e+01
1.209604167938232422e+01
1.156999492645263672e+01
1.181606483459472656e+01
1.138980007171630859e+01
1.197885704040527344e+01
1.154117774963378906e+01
1.146982574462890625e+01
1.093255996704101562e+01
1.178021144866943359e+01
1.182755184173583984e+01
1.137260627746582031e+01
1.159118366241455078e+01
1.107977867126464844e+01
1.195555114746093750e+01
1.173468494415283203e+01
1.127492523193359375e+01
1.204695415496826172e+01
1.179710674285888672e+01
1.161902141571044922e+01
1.145614624023437500e+01
1.158326530456542969e+01
1.109134769439697266e+01
1.153514289855957031e+01
1.151217937469482422e+01
1.156059169769287109e+01
1.192607688903808594e+01
1.140511894226074219e+01
1.177807998657226562e+01
1.119855022430419922e+01
1.219499111175537109e+01
1.187348079681396484e+01
1.180994033813476562e+01
1.148280715942382812e+01
1.181315994262695312e+01
1.287502384185791016e+01
1.236278533935546875e+01
1.111531162261962891e+01
1.237602806091308594e+01
1.123368549346923828e+01
1.150086498260498047e+01
1.192803859710693359e+01
1.166923522949218750e+01
1.139015197753906250e+01
1.135856819152832031e+01
1.152353096008300781e+01
1.157531547546386719e+01
1.143313026428222656e+01
1.174193000793457031e+01
1.176206970214843750e+01
1.055975818634033203e+01
1.148657798767089844e+01
1.151259422302246094e+01
1.130510044097900391e+01
1.123659706115722656e+01
1.160271835327148438e+01
1.177780914306640625e+01
1.096572971343994141e+01
1.160041141510009766e+01
1.164144039154052734e+01
1.088686084747314453e+01
1.191023635864257812e+01
1.202717494964599609e+01
1.165329742431640625e+01
1.165736484527587891e+01
1.083913326263427734e+01
1.119910621643066406e+01
1.250249481201171875e+01
1.192557048797607422e+01
1.176154136657714844e+01
1.153568363189697266e+01
1.104486560821533203e+01
1.414214134216308594e+01
1.131149482727050781e+01
1.111071205139160156e+01
1.322319221496582031e+01
1.154324722290039062e+01
1.204952430725097656e+01
1.073133563995361328e+01
1.163134098052978516e+01
1.213920402526855469e+01
1.274619579315185547e+01
1.188854026794433594e+01
1.153087425231933594e+01
1.121031856536865234e+01
1.196481895446777344e+01
1.174076461791992188e+01
1.174366378784179688e+01
1.210643291473388672e+01
1.131301975250244141e+01
1.206030082702636719e+01
1.225202369689941406e+01
1.150227832794189453e+01
1.316179466247558594e+01
1.110609245300292969e+01
1.118445682525634766e+01
1.124772739410400391e+01
1.158034706115722656e+01
1.242517852783203125e+01
1.130158138275146484e+01
1.120156955718994141e+01
1.079222106933593750e+01
1.154415416717529297e+01
1.159602069854736328e+01
1.260442924499511719e+01
1.193534755706787109e+01
1.171506500244140625e+01
1.186274147033691406e+01
1.144702625274658203e+01
1.152251720428466797e+01
1.116820144653320312e+01
1.228728389739990234e+01
1.200881767272949219e+01
1.140864086151123047e+01
1.148534011840820312e+01
1.095503520965576172e+01
1.124784564971923828e+01
1.135514450073242188e+01
1.163788414001464844e+01
1.290885734558105469e+01
1.104995155334472656e+01
1.090054321289062500e+01
1.169219493865966797e+01
1.121732234954833984e+01
1.157446575164794922e+01
1.127461814880371094e+01
1.100455379486083984e+01
1.069167900085449219e+01
1.139753723144531250e+01
1.141092777252197266e+01
1.225467109680175781e+01
1.157911586761474609e+01
1.194913768768310547e+01
1.131539821624755859e+01
1.180185699462890625e+01
1.163163280487060547e+01
1.155212783813476562e+01
1.149582672119140625e+01
1.174090194702148438e+01
1.128228950500488281e+01
1.146110534667968750e+01
1.155931186676025391e+01
1.176454639434814453e+01
1.150435352325439453e+01
1.168912506103515625e+01
1.140394306182861328e+01
1.307591533660888672e+01
1.188826274871826172e+01
1.128592014312744141e+01
1.166942977905273438e+01
1.165034770965576172e+01
1.197399330139160156e+01
1.157447338104248047e+01
1.144252395629882812e+01
1.116577720642089844e+01
1.103061866760253906e+01
1.147805881500244141e+01
1.158283901214599609e+01
1.165138912200927734e+01
1.166007995605468750e+01
1.300983619689941406e+01
1.239426803588867188e+01
1.271796703338623047e+01
1.167649078369140625e+01
1.287603378295898438e+01
1.171424007415771484e+01
1.117689704895019531e+01
1.124246215820312500e+01
1.122886180877685547e+01
1.148066997528076172e+01
1.148618507385253906e+01
1.180795478820800781e+01
1.196858215332031250e+01
1.195813560485839844e+01
1.050864028930664062e+01
1.099144649505615234e+01
1.372317123413085938e+01
1.158809757232666016e+01
1.163550376892089844e+01
1.128321456909179688e+01
1.173166751861572266e+01
1.149245357513427734e+01
1.142319011688232422e+01
1.168435287475585938e+01
1.168480873107910156e+01
1.219530391693115234e+01
1.172907829284667969e+01
1.125490188598632812e+01
1.181522464752197266e+01
1.118373584747314453e+01
1.173915004730224609e+01
1.205318546295166016e+01
1.154657459259033203e+01
1.220210742950439453e+01
1.012075233459472656e+01
1.139818668365478516e+01
1.150996112823486328e+01
1.139408493041992188e+01
1.237667560577392578e+01
1.142150402069091797e+01
1.138901138305664062e+01
1.159919452667236328e+01
1.152860450744628906e+01
1.165210151672363281e+01
1.145521545410156250e+01
1.149769973754882812e+01
1.124512290954589844e+01
1.183469295501708984e+01
1.169557571411132812e+01
1.131934642791748047e+01
1.153900909423828125e+01
1.142700672149658203e+01
1.393867015838623047e+01
1.169127559661865234e+01
1.194463443756103516e+01
1.150178432464599609e+01
1.101534461975097656e+01
1.287438678741455078e+01
1.190755462646484375e+01
1.128835678100585938e+01
1.169975280761718750e+01
1.214952278137207031e+01
1.055426597595214844e+01
1.171780109405517578e+01
1.140865135192871094e+01
1.118493366241455078e+01
1.094147014617919922e+01
1.164563465118408203e+01
1.172308444976806641e+01
1.046012115478515625e+01
1.130884170532226562e+01
1.129529953002929688e+01
1.163581562042236328e+01
1.169022464752197266e+01
1.128223896026611328e+01
1.150202751159667969e+01
1.165871524810791016e+01
1.128856849670410156e+01
1.132968807220458984e+01
1.173354625701904297e+01
1.197303676605224609e+01
1.092410278320312500e+01
1.155207633972167969e+01
1.145683670043945312e+01
1.173658657073974609e+01
1.164088249206542969e+01
1.183487129211425781e+01
1.144491481781005859e+01
1.172581577301025391e+01
1.078127193450927734e+01
1.134255981445312500e+01
1.185511398315429688e+01
1.091151142120361328e+01
1.270765686035156250e+01
1.160239887237548828e+01
1.153880119323730469e+01
1.171346950531005859e+01
1.204122543334960938e+01
1.117261409759521484e+01
1.216781806945800781e+01
1.199138450622558594e+01
1.118959903717041016e+01
1.107490348815917969e+01
1.159324836730957031e+01
1.150121212005615234e+01
1.172434234619140625e+01
1.117763423919677734e+01
1.158353996276855469e+01
1.103710556030273438e+01
1.137427234649658203e+01
1.184402465820312500e+01
1.147592735290527344e+01
1.167948055267333984e+01
1.216272830963134766e+01
1.089922332763671875e+01
1.186983203887939453e+01
1.166154289245605469e+01
1.189932060241699219e+01
1.205438232421875000e+01
1.185528087615966797e+01
1.183290767669677734e+01
1.180373287200927734e+01
1.105284500122070312e+01
1.149115276336669922e+01
1.172270488739013672e+01
1.185693168640136719e+01
1.144404602050781250e+01
1.151858901977539062e+01
1.168281364440917969e+01
1.147337627410888672e+01
1.161361122131347656e+01
1.050776290893554688e+01
1.192239761352539062e+01
1.192371368408203125e+01
1.158623123168945312e+01
1.158658885955810547e+01
1.120730209350585938e+01
1.168787193298339844e+01
1.190711784362792969e+01
1.149152469635009766e+01
1.088717269897460938e+01
1.120739269256591797e+01
1.150135421752929688e+01
1.110581588745117188e+01
1.089384365081787109e+01
1.134197521209716797e+01
1.140756511688232422e+01
1.152966594696044922e+01
1.165366458892822266e+01
1.237259864807128906e+01
1.253866100311279297e+01
1.113165664672851562e+01
1.178979396820068359e+01
1.123710632324218750e+01
1.145520782470703125e+01
1.066278076171875000e+01
1.179331302642822266e+01
1.143365097045898438e+01
1.194890022277832031e+01
1.143764972686767578e+01
1.131307888031005859e+01
1.139482212066650391e+01
1.228094768524169922e+01
1.145769023895263672e+01
1.178483772277832031e+01
1.131893825531005859e+01
1.171999835968017578e+01
1.175059986114501953e+01
1.142916584014892578e+01
1.167453384399414062e+01
1.136060523986816406e+01
1.199646949768066406e+01
1.192260742187500000e+01
1.075333595275878906e+01
1.174021434783935547e+01
1.213449859619140625e+01
1.126562309265136719e+01
1.184487915039062500e+01
1.136736774444580078e+01
1.124737930297851562e+01
1.148950099945068359e+01
1.146171474456787109e+01
1.089253234863281250e+01
1.122433090209960938e+01
1.160121250152587891e+01
1.126443958282470703e+01
1.131432819366455078e+01
1.138032531738281250e+01
1.194396400451660156e+01
1.207117080688476562e+01
1.183390331268310547e+01
1.063133239746093750e+01
1.175777339935302734e+01
1.156320667266845703e+01
1.178588199615478516e+01
1.243797492980957031e+01
1.170349121093750000e+01
1.135322093963623047e+01
1.129649353027343750e+01
1.127108001708984375e+01
1.201996517181396484e+01
1.128512573242187500e+01
1.170732498168945312e+01
1.156971263885498047e+01
1.177946472167968750e+01
1.204486942291259766e+01
1.057109737396240234e+01
1.118509960174560547e+01
1.167988491058349609e+01
1.149651336669921875e+01
1.140708065032958984e+01
1.321619129180908203e+01
1.133810710906982422e+01
1.139733505249023438e+01
1.190562152862548828e+01
1.174937915802001953e+01
1.177923679351806641e+01
1.204035949707031250e+01
1.192353248596191406e+01
1.133047676086425781e+01
1.155612182617187500e+01
1.315174865722656250e+01
1.181640911102294922e+01
1.103446006774902344e+01
1.115491294860839844e+01
1.050943088531494141e+01
1.146031188964843750e+01
1.159397029876708984e+01
1.263891601562500000e+01
1.147409439086914062e+01
1.137438964843750000e+01
1.175665569305419922e+01
1.184737110137939453e+01
1.156418323516845703e+01
1.126951122283935547e+01
1.091714286804199219e+01
1.165122985839843750e+01
1.138047695159912109e+01
1.064517593383789062e+01
1.131394672393798828e+01
1.124413967132568359e+01
1.126261043548583984e+01
1.119109725952148438e+01
1.197094345092773438e+01
1.158458137512207031e+01
1.195625114440917969e+01
1.119726276397705078e+01
1.172827148437500000e+01
1.148974609375000000e+01
1.187751770019531250e+01
1.117051982879638672e+01
1.209216976165771484e+01
1.203914451599121094e+01
1.044739151000976562e+01
1.111326313018798828e+01
1.046048641204833984e+01
1.143673419952392578e+01
1.161785984039306641e+01
1.175322341918945312e+01
1.187912082672119141e+01
1.141944789886474609e+01
1.154074668884277344e+01
1.209052753448486328e+01
1.185836219787597656e+01
1.172477817535400391e+01
1.150425720214843750e+01
1.147578144073486328e+01
1.123674297332763672e+01
1.121871089935302734e+01
1.158301639556884766e+01
1.180701065063476562e+01
1.145358371734619141e+01
1.136267375946044922e+01
1.114289188385009766e+01
1.233148956298828125e+01
1.107209205627441406e+01
1.164744663238525391e+01
1.152703666687011719e+01
1.144624996185302734e+01
1.202758502960205078e+01
1.268114280700683594e+01
1.171241760253906250e+01
1.064089584350585938e+01
1.096424293518066406e+01
1.128139019012451172e+01
1.193678474426269531e+01
1.129760074615478516e+01
1.169754123687744141e+01
1.017280673980712891e+01
1.162349033355712891e+01
1.188823509216308594e+01
1.238025474548339844e+01
1.166703891754150391e+01
1.126039123535156250e+01
1.205640220642089844e+01
1.150342178344726562e+01
1.126985263824462891e+01
1.256265830993652344e+01
1.153827667236328125e+01
1.094336223602294922e+01
1.098442173004150391e+01
1.152178096771240234e+01
1.044028377532958984e+01
1.163820838928222656e+01
1.087751293182373047e+01
1.163218879699707031e+01
1.136491298675537109e+01
1.187264156341552734e+01
1.127270698547363281e+01
9.950059890747070312e+00
1.119850540161132812e+01
1.085306549072265625e+01
1.142130661010742188e+01
1.174575328826904297e+01
1.208427619934082031e+01
1.214016056060791016e+01
1.168170070648193359e+01
1.169634056091308594e+01
1.111861515045166016e+01
1.154102802276611328e+01
1.179633140563964844e+01
1.249616718292236328e+01
1.130620193481445312e+01
1.152318477630615234e+01
1.175588989257812500e+01
1.029701614379882812e+01
1.089093780517578125e+01
1.127422332763671875e+01
1.179731655120849609e+01
1.155024909973144531e+01
1.254895401000976562e+01
1.163146972656250000e+01
1.121774864196777344e+01
1.060359954833984375e+01
1.177799320220947266e+01
1.149931335449218750e+01
1.185672092437744141e+01
1.168493175506591797e+01
1.114158916473388672e+01
1.177441024780273438e+01
1.171377086639404297e+01
1.164300441741943359e+01
1.130135726928710938e+01
1.131337070465087891e+01
1.054527282714843750e+01
1.100591564178466797e+01
1.172869873046875000e+01
1.142391395568847656e+01
1.152550411224365234e+01
1.313234710693359375e+01
1.091710567474365234e+01
1.316926193237304688e+01
1.172316169738769531e+01
1.106745147705078125e+01
1.144115161895751953e+01
1.145677375793457031e+01
1.042540168762207031e+01
1.254290676116943359e+01
1.047984695434570312e+01
1.049813652038574219e+01
1.126908874511718750e+01
1.164972496032714844e+01
1.131116104125976562e+01
1.242630672454833984e+01
1.193296146392822266e+01
1.183646106719970703e+01
1.136745548248291016e+01
1.174241828918457031e+01
1.129929351806640625e+01
1.163501644134521484e+01
1.254770088195800781e+01
1.123954010009765625e+01
1.093912982940673828e+01
1.164331340789794922e+01
1.240960216522216797e+01
1.152817916870117188e+01
1.179954051971435547e+01
1.096239757537841797e+01
1.273246288299560547e+01
1.207421684265136719e+01
1.131834506988525391e+01
1.155948257446289062e+01
1.161775493621826172e+01
1.173383045196533203e+01
1.108659648895263672e+01
1.227729797363281250e+01
1.178546047210693359e+01
1.180916023254394531e+01
1.185949611663818359e+01
1.085000038146972656e+01
1.218531513214111328e+01
1.242813491821289062e+01
1.145277023315429688e+01
1.115966129302978516e+01
1.157625198364257812e+01
1.118919277191162109e+01
1.148285961151123047e+01
1.140920352935791016e+01
1.165844345092773438e+01
1.172146606445312500e+01
1.123433876037597656e+01
1.099301624298095703e+01
1.146743679046630859e+01
1.234754848480224609e+01
1.181352424621582031e+01
1.166989040374755859e+01
1.188364315032958984e+01
1.160346984863281250e+01
1.149386978149414062e+01
1.173346805572509766e+01
1.174005031585693359e+01
1.143208599090576172e+01
1.126588439941406250e+01
1.149203777313232422e+01
1.115092945098876953e+01
1.104672718048095703e+01
1.168057250976562500e+01
1.162407684326171875e+01
1.084070205688476562e+01
1.161194705963134766e+01
1.174268531799316406e+01
1.188070487976074219e+01
1.152874469757080078e+01
1.144258117675781250e+01
1.104958629608154297e+01
1.170003509521484375e+01
1.122602844238281250e+01
1.223120975494384766e+01
1.134311866760253906e+01
1.129206180572509766e+01
1.100294017791748047e+01
1.161677265167236328e+01
1.121534729003906250e+01
1.232846355438232422e+01
1.173521900177001953e+01
1.168060588836669922e+01
1.177398586273193359e+01
1.180937767028808594e+01
1.163726806640625000e+01
1.237054634094238281e+01
1.171454906463623047e+01
1.128779602050781250e+01
1.154167461395263672e+01
1.188738727569580078e+01
1.152291584014892578e+01
1.143593311309814453e+01
1.136625003814697266e+01
1.175648880004882812e+01
1.199213409423828125e+01
1.157564353942871094e+01
1.164262866973876953e+01
1.185519599914550781e+01
1.166178226470947266e+01
1.181130981445312500e+01
1.064505767822265625e+01
1.149716758728027344e+01
1.157362270355224609e+01
1.188059902191162109e+01
1.060916709899902344e+01
1.197856903076171875e+01
1.186473751068115234e+01
1.175226116180419922e+01
1.163403606414794922e+01
1.190566062927246094e+01
1.162171554565429688e+01
1.083629989624023438e+01
1.150099086761474609e+01
1.081173801422119141e+01
1.162737941741943359e+01
1.189033889770507812e+01
1.179392337799072266e+01
1.166162967681884766e+01
1.023585224151611328e+01
1.271654224395751953e+01
1.199433803558349609e+01
1.201439189910888672e+01
1.123691177368164062e+01
1.185001945495605469e+01
1.076568508148193359e+01
1.204127883911132812e+01
1.215048313140869141e+01
1.242130851745605469e+01
1.164990997314453125e+01
1.178440570831298828e+01
1.176770210266113281e+01
1.134764289855957031e+01
1.161069107055664062e+01
1.156780529022216797e+01
1.065974903106689453e+01
1.128000926971435547e+01
1.155164432525634766e+01
1.158243656158447266e+01
1.112424659729003906e+01
1.197279739379882812e+01
1.134825420379638672e+01
1.128079414367675781e+01
1.142759132385253906e+01
1.154945755004882812e+01
1.192595767974853516e+01
1.135460472106933594e+01
1.165553569793701172e+01
1.166348361968994141e+01
1.314589691162109375e+01
1.162420845031738281e+01
1.164810085296630859e+01
1.131545448303222656e+01
1.130581569671630859e+01
1.319981288909912109e+01
1.061363124847412109e+01
1.125780296325683594e+01
1.192457389831542969e+01
1.177587223052978516e+01
1.356904411315917969e+01
1.232371616363525391e+01
1.096390914916992188e+01
1.211164474487304688e+01
1.173118782043457031e+01
1.180902385711669922e+01
1.138111686706542969e+01
1.194773101806640625e+01
1.179119586944580078e+01
1.118407058715820312e+01
1.240715217590332031e+01
1.278267097473144531e+01
1.144067478179931641e+01
1.290435695648193359e+01
1.112438583374023438e+01
1.160363292694091797e+01
1.095311737060546875e+01
1.117683029174804688e+01
1.163539791107177734e+01
1.126483631134033203e+01
1.207112312316894531e+01
1.187191390991210938e+01
1.148056983947753906e+01
1.191556453704833984e+01
1.129183006286621094e+01
1.134053802490234375e+01
1.122374820709228516e+01
1.274926280975341797e+01
1.147819232940673828e+01
1.090558338165283203e+01
1.177970218658447266e+01
1.159510326385498047e+01
1.089839935302734375e+01
1.090737915039062500e+01
1.136641216278076172e+01
1.145598697662353516e+01
1.241877841949462891e+01
1.108914375305175781e+01
1.004518032073974609e+01
1.160608005523681641e+01
1.191383457183837891e+01
1.087629985809326172e+01
