1.242411422729492188e+01
1.184444808959960938e+01
1.146789741516113281e+01
1.128765678405761719e+01
1.211658763885498047e+01
1.141830825805664062e+01
1.129514312744140625e+01
1.177030849456787109e+01
1.108905220031738281e+01
1.155804443359375000e+01
1.100784683227539062e+01
1.310476493835449219e+01
1.149798107147216797e+01
1.358859825134277344e+01
1.191740798950195312e+01
1.204587364196777344e+01
1.241674995422363281e+01
1.124323940277099609e+01
1.160149097442626953e+01
1.259498691558837891e+01
1.132201576232910156e+01
1.177914524078369141e+01
1.189993667602539062e+01
1.245772647857666016e+01
1.186377716064453125e+01
1.149762725830078125e+01
9.508924484252929688e+00
1.222339820861816406e+01
1.191193294525146484e+01
1.176457023620605469e+01
1.130788993835449219e+01
1.356249809265136719e+01
1.143648624420166016e+01
1.127442455291748047e+01
1.181176090240478516e+01
1.212886428833007812e+01
1.168152523040771484e+01
1.143492221832275391e+01
1.362691307067871094e+01
1.147031688690185547e+01
1.187430095672607422e+01
1.161011219024658203e+01
1.141162109375000000e+01
1.203532218933105469e+01
1.072096729278564453e+01
1.206740283966064453e+01
1.234068489074707031e+01
1.125373840332031250e+01
1.224658203125000000e+01
1.134012317657470703e+01
1.164411354064941406e+01
1.018973159790039062e+01
1.152998733520507812e+01
1.138056945800781250e+01
1.132995128631591797e+01
1.190864944458007812e+01
1.406692028045654297e+01
1.177725696563720703e+01
1.198166656494140625e+01
1.177596473693847656e+01
1.171411895751953125e+01
1.165751838684082031e+01
1.047202873229980469e+01
1.170670318603515625e+01
1.223281955718994141e+01
1.347698974609375000e+01
1.167024707794189453e+01
1.162813949584960938e+01
1.199949836730957031e+01
1.228928756713867188e+01
1.195287609100341797e+01
1.124793148040771484e+01
1.085249900817871094e+01
1.138457489013671875e+01
1.204860973358154297e+01
1.164849567413330078e+01
9.922465324401855469e+00
1.113686943054199219e+01
1.150580978393554688e+01
1.112015724182128906e+01
1.162454700469970703e+01
1.170397186279296875e+01
1.155984687805175781e+01
1.119299793243408203e+01
1.137811946868896484e+01
1.137049865722656250e+01
1.192780303955078125e+01
1.176561069488525391e+01
1.274176311492919922e+01
1.127010536193847656e+01
1.131253337860107422e+01
1.169021987915039062e+01
1.204057121276855469e+01
1.170470523834228516e+01
1.149541091918945312e+01
1.098578071594238281e+01
1.141841888427734375e+01
1.156259918212890625e+01
1.157999420166015625e+01
1.256043243408203125e+01
1.097402191162109375e+01
1.131179237365722656e+01
1.136215686798095703e+01
1.133481216430664062e+01
1.295405960083007812e+01
1.172505378723144531e+01
1.192660427093505859e+01
1.162205505371093750e+01
1.149224090576171875e+01
1.125514888763427734e+01
1.197050476074218750e+01
1.212341022491455078e+01
1.260342788696289062e+01
1.238011837005615234e+01
1.132779693603515625e+01
1.188230991363525391e+01
1.209510517120361328e+01
1.191606998443603516e+01
1.328373813629150391e+01
1.224385643005371094e+01
1.202105236053466797e+01
1.042749977111816406e+01
1.192257881164550781e+01
1.079691886901855469e+01
1.147745227813720703e+01
1.226464557647705078e+01
1.236452770233154297e+01
1.179794979095458984e+01
1.206697940826416016e+01
1.153182601928710938e+01
1.107718276977539062e+01
1.143204879760742188e+01
1.158425045013427734e+01
1.135703945159912109e+01
1.161673831939697266e+01
1.157908821105957031e+01
1.136535358428955078e+01
1.156110191345214844e+01
1.157445812225341797e+01
1.147268009185791016e+01
1.124427223205566406e+01
1.108328151702880859e+01
1.199112796783447266e+01
1.125740051269531250e+01
1.017668533325195312e+01
1.189949607849121094e+01
1.283555698394775391e+01
1.127563285827636719e+01
1.129462432861328125e+01
1.149188899993896484e+01
1.150570964813232422e+01
1.147943019866943359e+01
1.151744174957275391e+01
1.106066513061523438e+01
1.134481430053710938e+01
1.142549514770507812e+01
1.153275585174560547e+01
1.200700759887695312e+01
1.177851581573486328e+01
1.109610748291015625e+01
1.130981254577636719e+01
1.296391487121582031e+01
1.177546691894531250e+01
1.308053207397460938e+01
1.214264678955078125e+01
1.164008712768554688e+01
1.154008102416992188e+01
1.125118446350097656e+01
1.167555999755859375e+01
1.155860424041748047e+01
1.159783267974853516e+01
1.378942775726318359e+01
1.166800117492675781e+01
1.135929775238037109e+01
1.179230976104736328e+01
1.304885005950927734e+01
1.062147235870361328e+01
1.192647647857666016e+01
1.189816761016845703e+01
1.275492286682128906e+01
1.257584953308105469e+01
1.141719532012939453e+01
1.108329486846923828e+01
1.115496063232421875e+01
1.151582717895507812e+01
1.164134788513183594e+01
1.140000152587890625e+01
1.233689975738525391e+01
1.135881137847900391e+01
1.174978923797607422e+01
1.111008930206298828e+01
1.298162555694580078e+01
1.173228359222412109e+01
1.153748416900634766e+01
1.168483734130859375e+01
1.401856136322021484e+01
1.160781288146972656e+01
1.214228343963623047e+01
1.311502456665039062e+01
1.128048324584960938e+01
1.194640254974365234e+01
1.209038734436035156e+01
1.361874294281005859e+01
1.314576435089111328e+01
1.205446434020996094e+01
1.304554080963134766e+01
1.251831340789794922e+01
1.380338859558105469e+01
1.127840328216552734e+01
1.176065921783447266e+01
1.205183315277099609e+01
1.189750957489013672e+01
1.284730911254882812e+01
1.130179405212402344e+01
1.221235179901123047e+01
1.184946060180664062e+01
1.173358440399169922e+01
1.007406425476074219e+01
1.283273601531982422e+01
1.113444137573242188e+01
1.195462226867675781e+01
1.173275661468505859e+01
1.102571105957031250e+01
1.214367771148681641e+01
1.092553424835205078e+01
1.189451313018798828e+01
1.162292575836181641e+01
1.204614067077636719e+01
1.190733909606933594e+01
1.145736408233642578e+01
1.161441326141357422e+01
1.151185131072998047e+01
1.115430450439453125e+01
1.152274513244628906e+01
1.207423114776611328e+01
1.045218563079833984e+01
1.191993236541748047e+01
1.180786228179931641e+01
1.164918422698974609e+01
1.205384063720703125e+01
1.227304172515869141e+01
1.137944221496582031e+01
1.150334453582763672e+01
1.127934455871582031e+01
1.138172340393066406e+01
1.295979118347167969e+01
1.152842712402343750e+01
1.167704963684082031e+01
1.188227844238281250e+01
1.111189460754394531e+01
1.182807540893554688e+01
1.135067749023437500e+01
1.169898223876953125e+01
1.430016326904296875e+01
1.139820480346679688e+01
1.378161716461181641e+01
1.184618473052978516e+01
1.132874679565429688e+01
1.105698776245117188e+01
1.096428203582763672e+01
1.335095119476318359e+01
1.186323070526123047e+01
1.383818149566650391e+01
1.123032283782958984e+01
1.174743938446044922e+01
1.491922855377197266e+01
1.118924140930175781e+01
1.160008049011230469e+01
1.120118427276611328e+01
1.193790149688720703e+01
1.112947082519531250e+01
1.134327602386474609e+01
1.303371620178222656e+01
1.162537002563476562e+01
1.184979057312011719e+01
1.270469856262207031e+01
1.117723560333251953e+01
1.134789848327636719e+01
1.204715538024902344e+01
1.158677768707275391e+01
1.183212661743164062e+01
1.124894809722900391e+01
1.155213260650634766e+01
1.112577819824218750e+01
1.219903182983398438e+01
1.235431098937988281e+01
1.246579456329345703e+01
1.138688278198242188e+01
1.175279712677001953e+01
1.176598453521728516e+01
1.135398197174072266e+01
1.118031501770019531e+01
1.177683258056640625e+01
1.116081047058105469e+01
1.118822002410888672e+01
1.136347770690917969e+01
1.087875747680664062e+01
1.096367740631103516e+01
1.137975120544433594e+01
1.111451625823974609e+01
1.324223709106445312e+01
1.132360935211181641e+01
1.151472377777099609e+01
1.143340682983398438e+01
1.102123641967773438e+01
1.241456699371337891e+01
1.178277587890625000e+01
1.182733821868896484e+01
1.192569160461425781e+01
1.162905406951904297e+01
1.213507938385009766e+01
1.188274383544921875e+01
1.152736568450927734e+01
1.162216854095458984e+01
1.143332767486572266e+01
9.669673919677734375e+00
1.157694721221923828e+01
1.200404548645019531e+01
1.315509700775146484e+01
1.166650676727294922e+01
1.336226272583007812e+01
1.081482219696044922e+01
1.198541259765625000e+01
1.203786945343017578e+01
1.142779541015625000e+01
1.207162952423095703e+01
1.153672504425048828e+01
1.170021057128906250e+01
1.138434410095214844e+01
1.147014141082763672e+01
1.155581474304199219e+01
1.271134376525878906e+01
1.168669223785400391e+01
1.127750873565673828e+01
1.142508411407470703e+01
1.149356174468994141e+01
1.144175815582275391e+01
1.124910449981689453e+01
1.115571308135986328e+01
1.087768936157226562e+01
1.028753566741943359e+01
1.240578460693359375e+01
1.147228145599365234e+01
1.132087802886962891e+01
1.115726375579833984e+01
1.125850105285644531e+01
1.201482963562011719e+01
1.164341163635253906e+01
1.105353641510009766e+01
1.125482368469238281e+01
1.257663822174072266e+01
1.240069866180419922e+01
1.034197902679443359e+01
1.114719867706298828e+01
1.161008071899414062e+01
1.143140888214111328e+01
1.188408565521240234e+01
9.575611114501953125e+00
1.113269329071044922e+01
1.178986263275146484e+01
1.134645748138427734e+01
1.401150608062744141e+01
1.224617004394531250e+01
1.168290996551513672e+01
1.157821750640869141e+01
9.852266311645507812e+00
1.154517650604248047e+01
1.218026828765869141e+01
1.127441120147705078e+01
1.162742805480957031e+01
1.179265022277832031e+01
1.123102378845214844e+01
1.264302921295166016e+01
1.169002056121826172e+01
1.168064212799072266e+01
1.118990421295166016e+01
1.166554832458496094e+01
1.115950679779052734e+01
1.154581069946289062e+01
1.162037563323974609e+01
1.194945144653320312e+01
1.132857036590576172e+01
1.139845848083496094e+01
9.772804260253906250e+00
1.182442378997802734e+01
1.184565448760986328e+01
1.148714065551757812e+01
1.202892780303955078e+01
1.207967758178710938e+01
1.219175148010253906e+01
1.132502079010009766e+01
1.165246677398681641e+01
1.142051124572753906e+01
1.270650577545166016e+01
1.209742927551269531e+01
1.135111236572265625e+01
1.188780307769775391e+01
1.164255619049072266e+01
1.149476718902587891e+01
1.486168956756591797e+01
1.120696353912353516e+01
1.261882019042968750e+01
1.232883167266845703e+01
1.171580505371093750e+01
1.144703674316406250e+01
1.166626358032226562e+01
1.152608013153076172e+01
1.149162197113037109e+01
1.125564861297607422e+01
1.086304950714111328e+01
1.173314094543457031e+01
1.226990890502929688e+01
1.168047618865966797e+01
1.277767562866210938e+01
1.243194580078125000e+01
1.094350433349609375e+01
1.179190158843994141e+01
1.226100444793701172e+01
1.178433704376220703e+01
1.186897087097167969e+01
1.148689174652099609e+01
1.066245651245117188e+01
1.128028964996337891e+01
1.053698062896728516e+01
1.231775951385498047e+01
1.195027065277099609e+01
1.184591197967529297e+01
1.194090461730957031e+01
1.205619049072265625e+01
1.340131187438964844e+01
1.142421531677246094e+01
1.182172393798828125e+01
1.175762176513671875e+01
1.224367523193359375e+01
1.215756893157958984e+01
1.128514194488525391e+01
1.253304767608642578e+01
1.192690753936767578e+01
9.965561866760253906e+00
1.164843082427978516e+01
1.207981777191162109e+01
1.159580135345458984e+01
1.175504779815673828e+01
1.103159999847412109e+01
1.374166870117187500e+01
1.173585319519042969e+01
1.407833480834960938e+01
1.144760704040527344e+01
1.143112564086914062e+01
1.181106090545654297e+01
1.115873241424560547e+01
1.203975009918212891e+01
1.206717109680175781e+01
1.152035522460937500e+01
1.127746582031250000e+01
1.203199100494384766e+01
1.118688678741455078e+01
1.078083705902099609e+01
1.190178298950195312e+01
1.181531810760498047e+01
1.197736072540283203e+01
1.302997970581054688e+01
1.154450225830078125e+01
1.214178562164306641e+01
1.167633819580078125e+01
1.209715938568115234e+01
1.184273624420166016e+01
1.170928001403808594e+01
1.197583293914794922e+01
1.188047504425048828e+01
1.202664661407470703e+01
1.255891036987304688e+01
1.138425350189208984e+01
1.217494869232177734e+01
1.104640197753906250e+01
1.131828022003173828e+01
1.176330947875976562e+01
1.256723499298095703e+01
1.252189064025878906e+01
1.196670818328857422e+01
1.127167987823486328e+01
1.104370117187500000e+01
1.117584609985351562e+01
1.195660972595214844e+01
1.136862850189208984e+01
1.224380207061767578e+01
1.182284355163574219e+01
1.128580188751220703e+01
1.205627059936523438e+01
1.183432197570800781e+01
1.208530998229980469e+01
1.179921436309814453e+01
1.180948448181152344e+01
1.164410686492919922e+01
1.138032436370849609e+01
1.152652359008789062e+01
1.143206691741943359e+01
1.174842834472656250e+01
1.157491588592529297e+01
1.171355152130126953e+01
1.189565467834472656e+01
1.228884792327880859e+01
1.323538112640380859e+01
1.190210342407226562e+01
1.147613620758056641e+01
1.113879108428955078e+01
1.150874233245849609e+01
1.079885959625244141e+01
1.121788597106933594e+01
1.190181350708007812e+01
1.146887397766113281e+01
1.181700229644775391e+01
1.166999053955078125e+01
1.165117931365966797e+01
1.102490234375000000e+01
1.143650722503662109e+01
1.224440002441406250e+01
1.121541023254394531e+01
1.154541301727294922e+01
1.122945308685302734e+01
1.134687805175781250e+01
1.145870590209960938e+01
1.196474266052246094e+01
1.252948665618896484e+01
1.237059783935546875e+01
1.140604686737060547e+01
1.211354255676269531e+01
1.174366283416748047e+01
1.134963703155517578e+01
1.178216648101806641e+01
1.149127483367919922e+01
1.210223674774169922e+01
1.122372341156005859e+01
1.134320449829101562e+01
1.152033996582031250e+01
1.167404556274414062e+01
1.156075096130371094e+01
1.156916522979736328e+01
1.159399318695068359e+01
1.172312259674072266e+01
1.312317848205566406e+01
1.194171905517578125e+01
1.148361301422119141e+01
1.204148674011230469e+01
1.187788009643554688e+01
1.125936985015869141e+01
1.152923297882080078e+01
1.166476058959960938e+01
1.263945770263671875e+01
1.180534458160400391e+01
1.282064247131347656e+01
1.130756759643554688e+01
1.148343276977539062e+01
1.124179077148437500e+01
1.110381126403808594e+01
1.151180553436279297e+01
1.192242431640625000e+01
1.108163356781005859e+01
1.160399246215820312e+01
1.342713546752929688e+01
1.175169372558593750e+01
1.115120601654052734e+01
1.164613819122314453e+01
1.162159538269042969e+01
1.171880340576171875e+01
1.185407257080078125e+01
1.185554885864257812e+01
1.157611942291259766e+01
1.134686660766601562e+01
1.146897220611572266e+01
1.169517517089843750e+01
1.160834312438964844e+01
1.407560253143310547e+01
1.153590488433837891e+01
1.190428543090820312e+01
1.115664005279541016e+01
1.094275856018066406e+01
1.183539962768554688e+01
1.156002998352050781e+01
1.132071399688720703e+01
1.169078922271728516e+01
1.238274097442626953e+01
1.181993770599365234e+01
1.227449131011962891e+01
1.200334358215332031e+01
1.171728897094726562e+01
1.271951198577880859e+01
1.193010139465332031e+01
1.276185703277587891e+01
1.319210815429687500e+01
1.188660240173339844e+01
1.095253181457519531e+01
1.286284923553466797e+01
1.117181777954101562e+01
1.177779483795166016e+01
1.145283603668212891e+01
1.169870376586914062e+01
1.165264892578125000e+01
1.183748054504394531e+01
1.094409942626953125e+01
1.287153244018554688e+01
1.309610271453857422e+01
1.356366539001464844e+01
1.134613800048828125e+01
1.121226310729980469e+01
1.153756999969482422e+01
1.162899875640869141e+01
1.140194988250732422e+01
1.466409778594970703e+01
1.210981559753417969e+01
1.170427417755126953e+01
1.278374576568603516e+01
1.235163974761962891e+01
1.161364173889160156e+01
1.088368225097656250e+01
1.176382255554199219e+01
1.164342498779296875e+01
1.101815986633300781e+01
1.128696537017822266e+01
1.215235519409179688e+01
1.171187686920166016e+01
1.201866722106933594e+01
1.148006248474121094e+01
1.184333324432373047e+01
1.161297225952148438e+01
1.199139881134033203e+01
1.171382999420166016e+01
1.380166530609130859e+01
1.141479587554931641e+01
1.170508098602294922e+01
1.170728492736816406e+01
1.138433074951171875e+01
1.129346275329589844e+01
1.183692169189453125e+01
1.172498416900634766e+01
1.171533012390136719e+01
1.061817741394042969e+01
1.074495029449462891e+01
1.176346302032470703e+01
1.138446521759033203e+01
1.184160327911376953e+01
1.119679164886474609e+01
1.301016139984130859e+01
1.202433013916015625e+01
1.154601287841796875e+01
1.144095802307128906e+01
1.076083087921142578e+01
1.269522476196289062e+01
1.235689258575439453e+01
1.169179916381835938e+01
1.114384555816650391e+01
1.085622406005859375e+01
1.179871368408203125e+01
1.257669258117675781e+01
1.204657745361328125e+01
1.321931934356689453e+01
1.151793766021728516e+01
1.143422794342041016e+01
1.214764308929443359e+01
1.261699295043945312e+01
1.124741172790527344e+01
1.187335777282714844e+01
1.143869018554687500e+01
1.152210998535156250e+01
1.310104179382324219e+01
1.270850372314453125e+01
1.143667125701904297e+01
1.187618637084960938e+01
1.112484359741210938e+01
1.151214790344238281e+01
1.122025203704833984e+01
1.231337165832519531e+01
1.085014247894287109e+01
1.234447765350341797e+01
1.178413772583007812e+01
1.147686767578125000e+01
1.126768684387207031e+01
1.193565177917480469e+01
1.183018875122070312e+01
1.203410053253173828e+01
1.223472595214843750e+01
1.133471965789794922e+01
1.190560626983642578e+01
1.139693260192871094e+01
1.256090450286865234e+01
1.140631294250488281e+01
1.144801712036132812e+01
1.418217563629150391e+01
1.160247135162353516e+01
1.173869323730468750e+01
1.170754528045654297e+01
1.217632102966308594e+01
1.298069953918457031e+01
1.111650753021240234e+01
1.131478118896484375e+01
1.118413066864013672e+01
1.207172584533691406e+01
1.134389972686767578e+01
1.165736865997314453e+01
1.293152999877929688e+01
1.153122520446777344e+01
1.135569095611572266e+01
1.370180606842041016e+01
1.187815284729003906e+01
1.206552791595458984e+01
1.232180309295654297e+01
1.150863838195800781e+01
1.165474128723144531e+01
1.219784927368164062e+01
1.114158344268798828e+01
1.191897773742675781e+01
1.188793373107910156e+01
1.192555522918701172e+01
1.046063327789306641e+01
1.134529018402099609e+01
1.169892024993896484e+01
1.278897285461425781e+01
1.167128086090087891e+01
1.179963397979736328e+01
1.012749481201171875e+01
1.237444496154785156e+01
1.212488365173339844e+01
1.141603565216064453e+01
1.172641372680664062e+01
1.154155349731445312e+01
1.180784988403320312e+01
1.134200668334960938e+01
1.148160171508789062e+01
1.141419029235839844e+01
1.233046245574951172e+01
1.148305797576904297e+01
1.118766880035400391e+01
1.293129825592041016e+01
1.163618850708007812e+01
1.146942615509033203e+01
1.159857749938964844e+01
1.120094776153564453e+01
1.138816928863525391e+01
1.231946754455566406e+01
1.132183074951171875e+01
1.175573158264160156e+01
1.072437095642089844e+01
1.172265815734863281e+01
1.160033416748046875e+01
1.162418365478515625e+01
1.195334911346435547e+01
1.138010025024414062e+01
1.314550781250000000e+01
1.157836341857910156e+01
1.124599552154541016e+01
1.188287925720214844e+01
1.165498065948486328e+01
1.137358856201171875e+01
1.137802505493164062e+01
1.145648860931396484e+01
1.156250476837158203e+01
9.741881370544433594e+00
1.178743743896484375e+01
1.217864036560058594e+01
1.156439208984375000e+01
1.173388481140136719e+01
1.128342723846435547e+01
1.199637794494628906e+01
1.120495319366455078e+01
1.132123088836669922e+01
1.121369934082031250e+01
1.150311088562011719e+01
1.029190826416015625e+01
1.271619129180908203e+01
1.143414115905761719e+01
1.178176689147949219e+01
1.188494396209716797e+01
1.134559440612792969e+01
1.160037231445312500e+01
1.127741432189941406e+01
1.267741775512695312e+01
1.142282867431640625e+01
1.139942359924316406e+01
1.219612407684326172e+01
1.139897251129150391e+01
1.117194557189941406e+01
1.133297443389892578e+01
1.232422924041748047e+01
1.183020877838134766e+01
1.254881477355957031e+01
1.297875404357910156e+01
1.126278877258300781e+01
1.169565010070800781e+01
1.166961193084716797e+01
1.107223606109619141e+01
1.116102600097656250e+01
1.176219558715820312e+01
1.180110073089599609e+01
1.272789669036865234e+01
1.110665893554687500e+01
1.166665554046630859e+01
1.161103153228759766e+01
1.165921688079833984e+01
1.148981761932373047e+01
1.161569499969482422e+01
1.243731403350830078e+01
1.037079048156738281e+01
1.130494976043701172e+01
1.119826793670654297e+01
1.165246200561523438e+01
1.272574615478515625e+01
1.135287475585937500e+01
1.039881896972656250e+01
1.183966350555419922e+01
1.289686965942382812e+01
1.349844455718994141e+01
1.160609436035156250e+01
1.137259769439697266e+01
1.161412715911865234e+01
1.308398342132568359e+01
1.285334682464599609e+01
1.178657054901123047e+01
1.177018642425537109e+01
1.183592605590820312e+01
1.126277351379394531e+01
1.157547664642333984e+01
1.173495674133300781e+01
1.232318496704101562e+01
1.136617374420166016e+01
1.137082767486572266e+01
1.365281009674072266e+01
1.126573753356933594e+01
1.187554454803466797e+01
1.303192424774169922e+01
1.149350166320800781e+01
1.149143314361572266e+01
1.209088897705078125e+01
1.192872524261474609e+01
1.160841178894042969e+01
1.108786964416503906e+01
1.129647541046142578e+01
1.166192817687988281e+01
1.154122352600097656e+01
1.140742015838623047e+01
1.167325878143310547e+01
1.391236114501953125e+01
1.153442287445068359e+01
1.160309696197509766e+01
1.169702243804931641e+01
1.198456478118896484e+01
1.196295642852783203e+01
1.243617534637451172e+01
1.173702144622802734e+01
1.132267665863037109e+01
1.185651493072509766e+01
1.133150863647460938e+01
1.204638481140136719e+01
1.181724262237548828e+01
1.155379104614257812e+01
1.139927959442138672e+01
1.112692451477050781e+01
1.127346324920654297e+01
1.224383258819580078e+01
1.138129997253417969e+01
1.164922714233398438e+01
1.228363704681396484e+01
1.097709083557128906e+01
1.179679393768310547e+01
1.139045810699462891e+01
1.166112327575683594e+01
1.125454044342041016e+01
1.148209476470947266e+01
1.145353031158447266e+01
1.110433292388916016e+01
1.198217487335205078e+01
1.198583412170410156e+01
1.142136096954345703e+01
1.165474128723144531e+01
1.204115295410156250e+01
1.187755584716796875e+01
1.298747634887695312e+01
1.169481468200683594e+01
1.193188571929931641e+01
1.226040267944335938e+01
1.200524044036865234e+01
1.172601985931396484e+01
1.159904956817626953e+01
1.079524707794189453e+01
1.131004047393798828e+01
1.124388885498046875e+01
1.150147533416748047e+01
1.142765998840332031e+01
1.071124362945556641e+01
1.163137149810791016e+01
1.188019752502441406e+01
1.184803009033203125e+01
1.161547946929931641e+01
1.195111560821533203e+01
1.256988620758056641e+01
1.169088554382324219e+01
1.129626750946044922e+01
1.065937805175781250e+01
1.243886947631835938e+01
1.164639186859130859e+01
1.192773437500000000e+01
1.158594894409179688e+01
1.168263244628906250e+01
1.167333602905273438e+01
1.145591640472412109e+01
1.256420516967773438e+01
1.147832012176513672e+01
1.167237281799316406e+01
1.130867385864257812e+01
1.145135974884033203e+01
1.263654518127441406e+01
1.214356803894042969e+01
1.134631824493408203e+01
1.179022026062011719e+01
1.136919307708740234e+01
1.156287193298339844e+01
1.047672653198242188e+01
1.160718345642089844e+01
1.198164463043212891e+01
1.094014930725097656e+01
1.107684707641601562e+01
1.174489116668701172e+01
1.132301044464111328e+01
1.209770011901855469e+01
1.221735095977783203e+01
1.189430236816406250e+01
1.116174793243408203e+01
1.180328369140625000e+01
1.190577316284179688e+01
1.174389743804931641e+01
1.122451782226562500e+01
1.119076061248779297e+01
1.136678123474121094e+01
1.131999683380126953e+01
1.126552867889404297e+01
1.185148715972900391e+01
1.220315074920654297e+01
1.397003459930419922e+01
1.161225509643554688e+01
1.310903930664062500e+01
1.191860961914062500e+01
1.143366813659667969e+01
1.130136489868164062e+01
1.122356224060058594e+01
1.283844947814941406e+01
1.175263023376464844e+01
1.295353317260742188e+01
1.288108444213867188e+01
1.129629039764404297e+01
1.199171733856201172e+01
1.322392749786376953e+01
1.198251247406005859e+01
1.134725666046142578e+01
1.164400005340576172e+01
1.210641670227050781e+01
1.171521854400634766e+01
1.163010025024414062e+01
1.171227931976318359e+01
1.156752872467041016e+01
1.176880073547363281e+01
1.318046283721923828e+01
1.099783706665039062e+01
1.267300224304199219e+01
1.192964363098144531e+01
1.207224369049072266e+01
1.164495849609375000e+01
1.247375488281250000e+01
1.194484424591064453e+01
1.108853054046630859e+01
1.160944843292236328e+01
1.285838699340820312e+01
1.175155544281005859e+01
1.194200420379638672e+01
1.159688282012939453e+01
1.167914009094238281e+01
1.190343475341796875e+01
1.120574569702148438e+01
1.260335540771484375e+01
1.138000011444091797e+01
1.236159133911132812e+01
1.256623458862304688e+01
1.071312141418457031e+01
1.136710071563720703e+01
1.228547096252441406e+01
1.164064025878906250e+01
1.182751655578613281e+01
1.130713272094726562e+01
1.166576194763183594e+01
1.445280647277832031e+01
1.215421199798583984e+01
1.139625644683837891e+01
1.202960395812988281e+01
1.116643619537353516e+01
1.187655162811279297e+01
1.117859745025634766e+01
1.239151000976562500e+01
1.188214015960693359e+01
1.055909442901611328e+01
1.194068431854248047e+01
1.268719482421875000e+01
1.168831920623779297e+01
1.121786403656005859e+01
1.226524543762207031e+01
1.183557128906250000e+01
1.191634273529052734e+01
1.314049434661865234e+01
1.163444232940673828e+01
1.206470108032226562e+01
1.193292331695556641e+01
1.197679519653320312e+01
1.169495582580566406e+01
1.117777538299560547e+01
9.343843460083007812e+00
1.163967037200927734e+01
1.112502861022949219e+01
1.189488887786865234e+01
1.134291744232177734e+01
1.219711971282958984e+01
1.179475116729736328e+01
1.203614330291748047e+01
1.127501773834228516e+01
1.180199337005615234e+01
1.204863643646240234e+01
1.200248622894287109e+01
1.191340351104736328e+01
1.141181755065917969e+01
1.199758720397949219e+01
1.206158828735351562e+01
1.151575469970703125e+01
1.368199825286865234e+01
1.133460044860839844e+01
1.138251876831054688e+01
1.232723903656005859e+01
1.185313320159912109e+01
1.265811061859130859e+01
1.284403228759765625e+01
1.184337329864501953e+01
1.183772945404052734e+01
1.240259552001953125e+01
1.132097721099853516e+01
1.159008407592773438e+01
1.168828964233398438e+01
1.143381214141845703e+01
1.106236743927001953e+01
1.197308063507080078e+01
1.175885105133056641e+01
1.151114654541015625e+01
1.202760314941406250e+01
1.232191848754882812e+01
1.189036750793457031e+01
1.071135997772216797e+01
1.197472572326660156e+01
1.176774024963378906e+01
1.155078125000000000e+01
1.138214683532714844e+01
1.140711116790771484e+01
1.154975795745849609e+01
1.185898876190185547e+01
1.271175098419189453e+01
1.205493736267089844e+01
1.149442768096923828e+01
1.230436992645263672e+01
1.107641124725341797e+01
1.141086673736572266e+01
1.122118949890136719e+01
1.269820499420166016e+01
1.182462692260742188e+01
1.159923648834228516e+01
1.238464832305908203e+01
1.188739395141601562e+01
1.202341556549072266e+01
1.146769428253173828e+01
1.138740348815917969e+01
1.198302936553955078e+01
1.190592575073242188e+01
1.247646999359130859e+01
1.212093353271484375e+01
1.118288516998291016e+01
1.178899288177490234e+01
1.244841194152832031e+01
1.163008213043212891e+01
1.206412410736083984e+01
1.163695430755615234e+01
1.132869338989257812e+01
1.160817241668701172e+01
1.269091701507568359e+01
1.130673027038574219e+01
1.299190902709960938e+01
1.067267227172851562e+01
1.143156433105468750e+01
1.137791919708251953e+01
1.218132019042968750e+01
1.221470737457275391e+01
1.200555896759033203e+01
1.238693046569824219e+01
1.154942321777343750e+01
1.192362403869628906e+01
1.183874797821044922e+01
1.217935085296630859e+01
1.233932876586914062e+01
1.147264957427978516e+01
1.149084091186523438e+01
1.121422672271728516e+01
1.143772315979003906e+01
1.174138832092285156e+01
1.128548336029052734e+01
1.124161720275878906e+01
1.104227447509765625e+01
1.195871353149414062e+01
1.180983543395996094e+01
1.209530448913574219e+01
1.233634185791015625e+01
1.187912750244140625e+01
1.136422348022460938e+01
1.137640666961669922e+01
1.201144027709960938e+01
1.368407249450683594e+01
1.179654884338378906e+01
1.174672603607177734e+01
1.269128990173339844e+01
1.170146083831787109e+01
1.214586353302001953e+01
1.200291347503662109e+01
1.126590919494628906e+01
1.254380702972412109e+01
1.175134658813476562e+01
1.229065513610839844e+01
1.137209701538085938e+01
1.187075710296630859e+01
1.211114597320556641e+01
1.130512523651123047e+01
1.145110797882080078e+01
1.200409603118896484e+01
1.078462600708007812e+01
1.063454818725585938e+01
1.190045166015625000e+01
1.334562397003173828e+01
1.181149196624755859e+01
1.097329902648925781e+01
1.160552787780761719e+01
1.244677925109863281e+01
1.151802349090576172e+01
1.111748600006103516e+01
1.135657691955566406e+01
1.182512092590332031e+01
1.237169361114501953e+01
1.151231765747070312e+01
1.183181476593017578e+01
1.107547187805175781e+01
1.170899868011474609e+01
1.101765155792236328e+01
1.182239341735839844e+01
1.125319862365722656e+01
1.258893203735351562e+01
1.359401893615722656e+01
1.177293205261230469e+01
1.148638343811035156e+01
1.172420501708984375e+01
1.186044120788574219e+01
1.031655788421630859e+01
1.119610118865966797e+01
1.145602226257324219e+01
1.140129280090332031e+01
1.308082389831542969e+01
1.154300785064697266e+01
1.223567390441894531e+01
1.205405139923095703e+01
1.171452140808105469e+01
1.098684692382812500e+01
1.153541469573974609e+01
1.192208671569824219e+01
1.188670349121093750e+01
1.447782325744628906e+01
1.241542053222656250e+01
1.423233127593994141e+01
1.127024078369140625e+01
1.137464904785156250e+01
1.272281646728515625e+01
1.094257926940917969e+01
1.159502696990966797e+01
1.181622982025146484e+01
1.226161098480224609e+01
1.192899513244628906e+01
1.235260486602783203e+01
1.174578762054443359e+01
1.185244560241699219e+01
1.138191127777099609e+01
1.158944225311279297e+01
1.307914257049560547e+01
1.156142902374267578e+01
1.101141166687011719e+01
1.164402866363525391e+01
1.151299571990966797e+01
1.345735645294189453e+01
1.161503601074218750e+01
1.145184135437011719e+01
1.180094051361083984e+01
1.179953193664550781e+01
1.180734729766845703e+01
1.176222705841064453e+01
1.161407375335693359e+01
1.166319370269775391e+01
1.153147602081298828e+01
1.087897109985351562e+01
1.144777393341064453e+01
1.132327175140380859e+01
1.228233528137207031e+01
1.325793361663818359e+01
1.217611122131347656e+01
1.116417312622070312e+01
1.210867309570312500e+01
1.203691959381103516e+01
1.262155723571777344e+01
1.076799297332763672e+01
1.162802124023437500e+01
1.193764686584472656e+01
1.228342151641845703e+01
1.182048511505126953e+01
1.187167167663574219e+01
1.208492183685302734e+01
1.145166969299316406e+01
1.176833057403564453e+01
1.282790756225585938e+01
1.136707782745361328e+01
1.120502185821533203e+01
1.101919364929199219e+01
1.159022808074951172e+01
1.134240627288818359e+01
9.924568176269531250e+00
1.139324855804443359e+01
1.192426109313964844e+01
1.198883628845214844e+01
1.075281906127929688e+01
1.146484947204589844e+01
1.137583446502685547e+01
1.118968486785888672e+01
1.347493267059326172e+01
1.152455425262451172e+01
1.192544937133789062e+01
1.164758586883544922e+01
1.169855594635009766e+01
1.138196372985839844e+01
1.272969055175781250e+01
1.172606277465820312e+01
1.185292148590087891e+01
1.165930366516113281e+01
1.178581237792968750e+01
1.322141456604003906e+01
1.146913909912109375e+01
1.183246231079101562e+01
1.123979949951171875e+01
1.152477645874023438e+01
1.181672000885009766e+01
1.196917152404785156e+01
1.144144153594970703e+01
1.105009746551513672e+01
1.161779975891113281e+01
1.292123699188232422e+01
1.192731857299804688e+01
1.157818603515625000e+01
1.191589260101318359e+01
1.097647285461425781e+01
1.015077114105224609e+01
1.196011543273925781e+01
1.169455432891845703e+01
1.117084598541259766e+01
1.139765453338623047e+01
1.187046623229980469e+01
1.201734924316406250e+01
1.159824657440185547e+01
1.059640979766845703e+01
1.180804634094238281e+01
1.313873100280761719e+01
1.130563735961914062e+01
1.340631675720214844e+01
1.115277290344238281e+01
1.176879119873046875e+01
1.158793640136718750e+01
1.277668571472167969e+01
1.154329967498779297e+01
1.202764225006103516e+01
1.153300094604492188e+01
1.355068683624267578e+01
1.084846782684326172e+01
1.128535747528076172e+01
1.353461456298828125e+01
1.185857868194580078e+01
1.190678977966308594e+01
1.085339260101318359e+01
1.179900741577148438e+01
1.206508541107177734e+01
1.130498600006103516e+01
1.153823280334472656e+01
1.162565422058105469e+01
1.134121608734130859e+01
1.124596023559570312e+01
1.072100543975830078e+01
1.151399898529052734e+01
1.158559608459472656e+01
1.179541110992431641e+01
1.143577480316162109e+01
1.145038223266601562e+01
1.069300937652587891e+01
1.180520057678222656e+01
1.138071823120117188e+01
1.163980102539062500e+01
1.199884414672851562e+01
1.112234592437744141e+01
1.175884437561035156e+01
1.118013000488281250e+01
9.325570106506347656e+00
1.089466762542724609e+01
1.252969169616699219e+01
1.344196987152099609e+01
1.158139038085937500e+01
1.167116928100585938e+01
1.200557422637939453e+01
1.138410472869873047e+01
1.202950000762939453e+01
1.162215518951416016e+01
1.230346488952636719e+01
1.126455974578857422e+01
1.314875125885009766e+01
1.177030181884765625e+01
1.133228015899658203e+01
1.153656101226806641e+01
1.246959877014160156e+01
1.131124305725097656e+01
1.132566738128662109e+01
1.197495174407958984e+01
1.166984272003173828e+01
1.197282123565673828e+01
1.112511444091796875e+01
1.155003833770751953e+01
1.150878143310546875e+01
1.170734310150146484e+01
1.182082366943359375e+01
1.144201374053955078e+01
1.101233291625976562e+01
1.349004650115966797e+01
1.195208835601806641e+01
1.184349536895751953e+01
1.138187599182128906e+01
1.170464611053466797e+01
1.121292400360107422e+01
1.137247180938720703e+01
1.217798042297363281e+01
1.201454448699951172e+01
1.217167282104492188e+01
1.118885326385498047e+01
1.170948123931884766e+01
1.136051082611083984e+01
1.147503662109375000e+01
1.149248600006103516e+01
1.098385334014892578e+01
1.199782085418701172e+01
1.127200222015380859e+01
1.295296192169189453e+01
1.180813121795654297e+01
1.170904636383056641e+01
1.152986145019531250e+01
1.240831851959228516e+01
1.209087085723876953e+01
1.048523807525634766e+01
1.095624637603759766e+01
1.113418388366699219e+01
1.157714176177978516e+01
1.088492488861083984e+01
1.115154361724853516e+01
1.117887210845947266e+01
1.093160724639892578e+01
1.242032909393310547e+01
1.180657005310058594e+01
1.095917129516601562e+01
1.219127082824707031e+01
1.167124462127685547e+01
1.142551231384277344e+01
1.199234104156494141e+01
1.116178894042968750e+01
1.171724319458007812e+01
1.142318916320800781e+01
1.140023040771484375e+01
1.085455131530761719e+01
9.758171081542968750e+00
1.134797382354736328e+01
1.205766963958740234e+01
1.204505634307861328e+01
1.185503196716308594e+01
1.178094863891601562e+01
1.119139766693115234e+01
1.130098056793212891e+01
1.183334732055664062e+01
1.117224597930908203e+01
1.151234054565429688e+01
1.123111248016357422e+01
1.160785865783691406e+01
1.106071853637695312e+01
1.136041736602783203e+01
1.243022823333740234e+01
1.136016559600830078e+01
1.209764194488525391e+01
1.128566169738769531e+01
1.205855751037597656e+01
1.053317546844482422e+01
1.174085140228271484e+01
1.125541019439697266e+01
1.156205940246582031e+01
1.184489631652832031e+01
1.106306934356689453e+01
1.159498596191406250e+01
1.193159770965576172e+01
1.196082305908203125e+01
1.159600639343261719e+01
1.444213962554931641e+01
1.171997451782226562e+01
1.154943752288818359e+01
1.202043437957763672e+01
1.145114040374755859e+01
1.147380733489990234e+01
1.133759212493896484e+01
1.147975444793701172e+01
1.137817192077636719e+01
1.148416328430175781e+01
1.156324386596679688e+01
1.131931781768798828e+01
1.203654384613037109e+01
1.093324565887451172e+01
1.165538311004638672e+01
1.174586486816406250e+01
1.268219089508056641e+01
1.183764362335205078e+01
1.247441291809082031e+01
1.156994533538818359e+01
1.138214492797851562e+01
1.143030548095703125e+01
1.144738101959228516e+01
1.163096141815185547e+01
1.117210578918457031e+01
1.411399745941162109e+01
1.131345176696777344e+01
1.227794837951660156e+01
1.275655651092529297e+01
1.179661369323730469e+01
1.191229057312011719e+01
1.123935508728027344e+01
1.133795642852783203e+01
1.189625930786132812e+01
1.128961086273193359e+01
1.071019363403320312e+01
1.180678462982177734e+01
1.134948730468750000e+01
1.143743133544921875e+01
1.174008655548095703e+01
1.069328689575195312e+01
1.122640419006347656e+01
1.197801303863525391e+01
1.213887214660644531e+01
1.250929164886474609e+01
1.146415996551513672e+01
1.227050113677978516e+01
1.266086292266845703e+01
1.370064449310302734e+01
1.455064964294433594e+01
1.199077415466308594e+01
1.155745887756347656e+01
1.153456687927246094e+01
1.342363166809082031e+01
1.161578369140625000e+01
1.068247032165527344e+01
1.139046764373779297e+01
1.176144027709960938e+01
1.177268409729003906e+01
1.198483943939208984e+01
1.204858589172363281e+01
1.198519134521484375e+01
1.146919345855712891e+01
1.117011833190917969e+01
1.188229179382324219e+01
1.140608215332031250e+01
1.120748043060302734e+01
1.159570217132568359e+01
1.122967147827148438e+01
1.090393066406250000e+01
1.281465816497802734e+01
1.073093986511230469e+01
1.170105934143066406e+01
1.160763645172119141e+01
1.178055000305175781e+01
1.185615634918212891e+01
1.140115261077880859e+01
1.203173446655273438e+01
1.134051609039306641e+01
1.220096683502197266e+01
1.159397315979003906e+01
1.170493507385253906e+01
1.158154010772705078e+01
1.370247554779052734e+01
1.176361846923828125e+01
1.013404273986816406e+01
1.116251850128173828e+01
1.135071182250976562e+01
1.130531501770019531e+01
1.029630088806152344e+01
1.150370883941650391e+01
1.130399608612060547e+01
1.148229217529296875e+01
1.190538120269775391e+01
1.317237186431884766e+01
1.283547210693359375e+01
1.129422283172607422e+01
1.244163513183593750e+01
1.193171119689941406e+01
1.193260288238525391e+01
1.166777420043945312e+01
1.156326103210449219e+01
1.040167427062988281e+01
1.159186935424804688e+01
1.135719299316406250e+01
1.209081745147705078e+01
1.157698059082031250e+01
1.260746097564697266e+01
1.126002216339111328e+01
1.196364688873291016e+01
1.109467029571533203e+01
1.240904998779296875e+01
1.223428153991699219e+01
1.054460525512695312e+01
1.164876651763916016e+01
1.177463912963867188e+01
1.430645656585693359e+01
1.106274700164794922e+01
1.184922599792480469e+01
1.158563804626464844e+01
1.139109706878662109e+01
1.127019786834716797e+01
1.154469299316406250e+01
1.179271793365478516e+01
1.145558357238769531e+01
1.127584838867187500e+01
1.108193969726562500e+01
1.180457115173339844e+01
1.314252090454101562e+01
1.288211536407470703e+01
1.140107250213623047e+01
1.205638027191162109e+01
1.162903976440429688e+01
1.108256626129150391e+01
1.359612464904785156e+01
1.140953445434570312e+01
1.193736553192138672e+01
1.163565826416015625e+01
1.104147148132324219e+01
1.177236652374267578e+01
1.161033725738525391e+01
1.218092250823974609e+01
1.154868507385253906e+01
1.245682334899902344e+01
1.134965229034423828e+01
1.229633712768554688e+01
1.166228199005126953e+01
1.323624038696289062e+01
1.172657585144042969e+01
1.220138359069824219e+01
1.169320964813232422e+01
1.135858440399169922e+01
1.208917522430419922e+01
1.130214977264404297e+01
1.099911117553710938e+01
1.172091770172119141e+01
1.213138008117675781e+01
1.115912151336669922e+01
1.111823177337646484e+01
1.084179496765136719e+01
1.173416233062744141e+01
1.135351276397705078e+01
1.183835506439208984e+01
1.221034622192382812e+01
1.195713138580322266e+01
1.232357883453369141e+01
1.204541969299316406e+01
1.117610168457031250e+01
1.404098701477050781e+01
1.119672107696533203e+01
1.144806098937988281e+01
1.155404567718505859e+01
1.167385005950927734e+01
1.206413269042968750e+01
1.157401752471923828e+01
1.212434959411621094e+01
1.237569427490234375e+01
1.141676139831542969e+01
1.137521171569824219e+01
1.157420921325683594e+01
1.145049476623535156e+01
1.181073856353759766e+01
1.220236396789550781e+01
1.233286762237548828e+01
1.167184734344482422e+01
1.142825794219970703e+01
1.196036720275878906e+01
1.163608741760253906e+01
1.124378585815429688e+01
1.187495899200439453e+01
1.169825839996337891e+01
1.138738822937011719e+01
1.121595668792724609e+01
1.170969581604003906e+01
1.128016376495361328e+01
1.154797458648681641e+01
1.127225971221923828e+01
1.192164993286132812e+01
1.180856037139892578e+01
1.145461177825927734e+01
1.154391384124755859e+01
1.108350181579589844e+01
1.168552970886230469e+01
1.115212917327880859e+01
1.075892734527587891e+01
1.153004932403564453e+01
1.110911655426025391e+01
1.198785686492919922e+01
1.129508686065673828e+01
1.179406261444091797e+01
1.126148414611816406e+01
1.207703018188476562e+01
1.132068824768066406e+01
1.162358665466308594e+01
1.179512691497802734e+01
1.162249755859375000e+01
1.146162986755371094e+01
1.126772880554199219e+01
1.165039253234863281e+01
1.324079895019531250e+01
1.283146572113037109e+01
1.168858909606933594e+01
1.050258541107177734e+01
1.189406871795654297e+01
1.189369678497314453e+01
1.119291114807128906e+01
1.123320770263671875e+01
1.112829685211181641e+01
1.154338741302490234e+01
1.172032546997070312e+01
1.108036327362060547e+01
1.188689708709716797e+01
1.388615036010742188e+01
1.191906547546386719e+01
1.206946754455566406e+01
1.165158748626708984e+01
1.214576148986816406e+01
1.142216777801513672e+01
1.261818695068359375e+01
1.157622909545898438e+01
1.184797477722167969e+01
1.219380569458007812e+01
1.107987594604492188e+01
1.188424968719482422e+01
1.216295146942138672e+01
1.144741916656494141e+01
1.159972763061523438e+01
1.058976268768310547e+01
1.179337787628173828e+01
1.153927898406982422e+01
1.182160854339599609e+01
1.119711112976074219e+01
1.240927982330322266e+01
1.203720283508300781e+01
1.120444965362548828e+01
1.153402423858642578e+01
1.153881645202636719e+01
1.212209892272949219e+01
1.190256595611572266e+01
1.166307163238525391e+01
1.316975593566894531e+01
1.130613803863525391e+01
1.123346805572509766e+01
1.162099075317382812e+01
1.192719650268554688e+01
1.157193851470947266e+01
1.225275802612304688e+01
1.266065692901611328e+01
1.208270740509033203e+01
1.173440742492675781e+01
1.128169822692871094e+01
1.215314197540283203e+01
1.191557312011718750e+01
1.347967529296875000e+01
1.159502220153808594e+01
1.147304916381835938e+01
1.106253528594970703e+01
1.083023262023925781e+01
1.148130512237548828e+01
1.166928958892822266e+01
1.048917293548583984e+01
1.166147232055664062e+01
1.128317165374755859e+01
1.171319675445556641e+01
1.254574489593505859e+01
1.211128044128417969e+01
1.274436950683593750e+01
1.171555137634277344e+01
1.185562992095947266e+01
1.173250961303710938e+01
1.131403541564941406e+01
1.296170425415039062e+01
1.295014476776123047e+01
1.122068786621093750e+01
1.207589054107666016e+01
1.150163078308105469e+01
1.166280841827392578e+01
1.193475723266601562e+01
1.170598030090332031e+01
1.145052242279052734e+01
1.384681701660156250e+01
1.140413284301757812e+01
1.114409637451171875e+01
1.209507751464843750e+01
1.374286460876464844e+01
1.135828876495361328e+01
1.039617156982421875e+01
1.158872318267822266e+01
1.184550380706787109e+01
1.187271690368652344e+01
1.136308574676513672e+01
1.168551540374755859e+01
1.182414245605468750e+01
1.149603271484375000e+01
1.202812290191650391e+01
1.140892410278320312e+01
1.134291362762451172e+01
1.129130935668945312e+01
1.338910961151123047e+01
1.161067771911621094e+01
1.227322196960449219e+01
1.165241050720214844e+01
1.097091293334960938e+01
1.181195449829101562e+01
1.182830238342285156e+01
1.118943595886230469e+01
1.242890644073486328e+01
1.181406593322753906e+01
1.130290699005126953e+01
1.157078933715820312e+01
1.404666042327880859e+01
1.192661666870117188e+01
1.054912853240966797e+01
1.151758670806884766e+01
1.102601718902587891e+01
1.298256206512451172e+01
1.126430606842041016e+01
1.176668643951416016e+01
1.280287742614746094e+01
1.180530929565429688e+01
1.137717151641845703e+01
1.188378238677978516e+01
1.177497863769531250e+01
1.138917160034179688e+01
1.161139774322509766e+01
1.130052852630615234e+01
1.128147983551025391e+01
1.194182586669921875e+01
1.195176315307617188e+01
1.136756420135498047e+01
1.144563770294189453e+01
1.144547557830810547e+01
1.217162418365478516e+01
1.190545177459716797e+01
1.151855373382568359e+01
1.144945716857910156e+01
1.140781497955322266e+01
1.197182083129882812e+01
1.110084724426269531e+01
1.125512313842773438e+01
1.154211521148681641e+01
1.143912124633789062e+01
1.186309814453125000e+01
1.140206146240234375e+01
1.140547084808349609e+01
1.137724399566650391e+01
1.126699542999267578e+01
1.210822963714599609e+01
1.174169540405273438e+01
1.171732044219970703e+01
1.290514945983886719e+01
1.146028327941894531e+01
1.211257743835449219e+01
1.235075664520263672e+01
1.148619747161865234e+01
1.197142314910888672e+01
1.137447547912597656e+01
1.104173469543457031e+01
1.157751846313476562e+01
1.181484794616699219e+01
9.732903480529785156e+00
1.174265861511230469e+01
1.138568305969238281e+01
1.149997043609619141e+01
1.152617931365966797e+01
1.156478214263916016e+01
1.187986660003662109e+01
1.180196952819824219e+01
1.167007255554199219e+01
1.119456672668457031e+01
1.116260814666748047e+01
1.263887977600097656e+01
1.139762687683105469e+01
1.210405445098876953e+01
1.258281040191650391e+01
1.280654239654541016e+01
1.155349826812744141e+01
1.130156326293945312e+01
1.252091407775878906e+01
1.276099777221679688e+01
1.184129619598388672e+01
1.116643428802490234e+01
1.116618251800537109e+01
1.131047058105468750e+01
1.177754592895507812e+01
1.168360137939453125e+01
1.175361824035644531e+01
1.130591392517089844e+01
1.140827560424804688e+01
1.157753753662109375e+01
1.291933250427246094e+01
1.143041706085205078e+01
1.128662395477294922e+01
1.141538333892822266e+01
1.146816253662109375e+01
1.114308738708496094e+01
1.225970363616943359e+01
1.207262802124023438e+01
1.109837722778320312e+01
1.151743984222412109e+01
1.161645126342773438e+01
1.118440723419189453e+01
1.144080066680908203e+01
1.155383777618408203e+01
1.167465782165527344e+01
1.118084049224853516e+01
1.250922012329101562e+01
1.182168960571289062e+01
1.180619621276855469e+01
1.151937580108642578e+01
1.106791782379150391e+01
1.188105106353759766e+01
1.387962722778320312e+01
1.184821510314941406e+01
1.167879867553710938e+01
1.162560844421386719e+01
1.312352848052978516e+01
1.149438571929931641e+01
1.127200412750244141e+01
1.200242519378662109e+01
1.148427963256835938e+01
9.703070640563964844e+00
1.177439594268798828e+01
1.252313518524169922e+01
1.113671588897705078e+01
1.197482109069824219e+01
1.081762599945068359e+01
1.134374618530273438e+01
1.183998394012451172e+01
1.146944904327392578e+01
1.142053127288818359e+01
1.070359897613525391e+01
1.166766548156738281e+01
1.224192142486572266e+01
1.176446723937988281e+01
1.126036643981933594e+01
1.149998950958251953e+01
1.058754158020019531e+01
1.142881488800048828e+01
1.117699337005615234e+01
1.143987083435058594e+01
1.208919429779052734e+01
1.037637710571289062e+01
1.223108768463134766e+01
1.168040657043457031e+01
1.167982292175292969e+01
1.174256610870361328e+01
1.205371284484863281e+01
1.239789199829101562e+01
1.162056446075439453e+01
1.110105037689208984e+01
1.196695613861083984e+01
1.287266921997070312e+01
1.125177001953125000e+01
1.112298774719238281e+01
1.212806415557861328e+01
1.203777503967285156e+01
1.223734951019287109e+01
1.160920429229736328e+01
1.189419460296630859e+01
1.037572097778320312e+01
1.182063293457031250e+01
1.130618762969970703e+01
1.206711292266845703e+01
1.217818927764892578e+01
1.199181461334228516e+01
1.115079689025878906e+01
1.179788398742675781e+01
1.191617488861083984e+01
1.145701313018798828e+01
1.257004547119140625e+01
1.235181427001953125e+01
1.205970764160156250e+01
1.131880664825439453e+01
1.248518943786621094e+01
1.277112674713134766e+01
1.184253215789794922e+01
1.167008972167968750e+01
1.004568767547607422e+01
1.271575736999511719e+01
1.179210567474365234e+01
1.117846107482910156e+01
1.182803249359130859e+01
1.129971504211425781e+01
1.086853599548339844e+01
1.349432849884033203e+01
1.119739818572998047e+01
1.145723247528076172e+01
1.162155151367187500e+01
1.171000289916992188e+01
1.158265113830566406e+01
1.052707862854003906e+01
1.226860046386718750e+01
1.241971874237060547e+01
1.310208892822265625e+01
1.087863826751708984e+01
1.045829010009765625e+01
1.124817466735839844e+01
1.201531696319580078e+01
1.279346656799316406e+01
1.224513435363769531e+01
1.105955123901367188e+01
1.199428367614746094e+01
1.110872459411621094e+01
1.179769706726074219e+01
1.177034664154052734e+01
1.153265857696533203e+01
1.169306945800781250e+01
1.068860340118408203e+01
1.103296661376953125e+01
1.145190811157226562e+01
1.127360343933105469e+01
1.148040962219238281e+01
1.082087898254394531e+01
1.166164588928222656e+01
1.175493240356445312e+01
1.165335369110107422e+01
1.140235900878906250e+01
1.182965183258056641e+01
1.345676422119140625e+01
1.149269485473632812e+01
1.172442626953125000e+01
1.173944282531738281e+01
1.108156394958496094e+01
1.167223548889160156e+01
1.209338951110839844e+01
1.176891136169433594e+01
1.221511745452880859e+01
1.167753887176513672e+01
1.132755661010742188e+01
1.143554306030273438e+01
1.160008049011230469e+01
1.105641460418701172e+01
1.228901863098144531e+01
1.102542114257812500e+01
1.157280349731445312e+01
1.152903938293457031e+01
1.196720981597900391e+01
1.241511726379394531e+01
1.183401298522949219e+01
1.124338054656982422e+01
1.185094738006591797e+01
1.164091777801513672e+01
1.144466781616210938e+01
1.296325969696044922e+01
1.160055732727050781e+01
1.247693729400634766e+01
1.148468875885009766e+01
1.136215305328369141e+01
1.280041885375976562e+01
1.162960624694824219e+01
1.151931190490722656e+01
1.207585906982421875e+01
1.151182270050048828e+01
1.171590423583984375e+01
1.156160831451416016e+01
1.137351036071777344e+01
1.141054153442382812e+01
1.130968761444091797e+01
1.225055694580078125e+01
1.120069217681884766e+01
1.121067905426025391e+01
1.147514724731445312e+01
1.132185363769531250e+01
1.145053195953369141e+01
1.077373027801513672e+01
1.154330730438232422e+01
1.081485748291015625e+01
1.182585334777832031e+01
1.166423606872558594e+01
1.115488147735595703e+01
1.091882991790771484e+01
1.156988716125488281e+01
1.336371135711669922e+01
1.156201171875000000e+01
1.122010612487792969e+01
1.146305751800537109e+01
1.179133796691894531e+01
1.154759693145751953e+01
1.181839275360107422e+01
1.261024093627929688e+01
1.147435855865478516e+01
1.128947544097900391e+01
1.160437202453613281e+01
1.174721717834472656e+01
1.135440349578857422e+01
1.180238628387451172e+01
1.129178905487060547e+01
1.161604499816894531e+01
1.153128814697265625e+01
1.202392578125000000e+01
1.199443149566650391e+01
1.129397392272949219e+01
1.141468620300292969e+01
1.123467826843261719e+01
1.209634017944335938e+01
1.237928867340087891e+01
1.140873432159423828e+01
1.142187786102294922e+01
1.236705303192138672e+01
1.152747058868408203e+01
1.139423370361328125e+01
1.160070800781250000e+01
1.199031257629394531e+01
1.189655113220214844e+01
1.196692085266113281e+01
1.174225807189941406e+01
1.109402465820312500e+01
1.151365089416503906e+01
1.111477375030517578e+01
1.340354728698730469e+01
1.157207489013671875e+01
1.168745899200439453e+01
1.153750324249267578e+01
1.220442676544189453e+01
1.142306900024414062e+01
1.135347080230712891e+01
1.183491516113281250e+01
1.182547092437744141e+01
1.068990230560302734e+01
1.368482303619384766e+01
1.436568927764892578e+01
1.146368885040283203e+01
1.166668033599853516e+01
1.073403835296630859e+01
1.129692554473876953e+01
1.144419670104980469e+01
1.135773372650146484e+01
1.196785068511962891e+01
1.139746189117431641e+01
1.115446090698242188e+01
1.157364368438720703e+01
1.144838809967041016e+01
1.146746349334716797e+01
1.150376796722412109e+01
1.124406337738037109e+01
1.068373584747314453e+01
1.200251293182373047e+01
1.286444282531738281e+01
1.181318950653076172e+01
1.256291866302490234e+01
1.203523540496826172e+01
1.160438632965087891e+01
1.192237854003906250e+01
1.181372261047363281e+01
1.130601310729980469e+01
1.190211963653564453e+01
1.119551372528076172e+01
1.174426746368408203e+01
1.166019248962402344e+01
1.173598098754882812e+01
1.122942638397216797e+01
1.133750820159912109e+01
1.182870769500732422e+01
1.131457996368408203e+01
1.200183868408203125e+01
1.133025836944580078e+01
1.105860900878906250e+01
1.167652511596679688e+01
1.159809684753417969e+01
1.168258857727050781e+01
1.131535243988037109e+01
1.194795894622802734e+01
1.163123798370361328e+01
1.179608535766601562e+01
1.190806770324707031e+01
1.134457492828369141e+01
1.257583427429199219e+01
1.104162025451660156e+01
1.204853343963623047e+01
1.188613414764404297e+01
1.114895725250244141e+01
1.169121837615966797e+01
1.164786243438720703e+01
1.199791336059570312e+01
8.201911926269531250e+00
1.252601337432861328e+01
1.146075153350830078e+01
1.214716053009033203e+01
1.185288715362548828e+01
1.193479919433593750e+01
1.178843879699707031e+01
1.256650543212890625e+01
1.188543987274169922e+01
1.196680450439453125e+01
1.166953659057617188e+01
1.242353725433349609e+01
1.130528259277343750e+01
1.177168655395507812e+01
1.131946563720703125e+01
1.197023582458496094e+01
1.132368087768554688e+01
1.152311038970947266e+01
1.195999717712402344e+01
1.141736125946044922e+01
1.148306179046630859e+01
1.141816139221191406e+01
1.201327896118164062e+01
1.137966442108154297e+01
1.134175586700439453e+01
1.078893280029296875e+01
1.184600830078125000e+01
1.255296611785888672e+01
1.135441207885742188e+01
1.248647689819335938e+01
1.189044189453125000e+01
1.124114131927490234e+01
1.163160037994384766e+01
1.105800247192382812e+01
1.102359771728515625e+01
1.135429382324218750e+01
1.145945358276367188e+01
1.225283718109130859e+01
1.146480846405029297e+01
1.114322376251220703e+01
1.076076984405517578e+01
1.108640956878662109e+01
1.149548721313476562e+01
1.433725357055664062e+01
1.174542140960693359e+01
1.036839580535888672e+01
1.145747756958007812e+01
1.088875102996826172e+01
1.154233837127685547e+01
1.284589004516601562e+01
1.175435161590576172e+01
1.233727264404296875e+01
1.210192966461181641e+01
1.109285545349121094e+01
1.300613117218017578e+01
1.153542995452880859e+01
1.199794292449951172e+01
1.151681423187255859e+01
1.155666160583496094e+01
1.193755817413330078e+01
1.177062797546386719e+01
1.079456043243408203e+01
1.130751609802246094e+01
1.175095272064208984e+01
1.188781452178955078e+01
1.085231971740722656e+01
1.184232616424560547e+01
1.138939189910888672e+01
1.216309165954589844e+01
1.144389629364013672e+01
1.182232761383056641e+01
1.185936927795410156e+01
1.157561397552490234e+01
1.280279064178466797e+01
1.230380535125732422e+01
1.166041183471679688e+01
1.119526004791259766e+01
1.133831024169921875e+01
1.135215950012207031e+01
1.348036003112792969e+01
1.281975078582763672e+01
1.138193511962890625e+01
1.177979278564453125e+01
1.161958599090576172e+01
1.084318923950195312e+01
1.075005149841308594e+01
1.129057884216308594e+01
1.214857769012451172e+01
1.125684452056884766e+01
1.109748840332031250e+01
1.145491313934326172e+01
1.161615085601806641e+01
1.150643444061279297e+01
1.137292957305908203e+01
1.171230125427246094e+01
1.157132530212402344e+01
1.229742145538330078e+01
1.251021766662597656e+01
1.181686878204345703e+01
1.123313617706298828e+01
1.206069850921630859e+01
1.152119350433349609e+01
1.187194442749023438e+01
1.132770919799804688e+01
1.127373600006103516e+01
1.169560146331787109e+01
1.197849559783935547e+01
1.179723644256591797e+01
1.174333572387695312e+01
1.094292736053466797e+01
1.148661422729492188e+01
1.301250457763671875e+01
1.137666225433349609e+01
1.097726058959960938e+01
1.160594367980957031e+01
1.165135478973388672e+01
1.178901767730712891e+01
1.180649757385253906e+01
1.463894844055175781e+01
1.466674041748046875e+01
1.134603214263916016e+01
1.262944698333740234e+01
1.138268470764160156e+01
1.147476482391357422e+01
1.144341468811035156e+01
1.202728462219238281e+01
1.199194145202636719e+01
1.160415267944335938e+01
1.174236774444580078e+01
1.181088638305664062e+01
1.153045082092285156e+01
1.217127418518066406e+01
1.166178417205810547e+01
1.169284915924072266e+01
1.279697799682617188e+01
1.135690975189208984e+01
1.138079071044921875e+01
1.162907218933105469e+01
1.188562488555908203e+01
1.176852130889892578e+01
1.200879478454589844e+01
1.217225742340087891e+01
1.042801189422607422e+01
1.187237358093261719e+01
1.120042037963867188e+01
1.104964351654052734e+01
1.295571804046630859e+01
1.193196296691894531e+01
1.147888469696044922e+01
1.163475799560546875e+01
1.223766231536865234e+01
1.171452999114990234e+01
1.050743865966796875e+01
1.137631988525390625e+01
1.218462562561035156e+01
1.139691734313964844e+01
1.197835445404052734e+01
1.135511970520019531e+01
1.172298049926757812e+01
1.266750144958496094e+01
1.142391300201416016e+01
1.304957389831542969e+01
1.134987640380859375e+01
1.252142143249511719e+01
1.176492309570312500e+01
1.121368789672851562e+01
1.178385734558105469e+01
1.186166763305664062e+01
1.148138809204101562e+01
1.130797481536865234e+01
1.165256786346435547e+01
1.150724697113037109e+01
1.186296844482421875e+01
1.113832569122314453e+01
1.139794445037841797e+01
1.169712352752685547e+01
1.328993034362792969e+01
1.219119453430175781e+01
1.168632698059082031e+01
1.188870620727539062e+01
1.186234092712402344e+01
1.155400943756103516e+01
1.409869384765625000e+01
1.073682403564453125e+01
1.152445316314697266e+01
1.240476608276367188e+01
1.136691570281982422e+01
1.114118957519531250e+01
1.135637950897216797e+01
1.194412612915039062e+01
1.228727626800537109e+01
1.180203819274902344e+01
1.228809928894042969e+01
1.212174510955810547e+01
1.051217269897460938e+01
1.149304294586181641e+01
1.281012535095214844e+01
1.192750072479248047e+01
1.240436553955078125e+01
1.198464488983154297e+01
1.174102306365966797e+01
1.145560550689697266e+01
1.159265518188476562e+01
1.230164813995361328e+01
1.201555156707763672e+01
1.218223667144775391e+01
1.144469928741455078e+01
1.176060104370117188e+01
1.120722389221191406e+01
1.161178684234619141e+01
1.154602909088134766e+01
1.026447868347167969e+01
1.140934371948242188e+01
1.143899250030517578e+01
1.190400218963623047e+01
1.183658695220947266e+01
1.151346588134765625e+01
1.093218994140625000e+01
1.176559638977050781e+01
1.130427265167236328e+01
1.153618144989013672e+01
1.138612747192382812e+01
1.147268676757812500e+01
1.219421386718750000e+01
1.108778953552246094e+01
1.130503940582275391e+01
1.176844978332519531e+01
1.309492969512939453e+01
1.146545219421386719e+01
1.136097431182861328e+01
1.126654243469238281e+01
1.039324188232421875e+01
1.188981056213378906e+01
1.131620883941650391e+01
1.146455192565917969e+01
1.152276515960693359e+01
1.238032722473144531e+01
1.164649963378906250e+01
1.126276588439941406e+01
1.063153934478759766e+01
1.305396175384521484e+01
1.109880924224853516e+01
1.175973129272460938e+01
1.182396316528320312e+01
1.212729740142822266e+01
1.276945495605468750e+01
1.128922748565673828e+01
1.166053962707519531e+01
1.179086303710937500e+01
1.132347774505615234e+01
1.170294284820556641e+01
1.228591156005859375e+01
1.224307537078857422e+01
1.142796421051025391e+01
1.124581909179687500e+01
1.180604267120361328e+01
1.156276226043701172e+01
1.171597290039062500e+01
1.172077941894531250e+01
1.118350696563720703e+01
1.342962551116943359e+01
1.272066116333007812e+01
1.212222099304199219e+01
1.138108348846435547e+01
1.132034206390380859e+01
1.189599895477294922e+01
1.132641124725341797e+01
1.205307102203369141e+01
1.168972110748291016e+01
1.124187946319580078e+01
1.336451530456542969e+01
1.159819412231445312e+01
1.140865707397460938e+01
1.203677558898925781e+01
1.049044418334960938e+01
1.253440761566162109e+01
1.174941921234130859e+01
1.113703155517578125e+01
1.057893085479736328e+01
1.135992050170898438e+01
1.338560485839843750e+01
1.004097175598144531e+01
1.149894905090332031e+01
1.204376220703125000e+01
1.152143955230712891e+01
1.198070907592773438e+01
1.064982604980468750e+01
1.197179698944091797e+01
1.121596908569335938e+01
1.192816066741943359e+01
1.136343288421630859e+01
1.117014217376708984e+01
9.697633743286132812e+00
1.166872215270996094e+01
1.195795631408691406e+01
1.176444816589355469e+01
1.168560504913330078e+01
1.146255016326904297e+01
1.083931446075439453e+01
1.212942981719970703e+01
1.150494670867919922e+01
1.149603080749511719e+01
1.179478359222412109e+01
1.228488063812255859e+01
1.108882904052734375e+01
1.177238178253173828e+01
1.202654743194580078e+01
1.181472206115722656e+01
1.135917472839355469e+01
1.129332637786865234e+01
1.176497173309326172e+01
1.203222274780273438e+01
1.162084865570068359e+01
1.165539169311523438e+01
1.191518497467041016e+01
1.230619525909423828e+01
1.123169326782226562e+01
1.154751873016357422e+01
1.172306442260742188e+01
1.136791610717773438e+01
1.181583213806152344e+01
1.178155136108398438e+01
1.187688541412353516e+01
1.133401203155517578e+01
1.124498176574707031e+01
1.140119171142578125e+01
1.202057552337646484e+01
1.224820518493652344e+01
1.169814968109130859e+01
1.112351036071777344e+01
1.159632778167724609e+01
1.285133361816406250e+01
1.185691547393798828e+01
1.182949638366699219e+01
1.164196777343750000e+01
1.123603153228759766e+01
1.119424629211425781e+01
1.199117755889892578e+01
1.196999168395996094e+01
1.146626758575439453e+01
1.344870948791503906e+01
1.234417343139648438e+01
1.150579738616943359e+01
1.172652149200439453e+01
1.172369098663330078e+01
1.152602291107177734e+01
1.198993015289306641e+01
1.111921882629394531e+01
1.206723880767822266e+01
1.195228481292724609e+01
1.281350612640380859e+01
1.128786277770996094e+01
1.076628303527832031e+01
1.165664958953857422e+01
1.169429779052734375e+01
1.465446281433105469e+01
1.388362503051757812e+01
1.193205833435058594e+01
1.165110874176025391e+01
1.265916728973388672e+01
1.123797416687011719e+01
1.170289421081542969e+01
1.154969787597656250e+01
1.170741176605224609e+01
1.152931404113769531e+01
1.124790191650390625e+01
1.127055835723876953e+01
1.084835338592529297e+01
1.189150333404541016e+01
1.119216823577880859e+01
1.234309673309326172e+01
1.164869403839111328e+01
1.349944782257080078e+01
1.208403873443603516e+01
1.389309215545654297e+01
1.138851070404052734e+01
1.189937210083007812e+01
1.120926761627197266e+01
1.127776622772216797e+01
1.153310680389404297e+01
1.033317947387695312e+01
1.196853351593017578e+01
1.128340435028076172e+01
1.161329555511474609e+01
1.197549438476562500e+01
1.214302253723144531e+01
1.152163314819335938e+01
1.175048923492431641e+01
1.038429355621337891e+01
1.212378215789794922e+01
1.193608093261718750e+01
1.068111133575439453e+01
1.334723567962646484e+01
1.169381237030029297e+01
1.212464523315429688e+01
1.233354759216308594e+01
1.215217018127441406e+01
1.162135028839111328e+01
1.263117218017578125e+01
1.137783527374267578e+01
1.176442718505859375e+01
1.195404148101806641e+01
1.260350799560546875e+01
1.212587642669677734e+01
1.176168727874755859e+01
1.233792209625244141e+01
1.171874237060546875e+01
1.189670658111572266e+01
1.113890743255615234e+01
1.150149726867675781e+01
1.204024314880371094e+01
1.154054832458496094e+01
1.217516517639160156e+01
1.388401985168457031e+01
1.155293846130371094e+01
1.162595081329345703e+01
1.243900108337402344e+01
1.135997676849365234e+01
1.161475467681884766e+01
1.178002929687500000e+01
1.194670963287353516e+01
1.176460170745849609e+01
1.136593341827392578e+01
1.181765460968017578e+01
1.211449432373046875e+01
1.292196178436279297e+01
1.214734363555908203e+01
1.149291992187500000e+01
1.202871704101562500e+01
1.175814723968505859e+01
1.281229877471923828e+01
1.136035633087158203e+01
1.076875495910644531e+01
1.150821876525878906e+01
1.098892784118652344e+01
1.174384975433349609e+01
1.158639812469482422e+01
1.170799541473388672e+01
1.192629718780517578e+01
1.170333766937255859e+01
1.144493675231933594e+01
1.253555488586425781e+01
1.214405250549316406e+01
1.091527652740478516e+01
1.172941780090332031e+01
1.159210681915283203e+01
1.137141799926757812e+01
1.317086982727050781e+01
1.204583549499511719e+01
1.245951843261718750e+01
1.083314704895019531e+01
1.152902221679687500e+01
1.147196292877197266e+01
1.076231479644775391e+01
1.170843029022216797e+01
1.094749546051025391e+01
1.146799468994140625e+01
1.029497909545898438e+01
1.195476627349853516e+01
1.195690155029296875e+01
1.232063007354736328e+01
1.146047210693359375e+01
1.128729915618896484e+01
1.210589218139648438e+01
1.197041893005371094e+01
1.213374805450439453e+01
1.122216033935546875e+01
1.062146091461181641e+01
1.140330505371093750e+01
1.166547489166259766e+01
1.323928737640380859e+01
1.161235523223876953e+01
1.159896945953369141e+01
1.228724765777587891e+01
1.143463516235351562e+01
1.188991260528564453e+01
1.092642784118652344e+01
1.171069908142089844e+01
1.103900909423828125e+01
1.123393249511718750e+01
1.228637218475341797e+01
1.238381576538085938e+01
1.124536132812500000e+01
1.232191371917724609e+01
1.138187313079833984e+01
1.226985836029052734e+01
1.157345962524414062e+01
1.076677989959716797e+01
1.432307529449462891e+01
1.144206333160400391e+01
1.137851619720458984e+01
1.158153438568115234e+01
1.135915851593017578e+01
1.142993640899658203e+01
1.242864418029785156e+01
1.364428138732910156e+01
1.213919067382812500e+01
1.200825023651123047e+01
1.202798271179199219e+01
1.199446678161621094e+01
1.207031440734863281e+01
1.179789352416992188e+01
1.307369041442871094e+01
1.208761978149414062e+01
1.283433246612548828e+01
1.122216129302978516e+01
1.275552654266357422e+01
1.158351707458496094e+01
1.186345577239990234e+01
1.136480140686035156e+01
1.219109153747558594e+01
1.192360019683837891e+01
1.160582828521728516e+01
1.252343177795410156e+01
1.215768814086914062e+01
1.166277217864990234e+01
1.123314476013183594e+01
1.159603500366210938e+01
1.188602256774902344e+01
1.013116073608398438e+01
1.238633251190185547e+01
1.161361503601074219e+01
1.136695480346679688e+01
1.155258655548095703e+01
1.144801521301269531e+01
1.201483058929443359e+01
1.077072715759277344e+01
1.191661739349365234e+01
1.287841701507568359e+01
1.128233623504638672e+01
1.120698261260986328e+01
1.131504821777343750e+01
1.140250873565673828e+01
1.117232513427734375e+01
1.202669239044189453e+01
1.157527542114257812e+01
1.169363212585449219e+01
1.263182163238525391e+01
1.192942047119140625e+01
1.166116237640380859e+01
1.187858009338378906e+01
1.165004062652587891e+01
1.161291408538818359e+01
1.123008441925048828e+01
1.241437244415283203e+01
1.146622180938720703e+01
1.077526187896728516e+01
1.155389976501464844e+01
1.224930572509765625e+01
1.141248226165771484e+01
1.171763610839843750e+01
1.387568378448486328e+01
1.171545600891113281e+01
1.168778419494628906e+01
1.097746562957763672e+01
1.174526309967041016e+01
1.125579261779785156e+01
1.182867717742919922e+01
1.181078243255615234e+01
1.197954273223876953e+01
1.162871170043945312e+01
1.183873462677001953e+01
1.262489795684814453e+01
1.163323307037353516e+01
1.171066284179687500e+01
1.131023979187011719e+01
1.138778591156005859e+01
1.171860218048095703e+01
1.140001010894775391e+01
1.125642776489257812e+01
1.205185794830322266e+01
1.186381149291992188e+01
1.166233634948730469e+01
1.140254402160644531e+01
1.136963844299316406e+01
1.157572174072265625e+01
1.190846920013427734e+01
1.359887599945068359e+01
1.192167854309082031e+01
1.355932998657226562e+01
1.191363525390625000e+01
1.184936046600341797e+01
1.141931438446044922e+01
1.190683269500732422e+01
1.197819137573242188e+01
1.231048107147216797e+01
1.150198936462402344e+01
1.232643222808837891e+01
1.132048892974853516e+01
1.146706008911132812e+01
1.136622619628906250e+01
1.303727245330810547e+01
1.144064426422119141e+01
1.127718162536621094e+01
1.184151840209960938e+01
1.166087055206298828e+01
1.102810192108154297e+01
1.179368782043457031e+01
1.151368904113769531e+01
1.210007858276367188e+01
1.163930416107177734e+01
1.099546432495117188e+01
1.165731525421142578e+01
1.146487045288085938e+01
1.141987133026123047e+01
1.212083816528320312e+01
1.211001396179199219e+01
1.115686607360839844e+01
1.133298778533935547e+01
1.255600070953369141e+01
1.191607952117919922e+01
1.175980854034423828e+01
1.183610916137695312e+01
1.265674304962158203e+01
1.154248142242431641e+01
1.073869228363037109e+01
1.315449810028076172e+01
1.164763450622558594e+01
1.099417591094970703e+01
1.184785938262939453e+01
1.063440227508544922e+01
1.130209350585937500e+01
1.136752891540527344e+01
1.178455829620361328e+01
1.168602561950683594e+01
1.259140872955322266e+01
1.095879364013671875e+01
1.212632560729980469e+01
1.206108951568603516e+01
1.136298179626464844e+01
1.104119777679443359e+01
1.172687530517578125e+01
1.241066932678222656e+01
1.186564064025878906e+01
1.164193534851074219e+01
1.215415859222412109e+01
1.187830257415771484e+01
1.184067630767822266e+01
1.123404979705810547e+01
1.216152000427246094e+01
1.191963577270507812e+01
1.098508262634277344e+01
1.153484439849853516e+01
1.137883186340332031e+01
1.137843036651611328e+01
1.135789012908935547e+01
1.141662406921386719e+01
1.181796550750732422e+01
1.152263927459716797e+01
1.132667350769042969e+01
1.127741432189941406e+01
1.155851936340332031e+01
1.168437862396240234e+01
1.171202373504638672e+01
1.162156295776367188e+01
1.012002277374267578e+01
1.242398548126220703e+01
1.186899089813232422e+01
1.156586933135986328e+01
1.276001358032226562e+01
1.267177867889404297e+01
1.105233001708984375e+01
1.128080272674560547e+01
1.221048641204833984e+01
1.151652526855468750e+01
1.194255447387695312e+01
1.184639739990234375e+01
1.181607246398925781e+01
1.227782058715820312e+01
1.302481079101562500e+01
1.127530002593994141e+01
1.191756629943847656e+01
1.093973159790039062e+01
1.101763725280761719e+01
1.183510589599609375e+01
1.145986080169677734e+01
1.160991954803466797e+01
1.252770900726318359e+01
1.179713535308837891e+01
1.127835655212402344e+01
1.182616710662841797e+01
1.216846656799316406e+01
1.306990432739257812e+01
1.197590732574462891e+01
1.236525917053222656e+01
1.144826889038085938e+01
1.222170543670654297e+01
1.213826751708984375e+01
1.208990955352783203e+01
1.119405746459960938e+01
1.191256713867187500e+01
1.148442649841308594e+01
1.053857421875000000e+01
1.145109844207763672e+01
1.149978160858154297e+01
1.203785037994384766e+01
1.094854545593261719e+01
1.138447761535644531e+01
1.212067699432373047e+01
1.110075092315673828e+01
1.126180458068847656e+01
1.121925067901611328e+01
1.189849662780761719e+01
1.167247772216796875e+01
1.145576858520507812e+01
1.051705360412597656e+01
1.177997684478759766e+01
1.101778316497802734e+01
1.145219135284423828e+01
1.176584720611572266e+01
1.134059238433837891e+01
1.180149078369140625e+01
1.173190307617187500e+01
1.193305015563964844e+01
1.387155532836914062e+01
1.181462192535400391e+01
1.228047847747802734e+01
1.147404003143310547e+01
1.143033409118652344e+01
1.202344894409179688e+01
1.557410240173339844e+01
1.157056045532226562e+01
1.167929458618164062e+01
1.076044178009033203e+01
1.217025947570800781e+01
1.146823501586914062e+01
1.143680572509765625e+01
1.209407138824462891e+01
1.179566764831542969e+01
1.184689044952392578e+01
1.159240245819091797e+01
1.108168601989746094e+01
1.179946708679199219e+01
1.263294410705566406e+01
1.150961971282958984e+01
1.112350559234619141e+01
1.142610168457031250e+01
1.152212810516357422e+01
1.191620349884033203e+01
1.189145755767822266e+01
1.212594318389892578e+01
1.160572528839111328e+01
1.168044757843017578e+01
1.062384796142578125e+01
1.265837287902832031e+01
1.180197334289550781e+01
1.174351406097412109e+01
1.153240013122558594e+01
1.143258190155029297e+01
1.198960494995117188e+01
1.150183296203613281e+01
1.181375885009765625e+01
1.169134807586669922e+01
1.217142486572265625e+01
1.166558170318603516e+01
1.155390262603759766e+01
1.183694458007812500e+01
1.143481254577636719e+01
1.127032279968261719e+01
1.144270896911621094e+01
1.142549610137939453e+01
1.084635639190673828e+01
1.114811801910400391e+01
1.184780502319335938e+01
1.175508975982666016e+01
1.123317432403564453e+01
1.127491664886474609e+01
1.191703224182128906e+01
1.170425128936767578e+01
1.119178199768066406e+01
1.167291164398193359e+01
1.122101020812988281e+01
1.125654029846191406e+01
1.127494716644287109e+01
1.143021392822265625e+01
1.185724449157714844e+01
1.140329742431640625e+01
1.186636924743652344e+01
1.141199684143066406e+01
1.200836944580078125e+01
1.166491985321044922e+01
1.088303565979003906e+01
1.177093410491943359e+01
1.169522476196289062e+01
1.141736316680908203e+01
1.162191390991210938e+01
1.113018035888671875e+01
1.174952030181884766e+01
1.158216762542724609e+01
1.107654476165771484e+01
1.183473873138427734e+01
1.063737487792968750e+01
1.186986351013183594e+01
1.196618652343750000e+01
1.287828826904296875e+01
1.194067096710205078e+01
1.183002567291259766e+01
1.360152244567871094e+01
1.145243263244628906e+01
1.192519283294677734e+01
1.094577312469482422e+01
1.168753528594970703e+01
1.205260086059570312e+01
1.461602878570556641e+01
1.123334789276123047e+01
1.138443088531494141e+01
1.056852245330810547e+01
1.194048118591308594e+01
1.144158649444580078e+01
1.180832195281982422e+01
1.144632339477539062e+01
1.175313854217529297e+01
1.309969043731689453e+01
1.150791740417480469e+01
1.145153427124023438e+01
1.067393875122070312e+01
1.167978668212890625e+01
1.176680660247802734e+01
1.148826313018798828e+01
1.157165527343750000e+01
1.178312778472900391e+01
1.167710304260253906e+01
1.078335666656494141e+01
1.250218296051025391e+01
1.226860618591308594e+01
1.118866443634033203e+01
1.189879417419433594e+01
1.156251525878906250e+01
1.135340404510498047e+01
1.145515060424804688e+01
1.139986038208007812e+01
1.236560821533203125e+01
1.199036026000976562e+01
1.324548339843750000e+01
1.172038078308105469e+01
1.167520999908447266e+01
1.167796039581298828e+01
1.208386325836181641e+01
1.163348674774169922e+01
1.174915313720703125e+01
1.272881317138671875e+01
1.121790695190429688e+01
1.133698749542236328e+01
1.160630416870117188e+01
1.142920875549316406e+01
1.118346786499023438e+01
1.347641086578369141e+01
1.118766403198242188e+01
1.180132865905761719e+01
1.468564128875732422e+01
1.152717018127441406e+01
1.145361518859863281e+01
1.262145423889160156e+01
1.025264930725097656e+01
1.208803653717041016e+01
1.168749809265136719e+01
1.163920307159423828e+01
1.181383800506591797e+01
1.015958499908447266e+01
1.220471858978271484e+01
1.116369056701660156e+01
1.178365421295166016e+01
1.195194530487060547e+01
1.136427211761474609e+01
1.176219749450683594e+01
1.170303821563720703e+01
1.078975677490234375e+01
1.243572044372558594e+01
1.147596836090087891e+01
1.186074161529541016e+01
1.130565071105957031e+01
1.132005500793457031e+01
1.203963470458984375e+01
1.197979354858398438e+01
1.288861656188964844e+01
1.252312660217285156e+01
1.283439922332763672e+01
1.145757293701171875e+01
1.169855594635009766e+01
1.286972808837890625e+01
1.160952377319335938e+01
1.145966911315917969e+01
1.170629310607910156e+01
1.029592990875244141e+01
1.141794586181640625e+01
1.217518043518066406e+01
1.123480987548828125e+01
1.109143924713134766e+01
1.120096778869628906e+01
1.169991588592529297e+01
1.133429527282714844e+01
1.163332176208496094e+01
1.121999931335449219e+01
1.223829364776611328e+01
1.170229816436767578e+01
1.185143756866455078e+01
1.173780250549316406e+01
1.168063640594482422e+01
1.169125556945800781e+01
1.136498546600341797e+01
1.161737632751464844e+01
1.116201114654541016e+01
1.223052024841308594e+01
1.190545654296875000e+01
1.159239101409912109e+01
1.133460903167724609e+01
1.117122936248779297e+01
1.161154937744140625e+01
1.166672420501708984e+01
1.212523841857910156e+01
1.430652332305908203e+01
1.219421768188476562e+01
1.191650104522705078e+01
1.166313838958740234e+01
1.135831069946289062e+01
1.219059181213378906e+01
1.186422061920166016e+01
1.154915332794189453e+01
1.101241016387939453e+01
1.122494792938232422e+01
1.131995582580566406e+01
1.182480239868164062e+01
1.172791194915771484e+01
1.161365699768066406e+01
1.141513156890869141e+01
1.185172367095947266e+01
1.130773544311523438e+01
1.150958538055419922e+01
1.105833816528320312e+01
1.157570838928222656e+01
1.123953151702880859e+01
1.160113048553466797e+01
1.199877262115478516e+01
1.127643299102783203e+01
1.210179138183593750e+01
1.148617935180664062e+01
1.128913497924804688e+01
1.126615238189697266e+01
1.168129920959472656e+01
1.154953479766845703e+01
1.152276229858398438e+01
1.145149993896484375e+01
1.129057216644287109e+01
1.437346172332763672e+01
1.121493816375732422e+01
1.146396923065185547e+01
1.125647735595703125e+01
1.468966388702392578e+01
1.157356739044189453e+01
1.195942401885986328e+01
1.123926162719726562e+01
1.117762756347656250e+01
1.121143627166748047e+01
1.170003223419189453e+01
1.265781402587890625e+01
1.210190868377685547e+01
1.241944503784179688e+01
1.160410881042480469e+01
1.131499099731445312e+01
1.161996364593505859e+01
1.166160297393798828e+01
1.169600486755371094e+01
1.260884380340576172e+01
1.103333473205566406e+01
1.122219848632812500e+01
1.297022628784179688e+01
1.218766880035400391e+01
1.134661960601806641e+01
1.208792114257812500e+01
1.138584709167480469e+01
1.203457832336425781e+01
1.203299903869628906e+01
1.171583557128906250e+01
1.138705825805664062e+01
1.214464664459228516e+01
1.157471466064453125e+01
1.124574756622314453e+01
1.222721576690673828e+01
1.162796688079833984e+01
1.149669170379638672e+01
1.127758121490478516e+01
1.193119144439697266e+01
1.184509277343750000e+01
1.207292747497558594e+01
1.155112743377685547e+01
1.143523311614990234e+01
1.152919769287109375e+01
1.135335826873779297e+01
1.156253623962402344e+01
1.146854877471923828e+01
1.059873390197753906e+01
1.187587261199951172e+01
1.389978313446044922e+01
1.173260974884033203e+01
1.190706539154052734e+01
1.178000545501708984e+01
1.219943523406982422e+01
1.199914455413818359e+01
1.199904155731201172e+01
1.137026691436767578e+01
1.132093906402587891e+01
1.316646957397460938e+01
1.170204448699951172e+01
1.197198677062988281e+01
1.193158626556396484e+01
1.166249847412109375e+01
1.195177078247070312e+01
1.192474842071533203e+01
1.173480224609375000e+01
1.140456867218017578e+01
1.139881420135498047e+01
1.125093650817871094e+01
1.200197124481201172e+01
1.144886684417724609e+01
1.114970302581787109e+01
1.236851978302001953e+01
1.092741394042968750e+01
1.182466030120849609e+01
1.115477943420410156e+01
1.124262619018554688e+01
1.175245571136474609e+01
1.124591064453125000e+01
1.121953582763671875e+01
1.222480106353759766e+01
1.223480892181396484e+01
1.186221408843994141e+01
1.179840469360351562e+01
1.210970306396484375e+01
1.169496059417724609e+01
1.204963016510009766e+01
1.205909633636474609e+01
1.309072971343994141e+01
1.219414615631103516e+01
1.200674343109130859e+01
1.174171543121337891e+01
1.140761375427246094e+01
1.122867584228515625e+01
1.181662654876708984e+01
9.989128112792968750e+00
1.153307437896728516e+01
1.166590976715087891e+01
1.122785949707031250e+01
1.134397792816162109e+01
1.122671031951904297e+01
1.445277404785156250e+01
1.163618755340576172e+01
1.168399715423583984e+01
1.124828433990478516e+01
1.189552783966064453e+01
1.148936176300048828e+01
1.208531856536865234e+01
1.216467189788818359e+01
1.126284122467041016e+01
1.171675586700439453e+01
1.303656959533691406e+01
1.332884597778320312e+01
1.198536491394042969e+01
1.167818450927734375e+01
1.167325592041015625e+01
1.256474304199218750e+01
1.211365318298339844e+01
1.185045433044433594e+01
1.138819313049316406e+01
1.208225440979003906e+01
1.020026683807373047e+01
1.216301822662353516e+01
1.186667442321777344e+01
1.125490379333496094e+01
1.250703716278076172e+01
1.206047248840332031e+01
1.250236701965332031e+01
1.286170482635498047e+01
1.285034370422363281e+01
1.194651508331298828e+01
1.060494613647460938e+01
1.263648986816406250e+01
1.074677085876464844e+01
1.202131652832031250e+01
1.066217041015625000e+01
1.125644683837890625e+01
1.150960350036621094e+01
1.190471553802490234e+01
1.119271755218505859e+01
1.251920032501220703e+01
1.143006801605224609e+01
1.150549125671386719e+01
1.268938541412353516e+01
1.171303367614746094e+01
1.195088005065917969e+01
1.155107784271240234e+01
1.195024776458740234e+01
1.138125610351562500e+01
1.078922557830810547e+01
1.176781463623046875e+01
1.185285663604736328e+01
1.094068717956542969e+01
1.138701152801513672e+01
1.143571758270263672e+01
1.221421909332275391e+01
1.191656875610351562e+01
1.196048355102539062e+01
1.145335483551025391e+01
1.053927898406982422e+01
1.343016529083251953e+01
1.080122661590576172e+01
1.458564186096191406e+01
1.131964111328125000e+01
1.215359973907470703e+01
1.207228660583496094e+01
1.139053630828857422e+01
1.310545825958251953e+01
1.161492156982421875e+01
1.222258567810058594e+01
1.156897640228271484e+01
1.200744247436523438e+01
1.133708953857421875e+01
1.043487739562988281e+01
1.142598628997802734e+01
1.182201576232910156e+01
1.150442695617675781e+01
1.095454025268554688e+01
1.227294540405273438e+01
1.359422588348388672e+01
1.205274200439453125e+01
1.167941665649414062e+01
1.288311862945556641e+01
1.234396839141845703e+01
1.152462100982666016e+01
1.245185375213623047e+01
1.153921604156494141e+01
1.177907085418701172e+01
1.189472770690917969e+01
1.325501537322998047e+01
1.146465015411376953e+01
1.087394142150878906e+01
1.187433433532714844e+01
1.183718681335449219e+01
1.172458934783935547e+01
1.158067226409912109e+01
1.167104053497314453e+01
1.129089069366455078e+01
1.203308486938476562e+01
1.268508720397949219e+01
1.264170360565185547e+01
1.110837841033935547e+01
1.273537826538085938e+01
1.141634082794189453e+01
1.195993995666503906e+01
1.158437824249267578e+01
1.098544502258300781e+01
1.196006107330322266e+01
1.131715488433837891e+01
1.157517719268798828e+01
1.130352973937988281e+01
1.153920078277587891e+01
1.087054538726806641e+01
1.290096950531005859e+01
1.116728687286376953e+01
1.141192150115966797e+01
1.190274238586425781e+01
1.161825752258300781e+01
1.138805580139160156e+01
1.203815364837646484e+01
1.135189628601074219e+01
1.114109134674072266e+01
1.143105316162109375e+01
1.312765312194824219e+01
1.192998981475830078e+01
1.126267147064208984e+01
1.126880550384521484e+01
1.170611381530761719e+01
1.279768180847167969e+01
1.357615375518798828e+01
1.209782123565673828e+01
1.158425426483154297e+01
1.127137374877929688e+01
1.150830841064453125e+01
1.192026710510253906e+01
1.139670467376708984e+01
1.154776382446289062e+01
1.173018360137939453e+01
1.178357982635498047e+01
1.174753475189208984e+01
1.175952434539794922e+01
1.263635730743408203e+01
1.130629062652587891e+01
1.185363101959228516e+01
1.211720275878906250e+01
1.141237545013427734e+01
1.255032825469970703e+01
1.247722816467285156e+01
1.151540565490722656e+01
1.226345729827880859e+01
1.159709072113037109e+01
1.172666263580322266e+01
1.140501594543457031e+01
1.118512439727783203e+01
1.185510635375976562e+01
1.186073684692382812e+01
1.103832721710205078e+01
1.123510837554931641e+01
1.185709476470947266e+01
1.197175025939941406e+01
1.108410167694091797e+01
1.128672599792480469e+01
1.226774406433105469e+01
1.215631675720214844e+01
1.218327522277832031e+01
1.189958572387695312e+01
1.144681644439697266e+01
1.211280632019042969e+01
1.142269134521484375e+01
1.206484031677246094e+01
1.106952667236328125e+01
1.328219509124755859e+01
1.167239284515380859e+01
1.173896694183349609e+01
9.833765983581542969e+00
1.163847541809082031e+01
1.109620952606201172e+01
1.134928894042968750e+01
1.124503517150878906e+01
1.211516666412353516e+01
1.196520042419433594e+01
1.176628208160400391e+01
1.189380168914794922e+01
1.167327308654785156e+01
9.734600067138671875e+00
1.154780101776123047e+01
1.173792648315429688e+01
1.118920516967773438e+01
1.215619659423828125e+01
1.174801349639892578e+01
1.129612827301025391e+01
1.243511104583740234e+01
1.322919464111328125e+01
1.057347106933593750e+01
1.134326076507568359e+01
1.177793502807617188e+01
1.139980125427246094e+01
1.195872497558593750e+01
1.160187053680419922e+01
1.146872520446777344e+01
1.172628498077392578e+01
1.131193923950195312e+01
1.144486999511718750e+01
1.122139358520507812e+01
1.183342170715332031e+01
1.180121707916259766e+01
1.125209045410156250e+01
1.139641857147216797e+01
1.131102180480957031e+01
1.174834918975830078e+01
1.161614799499511719e+01
1.125926971435546875e+01
1.138837623596191406e+01
1.280991172790527344e+01
1.181833648681640625e+01
1.109801006317138672e+01
1.192934417724609375e+01
1.198787403106689453e+01
1.195976924896240234e+01
1.242452907562255859e+01
1.105896568298339844e+01
1.196552944183349609e+01
1.181581687927246094e+01
1.188255786895751953e+01
1.151494598388671875e+01
1.307919883728027344e+01
1.183990573883056641e+01
1.233224201202392578e+01
1.199050712585449219e+01
1.125967216491699219e+01
1.133942317962646484e+01
1.168067359924316406e+01
1.184727382659912109e+01
1.148222351074218750e+01
1.181043624877929688e+01
1.269641494750976562e+01
1.185657215118408203e+01
1.241862964630126953e+01
1.122523307800292969e+01
1.168722915649414062e+01
1.068354892730712891e+01
1.160601615905761719e+01
1.204111862182617188e+01
1.196904945373535156e+01
1.191028022766113281e+01
1.174804592132568359e+01
1.179686355590820312e+01
1.168037223815917969e+01
1.179027080535888672e+01
1.121992015838623047e+01
1.135812950134277344e+01
1.215932941436767578e+01
1.228907680511474609e+01
1.293015098571777344e+01
1.224870967864990234e+01
1.198156833648681641e+01
1.151800346374511719e+01
1.193278121948242188e+01
1.374065589904785156e+01
1.328396224975585938e+01
1.173636341094970703e+01
1.235459518432617188e+01
1.144116210937500000e+01
1.192270278930664062e+01
1.021970081329345703e+01
1.094178867340087891e+01
1.144496250152587891e+01
1.186558437347412109e+01
1.246602535247802734e+01
1.134209060668945312e+01
1.120768833160400391e+01
1.165363311767578125e+01
1.214313697814941406e+01
1.174176883697509766e+01
1.163469028472900391e+01
1.176276683807373047e+01
1.186784839630126953e+01
1.177006435394287109e+01
1.194478130340576172e+01
1.125099372863769531e+01
1.086387443542480469e+01
1.246357727050781250e+01
1.148126888275146484e+01
1.178571605682373047e+01
1.150425910949707031e+01
1.184105110168457031e+01
1.153775024414062500e+01
1.281825923919677734e+01
1.189880371093750000e+01
1.119502830505371094e+01
1.188963413238525391e+01
1.138209152221679688e+01
1.251115131378173828e+01
1.191489982604980469e+01
1.275776958465576172e+01
1.224511909484863281e+01
1.210576915740966797e+01
1.155581474304199219e+01
1.232205677032470703e+01
1.353020000457763672e+01
1.195718765258789062e+01
1.115684890747070312e+01
1.257907485961914062e+01
1.141816616058349609e+01
1.158456897735595703e+01
1.019892120361328125e+01
1.177901840209960938e+01
1.093018245697021484e+01
1.151891040802001953e+01
1.122495651245117188e+01
1.255137920379638672e+01
1.210822105407714844e+01
1.213762569427490234e+01
1.207777976989746094e+01
1.147906589508056641e+01
1.099422454833984375e+01
1.144720935821533203e+01
1.149658679962158203e+01
1.190245532989501953e+01
1.177792167663574219e+01
1.520853042602539062e+01
1.211956596374511719e+01
1.187566280364990234e+01
1.181878089904785156e+01
1.163430881500244141e+01
1.147224140167236328e+01
1.255176544189453125e+01
1.157030868530273438e+01
1.156639289855957031e+01
1.209828567504882812e+01
1.209040164947509766e+01
1.192765903472900391e+01
1.173645877838134766e+01
1.166536140441894531e+01
1.197049045562744141e+01
9.889425277709960938e+00
1.173335933685302734e+01
1.462299633026123047e+01
1.129282093048095703e+01
1.170335292816162109e+01
1.245352077484130859e+01
1.157889652252197266e+01
1.123641681671142578e+01
1.245104026794433594e+01
1.201378822326660156e+01
1.159654235839843750e+01
1.113001155853271484e+01
1.163433361053466797e+01
1.169964694976806641e+01
1.046939849853515625e+01
1.122225189208984375e+01
1.297736454010009766e+01
1.117439460754394531e+01
1.164136600494384766e+01
1.151313591003417969e+01
1.250811576843261719e+01
1.219330883026123047e+01
1.216575336456298828e+01
1.168134593963623047e+01
1.156106185913085938e+01
1.159720325469970703e+01
1.154688549041748047e+01
1.138979148864746094e+01
1.178349685668945312e+01
1.160955619812011719e+01
1.146047973632812500e+01
1.202978134155273438e+01
1.209352588653564453e+01
1.147730255126953125e+01
1.307653522491455078e+01
1.145290756225585938e+01
1.308274364471435547e+01
1.187854385375976562e+01
1.127863502502441406e+01
1.172926998138427734e+01
1.120158863067626953e+01
1.150355243682861328e+01
1.294436168670654297e+01
1.140183925628662109e+01
1.190911388397216797e+01
1.269442176818847656e+01
1.144590091705322266e+01
1.179262447357177734e+01
1.217370414733886719e+01
1.012100028991699219e+01
1.185248756408691406e+01
1.196842098236083984e+01
1.172448921203613281e+01
1.180111217498779297e+01
1.177408313751220703e+01
1.153767871856689453e+01
1.181087493896484375e+01
1.199624347686767578e+01
1.146061611175537109e+01
1.150774192810058594e+01
1.282492160797119141e+01
1.185102081298828125e+01
1.204904460906982422e+01
1.192593383789062500e+01
1.215857124328613281e+01
1.327736568450927734e+01
1.135939884185791016e+01
1.154398918151855469e+01
1.253234767913818359e+01
1.209384441375732422e+01
1.157282447814941406e+01
1.249390220642089844e+01
1.129174327850341797e+01
1.151721382141113281e+01
1.083515644073486328e+01
1.157262611389160156e+01
1.152756023406982422e+01
1.087744331359863281e+01
1.133876037597656250e+01
1.154050445556640625e+01
1.163672065734863281e+01
1.157912063598632812e+01
1.216788864135742188e+01
1.169741535186767578e+01
1.137007427215576172e+01
1.154862499237060547e+01
1.139093685150146484e+01
1.181949043273925781e+01
1.105533313751220703e+01
1.179745101928710938e+01
1.171076107025146484e+01
1.176972389221191406e+01
1.147381305694580078e+01
1.188100433349609375e+01
1.166364383697509766e+01
1.175062751770019531e+01
1.121072959899902344e+01
1.131573104858398438e+01
1.202234268188476562e+01
1.114713001251220703e+01
1.165970420837402344e+01
1.050252723693847656e+01
1.260205364227294922e+01
1.168818283081054688e+01
1.195324134826660156e+01
1.127762031555175781e+01
1.196856212615966797e+01
1.198599624633789062e+01
1.119036960601806641e+01
1.166815185546875000e+01
1.171201610565185547e+01
1.179529190063476562e+01
1.191368389129638672e+01
1.128072261810302734e+01
1.112948894500732422e+01
1.087676525115966797e+01
1.191017436981201172e+01
1.080834674835205078e+01
1.136030673980712891e+01
1.196346473693847656e+01
1.190806102752685547e+01
1.170510387420654297e+01
1.153093910217285156e+01
1.227983760833740234e+01
1.175591182708740234e+01
1.205160522460937500e+01
1.154362106323242188e+01
1.120093822479248047e+01
1.170081138610839844e+01
1.114517593383789062e+01
1.163382148742675781e+01
1.148970985412597656e+01
1.142177486419677734e+01
1.199755859375000000e+01
1.146869373321533203e+01
1.103200340270996094e+01
1.226454353332519531e+01
1.200584220886230469e+01
1.187373638153076172e+01
1.201987266540527344e+01
1.127354812622070312e+01
1.196970272064208984e+01
1.223332881927490234e+01
1.325830554962158203e+01
1.092127227783203125e+01
1.175390243530273438e+01
1.155468750000000000e+01
1.154365921020507812e+01
1.112011241912841797e+01
1.179473590850830078e+01
1.223216819763183594e+01
1.337560081481933594e+01
1.241531753540039062e+01
1.190860080718994141e+01
1.175453186035156250e+01
1.081213474273681641e+01
1.184254264831542969e+01
1.356760501861572266e+01
1.160621261596679688e+01
1.219491577148437500e+01
1.156324577331542969e+01
1.196268844604492188e+01
1.370801258087158203e+01
1.147090816497802734e+01
1.231842994689941406e+01
1.233298873901367188e+01
1.158139419555664062e+01
1.126118850708007812e+01
1.130441474914550781e+01
1.209406948089599609e+01
1.155328083038330078e+01
1.376124763488769531e+01
1.135319137573242188e+01
1.095489215850830078e+01
1.232593631744384766e+01
1.260037136077880859e+01
1.064625835418701172e+01
1.190856266021728516e+01
1.169362735748291016e+01
1.108463668823242188e+01
1.122584342956542969e+01
1.201487731933593750e+01
1.164305591583251953e+01
1.198230838775634766e+01
1.177209186553955078e+01
1.228293895721435547e+01
1.169886875152587891e+01
1.153417015075683594e+01
1.109106063842773438e+01
1.113791561126708984e+01
1.035869884490966797e+01
1.138964080810546875e+01
1.302556419372558594e+01
1.203433132171630859e+01
1.148644733428955078e+01
1.118579006195068359e+01
1.122760772705078125e+01
1.337103939056396484e+01
1.138557624816894531e+01
1.142221069335937500e+01
1.219445037841796875e+01
1.148782444000244141e+01
1.178498744964599609e+01
1.200997352600097656e+01
1.260646057128906250e+01
1.211083030700683594e+01
1.162665653228759766e+01
1.188120841979980469e+01
1.106431961059570312e+01
1.149300670623779297e+01
1.191722965240478516e+01
1.200276088714599609e+01
1.080819416046142578e+01
1.150946521759033203e+01
1.148956394195556641e+01
1.281035137176513672e+01
1.182911300659179688e+01
1.356061363220214844e+01
1.223331832885742188e+01
1.115308094024658203e+01
1.214662551879882812e+01
1.131225585937500000e+01
1.166427803039550781e+01
1.146400642395019531e+01
1.144242191314697266e+01
1.295443820953369141e+01
1.185101699829101562e+01
1.104901981353759766e+01
1.127993774414062500e+01
1.194143676757812500e+01
1.136364936828613281e+01
1.172328662872314453e+01
1.138676738739013672e+01
1.165523433685302734e+01
1.136083221435546875e+01
1.138524627685546875e+01
1.055224037170410156e+01
1.181170272827148438e+01
1.127065372467041016e+01
1.130163002014160156e+01
1.006287384033203125e+01
1.222122383117675781e+01
1.120130252838134766e+01
1.278258228302001953e+01
1.181526184082031250e+01
1.177850246429443359e+01
1.238128471374511719e+01
1.190983390808105469e+01
1.161404132843017578e+01
1.118905258178710938e+01
1.159354877471923828e+01
1.150694465637207031e+01
1.083992385864257812e+01
1.117891311645507812e+01
1.011092948913574219e+01
1.239949798583984375e+01
1.185618209838867188e+01
1.156769943237304688e+01
1.179927635192871094e+01
1.321381759643554688e+01
1.149198246002197266e+01
1.221356773376464844e+01
1.184477519989013672e+01
1.189245510101318359e+01
1.124031066894531250e+01
1.176955032348632812e+01
1.201831722259521484e+01
1.183385181427001953e+01
1.227276134490966797e+01
1.432269668579101562e+01
1.133518028259277344e+01
1.016422939300537109e+01
1.160002326965332031e+01
1.212074089050292969e+01
1.183970165252685547e+01
1.191033744812011719e+01
1.158808040618896484e+01
1.179427242279052734e+01
1.084490013122558594e+01
1.237301921844482422e+01
1.141504764556884766e+01
1.189326000213623047e+01
1.228106307983398438e+01
1.136717987060546875e+01
1.265084743499755859e+01
1.131349372863769531e+01
1.149731922149658203e+01
1.179877662658691406e+01
1.172886371612548828e+01
1.207118129730224609e+01
1.156678390502929688e+01
1.140225887298583984e+01
1.116434764862060547e+01
1.236182689666748047e+01
1.168317317962646484e+01
1.131149005889892578e+01
1.192176055908203125e+01
1.203757381439208984e+01
1.027769660949707031e+01
1.114624881744384766e+01
1.196597194671630859e+01
1.217641639709472656e+01
1.108504772186279297e+01
1.162539291381835938e+01
1.139775753021240234e+01
1.175074577331542969e+01
1.180324649810791016e+01
1.170144271850585938e+01
1.136460399627685547e+01
1.174491977691650391e+01
1.236311054229736328e+01
1.041444873809814453e+01
1.170903968811035156e+01
1.156731700897216797e+01
1.156710338592529297e+01
1.124736118316650391e+01
1.142632389068603516e+01
1.167263317108154297e+01
1.176277828216552734e+01
1.139284229278564453e+01
1.204906463623046875e+01
1.167299270629882812e+01
1.112740421295166016e+01
1.122649383544921875e+01
1.180977725982666016e+01
1.156293010711669922e+01
1.199060153961181641e+01
1.194326114654541016e+01
1.244618225097656250e+01
1.214962673187255859e+01
1.116702651977539062e+01
1.012094688415527344e+01
1.219474506378173828e+01
1.125189399719238281e+01
1.111320972442626953e+01
1.171934032440185547e+01
1.123388481140136719e+01
1.109750843048095703e+01
1.171965694427490234e+01
1.139494037628173828e+01
1.145419692993164062e+01
1.236361694335937500e+01
1.175342845916748047e+01
1.140891838073730469e+01
1.193554115295410156e+01
1.168537902832031250e+01
1.190578556060791016e+01
1.141811466217041016e+01
1.164749908447265625e+01
1.174749851226806641e+01
1.168408298492431641e+01
1.122776889801025391e+01
1.176654624938964844e+01
1.244967746734619141e+01
1.138229942321777344e+01
1.203042984008789062e+01
1.159123897552490234e+01
1.264593505859375000e+01
1.143759441375732422e+01
1.180138301849365234e+01
1.150671577453613281e+01
1.011596775054931641e+01
1.114694309234619141e+01
1.150604629516601562e+01
1.177613258361816406e+01
1.143689632415771484e+01
1.074535751342773438e+01
1.135842037200927734e+01
1.123918151855468750e+01
1.277221584320068359e+01
1.302005577087402344e+01
1.341772842407226562e+01
1.185727787017822266e+01
1.114569377899169922e+01
1.136535263061523438e+01
1.135494518280029297e+01
1.143953800201416016e+01
1.120891666412353516e+01
1.161927318572998047e+01
1.198203182220458984e+01
1.235309123992919922e+01
1.165756034851074219e+01
1.187973499298095703e+01
1.136478137969970703e+01
1.100955581665039062e+01
1.206375598907470703e+01
1.121294021606445312e+01
1.135030651092529297e+01
1.108685684204101562e+01
1.212028694152832031e+01
1.179903221130371094e+01
1.179056739807128906e+01
1.179847240447998047e+01
1.277154159545898438e+01
1.134406757354736328e+01
1.130225467681884766e+01
1.250213336944580078e+01
1.214697170257568359e+01
1.179206371307373047e+01
1.191962146759033203e+01
1.245613288879394531e+01
1.171155834197998047e+01
1.185563755035400391e+01
1.174457836151123047e+01
1.161722946166992188e+01
1.066841316223144531e+01
1.128217697143554688e+01
1.162382316589355469e+01
1.150819969177246094e+01
1.202820205688476562e+01
1.131527805328369141e+01
1.143625354766845703e+01
1.186724090576171875e+01
1.145728778839111328e+01
1.162288856506347656e+01
1.245066356658935547e+01
1.186139869689941406e+01
1.156689739227294922e+01
1.120693874359130859e+01
1.157358741760253906e+01
1.155134010314941406e+01
1.110133171081542969e+01
1.176641464233398438e+01
1.168962574005126953e+01
1.108411693572998047e+01
1.276248168945312500e+01
1.211719894409179688e+01
1.308077621459960938e+01
1.191052341461181641e+01
1.305401229858398438e+01
1.127004241943359375e+01
1.223382282257080078e+01
1.118270778656005859e+01
1.134477138519287109e+01
1.134660148620605469e+01
1.171547508239746094e+01
1.186028575897216797e+01
1.135259532928466797e+01
1.078559112548828125e+01
1.145895004272460938e+01
1.183249473571777344e+01
1.166029357910156250e+01
1.180831336975097656e+01
1.193442821502685547e+01
1.179225063323974609e+01
1.058606624603271484e+01
1.152686214447021484e+01
1.130631542205810547e+01
1.141354656219482422e+01
1.135213565826416016e+01
1.184408760070800781e+01
1.251929950714111328e+01
1.128944110870361328e+01
1.185209751129150391e+01
1.263960742950439453e+01
1.164275074005126953e+01
1.111265468597412109e+01
1.228783130645751953e+01
1.187982749938964844e+01
1.152782726287841797e+01
1.130961990356445312e+01
1.284354972839355469e+01
1.172851085662841797e+01
1.180089187622070312e+01
1.217728042602539062e+01
1.139459037780761719e+01
1.166978740692138672e+01
1.235451984405517578e+01
1.115810775756835938e+01
1.142425441741943359e+01
1.131898403167724609e+01
1.294704818725585938e+01
1.156193447113037109e+01
1.147294807434082031e+01
1.186655139923095703e+01
1.413074493408203125e+01
1.126303958892822266e+01
1.192130088806152344e+01
1.143047142028808594e+01
1.136289405822753906e+01
1.183006763458251953e+01
1.149118137359619141e+01
1.126430797576904297e+01
1.118264865875244141e+01
1.234901618957519531e+01
1.126835060119628906e+01
1.123411750793457031e+01
1.060888576507568359e+01
1.189974880218505859e+01
1.144736099243164062e+01
1.313384723663330078e+01
1.118447685241699219e+01
1.105884647369384766e+01
1.264262580871582031e+01
1.128123664855957031e+01
1.159119415283203125e+01
1.108578491210937500e+01
1.152500629425048828e+01
1.172318649291992188e+01
1.124127769470214844e+01
1.151121425628662109e+01
1.143149185180664062e+01
1.131440162658691406e+01
1.178064346313476562e+01
1.192998123168945312e+01
1.142722129821777344e+01
1.140144920349121094e+01
1.166383552551269531e+01
1.184311199188232422e+01
1.201455593109130859e+01
1.181494235992431641e+01
1.171383953094482422e+01
1.124251079559326172e+01
1.119877910614013672e+01
1.146671009063720703e+01
1.157633304595947266e+01
1.248618507385253906e+01
1.204489231109619141e+01
1.113486289978027344e+01
1.235668945312500000e+01
1.283952999114990234e+01
1.173530578613281250e+01
1.304532909393310547e+01
1.188066482543945312e+01
1.069778442382812500e+01
1.184663009643554688e+01
1.140501976013183594e+01
1.170028209686279297e+01
1.113383674621582031e+01
1.268494224548339844e+01
1.176712322235107422e+01
1.173340892791748047e+01
1.241518974304199219e+01
1.154306888580322266e+01
1.360160350799560547e+01
1.193675994873046875e+01
1.253088283538818359e+01
1.199952697753906250e+01
1.125010108947753906e+01
1.145311832427978516e+01
1.268158531188964844e+01
1.342162990570068359e+01
1.099997901916503906e+01
1.279199886322021484e+01
1.167026996612548828e+01
1.116651821136474609e+01
1.059314918518066406e+01
1.187847518920898438e+01
1.145799922943115234e+01
1.131148433685302734e+01
1.147301006317138672e+01
1.173875331878662109e+01
1.133650684356689453e+01
1.179584026336669922e+01
1.186874961853027344e+01
1.148523139953613281e+01
1.186070346832275391e+01
1.094025707244873047e+01
1.164145088195800781e+01
1.259460639953613281e+01
1.308636760711669922e+01
1.159335803985595703e+01
1.309430408477783203e+01
1.157643699645996094e+01
1.158521080017089844e+01
1.161050605773925781e+01
1.119570636749267578e+01
1.164093303680419922e+01
1.128740787506103516e+01
1.062335014343261719e+01
1.218090820312500000e+01
1.149422645568847656e+01
1.240833473205566406e+01
1.294566726684570312e+01
1.205735874176025391e+01
1.342293739318847656e+01
1.152962303161621094e+01
1.175059509277343750e+01
1.197197532653808594e+01
1.143728446960449219e+01
1.374625682830810547e+01
1.130612182617187500e+01
1.146660041809082031e+01
1.181306266784667969e+01
1.144413852691650391e+01
1.128674221038818359e+01
1.116636848449707031e+01
1.147366237640380859e+01
1.328763103485107422e+01
1.146785640716552734e+01
1.161397266387939453e+01
1.148803615570068359e+01
1.190617084503173828e+01
1.129665660858154297e+01
1.243135261535644531e+01
1.141743659973144531e+01
1.178042125701904297e+01
1.186162185668945312e+01
1.151688098907470703e+01
1.144096374511718750e+01
1.115291309356689453e+01
1.126261138916015625e+01
1.120279026031494141e+01
1.137011051177978516e+01
1.122753524780273438e+01
1.172120571136474609e+01
1.216122245788574219e+01
1.158336830139160156e+01
1.145102500915527344e+01
1.180550670623779297e+01
1.133410263061523438e+01
1.276374626159667969e+01
1.128445720672607422e+01
1.139776611328125000e+01
1.194275760650634766e+01
1.196620845794677734e+01
1.138556098937988281e+01
1.152198982238769531e+01
1.145412921905517578e+01
1.162938880920410156e+01
1.152811527252197266e+01
1.137070941925048828e+01
1.134874916076660156e+01
1.220480346679687500e+01
1.120582580566406250e+01
1.327324295043945312e+01
1.132173156738281250e+01
1.122017288208007812e+01
1.184395503997802734e+01
1.399433803558349609e+01
1.166790771484375000e+01
1.127093887329101562e+01
1.158814525604248047e+01
1.123000907897949219e+01
1.234460735321044922e+01
1.165791034698486328e+01
1.133607864379882812e+01
1.185948848724365234e+01
1.160336399078369141e+01
1.201958942413330078e+01
1.193724250793457031e+01
1.194639492034912109e+01
1.140736198425292969e+01
1.232042217254638672e+01
1.157451438903808594e+01
1.145537757873535156e+01
1.109860801696777344e+01
1.125470352172851562e+01
1.165504932403564453e+01
1.185720539093017578e+01
1.163062667846679688e+01
1.237224769592285156e+01
1.180976295471191406e+01
1.170121860504150391e+01
1.152266597747802734e+01
1.183994102478027344e+01
1.160487842559814453e+01
1.243661880493164062e+01
1.128861999511718750e+01
1.142317104339599609e+01
1.094345664978027344e+01
1.122278308868408203e+01
1.157067775726318359e+01
1.338144016265869141e+01
1.322597217559814453e+01
1.133903598785400391e+01
1.130036735534667969e+01
1.158476543426513672e+01
1.106646823883056641e+01
1.182067108154296875e+01
1.126561641693115234e+01
1.134258460998535156e+01
1.197480106353759766e+01
1.138103103637695312e+01
1.146715831756591797e+01
1.215118026733398438e+01
1.105377960205078125e+01
1.267109298706054688e+01
1.136988162994384766e+01
1.159078979492187500e+01
1.172852706909179688e+01
1.116348171234130859e+01
1.199079036712646484e+01
1.127248859405517578e+01
1.258599567413330078e+01
1.327270317077636719e+01
1.190666675567626953e+01
1.208909702301025391e+01
1.229510879516601562e+01
1.159423828125000000e+01
1.142754173278808594e+01
1.131962394714355469e+01
1.154715061187744141e+01
1.162991142272949219e+01
1.189506340026855469e+01
1.172090816497802734e+01
9.985445022583007812e+00
1.170533466339111328e+01
1.123498725891113281e+01
1.202129173278808594e+01
1.209985446929931641e+01
1.128931331634521484e+01
1.162754154205322266e+01
1.228497409820556641e+01
1.217526721954345703e+01
1.116543102264404297e+01
1.124772834777832031e+01
1.170342826843261719e+01
1.120656681060791016e+01
1.269333648681640625e+01
1.168889427185058594e+01
1.141964244842529297e+01
1.181875991821289062e+01
1.325798225402832031e+01
1.124738216400146484e+01
1.067967128753662109e+01
1.167805290222167969e+01
1.252070236206054688e+01
1.175213146209716797e+01
1.188365364074707031e+01
1.184761714935302734e+01
1.186206722259521484e+01
1.145000934600830078e+01
1.096045494079589844e+01
1.134119129180908203e+01
1.179731750488281250e+01
1.179570293426513672e+01
1.183872318267822266e+01
1.198633289337158203e+01
1.199167633056640625e+01
1.091054725646972656e+01
1.332363796234130859e+01
1.137745285034179688e+01
1.184032058715820312e+01
1.120832443237304688e+01
1.133142280578613281e+01
1.030495738983154297e+01
1.187208557128906250e+01
1.166491603851318359e+01
1.196827888488769531e+01
1.316503524780273438e+01
1.217093276977539062e+01
1.020685958862304688e+01
1.177026653289794922e+01
1.195583534240722656e+01
1.138652992248535156e+01
1.196292591094970703e+01
1.165895652770996094e+01
1.199217891693115234e+01
1.167251396179199219e+01
1.184740352630615234e+01
1.126461219787597656e+01
1.114885807037353516e+01
1.124846553802490234e+01
1.222003269195556641e+01
1.196310424804687500e+01
1.107529354095458984e+01
1.156918621063232422e+01
1.151498031616210938e+01
1.210470962524414062e+01
1.258454132080078125e+01
1.248773670196533203e+01
1.159415912628173828e+01
1.073290348052978516e+01
1.208288097381591797e+01
1.098171710968017578e+01
1.183898925781250000e+01
1.270922660827636719e+01
1.121340656280517578e+01
1.197413349151611328e+01
1.268688488006591797e+01
1.142843532562255859e+01
1.186300563812255859e+01
1.152154636383056641e+01
1.242855167388916016e+01
1.180019855499267578e+01
1.265784263610839844e+01
1.163627815246582031e+01
1.129002094268798828e+01
1.135895156860351562e+01
1.229092693328857422e+01
1.126065349578857422e+01
1.173222923278808594e+01
1.138787364959716797e+01
1.114725303649902344e+01
1.130037689208984375e+01
1.108048820495605469e+01
1.182144737243652344e+01
1.191063404083251953e+01
1.008572483062744141e+01
1.168586158752441406e+01
1.119491577148437500e+01
1.214118003845214844e+01
1.290180873870849609e+01
1.153388690948486328e+01
1.118270778656005859e+01
1.139582157135009766e+01
1.220383453369140625e+01
1.198236370086669922e+01
1.137605667114257812e+01
1.144238185882568359e+01
1.172881793975830078e+01
1.213472557067871094e+01
1.161450862884521484e+01
1.175052547454833984e+01
1.186985015869140625e+01
1.117075061798095703e+01
1.153823089599609375e+01
1.200982856750488281e+01
1.137310886383056641e+01
1.117841434478759766e+01
1.345282840728759766e+01
1.100105571746826172e+01
1.144339084625244141e+01
1.265023040771484375e+01
1.148655128479003906e+01
1.150289821624755859e+01
1.085699558258056641e+01
1.384564781188964844e+01
1.185529804229736328e+01
1.262489318847656250e+01
1.305607318878173828e+01
1.190881443023681641e+01
1.179131984710693359e+01
1.187777805328369141e+01
1.161598014831542969e+01
1.082540416717529297e+01
1.156003570556640625e+01
1.143215847015380859e+01
1.107865524291992188e+01
1.131587982177734375e+01
1.175781822204589844e+01
1.149387073516845703e+01
1.190416240692138672e+01
1.147667407989501953e+01
1.214825820922851562e+01
1.188020324707031250e+01
1.229903125762939453e+01
1.153013992309570312e+01
1.122642707824707031e+01
1.163631343841552734e+01
1.198409843444824219e+01
1.284051322937011719e+01
1.226333808898925781e+01
1.155270004272460938e+01
1.064726924896240234e+01
1.239444541931152344e+01
1.181858825683593750e+01
1.231598567962646484e+01
1.165491867065429688e+01
1.137112331390380859e+01
1.141431713104248047e+01
1.152258205413818359e+01
1.153685092926025391e+01
1.272376155853271484e+01
1.168948841094970703e+01
1.207339191436767578e+01
1.239227867126464844e+01
1.171592426300048828e+01
1.118772029876708984e+01
1.283349132537841797e+01
1.157223701477050781e+01
1.103686237335205078e+01
1.185392189025878906e+01
1.171341323852539062e+01
1.123735237121582031e+01
1.180809211730957031e+01
1.287038707733154297e+01
1.146738433837890625e+01
1.197652435302734375e+01
1.263945770263671875e+01
1.169920444488525391e+01
1.207772827148437500e+01
1.225362682342529297e+01
1.312537479400634766e+01
1.109089469909667969e+01
1.157645702362060547e+01
1.285693836212158203e+01
1.182126998901367188e+01
1.145051670074462891e+01
1.125646114349365234e+01
1.173248767852783203e+01
1.141370773315429688e+01
1.110613155364990234e+01
1.150060462951660156e+01
1.197277450561523438e+01
1.118036937713623047e+01
1.201430797576904297e+01
1.121789836883544922e+01
1.215200042724609375e+01
1.137162876129150391e+01
1.190953254699707031e+01
1.180977153778076172e+01
1.185388088226318359e+01
1.211619472503662109e+01
1.127040672302246094e+01
1.241529655456542969e+01
1.178533649444580078e+01
1.119019126892089844e+01
1.313272857666015625e+01
1.086652469635009766e+01
1.229288196563720703e+01
1.203647518157958984e+01
1.166402339935302734e+01
1.248378944396972656e+01
1.158658409118652344e+01
1.182279300689697266e+01
1.174411487579345703e+01
1.136716938018798828e+01
1.255099391937255859e+01
1.146256542205810547e+01
1.132395076751708984e+01
1.304264545440673828e+01
1.312692832946777344e+01
1.175799465179443359e+01
1.167390251159667969e+01
1.119719696044921875e+01
1.237100315093994141e+01
1.139746665954589844e+01
1.179163646697998047e+01
1.129047298431396484e+01
1.130347156524658203e+01
1.198467445373535156e+01
1.139386749267578125e+01
1.112076187133789062e+01
1.218874359130859375e+01
1.287662696838378906e+01
1.149594211578369141e+01
1.242848777770996094e+01
1.180544090270996094e+01
1.142389965057373047e+01
1.142864513397216797e+01
1.191744327545166016e+01
1.196373271942138672e+01
1.179296493530273438e+01
1.137426185607910156e+01
1.166834259033203125e+01
1.202477550506591797e+01
1.337835121154785156e+01
1.154252243041992188e+01
1.195791530609130859e+01
1.130819034576416016e+01
1.157245635986328125e+01
1.154193496704101562e+01
1.167466068267822266e+01
1.314749145507812500e+01
1.217139244079589844e+01
1.152497196197509766e+01
1.139320659637451172e+01
1.120665264129638672e+01
1.171496486663818359e+01
1.107041454315185547e+01
1.199911880493164062e+01
1.117589950561523438e+01
1.148072814941406250e+01
1.363006401062011719e+01
1.151457977294921875e+01
1.134574794769287109e+01
1.181053161621093750e+01
1.175171089172363281e+01
1.169706439971923828e+01
1.157084369659423828e+01
1.105832862854003906e+01
1.133246231079101562e+01
1.193620109558105469e+01
1.003078079223632812e+01
1.181571102142333984e+01
1.349148559570312500e+01
1.157916927337646484e+01
1.207520675659179688e+01
1.129723930358886719e+01
1.266611003875732422e+01
1.141154766082763672e+01
1.156051635742187500e+01
1.155277252197265625e+01
1.219823646545410156e+01
1.123049640655517578e+01
1.249775695800781250e+01
1.120326995849609375e+01
1.174294090270996094e+01
1.170953178405761719e+01
1.233732700347900391e+01
1.120015335083007812e+01
1.175725746154785156e+01
1.156939983367919922e+01
1.139494323730468750e+01
1.193637466430664062e+01
1.173132896423339844e+01
1.117292213439941406e+01
1.172647094726562500e+01
1.155809211730957031e+01
1.190621471405029297e+01
1.065083885192871094e+01
1.116378211975097656e+01
1.118656349182128906e+01
1.151955223083496094e+01
1.214609909057617188e+01
1.137681484222412109e+01
1.364899158477783203e+01
1.201940250396728516e+01
1.141521167755126953e+01
1.187018585205078125e+01
1.159031963348388672e+01
1.207457923889160156e+01
1.134512424468994141e+01
1.127394485473632812e+01
1.205237388610839844e+01
1.185454750061035156e+01
1.188237190246582031e+01
1.040931987762451172e+01
1.196700000762939453e+01
1.150901031494140625e+01
1.218411922454833984e+01
1.113078022003173828e+01
1.216575050354003906e+01
1.170345783233642578e+01
1.213591480255126953e+01
1.193299674987792969e+01
1.111780261993408203e+01
9.630827903747558594e+00
1.144588756561279297e+01
1.413379764556884766e+01
1.075466918945312500e+01
1.177058792114257812e+01
1.130908775329589844e+01
1.143037319183349609e+01
1.173628139495849609e+01
1.167630100250244141e+01
1.154545211791992188e+01
1.151659011840820312e+01
1.488715934753417969e+01
1.173537540435791016e+01
1.187293434143066406e+01
1.127140331268310547e+01
1.164400291442871094e+01
1.182808113098144531e+01
1.198767471313476562e+01
1.244655513763427734e+01
1.024711418151855469e+01
1.130871009826660156e+01
1.162944221496582031e+01
1.152725887298583984e+01
1.186318111419677734e+01
1.142004108428955078e+01
1.173932456970214844e+01
1.154487609863281250e+01
1.120007228851318359e+01
1.165560436248779297e+01
1.136806583404541016e+01
1.173214149475097656e+01
1.188861942291259766e+01
1.138973999023437500e+01
1.219512462615966797e+01
1.190247440338134766e+01
1.135610198974609375e+01
1.191019248962402344e+01
1.159657669067382812e+01
1.181152439117431641e+01
1.361493396759033203e+01
1.202307033538818359e+01
1.220080280303955078e+01
1.105452251434326172e+01
1.147120285034179688e+01
1.303170776367187500e+01
1.161933803558349609e+01
1.303117847442626953e+01
1.252877140045166016e+01
1.126513671875000000e+01
1.168572235107421875e+01
1.161632823944091797e+01
1.156874084472656250e+01
1.432907867431640625e+01
1.190212821960449219e+01
1.144681262969970703e+01
1.164185333251953125e+01
1.170697975158691406e+01
1.112900257110595703e+01
1.144508743286132812e+01
1.194156551361083984e+01
1.233686065673828125e+01
1.126098632812500000e+01
1.138114929199218750e+01
1.257584285736083984e+01
1.204582405090332031e+01
1.188084316253662109e+01
1.134290981292724609e+01
1.140806865692138672e+01
1.227358341217041016e+01
1.132462406158447266e+01
1.186786937713623047e+01
1.143137359619140625e+01
1.247100353240966797e+01
1.174988460540771484e+01
1.161199188232421875e+01
1.220974731445312500e+01
1.177638721466064453e+01
1.136480808258056641e+01
1.199565696716308594e+01
1.176822471618652344e+01
1.150553894042968750e+01
1.104846763610839844e+01
1.099756717681884766e+01
1.128338527679443359e+01
1.081899738311767578e+01
1.042276668548583984e+01
1.247548675537109375e+01
1.139023017883300781e+01
1.157985687255859375e+01
1.147799110412597656e+01
1.159487724304199219e+01
1.124163722991943359e+01
1.153319740295410156e+01
1.151449489593505859e+01
1.148735046386718750e+01
1.189930629730224609e+01
1.131669998168945312e+01
1.180950164794921875e+01
1.143083095550537109e+01
1.221234989166259766e+01
1.201129245758056641e+01
1.153547668457031250e+01
1.186051368713378906e+01
1.153856277465820312e+01
1.298820590972900391e+01
1.226763248443603516e+01
1.134249114990234375e+01
1.134749221801757812e+01
1.304327201843261719e+01
1.324417304992675781e+01
1.126921463012695312e+01
1.105119323730468750e+01
1.076238632202148438e+01
1.296717262268066406e+01
1.339959716796875000e+01
1.370247268676757812e+01
1.113978385925292969e+01
1.236416721343994141e+01
1.201820182800292969e+01
1.228116416931152344e+01
1.143616867065429688e+01
1.139654636383056641e+01
1.110652256011962891e+01
1.153627300262451172e+01
1.359894084930419922e+01
1.160925388336181641e+01
1.201158428192138672e+01
1.114321899414062500e+01
1.177512359619140625e+01
1.449796485900878906e+01
1.159084796905517578e+01
1.237047576904296875e+01
1.198401546478271484e+01
1.176104545593261719e+01
1.207600879669189453e+01
1.163102912902832031e+01
1.168871784210205078e+01
1.092754840850830078e+01
1.154965114593505859e+01
1.159579277038574219e+01
1.185223197937011719e+01
1.139622688293457031e+01
1.221705436706542969e+01
1.214629459381103516e+01
1.255906772613525391e+01
1.131030750274658203e+01
1.159498786926269531e+01
1.182301521301269531e+01
1.193663501739501953e+01
1.135796928405761719e+01
1.167811298370361328e+01
1.233395481109619141e+01
1.208222198486328125e+01
1.174013900756835938e+01
1.155392742156982422e+01
1.191415405273437500e+01
1.122055912017822266e+01
1.189257907867431641e+01
1.309087085723876953e+01
1.219431781768798828e+01
1.141529750823974609e+01
1.214860820770263672e+01
1.107341575622558594e+01
1.197830867767333984e+01
1.149754238128662109e+01
1.170561981201171875e+01
1.193252849578857422e+01
1.133691406250000000e+01
1.216043567657470703e+01
1.273298740386962891e+01
1.154831314086914062e+01
1.184340190887451172e+01
1.183441925048828125e+01
1.468070888519287109e+01
1.152650260925292969e+01
1.167263126373291016e+01
1.139800071716308594e+01
1.219710063934326172e+01
1.163951969146728516e+01
1.183224964141845703e+01
1.304173851013183594e+01
1.110452938079833984e+01
1.212809848785400391e+01
1.148304843902587891e+01
1.194904232025146484e+01
1.224613761901855469e+01
1.149544715881347656e+01
1.157390689849853516e+01
1.164883232116699219e+01
1.134705924987792969e+01
1.065156745910644531e+01
1.276289176940917969e+01
1.171276378631591797e+01
1.122142982482910156e+01
1.126132678985595703e+01
1.145520877838134766e+01
1.162322902679443359e+01
1.188928031921386719e+01
1.188454818725585938e+01
1.138727569580078125e+01
1.244248771667480469e+01
1.186369132995605469e+01
1.164393424987792969e+01
1.213978481292724609e+01
1.085919666290283203e+01
1.149109840393066406e+01
1.184166049957275391e+01
1.392830657958984375e+01
1.136724758148193359e+01
1.141176414489746094e+01
1.141324901580810547e+01
1.121597957611083984e+01
1.111840248107910156e+01
1.122215175628662109e+01
1.165052890777587891e+01
1.244863224029541016e+01
1.164471530914306641e+01
1.099615478515625000e+01
1.035257244110107422e+01
1.069828891754150391e+01
1.080887413024902344e+01
1.199651241302490234e+01
1.302805805206298828e+01
1.129268646240234375e+01
1.144033050537109375e+01
1.137300586700439453e+01
1.291780948638916016e+01
1.170090103149414062e+01
1.201738357543945312e+01
1.310348320007324219e+01
1.157981681823730469e+01
1.211351966857910156e+01
1.170436859130859375e+01
1.171185684204101562e+01
1.159970474243164062e+01
1.148856925964355469e+01
1.190637302398681641e+01
1.054305934906005859e+01
1.101081943511962891e+01
1.205218124389648438e+01
1.141243839263916016e+01
1.211724376678466797e+01
1.187609958648681641e+01
1.174544048309326172e+01
1.175860691070556641e+01
1.234239959716796875e+01
1.121881389617919922e+01
1.257035255432128906e+01
1.167198085784912109e+01
1.023200035095214844e+01
1.112786006927490234e+01
1.210607814788818359e+01
1.210155200958251953e+01
1.102185058593750000e+01
1.201541614532470703e+01
1.181357097625732422e+01
1.335646247863769531e+01
1.243058204650878906e+01
1.157714748382568359e+01
1.143829345703125000e+01
1.143016338348388672e+01
1.118569374084472656e+01
1.138236522674560547e+01
1.146054935455322266e+01
1.185294151306152344e+01
1.174661445617675781e+01
1.181998634338378906e+01
1.517674446105957031e+01
1.176235961914062500e+01
1.158069610595703125e+01
1.151303386688232422e+01
1.073412132263183594e+01
1.145071315765380859e+01
1.195317840576171875e+01
1.126419162750244141e+01
1.184822845458984375e+01
1.183662509918212891e+01
1.108509349822998047e+01
1.242976188659667969e+01
1.207815837860107422e+01
1.106500434875488281e+01
1.226534080505371094e+01
1.129765510559082031e+01
1.167460441589355469e+01
1.114330577850341797e+01
1.151232528686523438e+01
1.123039722442626953e+01
1.109537315368652344e+01
1.207748508453369141e+01
1.201289844512939453e+01
1.125279235839843750e+01
1.194390869140625000e+01
1.131490135192871094e+01
1.219760894775390625e+01
1.079116725921630859e+01
1.119218635559082031e+01
1.134138298034667969e+01
1.123271083831787109e+01
1.123361206054687500e+01
1.177072048187255859e+01
1.150273227691650391e+01
1.156303119659423828e+01
1.137986850738525391e+01
1.183132839202880859e+01
1.332499599456787109e+01
1.156071567535400391e+01
1.114765739440917969e+01
1.175460720062255859e+01
1.136473464965820312e+01
1.194547843933105469e+01
1.243076324462890625e+01
1.173898506164550781e+01
1.169174575805664062e+01
1.083071422576904297e+01
1.148815631866455078e+01
1.108547306060791016e+01
1.189485931396484375e+01
1.187077808380126953e+01
1.134449768066406250e+01
1.092900371551513672e+01
1.195855712890625000e+01
1.128776359558105469e+01
1.191515445709228516e+01
1.259802150726318359e+01
1.111550045013427734e+01
1.181471443176269531e+01
1.057042121887207031e+01
1.167498588562011719e+01
1.235633468627929688e+01
1.150867652893066406e+01
1.146950149536132812e+01
1.153324031829833984e+01
1.287380313873291016e+01
1.177886772155761719e+01
1.315706348419189453e+01
1.101309013366699219e+01
1.164062309265136719e+01
1.150752735137939453e+01
1.134376621246337891e+01
1.167341423034667969e+01
1.127842140197753906e+01
1.324729919433593750e+01
1.163682937622070312e+01
1.160890483856201172e+01
1.146754169464111328e+01
1.166870307922363281e+01
1.133088111877441406e+01
1.161312007904052734e+01
1.136711025238037109e+01
1.454521369934082031e+01
1.143971824645996094e+01
1.159619903564453125e+01
1.261797237396240234e+01
1.273568725585937500e+01
1.050511932373046875e+01
1.181069374084472656e+01
1.424567317962646484e+01
1.222156810760498047e+01
1.099325752258300781e+01
1.150470829010009766e+01
1.283365917205810547e+01
1.170626068115234375e+01
1.190411567687988281e+01
1.138433551788330078e+01
1.190299034118652344e+01
1.152038764953613281e+01
1.179777622222900391e+01
1.129751014709472656e+01
1.156546688079833984e+01
1.167728424072265625e+01
1.155373764038085938e+01
1.209037208557128906e+01
1.131273269653320312e+01
1.178897285461425781e+01
1.194598865509033203e+01
1.184737873077392578e+01
1.149778366088867188e+01
1.346187591552734375e+01
1.117818546295166016e+01
1.197864723205566406e+01
1.142881107330322266e+01
1.149039936065673828e+01
1.109475994110107422e+01
1.199525547027587891e+01
1.129289340972900391e+01
1.193924903869628906e+01
1.122000789642333984e+01
1.090263366699218750e+01
1.180511379241943359e+01
1.127781581878662109e+01
1.179312896728515625e+01
1.235838317871093750e+01
1.145709419250488281e+01
1.138860225677490234e+01
1.149257087707519531e+01
1.135269832611083984e+01
1.198778247833251953e+01
1.297006034851074219e+01
1.154464244842529297e+01
1.182612895965576172e+01
1.248574542999267578e+01
1.179184055328369141e+01
1.123360824584960938e+01
1.152745723724365234e+01
1.144266605377197266e+01
1.143595695495605469e+01
1.077194690704345703e+01
1.205293083190917969e+01
1.129625415802001953e+01
1.141692543029785156e+01
1.127033042907714844e+01
1.159684181213378906e+01
1.141964530944824219e+01
1.138130474090576172e+01
1.235000038146972656e+01
1.169774818420410156e+01
1.205379009246826172e+01
1.128354454040527344e+01
1.134711170196533203e+01
1.299494647979736328e+01
1.125543689727783203e+01
1.180069732666015625e+01
1.178261375427246094e+01
1.416907882690429688e+01
1.146274566650390625e+01
1.168751335144042969e+01
1.137763214111328125e+01
1.169883537292480469e+01
1.174987792968750000e+01
1.179621219635009766e+01
1.183505344390869141e+01
1.131493186950683594e+01
1.154140663146972656e+01
1.138678932189941406e+01
1.156378269195556641e+01
1.123869323730468750e+01
1.215598201751708984e+01
1.158695220947265625e+01
1.117968845367431641e+01
1.195451354980468750e+01
1.173021030426025391e+01
1.211838626861572266e+01
1.205139541625976562e+01
1.176280593872070312e+01
1.139495563507080078e+01
1.151830005645751953e+01
1.214619064331054688e+01
1.143893718719482422e+01
1.124430656433105469e+01
1.218869781494140625e+01
1.196224308013916016e+01
1.236909866333007812e+01
1.038243293762207031e+01
1.169393920898437500e+01
1.181883144378662109e+01
1.305861473083496094e+01
1.115695571899414062e+01
1.162588882446289062e+01
1.146992397308349609e+01
1.154578876495361328e+01
1.333275127410888672e+01
1.164308166503906250e+01
1.182648372650146484e+01
1.203570747375488281e+01
1.206687736511230469e+01
1.190098476409912109e+01
1.189756488800048828e+01
1.184197139739990234e+01
1.266683769226074219e+01
1.168802547454833984e+01
1.074662303924560547e+01
1.146403884887695312e+01
1.008456707000732422e+01
1.142693996429443359e+01
1.323602294921875000e+01
1.131707096099853516e+01
1.119197750091552734e+01
1.125207805633544922e+01
1.237546062469482422e+01
1.122489833831787109e+01
1.160710620880126953e+01
1.204036808013916016e+01
1.165062236785888672e+01
1.279526233673095703e+01
1.232679557800292969e+01
1.163571166992187500e+01
1.238182544708251953e+01
1.151640415191650391e+01
1.179479980468750000e+01
1.166296672821044922e+01
1.187806129455566406e+01
1.191326427459716797e+01
1.142923355102539062e+01
1.128161716461181641e+01
1.136410236358642578e+01
1.156360435485839844e+01
1.065336132049560547e+01
1.081202507019042969e+01
1.232450580596923828e+01
1.368307495117187500e+01
1.138402462005615234e+01
1.168837356567382812e+01
1.254534435272216797e+01
1.141767787933349609e+01
1.285942745208740234e+01
1.209883403778076172e+01
1.176584815979003906e+01
1.140493583679199219e+01
1.036060047149658203e+01
1.156880092620849609e+01
1.088097763061523438e+01
1.294053173065185547e+01
1.139100456237792969e+01
1.244681549072265625e+01
1.250245952606201172e+01
1.152535724639892578e+01
1.167315578460693359e+01
1.196554946899414062e+01
1.145950412750244141e+01
1.113151931762695312e+01
1.180396461486816406e+01
1.180716609954833984e+01
1.101173782348632812e+01
1.051223659515380859e+01
1.186286735534667969e+01
1.154084682464599609e+01
1.209418296813964844e+01
1.159049224853515625e+01
1.084780979156494141e+01
1.144425296783447266e+01
1.148529243469238281e+01
1.177552509307861328e+01
1.243565368652343750e+01
1.184584903717041016e+01
1.179985904693603516e+01
1.181316757202148438e+01
1.147090721130371094e+01
1.217930793762207031e+01
1.180827045440673828e+01
1.127789878845214844e+01
1.141145515441894531e+01
1.140250492095947266e+01
1.159467601776123047e+01
1.167270660400390625e+01
1.137154579162597656e+01
1.170453929901123047e+01
1.162806606292724609e+01
1.127394294738769531e+01
1.284996986389160156e+01
1.265041542053222656e+01
1.145637512207031250e+01
1.200517749786376953e+01
1.168520641326904297e+01
1.111894989013671875e+01
1.183162498474121094e+01
1.083205890655517578e+01
1.158589076995849609e+01
1.174041557312011719e+01
1.198250102996826172e+01
1.240413665771484375e+01
1.236020374298095703e+01
1.132386493682861328e+01
1.140666580200195312e+01
1.116137027740478516e+01
1.072403335571289062e+01
1.239099693298339844e+01
1.146208190917968750e+01
1.121568775177001953e+01
1.182571983337402344e+01
1.148859596252441406e+01
1.193575000762939453e+01
1.192382431030273438e+01
1.206537628173828125e+01
1.027081775665283203e+01
1.154823970794677734e+01
1.112431049346923828e+01
1.307145977020263672e+01
1.188265132904052734e+01
1.211888313293457031e+01
1.200743579864501953e+01
1.172317504882812500e+01
1.195599842071533203e+01
1.074559593200683594e+01
1.176855754852294922e+01
1.204174900054931641e+01
1.170118618011474609e+01
1.159588432312011719e+01
1.124869537353515625e+01
1.153820991516113281e+01
1.257447910308837891e+01
1.139202404022216797e+01
1.123891258239746094e+01
1.151738166809082031e+01
1.171963882446289062e+01
1.185527515411376953e+01
1.108928585052490234e+01
1.144278049468994141e+01
1.147954177856445312e+01
1.069648456573486328e+01
1.134366321563720703e+01
1.144313240051269531e+01
1.166183376312255859e+01
1.182935523986816406e+01
1.140520954132080078e+01
1.147831153869628906e+01
1.165514183044433594e+01
1.313920116424560547e+01
1.124679756164550781e+01
1.224678421020507812e+01
1.134291744232177734e+01
1.175630092620849609e+01
1.208440971374511719e+01
1.140681076049804688e+01
1.202862834930419922e+01
1.232957744598388672e+01
1.146051025390625000e+01
1.172638988494873047e+01
1.163568115234375000e+01
1.193705081939697266e+01
1.145701122283935547e+01
1.191843795776367188e+01
1.064924430847167969e+01
1.054354858398437500e+01
1.149906063079833984e+01
1.336845016479492188e+01
1.193402290344238281e+01
1.193644809722900391e+01
1.218282032012939453e+01
1.185785770416259766e+01
1.096356868743896484e+01
1.187355041503906250e+01
1.168282222747802734e+01
1.034766483306884766e+01
1.223595714569091797e+01
1.142934036254882812e+01
1.169514369964599609e+01
1.088849449157714844e+01
1.116775608062744141e+01
1.108310317993164062e+01
1.161410140991210938e+01
1.131782245635986328e+01
1.145015239715576172e+01
1.181497192382812500e+01
1.136353969573974609e+01
1.142653942108154297e+01
1.115304756164550781e+01
1.164862537384033203e+01
1.186186027526855469e+01
1.183027648925781250e+01
1.199483966827392578e+01
1.218127441406250000e+01
1.345768260955810547e+01
1.273195266723632812e+01
1.203778171539306641e+01
1.047909164428710938e+01
1.161945056915283203e+01
1.140510940551757812e+01
1.137513065338134766e+01
1.317829227447509766e+01
1.326666069030761719e+01
1.190666961669921875e+01
1.117711162567138672e+01
1.043631839752197266e+01
1.103762817382812500e+01
1.189367198944091797e+01
1.118208599090576172e+01
1.159252166748046875e+01
1.191076278686523438e+01
1.230411338806152344e+01
9.727729797363281250e+00
1.185152912139892578e+01
1.124090003967285156e+01
1.186893749237060547e+01
1.236096763610839844e+01
1.244915962219238281e+01
1.200581932067871094e+01
1.138891887664794922e+01
1.122353649139404297e+01
1.056507968902587891e+01
1.155307483673095703e+01
1.148971080780029297e+01
1.333432865142822266e+01
1.384138202667236328e+01
1.194160270690917969e+01
1.146591567993164062e+01
1.168662071228027344e+01
1.185394763946533203e+01
1.121010875701904297e+01
1.163239383697509766e+01
1.195103645324707031e+01
1.113950347900390625e+01
1.022335910797119141e+01
1.206189155578613281e+01
1.104673671722412109e+01
1.125571060180664062e+01
1.171696949005126953e+01
1.151994037628173828e+01
1.193210506439208984e+01
1.119111347198486328e+01
1.178770542144775391e+01
1.235988998413085938e+01
1.141930294036865234e+01
1.128153324127197266e+01
1.168100547790527344e+01
1.177062320709228516e+01
1.220946025848388672e+01
1.204706287384033203e+01
1.217676067352294922e+01
1.147041034698486328e+01
1.132378482818603516e+01
1.151756858825683594e+01
1.217359352111816406e+01
1.134828567504882812e+01
1.223888492584228516e+01
1.182682418823242188e+01
1.123825740814208984e+01
1.234880161285400391e+01
1.184129238128662109e+01
1.186924076080322266e+01
1.137587165832519531e+01
1.131512832641601562e+01
1.187515068054199219e+01
1.111888408660888672e+01
1.115930843353271484e+01
1.221997451782226562e+01
1.028334617614746094e+01
1.196422481536865234e+01
1.185232543945312500e+01
1.089091110229492188e+01
1.067708396911621094e+01
1.251269721984863281e+01
1.208492469787597656e+01
1.197360801696777344e+01
1.170594120025634766e+01
1.158071708679199219e+01
1.213918590545654297e+01
1.171314048767089844e+01
1.143727684020996094e+01
1.156934833526611328e+01
1.209372520446777344e+01
1.153060531616210938e+01
1.232312870025634766e+01
1.144350433349609375e+01
1.152736186981201172e+01
1.239185333251953125e+01
1.148805713653564453e+01
1.128462791442871094e+01
1.125913429260253906e+01
1.258282470703125000e+01
1.142771911621093750e+01
1.161225509643554688e+01
1.189910984039306641e+01
1.221113777160644531e+01
1.193887805938720703e+01
1.110181617736816406e+01
1.193711185455322266e+01
1.141089057922363281e+01
1.192475318908691406e+01
1.280301952362060547e+01
1.149782562255859375e+01
1.185106754302978516e+01
1.138692569732666016e+01
1.116811943054199219e+01
1.274183654785156250e+01
1.208117771148681641e+01
1.150467205047607422e+01
1.128766536712646484e+01
1.206212520599365234e+01
1.247089004516601562e+01
1.229797554016113281e+01
1.157370471954345703e+01
1.128524398803710938e+01
1.130855369567871094e+01
1.160095977783203125e+01
1.162715530395507812e+01
1.132833194732666016e+01
1.204116535186767578e+01
1.146945476531982422e+01
1.133978557586669922e+01
1.105060863494873047e+01
1.123016738891601562e+01
1.056370544433593750e+01
1.196856975555419922e+01
1.133780193328857422e+01
1.168616485595703125e+01
1.143203449249267578e+01
1.167416954040527344e+01
1.114916801452636719e+01
1.128954792022705078e+01
1.160171222686767578e+01
1.188486766815185547e+01
1.312608623504638672e+01
1.150151634216308594e+01
1.180409717559814453e+01
1.137578392028808594e+01
1.162656021118164062e+01
1.157495975494384766e+01
1.101993751525878906e+01
1.127361774444580078e+01
1.171547222137451172e+01
1.175662422180175781e+01
1.127955055236816406e+01
1.154673576354980469e+01
1.175511074066162109e+01
1.212055301666259766e+01
1.149707603454589844e+01
1.175243473052978516e+01
1.316858768463134766e+01
1.312657356262207031e+01
1.142635822296142578e+01
1.150771713256835938e+01
1.228449344635009766e+01
1.135151863098144531e+01
1.109438896179199219e+01
1.178050327301025391e+01
1.164893531799316406e+01
1.229625606536865234e+01
1.052263259887695312e+01
1.182786273956298828e+01
1.132299995422363281e+01
1.170555019378662109e+01
1.149610710144042969e+01
1.247839641571044922e+01
1.153738307952880859e+01
1.279720973968505859e+01
1.206916141510009766e+01
1.095966053009033203e+01
1.195287799835205078e+01
1.167865371704101562e+01
1.173252010345458984e+01
1.168890953063964844e+01
1.193169689178466797e+01
1.131234359741210938e+01
1.048384475708007812e+01
1.294722557067871094e+01
1.086969089508056641e+01
1.072961997985839844e+01
1.034537315368652344e+01
1.275023555755615234e+01
1.055255508422851562e+01
1.016605377197265625e+01
1.165486431121826172e+01
1.131234264373779297e+01
1.314708614349365234e+01
1.247293472290039062e+01
1.210599803924560547e+01
1.138190555572509766e+01
1.163958644866943359e+01
1.135608768463134766e+01
1.135536098480224609e+01
1.166418647766113281e+01
1.121153259277343750e+01
1.177552890777587891e+01
1.141064357757568359e+01
1.138948535919189453e+01
1.294061946868896484e+01
1.149474525451660156e+01
1.215957832336425781e+01
1.116660594940185547e+01
1.117381477355957031e+01
1.180663299560546875e+01
1.212035465240478516e+01
1.214563179016113281e+01
1.223550701141357422e+01
1.230884933471679688e+01
1.164190483093261719e+01
1.179750442504882812e+01
1.172231006622314453e+01
1.140646171569824219e+01
1.190535259246826172e+01
1.126321601867675781e+01
1.223962020874023438e+01
1.059508705139160156e+01
1.224914741516113281e+01
1.184636592864990234e+01
1.154560089111328125e+01
1.174097537994384766e+01
1.157793235778808594e+01
1.200575160980224609e+01
1.133060359954833984e+01
1.158779621124267578e+01
1.268695640563964844e+01
1.327875137329101562e+01
1.149949264526367188e+01
1.237386322021484375e+01
1.164600563049316406e+01
1.060347366333007812e+01
1.146291160583496094e+01
1.138022136688232422e+01
1.207085800170898438e+01
1.119652843475341797e+01
1.213002681732177734e+01
1.187908363342285156e+01
1.176024150848388672e+01
1.104053783416748047e+01
1.152324295043945312e+01
1.119287776947021484e+01
1.194885253906250000e+01
1.173338794708251953e+01
1.189322662353515625e+01
1.205615615844726562e+01
1.113605213165283203e+01
1.207394599914550781e+01
1.167060470581054688e+01
1.156413269042968750e+01
1.150684738159179688e+01
1.046132659912109375e+01
1.064096641540527344e+01
1.499287128448486328e+01
1.207176303863525391e+01
1.112283992767333984e+01
1.209535121917724609e+01
1.229960632324218750e+01
1.145522117614746094e+01
1.245013427734375000e+01
1.101948642730712891e+01
1.271235084533691406e+01
1.356525325775146484e+01
1.207151412963867188e+01
1.157685661315917969e+01
1.126099681854248047e+01
1.179956054687500000e+01
1.417556571960449219e+01
1.182924461364746094e+01
1.180114269256591797e+01
1.195095348358154297e+01
1.126495170593261719e+01
1.131213474273681641e+01
1.292602348327636719e+01
1.164542198181152344e+01
1.237336921691894531e+01
1.028402328491210938e+01
1.126751136779785156e+01
1.330529022216796875e+01
1.188871955871582031e+01
1.167987823486328125e+01
1.251965808868408203e+01
1.147608661651611328e+01
1.198863506317138672e+01
1.168709278106689453e+01
1.198680400848388672e+01
1.116002273559570312e+01
1.161549472808837891e+01
1.143212890625000000e+01
1.202497100830078125e+01
1.096466541290283203e+01
1.148790073394775391e+01
1.133496665954589844e+01
1.148616123199462891e+01
1.175634670257568359e+01
1.168455028533935547e+01
1.197167587280273438e+01
1.239363193511962891e+01
1.167935657501220703e+01
1.175861358642578125e+01
1.218914890289306641e+01
1.300767898559570312e+01
1.281276321411132812e+01
1.159710025787353516e+01
1.114440917968750000e+01
1.159870147705078125e+01
1.071475410461425781e+01
1.158961963653564453e+01
1.126669025421142578e+01
1.186436271667480469e+01
1.157440757751464844e+01
1.305790710449218750e+01
1.205745887756347656e+01
1.229751491546630859e+01
1.242463016510009766e+01
1.203185462951660156e+01
1.181901550292968750e+01
1.131830692291259766e+01
1.136460208892822266e+01
1.107909488677978516e+01
1.212778854370117188e+01
1.162280273437500000e+01
1.165036201477050781e+01
1.203194904327392578e+01
1.177723503112792969e+01
1.173981952667236328e+01
1.160683917999267578e+01
1.232103824615478516e+01
1.120706748962402344e+01
1.123277568817138672e+01
1.137421894073486328e+01
1.215958309173583984e+01
1.131028747558593750e+01
1.262099075317382812e+01
1.263413524627685547e+01
1.192003822326660156e+01
1.165428256988525391e+01
1.127382946014404297e+01
1.141005134582519531e+01
1.293587970733642578e+01
1.130146789550781250e+01
1.219626522064208984e+01
1.123907947540283203e+01
1.144963741302490234e+01
1.179987239837646484e+01
1.142047405242919922e+01
1.260079097747802734e+01
1.293330192565917969e+01
1.143487834930419922e+01
1.164075851440429688e+01
1.131788444519042969e+01
1.144080066680908203e+01
1.226411056518554688e+01
1.094740390777587891e+01
1.141988849639892578e+01
1.188884544372558594e+01
1.233998584747314453e+01
1.161603641510009766e+01
1.176152229309082031e+01
1.135060405731201172e+01
1.134243202209472656e+01
1.137423706054687500e+01
1.118253517150878906e+01
1.153489494323730469e+01
1.134269046783447266e+01
1.104825687408447266e+01
1.140430831909179688e+01
1.229603862762451172e+01
1.135767173767089844e+01
1.086307907104492188e+01
1.142714214324951172e+01
1.142014408111572266e+01
1.154482650756835938e+01
1.150915622711181641e+01
1.126865482330322266e+01
1.172744274139404297e+01
1.193429088592529297e+01
1.112728691101074219e+01
1.165407180786132812e+01
1.120540523529052734e+01
1.158135414123535156e+01
1.046341228485107422e+01
1.162084770202636719e+01
1.227478790283203125e+01
1.310194110870361328e+01
1.089729022979736328e+01
1.214692974090576172e+01
1.122712516784667969e+01
1.252059745788574219e+01
1.058069801330566406e+01
1.149441051483154297e+01
1.158171749114990234e+01
1.143917274475097656e+01
1.243744277954101562e+01
1.178707504272460938e+01
1.281483936309814453e+01
1.147861099243164062e+01
1.305312538146972656e+01
1.207309627532958984e+01
1.147272777557373047e+01
1.325356864929199219e+01
1.241341209411621094e+01
1.090007972717285156e+01
1.188960170745849609e+01
1.156422615051269531e+01
1.268654060363769531e+01
1.162407112121582031e+01
1.196872138977050781e+01
1.174441051483154297e+01
1.233989334106445312e+01
1.198097038269042969e+01
1.155857753753662109e+01
1.193840026855468750e+01
1.162096500396728516e+01
1.224900341033935547e+01
1.429714775085449219e+01
1.167470264434814453e+01
1.116450214385986328e+01
1.306444835662841797e+01
1.196620559692382812e+01
1.177456474304199219e+01
1.159805202484130859e+01
1.156974411010742188e+01
1.118325328826904297e+01
1.282309341430664062e+01
1.103493785858154297e+01
1.207707214355468750e+01
1.241331958770751953e+01
1.130167865753173828e+01
1.303688144683837891e+01
1.103932285308837891e+01
1.203089046478271484e+01
1.189463996887207031e+01
1.194260406494140625e+01
1.127651500701904297e+01
1.267603683471679688e+01
1.121168327331542969e+01
1.180821609497070312e+01
1.196135330200195312e+01
1.156806850433349609e+01
1.179248428344726562e+01
1.125263023376464844e+01
1.222970962524414062e+01
1.134320545196533203e+01
1.179886627197265625e+01
1.107714176177978516e+01
1.111772060394287109e+01
1.163370418548583984e+01
1.237162399291992188e+01
1.032808876037597656e+01
1.140028476715087891e+01
1.170895195007324219e+01
1.172205257415771484e+01
1.131151103973388672e+01
1.123004531860351562e+01
1.139463901519775391e+01
1.171641254425048828e+01
1.125899505615234375e+01
1.241954803466796875e+01
1.331208515167236328e+01
1.136297893524169922e+01
1.153272247314453125e+01
1.154695415496826172e+01
1.170743370056152344e+01
1.216184234619140625e+01
1.128070545196533203e+01
1.187663936614990234e+01
1.144563388824462891e+01
1.141855335235595703e+01
1.163166046142578125e+01
1.133233547210693359e+01
1.116661167144775391e+01
1.144397926330566406e+01
1.129736328125000000e+01
1.155131721496582031e+01
1.220159244537353516e+01
1.402832508087158203e+01
1.140519046783447266e+01
1.115913295745849609e+01
1.174575138092041016e+01
1.139906597137451172e+01
1.157952785491943359e+01
1.161791515350341797e+01
1.169773197174072266e+01
1.128767490386962891e+01
1.065119934082031250e+01
1.256392002105712891e+01
1.172770690917968750e+01
1.272083568572998047e+01
1.174731731414794922e+01
1.143168067932128906e+01
1.196804046630859375e+01
1.201529788970947266e+01
1.183423900604248047e+01
1.157421588897705078e+01
1.038143062591552734e+01
1.130840969085693359e+01
1.158329677581787109e+01
1.211925792694091797e+01
1.120686340332031250e+01
1.217785453796386719e+01
1.154430294036865234e+01
1.172143936157226562e+01
1.194834041595458984e+01
1.120422172546386719e+01
1.171283817291259766e+01
1.232049942016601562e+01
1.175779342651367188e+01
1.130209350585937500e+01
1.175228977203369141e+01
1.249102878570556641e+01
1.211200618743896484e+01
1.203304576873779297e+01
1.301806735992431641e+01
1.197285652160644531e+01
1.163279819488525391e+01
1.111407470703125000e+01
1.161340904235839844e+01
1.152931499481201172e+01
1.147841644287109375e+01
1.200026607513427734e+01
1.240260505676269531e+01
1.139142417907714844e+01
1.179353046417236328e+01
1.162120819091796875e+01
1.179398345947265625e+01
1.127630138397216797e+01
1.120704650878906250e+01
1.154085826873779297e+01
1.154071331024169922e+01
1.219912147521972656e+01
1.178472614288330078e+01
1.124335861206054688e+01
1.164491939544677734e+01
1.179583930969238281e+01
1.326058959960937500e+01
1.364362144470214844e+01
1.214960575103759766e+01
1.147905731201171875e+01
1.099653244018554688e+01
1.181898403167724609e+01
1.126136779785156250e+01
1.183575057983398438e+01
1.181174278259277344e+01
1.268661880493164062e+01
1.291038799285888672e+01
1.167534828186035156e+01
1.185144901275634766e+01
1.155233192443847656e+01
1.156414222717285156e+01
1.198988151550292969e+01
1.160727024078369141e+01
1.113237571716308594e+01
1.128102684020996094e+01
1.207114791870117188e+01
1.191396236419677734e+01
1.110527420043945312e+01
1.447067928314208984e+01
1.227169609069824219e+01
1.105122375488281250e+01
1.157734107971191406e+01
1.126803588867187500e+01
1.177174568176269531e+01
1.179486274719238281e+01
1.168981933593750000e+01
1.110641860961914062e+01
1.125910472869873047e+01
1.378160190582275391e+01
1.124489402770996094e+01
1.269193077087402344e+01
1.178645801544189453e+01
1.095002841949462891e+01
1.180498504638671875e+01
1.153953266143798828e+01
1.367324638366699219e+01
1.150344276428222656e+01
1.171816635131835938e+01
1.140372180938720703e+01
1.078593349456787109e+01
1.350008392333984375e+01
1.139898204803466797e+01
1.169511032104492188e+01
1.249590015411376953e+01
1.136732673645019531e+01
1.222587013244628906e+01
1.450738239288330078e+01
1.193896579742431641e+01
1.150902462005615234e+01
1.210826110839843750e+01
1.194457340240478516e+01
1.177222156524658203e+01
1.242177009582519531e+01
1.140207195281982422e+01
1.140696239471435547e+01
1.172634410858154297e+01
1.043230724334716797e+01
1.142009353637695312e+01
1.156202220916748047e+01
1.169681930541992188e+01
1.279309082031250000e+01
1.198060226440429688e+01
1.093862724304199219e+01
1.188872814178466797e+01
1.184340381622314453e+01
1.153322219848632812e+01
1.066329956054687500e+01
1.185311985015869141e+01
1.165757083892822266e+01
1.164807319641113281e+01
1.147331428527832031e+01
1.137599754333496094e+01
1.194093894958496094e+01
1.130080032348632812e+01
1.268342018127441406e+01
1.191467380523681641e+01
1.185451316833496094e+01
1.121138572692871094e+01
1.352350139617919922e+01
1.138428497314453125e+01
1.184046649932861328e+01
1.161425113677978516e+01
1.032206153869628906e+01
1.123554515838623047e+01
1.137277793884277344e+01
1.199558162689208984e+01
1.101242160797119141e+01
1.239529800415039062e+01
1.151183700561523438e+01
1.148400974273681641e+01
1.194878864288330078e+01
1.216154575347900391e+01
1.159249401092529297e+01
1.257015037536621094e+01
1.185785579681396484e+01
1.238504123687744141e+01
1.165084838867187500e+01
1.266694164276123047e+01
1.427538204193115234e+01
1.148447036743164062e+01
1.163922691345214844e+01
1.181923770904541016e+01
1.301484680175781250e+01
1.135194206237792969e+01
1.244996547698974609e+01
1.173211765289306641e+01
1.141878318786621094e+01
1.109078979492187500e+01
1.167883968353271484e+01
1.142265129089355469e+01
1.052674198150634766e+01
1.187259483337402344e+01
1.270058727264404297e+01
1.179724788665771484e+01
1.079040431976318359e+01
1.155432891845703125e+01
1.176608371734619141e+01
1.191040134429931641e+01
1.151875495910644531e+01
1.121475887298583984e+01
1.120734977722167969e+01
1.263192939758300781e+01
1.203893375396728516e+01
1.152102947235107422e+01
1.106117725372314453e+01
1.257721042633056641e+01
1.160123634338378906e+01
1.232406330108642578e+01
1.183638000488281250e+01
1.137896919250488281e+01
1.112391281127929688e+01
1.141732215881347656e+01
1.130332279205322266e+01
1.185493946075439453e+01
1.133907318115234375e+01
1.128996944427490234e+01
1.191670513153076172e+01
1.142200088500976562e+01
1.208933353424072266e+01
1.128854656219482422e+01
1.397867679595947266e+01
1.157957649230957031e+01
1.144336128234863281e+01
1.164667129516601562e+01
1.142343711853027344e+01
1.258717060089111328e+01
1.134789943695068359e+01
1.177012920379638672e+01
1.189463138580322266e+01
1.383380413055419922e+01
1.172492408752441406e+01
1.127556705474853516e+01
1.181733226776123047e+01
1.273083686828613281e+01
1.218110752105712891e+01
1.097227287292480469e+01
1.260160446166992188e+01
1.113174724578857422e+01
1.202383518218994141e+01
1.138141250610351562e+01
1.203059482574462891e+01
1.152540397644042969e+01
1.156161785125732422e+01
1.092265701293945312e+01
1.178931331634521484e+01
1.152554225921630859e+01
1.363794803619384766e+01
1.143765640258789062e+01
1.130179214477539062e+01
1.136647319793701172e+01
1.100213050842285156e+01
1.142576503753662109e+01
1.174671745300292969e+01
1.349067497253417969e+01
1.156115818023681641e+01
1.108248996734619141e+01
1.158276939392089844e+01
1.191053485870361328e+01
1.135761833190917969e+01
1.191132164001464844e+01
1.148825645446777344e+01
1.131948184967041016e+01
1.169470882415771484e+01
1.192405414581298828e+01
1.126759338378906250e+01
1.152322292327880859e+01
1.094619750976562500e+01
1.219603919982910156e+01
1.291165161132812500e+01
1.154436588287353516e+01
1.107997131347656250e+01
1.070085334777832031e+01
1.128613853454589844e+01
1.157256507873535156e+01
1.131461238861083984e+01
1.183026409149169922e+01
1.034371471405029297e+01
1.239753818511962891e+01
1.198660469055175781e+01
1.088805294036865234e+01
1.238896846771240234e+01
1.137159633636474609e+01
1.219470024108886719e+01
1.196368408203125000e+01
1.192727184295654297e+01
1.191602706909179688e+01
1.188172531127929688e+01
1.242918682098388672e+01
1.147386646270751953e+01
1.171052455902099609e+01
1.098833370208740234e+01
1.154825305938720703e+01
1.165664958953857422e+01
1.285130500793457031e+01
1.139193820953369141e+01
1.179234600067138672e+01
1.277942943572998047e+01
1.148135757446289062e+01
1.198719120025634766e+01
1.199301338195800781e+01
1.187105751037597656e+01
1.161464881896972656e+01
1.210242557525634766e+01
1.190464019775390625e+01
1.292195606231689453e+01
1.186051940917968750e+01
1.159650897979736328e+01
1.132947444915771484e+01
1.181032466888427734e+01
1.155937576293945312e+01
1.179799079895019531e+01
1.124455261230468750e+01
1.112198925018310547e+01
1.258098411560058594e+01
1.100835990905761719e+01
1.120645427703857422e+01
1.182737064361572266e+01
1.109683990478515625e+01
1.164467525482177734e+01
1.168394184112548828e+01
1.288941287994384766e+01
1.101724529266357422e+01
1.142404365539550781e+01
1.187346935272216797e+01
1.170506286621093750e+01
1.334107685089111328e+01
1.224640083312988281e+01
1.134341716766357422e+01
1.126206398010253906e+01
1.255374526977539062e+01
1.252624034881591797e+01
1.183703899383544922e+01
1.183252620697021484e+01
1.139474582672119141e+01
1.160957336425781250e+01
1.122510528564453125e+01
1.118198108673095703e+01
1.116817188262939453e+01
1.134445095062255859e+01
1.133887386322021484e+01
1.274977779388427734e+01
1.167411041259765625e+01
1.134024810791015625e+01
1.156308364868164062e+01
1.288812828063964844e+01
1.178175258636474609e+01
1.134760856628417969e+01
1.134689044952392578e+01
1.181063365936279297e+01
1.143655490875244141e+01
1.192439842224121094e+01
1.282678508758544922e+01
1.205314540863037109e+01
1.169054794311523438e+01
1.239157962799072266e+01
1.246194934844970703e+01
1.377616500854492188e+01
1.060204029083251953e+01
1.258263969421386719e+01
1.169050216674804688e+01
1.127719402313232422e+01
1.053013515472412109e+01
1.163016033172607422e+01
1.162526416778564453e+01
1.189730453491210938e+01
1.268625926971435547e+01
1.169174385070800781e+01
1.157026767730712891e+01
1.415402030944824219e+01
1.163751888275146484e+01
1.177512168884277344e+01
1.304749202728271484e+01
1.127440643310546875e+01
1.159381198883056641e+01
1.179424571990966797e+01
1.207118988037109375e+01
1.159269142150878906e+01
1.154949665069580078e+01
1.130742549896240234e+01
1.120252323150634766e+01
1.171842384338378906e+01
1.197344493865966797e+01
1.110613346099853516e+01
1.197585964202880859e+01
1.272508049011230469e+01
1.188532161712646484e+01
1.148769092559814453e+01
1.176617431640625000e+01
1.214760971069335938e+01
1.156100463867187500e+01
1.190778923034667969e+01
1.105607223510742188e+01
1.437705898284912109e+01
1.204648494720458984e+01
1.111246871948242188e+01
1.179823780059814453e+01
1.142807197570800781e+01
1.221784782409667969e+01
1.117617607116699219e+01
1.105753803253173828e+01
1.154686355590820312e+01
1.172700595855712891e+01
1.193328475952148438e+01
1.164681434631347656e+01
1.153601264953613281e+01
1.145003795623779297e+01
1.191456508636474609e+01
1.171444129943847656e+01
1.220824432373046875e+01
1.170582294464111328e+01
1.153513526916503906e+01
1.163017177581787109e+01
1.184784030914306641e+01
1.185447883605957031e+01
1.174184513092041016e+01
1.123568439483642578e+01
1.147070503234863281e+01
1.141511726379394531e+01
1.149541664123535156e+01
1.127133178710937500e+01
1.359841346740722656e+01
1.001641845703125000e+01
1.159297657012939453e+01
1.013976192474365234e+01
1.141880512237548828e+01
1.162383747100830078e+01
1.148190784454345703e+01
1.179374504089355469e+01
1.198869895935058594e+01
1.177315425872802734e+01
1.163063144683837891e+01
1.351281261444091797e+01
1.161612892150878906e+01
1.125800418853759766e+01
1.173400497436523438e+01
1.135124397277832031e+01
1.157662200927734375e+01
1.138958072662353516e+01
1.147862911224365234e+01
1.124122428894042969e+01
1.274943923950195312e+01
1.142412090301513672e+01
1.138430023193359375e+01
1.194119548797607422e+01
1.173071670532226562e+01
1.185780620574951172e+01
1.093950843811035156e+01
1.110159683227539062e+01
1.213939380645751953e+01
1.050566291809082031e+01
1.155245113372802734e+01
1.162765026092529297e+01
1.067972373962402344e+01
1.076731014251708984e+01
1.170213794708251953e+01
1.258873558044433594e+01
1.123708152770996094e+01
1.217002677917480469e+01
1.125815963745117188e+01
1.177873897552490234e+01
1.164052391052246094e+01
1.204803562164306641e+01
1.180944824218750000e+01
1.155655670166015625e+01
1.140682506561279297e+01
1.063593101501464844e+01
1.165316581726074219e+01
1.470230484008789062e+01
1.175064754486083984e+01
1.184782505035400391e+01
1.163473892211914062e+01
1.299503231048583984e+01
1.206519412994384766e+01
1.106022357940673828e+01
1.207422351837158203e+01
1.139373493194580078e+01
1.177421951293945312e+01
1.150591278076171875e+01
1.178906726837158203e+01
1.180345058441162109e+01
1.131586074829101562e+01
1.321416568756103516e+01
1.156731700897216797e+01
1.164776611328125000e+01
1.151923370361328125e+01
1.163895320892333984e+01
1.189805507659912109e+01
1.146581554412841797e+01
1.175693798065185547e+01
1.125377464294433594e+01
1.108309936523437500e+01
1.130047035217285156e+01
1.176086139678955078e+01
1.219858360290527344e+01
1.174083805084228516e+01
1.181982898712158203e+01
1.259813690185546875e+01
1.138867568969726562e+01
1.097058773040771484e+01
1.127389526367187500e+01
1.194853782653808594e+01
1.143362617492675781e+01
1.143427085876464844e+01
1.141633987426757812e+01
1.144741344451904297e+01
1.141812705993652344e+01
1.182107067108154297e+01
1.194405364990234375e+01
1.102994823455810547e+01
1.120752334594726562e+01
1.199004745483398438e+01
1.159515094757080078e+01
1.320262813568115234e+01
1.182323074340820312e+01
1.102594947814941406e+01
1.156439876556396484e+01
1.150081920623779297e+01
1.134149169921875000e+01
1.120983409881591797e+01
1.205812168121337891e+01
1.161966323852539062e+01
1.184518337249755859e+01
1.163897991180419922e+01
1.311519432067871094e+01
1.177852916717529297e+01
1.176399707794189453e+01
1.163317298889160156e+01
1.132742214202880859e+01
1.200250339508056641e+01
1.111404037475585938e+01
1.190182113647460938e+01
1.124893760681152344e+01
1.130934143066406250e+01
1.163931179046630859e+01
1.156793594360351562e+01
1.179355525970458984e+01
1.317158508300781250e+01
1.175661659240722656e+01
1.187053680419921875e+01
1.348405551910400391e+01
1.144540023803710938e+01
1.182333755493164062e+01
1.405720520019531250e+01
1.136837291717529297e+01
1.115928077697753906e+01
1.124978256225585938e+01
1.145908260345458984e+01
1.119936370849609375e+01
1.221916580200195312e+01
9.605320930480957031e+00
1.169043159484863281e+01
1.228504753112792969e+01
1.273132228851318359e+01
1.301260948181152344e+01
1.217262554168701172e+01
1.197792911529541016e+01
1.248551082611083984e+01
1.054825401306152344e+01
1.147504711151123047e+01
1.116148948669433594e+01
1.169365787506103516e+01
1.230121326446533203e+01
1.115731620788574219e+01
1.190589046478271484e+01
1.182915401458740234e+01
1.212156486511230469e+01
1.129632091522216797e+01
1.151317119598388672e+01
1.205457305908203125e+01
1.403831386566162109e+01
1.276902770996093750e+01
1.283326530456542969e+01
1.046481513977050781e+01
1.029707145690917969e+01
1.299246406555175781e+01
1.167853450775146484e+01
1.125937271118164062e+01
1.131107330322265625e+01
1.167335796356201172e+01
1.190625095367431641e+01
1.109008502960205078e+01
1.177015209197998047e+01
1.229222106933593750e+01
1.137940502166748047e+01
1.309644603729248047e+01
1.022514438629150391e+01
1.195245456695556641e+01
1.121430969238281250e+01
1.163088321685791016e+01
1.124565696716308594e+01
1.138008308410644531e+01
1.201209449768066406e+01
1.141555881500244141e+01
1.135447406768798828e+01
1.184363079071044922e+01
1.161434650421142578e+01
1.177399444580078125e+01
1.142994594573974609e+01
1.133325099945068359e+01
1.192041110992431641e+01
1.196510028839111328e+01
1.100577068328857422e+01
1.202433776855468750e+01
1.160345363616943359e+01
1.117653942108154297e+01
1.276814270019531250e+01
1.127382946014404297e+01
1.269862747192382812e+01
1.157737541198730469e+01
1.254071044921875000e+01
1.115060997009277344e+01
1.106606960296630859e+01
1.052108573913574219e+01
1.109575271606445312e+01
1.170273399353027344e+01
1.174548816680908203e+01
1.144574260711669922e+01
1.207215976715087891e+01
1.087540340423583984e+01
1.171566390991210938e+01
1.133732032775878906e+01
1.200636672973632812e+01
1.147018146514892578e+01
1.268117237091064453e+01
1.140218067169189453e+01
1.133360958099365234e+01
1.390625476837158203e+01
1.120132923126220703e+01
1.189395141601562500e+01
1.295222568511962891e+01
1.167101764678955078e+01
1.193971633911132812e+01
1.038306427001953125e+01
1.298894500732421875e+01
1.154253673553466797e+01
1.146105384826660156e+01
1.143985080718994141e+01
1.203990364074707031e+01
1.190418624877929688e+01
1.195055866241455078e+01
1.232334995269775391e+01
1.137051486968994141e+01
1.177844810485839844e+01
1.135467433929443359e+01
1.138784599304199219e+01
1.447896385192871094e+01
1.176408290863037109e+01
1.099398803710937500e+01
1.156779575347900391e+01
1.177064895629882812e+01
1.063891887664794922e+01
1.210374927520751953e+01
1.117585563659667969e+01
1.182434368133544922e+01
1.133519172668457031e+01
1.198024559020996094e+01
1.077726173400878906e+01
1.159156513214111328e+01
1.158273601531982422e+01
1.180699253082275391e+01
1.222589874267578125e+01
1.201294898986816406e+01
1.196376609802246094e+01
1.141582107543945312e+01
1.123282241821289062e+01
1.151700496673583984e+01
1.199627113342285156e+01
1.133491992950439453e+01
1.151704120635986328e+01
1.129051971435546875e+01
1.257684707641601562e+01
1.143454551696777344e+01
1.183713150024414062e+01
1.405125236511230469e+01
1.150328254699707031e+01
1.151748752593994141e+01
1.195757484436035156e+01
1.230556678771972656e+01
1.338144302368164062e+01
1.138047504425048828e+01
1.308055019378662109e+01
1.165369987487792969e+01
1.145501136779785156e+01
1.217819023132324219e+01
1.075976371765136719e+01
1.199172019958496094e+01
1.164151096343994141e+01
1.113126277923583984e+01
1.230372619628906250e+01
1.163549232482910156e+01
1.180012226104736328e+01
1.182863235473632812e+01
1.160496520996093750e+01
1.131943225860595703e+01
1.170641136169433594e+01
1.190403747558593750e+01
1.138287639617919922e+01
1.175011825561523438e+01
1.006574630737304688e+01
1.140846633911132812e+01
1.173581409454345703e+01
1.153881740570068359e+01
1.220095539093017578e+01
1.173207092285156250e+01
1.173426437377929688e+01
1.214094924926757812e+01
1.194041824340820312e+01
1.157473945617675781e+01
1.122584819793701172e+01
1.130890655517578125e+01
1.191474246978759766e+01
1.188866138458251953e+01
1.192324256896972656e+01
1.228614616394042969e+01
1.134372329711914062e+01
1.217334461212158203e+01
1.147461700439453125e+01
1.166795825958251953e+01
1.157437610626220703e+01
1.176521682739257812e+01
1.217330074310302734e+01
1.145626354217529297e+01
1.157360553741455078e+01
1.163220310211181641e+01
1.160925865173339844e+01
1.307166290283203125e+01
1.235024738311767578e+01
1.288153457641601562e+01
1.143111515045166016e+01
1.108959293365478516e+01
1.140327835083007812e+01
1.127839469909667969e+01
1.075831127166748047e+01
1.234429645538330078e+01
1.109860706329345703e+01
1.153316974639892578e+01
1.133110713958740234e+01
1.162381649017333984e+01
1.169597339630126953e+01
1.163660335540771484e+01
1.225984096527099609e+01
1.273269271850585938e+01
1.218992424011230469e+01
1.158767032623291016e+01
1.138024616241455078e+01
1.146512508392333984e+01
1.175364875793457031e+01
1.178043174743652344e+01
1.180782127380371094e+01
1.128976631164550781e+01
1.140041255950927734e+01
1.090836143493652344e+01
1.132187557220458984e+01
1.126391315460205078e+01
1.149459838867187500e+01
1.179018878936767578e+01
1.133779907226562500e+01
1.157229804992675781e+01
1.317312908172607422e+01
1.232112026214599609e+01
1.192006683349609375e+01
1.162825870513916016e+01
1.196404266357421875e+01
1.194922637939453125e+01
1.152748966217041016e+01
1.194160747528076172e+01
1.148266124725341797e+01
1.178673267364501953e+01
1.181584167480468750e+01
1.146070671081542969e+01
1.138192844390869141e+01
1.158734416961669922e+01
1.155424690246582031e+01
1.164401531219482422e+01
1.138057994842529297e+01
1.225684928894042969e+01
1.140240478515625000e+01
1.136704444885253906e+01
1.205206489562988281e+01
1.181322956085205078e+01
1.175627422332763672e+01
1.144503593444824219e+01
1.183787822723388672e+01
1.124399662017822266e+01
1.174499034881591797e+01
1.173373317718505859e+01
1.184691524505615234e+01
1.403798389434814453e+01
1.198418807983398438e+01
1.180475330352783203e+01
1.104032611846923828e+01
1.143288993835449219e+01
1.159065532684326172e+01
1.186300468444824219e+01
1.381193923950195312e+01
1.080671977996826172e+01
1.140721225738525391e+01
1.251536560058593750e+01
1.138840103149414062e+01
1.172520256042480469e+01
1.181475353240966797e+01
1.118898391723632812e+01
1.130544185638427734e+01
1.141674900054931641e+01
1.029763317108154297e+01
1.143238162994384766e+01
1.190711402893066406e+01
1.163658142089843750e+01
1.116991329193115234e+01
1.125057983398437500e+01
1.208929538726806641e+01
1.139222621917724609e+01
1.132831954956054688e+01
1.250377845764160156e+01
1.155839347839355469e+01
1.025579738616943359e+01
1.179383182525634766e+01
1.201895523071289062e+01
1.159859752655029297e+01
1.111792945861816406e+01
1.177328491210937500e+01
1.144993400573730469e+01
1.181739425659179688e+01
1.174424076080322266e+01
1.192745685577392578e+01
1.140764331817626953e+01
1.188954067230224609e+01
1.196252441406250000e+01
1.095526313781738281e+01
1.148416709899902344e+01
1.060988330841064453e+01
1.132277011871337891e+01
1.183154487609863281e+01
1.210631275177001953e+01
1.017299461364746094e+01
1.346510791778564453e+01
1.159828567504882812e+01
1.168297386169433594e+01
1.172084236145019531e+01
1.125338745117187500e+01
1.162595653533935547e+01
1.147063255310058594e+01
1.202483844757080078e+01
1.388401985168457031e+01
1.176917362213134766e+01
1.168467807769775391e+01
1.253194904327392578e+01
1.135867309570312500e+01
1.223136425018310547e+01
1.113321018218994141e+01
1.181701946258544922e+01
1.158818626403808594e+01
1.166359901428222656e+01
1.160918521881103516e+01
1.177309799194335938e+01
1.200897884368896484e+01
1.278892898559570312e+01
1.137775707244873047e+01
1.142589092254638672e+01
1.120783233642578125e+01
1.149795055389404297e+01
1.299705791473388672e+01
1.061699867248535156e+01
1.157717227935791016e+01
1.106748676300048828e+01
1.112377738952636719e+01
1.195784091949462891e+01
1.129646110534667969e+01
1.107329559326171875e+01
1.296768093109130859e+01
1.172006416320800781e+01
1.088199424743652344e+01
1.103668212890625000e+01
1.233437156677246094e+01
1.076659584045410156e+01
1.267079544067382812e+01
6.072470188140869141e+00
1.138322925567626953e+01
1.186143875122070312e+01
1.114828968048095703e+01
1.270427703857421875e+01
1.122510910034179688e+01
1.144878101348876953e+01
1.123275661468505859e+01
1.171125507354736328e+01
1.153221130371093750e+01
1.216491127014160156e+01
1.157311248779296875e+01
1.142311763763427734e+01
1.142072391510009766e+01
1.162442970275878906e+01
1.283064556121826172e+01
1.161614513397216797e+01
1.256621646881103516e+01
1.197464179992675781e+01
1.124512577056884766e+01
1.145296955108642578e+01
1.159720516204833984e+01
1.221153068542480469e+01
1.172263145446777344e+01
1.119149780273437500e+01
1.062622165679931641e+01
1.152002525329589844e+01
1.188242530822753906e+01
1.301597785949707031e+01
1.149321365356445312e+01
1.108449459075927734e+01
1.173714637756347656e+01
1.220908546447753906e+01
1.184783458709716797e+01
1.084241294860839844e+01
1.099919986724853516e+01
1.077689266204833984e+01
1.409659671783447266e+01
1.260540008544921875e+01
1.167627906799316406e+01
1.189603614807128906e+01
1.196661949157714844e+01
1.276969242095947266e+01
1.157032871246337891e+01
1.178920173645019531e+01
1.139208984375000000e+01
1.200598430633544922e+01
1.134694766998291016e+01
1.167395973205566406e+01
1.138183212280273438e+01
1.192846298217773438e+01
1.116320323944091797e+01
1.267486858367919922e+01
1.082144927978515625e+01
1.145610809326171875e+01
1.200578880310058594e+01
1.222306823730468750e+01
1.163201904296875000e+01
1.223652172088623047e+01
1.143999004364013672e+01
1.128609371185302734e+01
1.120711803436279297e+01
1.201800918579101562e+01
1.175685119628906250e+01
1.143073272705078125e+01
1.173485469818115234e+01
1.147394084930419922e+01
1.176191234588623047e+01
1.199749565124511719e+01
1.165041255950927734e+01
1.136319637298583984e+01
1.250838851928710938e+01
1.162166690826416016e+01
1.179057884216308594e+01
1.057834339141845703e+01
1.143714714050292969e+01
1.232889461517333984e+01
1.199843597412109375e+01
1.209773159027099609e+01
1.220129966735839844e+01
1.253843593597412109e+01
1.329877853393554688e+01
1.216887378692626953e+01
1.194885063171386719e+01
1.131167221069335938e+01
1.190898704528808594e+01
1.187003421783447266e+01
1.172368526458740234e+01
1.191266727447509766e+01
1.192216968536376953e+01
1.152554798126220703e+01
1.121046352386474609e+01
1.196946239471435547e+01
1.152075195312500000e+01
1.111383342742919922e+01
1.157598781585693359e+01
1.354199504852294922e+01
1.217717933654785156e+01
1.232530307769775391e+01
1.200516796112060547e+01
1.185136890411376953e+01
1.138772296905517578e+01
1.314280796051025391e+01
1.218263053894042969e+01
1.173186397552490234e+01
1.190127468109130859e+01
1.122370147705078125e+01
1.154751110076904297e+01
1.155976867675781250e+01
1.416985607147216797e+01
1.154253292083740234e+01
1.115682888031005859e+01
1.145198059082031250e+01
1.193415927886962891e+01
1.060457801818847656e+01
1.192240524291992188e+01
1.093148517608642578e+01
1.170724678039550781e+01
1.195810604095458984e+01
1.376964855194091797e+01
1.112599086761474609e+01
1.327010536193847656e+01
1.248656749725341797e+01
1.089301872253417969e+01
1.161555576324462891e+01
1.451259803771972656e+01
1.122685241699218750e+01
1.166571617126464844e+01
1.126722717285156250e+01
1.158221244812011719e+01
1.365013980865478516e+01
1.232052612304687500e+01
1.211775779724121094e+01
1.163300895690917969e+01
1.144217300415039062e+01
1.137499046325683594e+01
1.124355983734130859e+01
1.168443202972412109e+01
1.335976409912109375e+01
1.134483337402343750e+01
1.344190025329589844e+01
1.232936096191406250e+01
1.184515953063964844e+01
6.842717647552490234e+00
1.108093166351318359e+01
1.009214401245117188e+01
1.178305435180664062e+01
1.135188484191894531e+01
1.182430267333984375e+01
1.117321586608886719e+01
1.081442642211914062e+01
1.202714443206787109e+01
1.121353530883789062e+01
1.178884124755859375e+01
1.131398868560791016e+01
1.228647708892822266e+01
1.164936351776123047e+01
1.238508796691894531e+01
1.132972049713134766e+01
1.187242126464843750e+01
1.223630809783935547e+01
1.401168823242187500e+01
1.146226119995117188e+01
1.175063514709472656e+01
1.189908218383789062e+01
1.161625099182128906e+01
1.104814338684082031e+01
1.177299022674560547e+01
1.151909255981445312e+01
1.156761741638183594e+01
1.161926078796386719e+01
1.113918304443359375e+01
1.197761535644531250e+01
1.134655189514160156e+01
1.174349784851074219e+01
1.193896675109863281e+01
9.804071426391601562e+00
1.251932334899902344e+01
1.137233161926269531e+01
1.076434230804443359e+01
1.166473197937011719e+01
1.208606243133544922e+01
1.120992851257324219e+01
1.185779857635498047e+01
1.170759391784667969e+01
1.157622528076171875e+01
1.163000202178955078e+01
1.133979892730712891e+01
1.166456890106201172e+01
1.201431179046630859e+01
1.488162803649902344e+01
1.151396560668945312e+01
1.278384685516357422e+01
1.220318031311035156e+01
1.137536907196044922e+01
1.192239570617675781e+01
1.146763515472412109e+01
1.126615715026855469e+01
1.040481567382812500e+01
1.148583030700683594e+01
1.165160179138183594e+01
1.163502693176269531e+01
1.292173576354980469e+01
1.044460868835449219e+01
1.128601169586181641e+01
1.195917606353759766e+01
1.193954658508300781e+01
1.136445999145507812e+01
1.211135578155517578e+01
1.143631172180175781e+01
1.162526416778564453e+01
1.214637374877929688e+01
1.166629123687744141e+01
1.168238162994384766e+01
1.145232105255126953e+01
1.260021114349365234e+01
1.147804450988769531e+01
1.165486145019531250e+01
1.080115127563476562e+01
1.182886409759521484e+01
1.168809127807617188e+01
1.149947261810302734e+01
1.167961025238037109e+01
1.143211746215820312e+01
1.128622436523437500e+01
1.260528278350830078e+01
1.227463722229003906e+01
1.202395534515380859e+01
1.135699558258056641e+01
1.133126354217529297e+01
1.186808490753173828e+01
1.141419219970703125e+01
1.143653106689453125e+01
1.076390266418457031e+01
1.151066112518310547e+01
1.153738212585449219e+01
1.138816452026367188e+01
1.179837036132812500e+01
1.123599052429199219e+01
1.051782894134521484e+01
1.185267353057861328e+01
1.126187515258789062e+01
1.288961887359619141e+01
1.172029876708984375e+01
1.206507968902587891e+01
1.129043102264404297e+01
1.175528049468994141e+01
1.253968143463134766e+01
1.198563194274902344e+01
1.165990734100341797e+01
1.177536964416503906e+01
1.228203582763671875e+01
1.142051696777343750e+01
1.203002452850341797e+01
1.216220474243164062e+01
1.183000373840332031e+01
1.188425636291503906e+01
1.037753009796142578e+01
1.241976737976074219e+01
1.225348663330078125e+01
1.157211017608642578e+01
1.265029621124267578e+01
1.216606998443603516e+01
1.088197803497314453e+01
1.142637634277343750e+01
1.151509189605712891e+01
1.334135627746582031e+01
1.158354091644287109e+01
1.295301818847656250e+01
1.131853103637695312e+01
1.079460620880126953e+01
1.158717441558837891e+01
1.061368560791015625e+01
1.187125873565673828e+01
1.161633205413818359e+01
1.176548957824707031e+01
1.208648014068603516e+01
1.172793388366699219e+01
1.120726108551025391e+01
1.171112251281738281e+01
1.301386070251464844e+01
1.243806743621826172e+01
1.215194034576416016e+01
1.080971717834472656e+01
1.137154960632324219e+01
1.142004108428955078e+01
1.111034870147705078e+01
1.461826038360595703e+01
1.276500701904296875e+01
1.172997093200683594e+01
1.147638607025146484e+01
1.234044933319091797e+01
1.192557716369628906e+01
1.137620735168457031e+01
1.141499900817871094e+01
1.047603034973144531e+01
1.207571697235107422e+01
1.160934352874755859e+01
1.116291522979736328e+01
1.122541522979736328e+01
1.138777828216552734e+01
1.139872837066650391e+01
1.164442920684814453e+01
1.150079345703125000e+01
1.205939865112304688e+01
1.243301963806152344e+01
1.386537361145019531e+01
1.270464229583740234e+01
1.201483821868896484e+01
1.383118343353271484e+01
1.181328868865966797e+01
1.119332599639892578e+01
1.228999042510986328e+01
1.158372497558593750e+01
1.074126052856445312e+01
1.134194374084472656e+01
1.125762367248535156e+01
1.145876216888427734e+01
1.062672042846679688e+01
1.138114929199218750e+01
1.138771247863769531e+01
1.324274921417236328e+01
1.175800609588623047e+01
1.175311470031738281e+01
1.182808208465576172e+01
1.282074737548828125e+01
1.158843135833740234e+01
1.186262512207031250e+01
1.185859489440917969e+01
1.059293651580810547e+01
1.352136707305908203e+01
1.143106079101562500e+01
1.171217727661132812e+01
1.142337322235107422e+01
1.127065372467041016e+01
1.129650878906250000e+01
1.122314262390136719e+01
1.129200649261474609e+01
1.159531211853027344e+01
1.172187423706054688e+01
1.132952785491943359e+01
1.226461029052734375e+01
1.140368175506591797e+01
1.123713874816894531e+01
1.227340507507324219e+01
1.202507114410400391e+01
1.289988613128662109e+01
1.187457275390625000e+01
1.122762584686279297e+01
1.146096992492675781e+01
1.178717803955078125e+01
1.115392589569091797e+01
1.155467414855957031e+01
1.122312736511230469e+01
1.149276733398437500e+01
1.176564788818359375e+01
1.211721324920654297e+01
1.178853893280029297e+01
1.242143058776855469e+01
1.262257862091064453e+01
1.248005199432373047e+01
1.140846252441406250e+01
1.166057777404785156e+01
1.194571208953857422e+01
1.166712093353271484e+01
1.039317226409912109e+01
1.186561489105224609e+01
1.156639480590820312e+01
1.264178848266601562e+01
1.229790973663330078e+01
1.119493103027343750e+01
1.296009922027587891e+01
1.172490310668945312e+01
1.181566333770751953e+01
1.165954399108886719e+01
1.191520977020263672e+01
1.130691146850585938e+01
1.146650886535644531e+01
1.134113407135009766e+01
1.192283535003662109e+01
1.199133014678955078e+01
1.150215053558349609e+01
1.432966327667236328e+01
1.141061496734619141e+01
1.130108070373535156e+01
1.038920402526855469e+01
1.216097831726074219e+01
1.150876331329345703e+01
1.166207885742187500e+01
1.188225746154785156e+01
1.175741958618164062e+01
1.149451255798339844e+01
1.120852947235107422e+01
1.200093364715576172e+01
1.174033069610595703e+01
1.060954380035400391e+01
9.801352500915527344e+00
1.188613224029541016e+01
1.157226848602294922e+01
1.185443973541259766e+01
1.187112903594970703e+01
1.210453224182128906e+01
1.172973918914794922e+01
1.365868186950683594e+01
1.167237281799316406e+01
1.173741436004638672e+01
1.162675666809082031e+01
1.197506523132324219e+01
1.158773136138916016e+01
1.155806064605712891e+01
1.124900817871093750e+01
1.189862251281738281e+01
1.206333160400390625e+01
1.154456615447998047e+01
1.455402469635009766e+01
1.154991626739501953e+01
1.167009830474853516e+01
1.167043018341064453e+01
1.215247154235839844e+01
1.123843669891357422e+01
1.153382968902587891e+01
1.119580078125000000e+01
1.161286544799804688e+01
9.919869422912597656e+00
1.132135677337646484e+01
1.104691505432128906e+01
1.112806034088134766e+01
1.157179450988769531e+01
1.129065704345703125e+01
1.143144798278808594e+01
1.162223339080810547e+01
1.115114784240722656e+01
1.157721328735351562e+01
1.177358531951904297e+01
1.187358283996582031e+01
1.201491832733154297e+01
1.183476829528808594e+01
1.195537185668945312e+01
1.231987476348876953e+01
1.318515682220458984e+01
1.194766044616699219e+01
1.145963096618652344e+01
1.118178653717041016e+01
1.121261692047119141e+01
1.184406852722167969e+01
1.161896133422851562e+01
1.159450340270996094e+01
1.402161979675292969e+01
1.186126708984375000e+01
1.180470752716064453e+01
1.190711402893066406e+01
1.226571655273437500e+01
1.133897495269775391e+01
1.146306133270263672e+01
1.141438198089599609e+01
1.133643627166748047e+01
1.146576690673828125e+01
1.154020786285400391e+01
1.166777896881103516e+01
1.268509960174560547e+01
1.115400695800781250e+01
1.156668663024902344e+01
1.220444583892822266e+01
1.190185546875000000e+01
1.192526245117187500e+01
1.152893733978271484e+01
1.237537860870361328e+01
1.196994113922119141e+01
1.053360462188720703e+01
1.233940696716308594e+01
1.167558097839355469e+01
1.126647281646728516e+01
1.141364383697509766e+01
1.365023994445800781e+01
1.067766094207763672e+01
1.168894577026367188e+01
1.598261642456054688e+01
1.135467529296875000e+01
1.211611938476562500e+01
1.130409812927246094e+01
1.296288204193115234e+01
1.294024276733398438e+01
1.167566108703613281e+01
1.015558052062988281e+01
1.161569118499755859e+01
1.108314895629882812e+01
1.129022407531738281e+01
1.181882572174072266e+01
1.142813014984130859e+01
1.107594490051269531e+01
1.285533905029296875e+01
1.133720207214355469e+01
1.120316982269287109e+01
1.115748023986816406e+01
1.197735977172851562e+01
1.135242748260498047e+01
1.171003341674804688e+01
1.258775615692138672e+01
1.136319732666015625e+01
1.134154224395751953e+01
1.170854473114013672e+01
1.173356056213378906e+01
1.217339611053466797e+01
1.080320453643798828e+01
1.125872993469238281e+01
1.226206684112548828e+01
1.169880676269531250e+01
1.171821594238281250e+01
1.153701019287109375e+01
1.173430347442626953e+01
1.171749305725097656e+01
1.190804290771484375e+01
1.159543418884277344e+01
1.162635326385498047e+01
1.127882194519042969e+01
1.178294563293457031e+01
1.127273941040039062e+01
1.082373619079589844e+01
1.471199035644531250e+01
1.182538700103759766e+01
1.187555789947509766e+01
1.153767204284667969e+01
1.116364288330078125e+01
1.145239162445068359e+01
1.075717926025390625e+01
1.151504421234130859e+01
1.182627582550048828e+01
1.169853878021240234e+01
1.210454750061035156e+01
1.133148860931396484e+01
1.144345188140869141e+01
1.159316730499267578e+01
1.132845211029052734e+01
1.242251205444335938e+01
1.202404403686523438e+01
1.113371086120605469e+01
1.218497085571289062e+01
1.188914108276367188e+01
1.153216171264648438e+01
1.074072074890136719e+01
1.183592224121093750e+01
1.164162254333496094e+01
1.144118690490722656e+01
1.196942424774169922e+01
1.187954711914062500e+01
1.075647449493408203e+01
1.147905349731445312e+01
1.134338760375976562e+01
1.157301330566406250e+01
1.153968620300292969e+01
1.155680942535400391e+01
1.246359729766845703e+01
1.090695285797119141e+01
1.382884597778320312e+01
1.144511222839355469e+01
1.163887023925781250e+01
1.357423400878906250e+01
1.138647747039794922e+01
1.136070442199707031e+01
1.119961452484130859e+01
1.137865447998046875e+01
1.328204631805419922e+01
1.203268623352050781e+01
1.185413360595703125e+01
1.205894565582275391e+01
1.219352054595947266e+01
1.275633239746093750e+01
1.230088710784912109e+01
1.174617004394531250e+01
1.189785957336425781e+01
1.187088584899902344e+01
1.173374366760253906e+01
1.130098056793212891e+01
1.213907051086425781e+01
1.137414646148681641e+01
1.238770294189453125e+01
1.117900848388671875e+01
1.174815654754638672e+01
1.172041797637939453e+01
1.181131935119628906e+01
1.210991191864013672e+01
1.197485065460205078e+01
1.170829486846923828e+01
1.017827033996582031e+01
1.179156970977783203e+01
1.174453926086425781e+01
1.158938884735107422e+01
1.181351852416992188e+01
1.139273166656494141e+01
1.125549888610839844e+01
1.147013282775878906e+01
1.186822128295898438e+01
1.207490444183349609e+01
1.140419769287109375e+01
1.187459087371826172e+01
1.237072086334228516e+01
1.136604309082031250e+01
1.083908748626708984e+01
1.130559730529785156e+01
1.139376354217529297e+01
1.154996871948242188e+01
1.210255718231201172e+01
1.141555500030517578e+01
1.138267230987548828e+01
1.151479434967041016e+01
1.192570781707763672e+01
1.327027702331542969e+01
1.154992103576660156e+01
1.217537689208984375e+01
1.109735679626464844e+01
1.120626068115234375e+01
1.220290565490722656e+01
1.189853286743164062e+01
1.149835109710693359e+01
1.189697265625000000e+01
1.143972682952880859e+01
1.180502510070800781e+01
1.144977664947509766e+01
1.188978385925292969e+01
1.136226081848144531e+01
1.159176731109619141e+01
1.168355560302734375e+01
1.099333000183105469e+01
1.150656223297119141e+01
1.192117595672607422e+01
1.233997535705566406e+01
1.155759143829345703e+01
1.192322826385498047e+01
1.144700622558593750e+01
1.208487319946289062e+01
1.113306903839111328e+01
1.023870468139648438e+01
1.193964290618896484e+01
1.218375301361083984e+01
1.264282989501953125e+01
1.153526878356933594e+01
1.188999462127685547e+01
1.167628288269042969e+01
1.148444843292236328e+01
1.239766311645507812e+01
1.227075290679931641e+01
1.182934284210205078e+01
1.129005336761474609e+01
1.199668979644775391e+01
1.263241672515869141e+01
1.256549644470214844e+01
1.181668281555175781e+01
1.206902217864990234e+01
1.268974494934082031e+01
1.205669212341308594e+01
1.105759048461914062e+01
1.004949378967285156e+01
1.181335449218750000e+01
1.124205398559570312e+01
1.065870952606201172e+01
1.162892723083496094e+01
1.131746482849121094e+01
1.314938354492187500e+01
1.134974575042724609e+01
1.130688095092773438e+01
1.203064250946044922e+01
1.263434410095214844e+01
1.179894161224365234e+01
1.142059326171875000e+01
1.178677654266357422e+01
1.156458568572998047e+01
1.112407970428466797e+01
1.203005504608154297e+01
1.167752838134765625e+01
1.173446941375732422e+01
1.163610458374023438e+01
1.261367034912109375e+01
1.436534690856933594e+01
1.200324916839599609e+01
1.177130413055419922e+01
1.087709140777587891e+01
1.308730125427246094e+01
1.156947803497314453e+01
1.155854129791259766e+01
1.187473773956298828e+01
1.029970836639404297e+01
1.183106708526611328e+01
1.244272232055664062e+01
1.255203151702880859e+01
1.154737758636474609e+01
1.217558670043945312e+01
1.187423992156982422e+01
1.246039581298828125e+01
1.150613975524902344e+01
1.141688156127929688e+01
1.141762733459472656e+01
1.227306461334228516e+01
1.233577823638916016e+01
1.146435356140136719e+01
1.170530033111572266e+01
1.371107101440429688e+01
1.110250186920166016e+01
1.162258815765380859e+01
1.184202003479003906e+01
1.276772594451904297e+01
1.322054481506347656e+01
1.172857761383056641e+01
1.139500236511230469e+01
1.141230583190917969e+01
1.138577365875244141e+01
1.118947410583496094e+01
1.189092540740966797e+01
1.130325889587402344e+01
1.188603305816650391e+01
1.134131145477294922e+01
1.175055408477783203e+01
1.134070301055908203e+01
1.189718723297119141e+01
1.157038307189941406e+01
1.167007923126220703e+01
1.135559272766113281e+01
1.331968593597412109e+01
1.152921581268310547e+01
1.143958377838134766e+01
1.134916210174560547e+01
1.157159996032714844e+01
1.126144409179687500e+01
1.299948692321777344e+01
1.134508132934570312e+01
1.136160659790039062e+01
1.211316108703613281e+01
1.270623111724853516e+01
1.073719120025634766e+01
1.202101802825927734e+01
1.153507137298583984e+01
1.159035587310791016e+01
1.381273460388183594e+01
1.239499378204345703e+01
1.218830680847167969e+01
1.139351367950439453e+01
1.129434204101562500e+01
1.138744544982910156e+01
1.191536712646484375e+01
1.157196998596191406e+01
1.211931896209716797e+01
1.160305881500244141e+01
1.165364170074462891e+01
1.151459026336669922e+01
1.164524173736572266e+01
1.180318641662597656e+01
1.215603065490722656e+01
1.237863540649414062e+01
1.162471580505371094e+01
1.207083225250244141e+01
1.168179035186767578e+01
1.137597084045410156e+01
1.243871498107910156e+01
1.161429595947265625e+01
1.368153285980224609e+01
1.373682403564453125e+01
1.127366542816162109e+01
1.121760177612304688e+01
1.123367500305175781e+01
1.202249240875244141e+01
1.146551609039306641e+01
1.050175666809082031e+01
1.168980503082275391e+01
1.139627933502197266e+01
1.146324539184570312e+01
1.278483486175537109e+01
1.152677726745605469e+01
1.247274875640869141e+01
1.203777313232421875e+01
1.056410026550292969e+01
1.141039276123046875e+01
1.184276390075683594e+01
1.201784706115722656e+01
1.239379501342773438e+01
1.261741256713867188e+01
1.425177764892578125e+01
1.141728496551513672e+01
1.195093822479248047e+01
1.181139183044433594e+01
1.143860435485839844e+01
1.207991218566894531e+01
1.131965732574462891e+01
1.156367397308349609e+01
1.120687961578369141e+01
1.240075111389160156e+01
1.141938591003417969e+01
1.138787174224853516e+01
1.157685947418212891e+01
1.145239543914794922e+01
1.069290637969970703e+01
1.116536426544189453e+01
1.078008651733398438e+01
1.180025577545166016e+01
1.179894924163818359e+01
1.211034870147705078e+01
1.101240921020507812e+01
1.159575557708740234e+01
1.170746231079101562e+01
1.175318336486816406e+01
1.191483020782470703e+01
1.156150054931640625e+01
1.133947181701660156e+01
1.143033027648925781e+01
1.132103824615478516e+01
1.135374164581298828e+01
1.105114650726318359e+01
1.129952621459960938e+01
1.124938964843750000e+01
1.096602153778076172e+01
1.178945636749267578e+01
1.153929138183593750e+01
1.174522686004638672e+01
1.149362754821777344e+01
1.210240936279296875e+01
1.126368618011474609e+01
1.187229061126708984e+01
1.107729244232177734e+01
1.160953903198242188e+01
1.209497547149658203e+01
1.154864692687988281e+01
1.127351474761962891e+01
1.182490444183349609e+01
1.175525283813476562e+01
1.191382789611816406e+01
1.270691967010498047e+01
1.146451187133789062e+01
1.146386718750000000e+01
1.122204017639160156e+01
1.145848464965820312e+01
1.034527969360351562e+01
1.143096160888671875e+01
1.117179012298583984e+01
1.136724853515625000e+01
1.213547611236572266e+01
1.188110446929931641e+01
1.224039936065673828e+01
1.168089675903320312e+01
1.110979557037353516e+01
1.205960655212402344e+01
1.157067108154296875e+01
1.105019760131835938e+01
1.361401653289794922e+01
1.377986431121826172e+01
1.124711608886718750e+01
1.196230792999267578e+01
1.183424663543701172e+01
1.168235492706298828e+01
1.153230953216552734e+01
1.162479019165039062e+01
1.158267402648925781e+01
1.154464530944824219e+01
1.189906978607177734e+01
1.255550575256347656e+01
1.168010997772216797e+01
1.220499992370605469e+01
1.167426490783691406e+01
1.282241821289062500e+01
1.164720344543457031e+01
1.148692607879638672e+01
1.144034481048583984e+01
1.147614097595214844e+01
1.196961784362792969e+01
1.097467231750488281e+01
1.122956371307373047e+01
1.201173019409179688e+01
1.167045402526855469e+01
1.119657897949218750e+01
1.193486213684082031e+01
1.131803226470947266e+01
1.195881175994873047e+01
1.257334136962890625e+01
1.160901260375976562e+01
1.181837463378906250e+01
1.189059829711914062e+01
1.189676856994628906e+01
1.141331195831298828e+01
1.193392276763916016e+01
1.175280189514160156e+01
1.149331474304199219e+01
1.160783863067626953e+01
1.197857379913330078e+01
1.195893478393554688e+01
1.099568080902099609e+01
1.229492855072021484e+01
1.084237384796142578e+01
9.682920455932617188e+00
1.137202262878417969e+01
1.143470478057861328e+01
1.121648693084716797e+01
1.194125938415527344e+01
1.172018432617187500e+01
1.179914569854736328e+01
1.119198894500732422e+01
1.128159046173095703e+01
1.302927398681640625e+01
1.162596225738525391e+01
1.124486827850341797e+01
1.145378303527832031e+01
1.060730934143066406e+01
1.207410049438476562e+01
1.152845668792724609e+01
1.396339035034179688e+01
1.201624298095703125e+01
1.249727058410644531e+01
1.180108261108398438e+01
1.279122257232666016e+01
1.261066532135009766e+01
1.188977622985839844e+01
1.280597686767578125e+01
1.102658843994140625e+01
1.117616271972656250e+01
1.265980339050292969e+01
1.191221237182617188e+01
1.227001380920410156e+01
1.160403537750244141e+01
1.247100925445556641e+01
1.186033058166503906e+01
1.153725433349609375e+01
1.131572151184082031e+01
1.169043731689453125e+01
1.102227878570556641e+01
1.123423767089843750e+01
1.106492996215820312e+01
1.156990814208984375e+01
1.176984024047851562e+01
1.147208881378173828e+01
1.109802246093750000e+01
1.160704517364501953e+01
1.146314048767089844e+01
1.268080806732177734e+01
1.238071823120117188e+01
1.149027538299560547e+01
1.366204643249511719e+01
1.120347785949707031e+01
1.239918899536132812e+01
1.243239402770996094e+01
1.091791629791259766e+01
1.173726749420166016e+01
1.210881900787353516e+01
1.159177017211914062e+01
1.156784725189208984e+01
1.103420829772949219e+01
1.162445926666259766e+01
1.151203250885009766e+01
1.145300769805908203e+01
1.214569473266601562e+01
1.135432052612304688e+01
1.191419029235839844e+01
1.150805377960205078e+01
1.198731613159179688e+01
1.135570907592773438e+01
1.294148921966552734e+01
1.144916248321533203e+01
1.124654674530029297e+01
1.137596607208251953e+01
1.293392372131347656e+01
1.175761604309082031e+01
1.042792415618896484e+01
1.151021003723144531e+01
1.135535717010498047e+01
1.129287528991699219e+01
1.157371425628662109e+01
1.122875595092773438e+01
1.171334457397460938e+01
1.182766532897949219e+01
1.223790836334228516e+01
1.103946876525878906e+01
1.143648815155029297e+01
1.129500865936279297e+01
1.131277656555175781e+01
1.130710887908935547e+01
1.182034492492675781e+01
1.142811489105224609e+01
1.137493228912353516e+01
1.148040962219238281e+01
1.160666942596435547e+01
1.184392547607421875e+01
1.174595546722412109e+01
1.132108306884765625e+01
1.174811363220214844e+01
1.185013484954833984e+01
1.112099361419677734e+01
1.131986713409423828e+01
1.218914890289306641e+01
1.144941711425781250e+01
1.147520542144775391e+01
1.108026027679443359e+01
1.147596359252929688e+01
1.363142681121826172e+01
1.149855899810791016e+01
1.208627700805664062e+01
1.165686225891113281e+01
1.312580585479736328e+01
1.149773406982421875e+01
1.235193347930908203e+01
1.133206081390380859e+01
1.156711292266845703e+01
1.156468677520751953e+01
1.171031665802001953e+01
1.169499874114990234e+01
1.124281978607177734e+01
1.185766220092773438e+01
1.289662170410156250e+01
1.161230087280273438e+01
1.128999614715576172e+01
1.111484718322753906e+01
1.330992317199707031e+01
1.183961009979248047e+01
1.110719776153564453e+01
1.118861198425292969e+01
1.289572811126708984e+01
1.088991069793701172e+01
1.144776725769042969e+01
1.156770706176757812e+01
1.123934555053710938e+01
1.092536926269531250e+01
1.152569866180419922e+01
9.898759841918945312e+00
1.164115810394287109e+01
1.274303245544433594e+01
1.137983036041259766e+01
1.111000251770019531e+01
1.170800113677978516e+01
1.346596336364746094e+01
1.198193073272705078e+01
1.194363784790039062e+01
1.146538162231445312e+01
1.177709484100341797e+01
1.196992969512939453e+01
1.151981735229492188e+01
1.159642791748046875e+01
1.103949451446533203e+01
1.119596767425537109e+01
1.220883369445800781e+01
1.158613967895507812e+01
1.142231845855712891e+01
1.150491333007812500e+01
1.159408187866210938e+01
1.224063396453857422e+01
1.087806892395019531e+01
1.189466857910156250e+01
1.024231624603271484e+01
1.190844058990478516e+01
1.315983963012695312e+01
1.183932876586914062e+01
1.147412681579589844e+01
1.305850219726562500e+01
1.133720111846923828e+01
1.169502067565917969e+01
1.138845348358154297e+01
1.148911952972412109e+01
1.204152774810791016e+01
1.180828285217285156e+01
1.159535217285156250e+01
1.127639102935791016e+01
1.142559432983398438e+01
1.168055057525634766e+01
1.199850940704345703e+01
1.163556861877441406e+01
1.168024253845214844e+01
1.054925155639648438e+01
1.182956409454345703e+01
1.233952140808105469e+01
1.157373237609863281e+01
1.137545776367187500e+01
1.209187316894531250e+01
1.163920497894287109e+01
1.168991756439208984e+01
1.180164909362792969e+01
1.165514087677001953e+01
1.178630065917968750e+01
1.147140789031982422e+01
1.143214035034179688e+01
1.172737598419189453e+01
1.208609104156494141e+01
1.144071865081787109e+01
1.092180919647216797e+01
1.185771751403808594e+01
1.398553371429443359e+01
1.182041835784912109e+01
1.192331314086914062e+01
1.127571010589599609e+01
1.170256996154785156e+01
1.246772766113281250e+01
1.028187179565429688e+01
1.091444873809814453e+01
1.020185089111328125e+01
1.141191482543945312e+01
1.172240543365478516e+01
1.199246692657470703e+01
1.163178157806396484e+01
1.170117473602294922e+01
1.183768558502197266e+01
1.257789230346679688e+01
1.207813644409179688e+01
1.157980251312255859e+01
1.239941310882568359e+01
1.147730731964111328e+01
1.265766716003417969e+01
1.209722232818603516e+01
1.322556114196777344e+01
1.181309509277343750e+01
1.241612052917480469e+01
1.277997207641601562e+01
1.156674385070800781e+01
1.181633663177490234e+01
1.153747367858886719e+01
1.144747924804687500e+01
1.132513904571533203e+01
1.153423976898193359e+01
1.409265518188476562e+01
1.137860393524169922e+01
1.268774795532226562e+01
1.140213966369628906e+01
1.112681293487548828e+01
1.219794559478759766e+01
1.186392784118652344e+01
1.169243907928466797e+01
1.042209339141845703e+01
1.187489032745361328e+01
1.292645263671875000e+01
1.122260665893554688e+01
1.181920051574707031e+01
1.117371177673339844e+01
1.187362670898437500e+01
1.202463245391845703e+01
1.165859603881835938e+01
1.121890926361083984e+01
1.239110565185546875e+01
1.157008266448974609e+01
1.209316539764404297e+01
1.151918983459472656e+01
1.225467586517333984e+01
1.137373828887939453e+01
1.173632812500000000e+01
1.374762725830078125e+01
1.133833503723144531e+01
1.182179355621337891e+01
1.109453105926513672e+01
1.106189441680908203e+01
1.166466617584228516e+01
1.213190460205078125e+01
1.152744293212890625e+01
1.110518169403076172e+01
1.182833003997802734e+01
1.447730064392089844e+01
1.197066307067871094e+01
1.240434169769287109e+01
1.359551048278808594e+01
1.109029579162597656e+01
1.117817306518554688e+01
1.185807991027832031e+01
1.203210735321044922e+01
1.178050136566162109e+01
1.153741931915283203e+01
1.135801410675048828e+01
1.156274986267089844e+01
1.065115547180175781e+01
1.143502807617187500e+01
1.123962116241455078e+01
1.144251155853271484e+01
1.101784133911132812e+01
1.192914581298828125e+01
1.140821838378906250e+01
1.169488525390625000e+01
1.105703830718994141e+01
1.182653808593750000e+01
1.137876319885253906e+01
1.167231559753417969e+01
1.192871093750000000e+01
1.137787437438964844e+01
1.134058856964111328e+01
1.151799201965332031e+01
1.130531215667724609e+01
1.220488166809082031e+01
1.155289936065673828e+01
1.166238784790039062e+01
1.159536170959472656e+01
1.287776565551757812e+01
1.135739898681640625e+01
1.132874298095703125e+01
1.149336910247802734e+01
1.195873641967773438e+01
1.174175548553466797e+01
1.156384372711181641e+01
1.184851741790771484e+01
1.161003398895263672e+01
1.131085395812988281e+01
1.178752803802490234e+01
1.277999782562255859e+01
1.240663623809814453e+01
1.089504432678222656e+01
1.201528930664062500e+01
1.314745044708251953e+01
1.140678596496582031e+01
1.155228042602539062e+01
1.153694534301757812e+01
1.150172042846679688e+01
1.130514812469482422e+01
1.188441944122314453e+01
1.207724380493164062e+01
1.153791427612304688e+01
1.180767059326171875e+01
1.209463882446289062e+01
1.089666748046875000e+01
1.152485561370849609e+01
1.166527462005615234e+01
1.274534416198730469e+01
1.225998878479003906e+01
1.108785629272460938e+01
1.124388885498046875e+01
1.189579200744628906e+01
1.125367736816406250e+01
1.174851799011230469e+01
1.450499725341796875e+01
1.170404624938964844e+01
1.131999778747558594e+01
1.242558002471923828e+01
1.204110336303710938e+01
1.068623733520507812e+01
1.233757591247558594e+01
1.142767333984375000e+01
1.189424800872802734e+01
1.144195365905761719e+01
9.726601600646972656e+00
1.118655586242675781e+01
1.161169528961181641e+01
1.173525428771972656e+01
1.185571479797363281e+01
1.201695442199707031e+01
1.129716396331787109e+01
1.199007034301757812e+01
1.251973724365234375e+01
1.061579608917236328e+01
1.453681182861328125e+01
1.169898128509521484e+01
1.156548976898193359e+01
1.120589828491210938e+01
1.113499355316162109e+01
1.260036754608154297e+01
1.156789112091064453e+01
1.190955162048339844e+01
1.144544887542724609e+01
1.164795017242431641e+01
1.026422882080078125e+01
1.152286148071289062e+01
1.190830707550048828e+01
1.215792655944824219e+01
1.165176296234130859e+01
1.178662586212158203e+01
1.161684417724609375e+01
1.174575328826904297e+01
1.138192653656005859e+01
1.211125183105468750e+01
1.205017375946044922e+01
1.204067325592041016e+01
1.166664981842041016e+01
1.230917358398437500e+01
1.133274745941162109e+01
1.148162651062011719e+01
1.128239727020263672e+01
1.113906860351562500e+01
1.146926403045654297e+01
1.239886856079101562e+01
1.155280399322509766e+01
1.180092239379882812e+01
1.179724121093750000e+01
1.125064182281494141e+01
1.191232967376708984e+01
1.175165843963623047e+01
1.207220649719238281e+01
1.138527011871337891e+01
1.150296592712402344e+01
1.106408500671386719e+01
1.118648147583007812e+01
1.175401306152343750e+01
1.199449062347412109e+01
1.072696495056152344e+01
1.116569995880126953e+01
1.146585941314697266e+01
1.162101459503173828e+01
1.186593818664550781e+01
1.162777805328369141e+01
1.129014015197753906e+01
1.155275726318359375e+01
1.143208217620849609e+01
1.132318496704101562e+01
1.037273979187011719e+01
1.189104270935058594e+01
1.137347793579101562e+01
1.282720375061035156e+01
1.219938468933105469e+01
1.208913993835449219e+01
1.245256233215332031e+01
1.175888633728027344e+01
1.183636569976806641e+01
1.140002822875976562e+01
1.178909778594970703e+01
1.142055988311767578e+01
1.180743503570556641e+01
1.184571838378906250e+01
1.318305587768554688e+01
1.336911010742187500e+01
1.155760192871093750e+01
1.153373718261718750e+01
1.239774417877197266e+01
1.188983917236328125e+01
1.139306640625000000e+01
1.164452648162841797e+01
1.135527801513671875e+01
1.192099761962890625e+01
1.076727485656738281e+01
1.156551074981689453e+01
1.225366592407226562e+01
1.189119148254394531e+01
1.224178028106689453e+01
1.261369895935058594e+01
1.157818317413330078e+01
1.209876728057861328e+01
1.126787281036376953e+01
1.165077114105224609e+01
1.146299362182617188e+01
1.376681804656982422e+01
1.139120292663574219e+01
1.131398677825927734e+01
1.264019584655761719e+01
1.202257061004638672e+01
1.263187217712402344e+01
1.180567646026611328e+01
1.147228908538818359e+01
1.211232089996337891e+01
1.182939624786376953e+01
1.031263542175292969e+01
1.167495822906494141e+01
1.202528190612792969e+01
1.131202888488769531e+01
1.165765094757080078e+01
1.019291305541992188e+01
1.150613212585449219e+01
1.112801837921142578e+01
1.138402748107910156e+01
1.246104621887207031e+01
1.188164710998535156e+01
1.207635688781738281e+01
1.110507011413574219e+01
1.108567905426025391e+01
1.356016826629638672e+01
1.131490898132324219e+01
1.076059055328369141e+01
1.281911373138427734e+01
1.130611801147460938e+01
1.111564159393310547e+01
1.163151931762695312e+01
1.135686111450195312e+01
1.177642250061035156e+01
1.192157745361328125e+01
1.141944408416748047e+01
1.207823944091796875e+01
1.218793487548828125e+01
1.211786746978759766e+01
1.136060333251953125e+01
1.114095592498779297e+01
1.134411048889160156e+01
1.141850090026855469e+01
1.114421081542968750e+01
1.164465618133544922e+01
1.222113704681396484e+01
1.160269069671630859e+01
1.149906635284423828e+01
1.115006446838378906e+01
1.152815532684326172e+01
1.183653163909912109e+01
1.124224567413330078e+01
1.156609916687011719e+01
1.108308315277099609e+01
1.181216049194335938e+01
1.129583072662353516e+01
1.122110843658447266e+01
1.257792282104492188e+01
1.137742900848388672e+01
1.124837589263916016e+01
1.192159271240234375e+01
1.176633548736572266e+01
1.197592163085937500e+01
1.162506866455078125e+01
1.126338672637939453e+01
1.140623855590820312e+01
1.377124786376953125e+01
1.137797164916992188e+01
1.172130107879638672e+01
1.090496349334716797e+01
1.178080558776855469e+01
1.122658443450927734e+01
1.179913902282714844e+01
1.123418617248535156e+01
1.419876289367675781e+01
1.011378765106201172e+01
1.136278057098388672e+01
1.147010517120361328e+01
1.222544956207275391e+01
1.295032119750976562e+01
1.178119659423828125e+01
1.174072170257568359e+01
1.254552936553955078e+01
1.126186370849609375e+01
1.147145557403564453e+01
1.123899459838867188e+01
1.152541637420654297e+01
1.138146686553955078e+01
1.076100921630859375e+01
1.208820724487304688e+01
1.233227825164794922e+01
1.232506847381591797e+01
1.222582721710205078e+01
1.227696323394775391e+01
1.162288284301757812e+01
1.232237434387207031e+01
1.166642761230468750e+01
1.250651931762695312e+01
1.151810836791992188e+01
1.187536716461181641e+01
1.118338775634765625e+01
1.140914916992187500e+01
1.128067970275878906e+01
1.174820423126220703e+01
1.165683937072753906e+01
1.149831199645996094e+01
1.165630626678466797e+01
1.132715988159179688e+01
1.132160568237304688e+01
1.204127788543701172e+01
1.312074089050292969e+01
1.192492485046386719e+01
1.205829906463623047e+01
1.156764030456542969e+01
1.128801822662353516e+01
1.186658287048339844e+01
1.105823421478271484e+01
1.169494819641113281e+01
1.156346702575683594e+01
1.147370147705078125e+01
1.244922256469726562e+01
1.274248504638671875e+01
1.104777526855468750e+01
1.159196090698242188e+01
1.161658382415771484e+01
1.185671710968017578e+01
1.122660350799560547e+01
1.157469177246093750e+01
1.191221618652343750e+01
1.180780410766601562e+01
1.155305480957031250e+01
1.172924804687500000e+01
1.185855770111083984e+01
1.192721080780029297e+01
1.174788475036621094e+01
1.179570960998535156e+01
1.131344127655029297e+01
1.239621543884277344e+01
1.131481933593750000e+01
1.146647453308105469e+01
1.298046207427978516e+01
1.163946533203125000e+01
1.173074817657470703e+01
1.117522430419921875e+01
1.069802188873291016e+01
1.184082317352294922e+01
1.150508308410644531e+01
1.104401588439941406e+01
1.136132907867431641e+01
1.235994815826416016e+01
1.125046253204345703e+01
1.163134288787841797e+01
1.183965015411376953e+01
1.191712379455566406e+01
1.382811355590820312e+01
1.203161048889160156e+01
1.149347686767578125e+01
1.135961341857910156e+01
1.173464393615722656e+01
1.155367279052734375e+01
1.185690975189208984e+01
1.250602054595947266e+01
1.192340946197509766e+01
1.046887588500976562e+01
1.220298004150390625e+01
1.138674259185791016e+01
1.205033302307128906e+01
1.184934902191162109e+01
1.187708091735839844e+01
1.209080886840820312e+01
1.133853530883789062e+01
1.476002788543701172e+01
1.121236610412597656e+01
1.185733795166015625e+01
1.193559265136718750e+01
1.152005577087402344e+01
1.195629596710205078e+01
1.175277233123779297e+01
1.327030181884765625e+01
1.164319801330566406e+01
1.154732131958007812e+01
1.189999866485595703e+01
1.317436981201171875e+01
1.116702461242675781e+01
1.134867954254150391e+01
1.298112010955810547e+01
1.168470191955566406e+01
1.164027309417724609e+01
1.146405601501464844e+01
1.233990764617919922e+01
1.133350563049316406e+01
1.455256938934326172e+01
1.384464931488037109e+01
1.183219909667968750e+01
1.444420242309570312e+01
1.144732761383056641e+01
1.216128253936767578e+01
1.106424140930175781e+01
1.183797168731689453e+01
1.047919273376464844e+01
1.288507938385009766e+01
1.154691028594970703e+01
1.124535369873046875e+01
1.200678253173828125e+01
1.183320808410644531e+01
1.015768718719482422e+01
1.161682128906250000e+01
1.153579807281494141e+01
1.152080440521240234e+01
1.110717678070068359e+01
1.153964900970458984e+01
1.222997283935546875e+01
1.162276172637939453e+01
1.138492393493652344e+01
1.234350013732910156e+01
1.235495853424072266e+01
1.147517871856689453e+01
1.189592742919921875e+01
1.149982070922851562e+01
1.174313354492187500e+01
1.150492095947265625e+01
1.130193805694580078e+01
1.154945564270019531e+01
1.191519165039062500e+01
1.145965290069580078e+01
1.191033554077148438e+01
1.240681934356689453e+01
1.134027957916259766e+01
1.142006492614746094e+01
1.133777236938476562e+01
1.159960460662841797e+01
1.307039165496826172e+01
9.883326530456542969e+00
1.309475994110107422e+01
1.139414691925048828e+01
1.131024456024169922e+01
1.135316944122314453e+01
1.353537654876708984e+01
1.188386344909667969e+01
1.176369667053222656e+01
1.129808235168457031e+01
1.228996658325195312e+01
1.145776653289794922e+01
1.114278030395507812e+01
1.350133800506591797e+01
1.144363403320312500e+01
1.170770740509033203e+01
1.159311676025390625e+01
1.249705886840820312e+01
1.165696239471435547e+01
1.195246696472167969e+01
1.175077629089355469e+01
1.074202728271484375e+01
1.125328731536865234e+01
1.259064388275146484e+01
1.133806514739990234e+01
1.158602619171142578e+01
1.195920562744140625e+01
1.139121437072753906e+01
1.252349376678466797e+01
1.108178043365478516e+01
1.143135643005371094e+01
1.177131843566894531e+01
1.140625095367431641e+01
1.109691619873046875e+01
1.089951515197753906e+01
1.198940467834472656e+01
1.163836669921875000e+01
1.121692085266113281e+01
1.157965278625488281e+01
1.152576351165771484e+01
1.125104141235351562e+01
1.155274009704589844e+01
1.109093856811523438e+01
1.286266899108886719e+01
1.142268562316894531e+01
1.210012054443359375e+01
1.139914131164550781e+01
1.157346343994140625e+01
1.185650062561035156e+01
1.180096817016601562e+01
1.159191417694091797e+01
1.162711238861083984e+01
1.145267963409423828e+01
1.143084144592285156e+01
1.165585517883300781e+01
1.115012073516845703e+01
1.143862056732177734e+01
1.295055007934570312e+01
1.186555004119873047e+01
1.119325351715087891e+01
1.051863956451416016e+01
1.128638935089111328e+01
1.184518337249755859e+01
1.163181209564208984e+01
1.175054073333740234e+01
1.150440692901611328e+01
1.171560573577880859e+01
1.092511558532714844e+01
1.152824497222900391e+01
1.229785346984863281e+01
1.113405132293701172e+01
1.143547248840332031e+01
1.168515014648437500e+01
1.139687347412109375e+01
1.209585380554199219e+01
1.178089427947998047e+01
1.160041427612304688e+01
1.060029220581054688e+01
1.180579280853271484e+01
1.185269641876220703e+01
1.165259742736816406e+01
1.128011798858642578e+01
1.135492038726806641e+01
1.132946968078613281e+01
1.122116470336914062e+01
1.073366069793701172e+01
1.150508403778076172e+01
1.292352867126464844e+01
1.246622276306152344e+01
1.218095684051513672e+01
1.211134719848632812e+01
1.225212097167968750e+01
1.203279876708984375e+01
1.118339920043945312e+01
1.215044307708740234e+01
1.173024654388427734e+01
1.083304691314697266e+01
1.190277957916259766e+01
1.200384807586669922e+01
1.155793190002441406e+01
1.139069175720214844e+01
1.178841018676757812e+01
1.189662551879882812e+01
1.291132259368896484e+01
1.242529487609863281e+01
1.182958793640136719e+01
1.166899585723876953e+01
1.213511180877685547e+01
1.169368743896484375e+01
1.145347976684570312e+01
1.178625392913818359e+01
1.190758991241455078e+01
1.127351570129394531e+01
1.206206893920898438e+01
1.115346431732177734e+01
1.160635948181152344e+01
1.209576606750488281e+01
1.157448673248291016e+01
1.156433963775634766e+01
1.185900211334228516e+01
1.238303852081298828e+01
1.206964588165283203e+01
1.125557899475097656e+01
1.185428237915039062e+01
1.113300514221191406e+01
1.131160259246826172e+01
1.310532474517822266e+01
1.156243133544921875e+01
1.112849903106689453e+01
1.160931968688964844e+01
1.190507888793945312e+01
1.177780532836914062e+01
1.146890830993652344e+01
