1.048893434926867485e-03
3.668408095836639404e-01
1.779454032657667994e-04
6.018750071525573730e-01
4.750363994389772415e-03
5.492856726050376892e-04
7.412891369313001633e-03
9.566028020344674587e-04
1.686554634943604469e-03
1.189463958144187927e-01
9.619698673486709595e-02
2.572645246982574463e-02
6.925222114659845829e-04
5.267659202218055725e-03
5.263626202940940857e-02
5.645321216434240341e-04
8.799919486045837402e-01
2.720525953918695450e-03
9.488565325736999512e-01
2.684633247554302216e-03
2.746657934039831161e-03
1.713588135316967964e-03
3.492034971714019775e-01
4.640433937311172485e-03
7.506135851144790649e-02
5.496994853019714355e-01
2.691911300644278526e-03
9.959937334060668945e-01
7.265394669957458973e-04
4.892638884484767914e-03
5.293698050081729889e-03
8.148414082825183868e-03
6.882697343826293945e-01
1.226212014444172382e-03
1.670844256877899170e-01
4.810759332031011581e-03
3.523154854774475098e-01
1.767599256709218025e-03
5.373661406338214874e-03
1.486831009387969971e-01
3.768776059150695801e-01
2.850118093192577362e-03
4.488716833293437958e-03
9.524203836917877197e-03
7.789713144302368164e-01
3.241159953176975250e-03
4.644443397410213947e-04
6.030957447364926338e-04
2.224108129739761353e-01
1.582929305732250214e-02
6.617991253733634949e-03
7.270155940204858780e-03
9.868270717561244965e-03
6.169248837977647781e-03
1.242668740451335907e-02
6.710077170282602310e-03
9.643486700952053070e-04
3.425018489360809326e-02
9.111432009376585484e-04
7.932758308015763760e-04
1.514373868703842163e-01
9.379976987838745117e-01
3.527195453643798828e-01
2.544717863202095032e-03
1.926740258932113647e-02
1.814133836887776852e-03
7.121277041733264923e-03
9.993414282798767090e-01
9.542527794837951660e-02
1.709516975097358227e-03
1.815817551687359810e-03
1.900655589997768402e-02
1.234544441103935242e-03
3.327332437038421631e-03
5.953829386271536350e-04
5.511656054295599461e-04
2.789641031995415688e-03
1.497921184636652470e-04
8.356805192306637764e-04
6.298910081386566162e-02
1.433279924094676971e-02
6.431381404399871826e-02
2.592383418232202530e-03
3.688580123707652092e-03
1.374070765450596809e-03
7.013618480414152145e-03
1.097438950091600418e-02
1.606081277132034302e-01
6.037000194191932678e-02
5.223050713539123535e-03
7.288991473615169525e-03
9.768654108047485352e-01
4.631996899843215942e-02
1.170878531411290169e-03
3.346574306488037109e-02
6.649781949818134308e-03
4.088475927710533142e-02
9.939538836479187012e-01
1.225650683045387268e-01
5.609503947198390961e-03
1.820392720401287079e-02
4.033213853836059570e-02
5.095956730656325817e-04
2.995503600686788559e-04
7.165888790041208267e-03
8.798293769359588623e-02
1.190141309052705765e-03
9.265503031201660633e-04
1.334410975687205791e-03
3.731422871351242065e-02
7.355606555938720703e-02
4.021949693560600281e-02
9.950548410415649414e-01
2.388492785394191742e-02
4.588348325341939926e-03
1.246349047869443893e-02
3.256598254665732384e-03
8.822510018944740295e-03
3.096342831850051880e-02
1.309008896350860596e-02
8.049805164337158203e-01
7.388564348220825195e-01
3.544735955074429512e-03
5.417312979698181152e-01
1.005345489829778671e-02
2.189735136926174164e-02
3.677416592836380005e-03
6.991921663284301758e-01
1.840756391175091267e-03
2.716139890253543854e-03
5.269871908240020275e-04
1.555740309413522482e-04
5.678388406522572041e-04
4.851690027862787247e-04
1.069613848812878132e-03
6.903657922521233559e-04
1.588349416851997375e-02
4.222006537020206451e-04
7.609708118252456188e-04
2.448692452162504196e-03
3.755144076421856880e-03
6.289857439696788788e-03
7.443841695785522461e-01
1.448666589567437768e-04
1.388786622555926442e-04
1.640495657920837402e-02
6.178598850965499878e-04
3.759181126952171326e-02
1.187637075781822205e-02
1.306911744177341461e-02
3.893632888793945312e-01
1.236461452208459377e-03
7.383908629417419434e-01
8.682624436914920807e-03
6.854521925561130047e-04
9.796073427423834801e-04
7.728986674919724464e-04
3.972341492772102356e-02
4.275002516806125641e-03
1.039942493662238121e-03
3.355394816026091576e-03
3.869994878768920898e-01
6.914179772138595581e-02
2.876305393874645233e-02
9.349279403686523438e-01
2.401672390988096595e-04
1.112193567678332329e-03
2.976360963657498360e-03
8.966169357299804688e-01
7.305606268346309662e-03
1.082007121294736862e-02
2.209165366366505623e-03
1.130225285887718201e-01
7.578719523735344410e-04
6.466323137283325195e-01
1.538480352610349655e-02
7.462282180786132812e-01
1.049366593360900879e-02
1.587578793987631798e-03
6.825544871389865875e-03
5.685669369995594025e-03
3.020058502443134785e-04
1.315464847721159458e-03
3.499061334878206253e-03
1.889132335782051086e-02
1.078923325985670090e-02
1.235519498586654663e-01
9.953704476356506348e-01
1.569246202707290649e-01
2.829230390489101410e-03
5.749404081143438816e-04
3.231249153614044189e-01
1.639845082536339760e-03
1.235372037626802921e-03
2.886075526475906372e-03
1.295655407011508942e-02
2.748346189036965370e-03
1.232516542077064514e-01
5.823153187520802021e-04
3.962190449237823486e-02
4.776466488838195801e-01
9.445179020985960960e-04
1.425092015415430069e-02
4.499036876950412989e-04
1.826042891480028629e-03
1.079649548046290874e-03
1.777881843736395240e-04
2.007148787379264832e-02
1.486729457974433899e-02
1.937155872583389282e-01
1.707951887510716915e-03
1.810036040842533112e-02
3.145955270156264305e-03
2.332416770514100790e-04
2.025113673880696297e-03
1.672626822255551815e-03
1.092092250473797321e-03
2.463389188051223755e-02
2.037840429693460464e-03
1.889527076855301857e-03
7.365260273218154907e-02
2.309415303170681000e-02
1.525622010231018066e-01
1.044257078319787979e-03
9.803448319435119629e-01
9.367320537567138672e-01
4.499607020989060402e-04
4.643177147954702377e-03
1.248195022344589233e-02
6.301838159561157227e-01
2.008860697969794273e-03
1.322702388279139996e-03
2.528719138354063034e-03
1.428317558020353317e-02
1.503419713117182255e-03
2.638894075062125921e-04
4.357828292995691299e-03
9.705034084618091583e-03
1.134155597537755966e-02
9.591878391802310944e-03
7.545648142695426941e-03
1.567854359745979309e-02
2.027658512815833092e-03
1.186142303049564362e-02
1.299374103546142578e-01
7.142878174781799316e-01
1.385753275826573372e-04
6.089126691222190857e-03
4.531174004077911377e-01
6.809069309383630753e-04
1.994817052036523819e-03
3.850443959236145020e-01
9.674251824617385864e-02
5.158353131264448166e-03
1.440409105271100998e-03
1.370196812786161900e-03
1.801758110523223877e-01
2.174480818212032318e-03
8.415340445935726166e-03
5.258522629737854004e-01
1.085063908249139786e-03
1.079480862244963646e-03
2.377135753631591797e-01
1.416691346094012260e-03
7.407878637313842773e-01
5.525016188621520996e-01
2.942406944930553436e-02
1.920587674248963594e-04
2.602685615420341492e-02
3.022002929355949163e-04
3.480831393972039223e-03
3.366905497387051582e-03
3.773070573806762695e-01
2.450627973303198814e-03
2.102478407323360443e-03
1.058543799445033073e-03
7.573642302304506302e-03
4.323681932874023914e-04
2.887675538659095764e-02
8.911046897992491722e-04
2.757840752601623535e-01
3.846989274024963379e-01
9.136408567428588867e-01
6.288795173168182373e-02
1.735691213980317116e-03
2.312958473339676857e-03
3.377113025635480881e-03
3.030503354966640472e-02
2.399740740656852722e-02
2.241385809611529112e-04
8.471465669572353363e-03
1.986143179237842560e-03
8.315293788909912109e-01
3.851909190416336060e-02
6.409632624126970768e-04
1.538863480091094971e-01
4.286422580480575562e-02
4.238793551921844482e-01
1.420841068029403687e-01
3.376845642924308777e-02
2.486255392432212830e-02
9.476284612901508808e-04
3.364105010405182838e-03
9.771046461537480354e-04
1.241685226559638977e-01
3.191579878330230713e-01
4.179019597359001637e-04
5.350429937243461609e-02
8.567128777503967285e-01
2.010253025218844414e-03
5.891586095094680786e-02
3.678778884932398796e-04
1.085810945369303226e-03
1.459175022318959236e-03
5.392026305198669434e-01
8.762498497962951660e-01
2.372077852487564087e-02
8.284684270620346069e-03
5.767375696450471878e-03
6.863406896591186523e-01
9.260133374482393265e-04
4.214726213831454515e-04
8.322989568114280701e-03
6.045911312103271484e-01
1.654936671257019043e-01
2.505779033526778221e-03
8.675834164023399353e-03
4.219349473714828491e-02
2.996510593220591545e-03
3.930787555873394012e-03
8.678299374878406525e-03
9.961411124095320702e-04
6.723830848932266235e-02
3.445034474134445190e-02
1.761175505816936493e-02
2.494450472295284271e-02
6.467152852565050125e-04
3.858421370387077332e-02
2.916950732469558716e-03
5.630086176097393036e-03
2.100197672843933105e-01
1.453242301940917969e-01
8.704913780093193054e-03
1.262387353926897049e-02
1.234468445181846619e-02
2.324834233149886131e-03
9.254625067114830017e-03
2.846443094313144684e-02
1.338871079497039318e-03
1.900141505757346749e-04
2.377269789576530457e-03
9.184270501136779785e-01
6.665628170594573021e-04
9.981626868247985840e-01
7.016479503363370895e-04
9.954332113265991211e-01
7.364562153816223145e-02
1.000648364424705505e-03
9.809167981147766113e-01
2.258216729387640953e-03
1.816789992153644562e-02
4.251139760017395020e-01
2.808997035026550293e-02
3.569743828848004341e-03
1.057925750501453876e-03
9.867848753929138184e-01
3.642510995268821716e-02
5.475291400216519833e-04
1.220881715416908264e-01
1.511210459284484386e-03
2.076737210154533386e-02
2.521129208616912365e-04
3.144215326756238937e-03
1.853684335947036743e-01
3.410707577131688595e-04
1.978869084268808365e-03
1.391165889799594879e-03
2.225807635113596916e-03
2.312333788722753525e-03
2.126183535438030958e-04
7.786273360252380371e-01
7.188868708908557892e-03
3.073246777057647705e-01
5.067834863439202309e-04
4.855877161026000977e-02
3.699406236410140991e-02
4.984508268535137177e-04
3.515905933454632759e-03
1.538538257591426373e-03
3.360384842380881310e-03
6.618849635124206543e-01
4.773307591676712036e-04
1.357642002403736115e-02
3.877931740134954453e-04
4.072989802807569504e-03
7.810243964195251465e-01
1.579990494064986706e-03
8.850358426570892334e-04
8.458762429654598236e-03
5.865607527084648609e-04
7.457084138877689838e-04
4.572025965899229050e-03
1.812240458093583584e-03
6.656677722930908203e-01
2.854113234207034111e-03
5.237860139459371567e-03
5.102347116917371750e-03
1.349616097286343575e-03
9.173102974891662598e-01
9.982056617736816406e-01
5.685319304466247559e-01
1.549270818941295147e-03
6.127132568508386612e-03
1.126834191381931305e-03
4.353516269475221634e-03
2.547401236370205879e-03
1.705479808151721954e-03
1.285128109157085419e-02
2.329640323296189308e-03
1.168272644281387329e-02
3.401522990316152573e-04
8.323074132204055786e-02
6.257027387619018555e-03
6.871216464787721634e-04
1.452562399208545685e-02
2.787653356790542603e-03
6.042399909347295761e-03
1.711201295256614685e-02
6.382940919138491154e-04
4.623892251402139664e-03
1.442039036191999912e-03
4.792650416493415833e-02
5.973910447210073471e-03
9.804682340472936630e-04
1.084125717170536518e-03
1.592335291206836700e-03
5.887142615392804146e-04
2.165376543998718262e-01
4.764262121170759201e-03
5.338541232049465179e-04
3.563514677807688713e-03
4.221165436320006847e-04
5.145601462572813034e-04
2.511749044060707092e-03
3.168851835653185844e-03
7.962315343320369720e-03
4.671270959079265594e-03
2.303792983293533325e-01
3.925304114818572998e-02
9.532682597637176514e-02
3.171962499618530273e-01
5.829072324559092522e-04
2.588436007499694824e-03
1.410684635629877448e-04
2.709667431190609932e-03
5.041951080784201622e-04
8.194828405976295471e-03
3.701542317867279053e-02
1.003240197896957397e-01
7.408139208564534783e-05
8.215732523240149021e-04
1.473976531997323036e-03
2.423691330477595329e-04
3.184159994125366211e-01
5.376967601478099823e-03
1.546690706163644791e-02
1.624669297598302364e-03
1.449041068553924561e-01
9.593899250030517578e-01
4.794263222720474005e-04
2.646064851433038712e-03
8.337564468383789062e-01
6.115563213825225830e-03
8.238562149927020073e-04
3.391600912436842918e-03
2.631565090268850327e-03
7.694979310035705566e-01
1.110810204409062862e-03
1.713952049612998962e-03
4.611346870660781860e-03
1.731009408831596375e-02
1.300780917517840862e-03
1.018856652081012726e-03
3.013733658008277416e-04
2.169192070141434669e-03
4.754441790282726288e-03
1.444476842880249023e-01
9.896501302719116211e-01
1.928001409396529198e-03
6.555126048624515533e-03
6.135006546974182129e-01
1.141396583989262581e-03
1.031317224260419607e-04
4.079188406467437744e-01
3.828546614386141300e-04
5.632867664098739624e-02
2.863896777853369713e-03
5.442802309989929199e-01
2.111310604959726334e-03
2.006595488637685776e-03
2.798021137714385986e-01
4.313428420573472977e-03
3.847654163837432861e-01
2.452848246321082115e-03
8.935056393966078758e-04
4.735252261161804199e-02
1.414256170392036438e-03
1.860029809176921844e-02
9.958221912384033203e-01
1.541397650726139545e-03
1.250561908818781376e-03
1.084563205949962139e-03
5.044222343713045120e-03
8.662170730531215668e-04
8.837209315970540047e-04
3.609796054661273956e-03
2.671272959560155869e-04
9.702861309051513672e-01
4.399001598358154297e-02
3.297902047634124756e-01
1.363652106374502182e-02
2.979272103402763605e-04
6.004350725561380386e-04
4.443139303475618362e-03
7.136766216717660427e-04
1.998869003728032112e-03
8.274083137512207031e-01
9.827601909637451172e-01
3.913554921746253967e-02
4.508944111876189709e-04
5.446921661496162415e-02
4.051613509654998779e-01
4.633002448827028275e-03
2.357581106480211020e-04
3.697926644235849380e-03
2.039375901222229004e-02
4.462718032300472260e-03
2.409797016298398376e-04
5.565024614334106445e-01
2.150817513465881348e-01
9.469070471823215485e-03
1.735949772410094738e-03
5.297295283526182175e-03
1.656329608522355556e-03
9.103182703256607056e-03
2.232304686913266778e-04
9.715842083096504211e-03
3.105788305401802063e-02
1.225328189320862293e-03
2.533458638936281204e-03
2.336927354335784912e-01
3.702468872070312500e-01
9.392287731170654297e-01
8.431698195636272430e-03
3.642555093392729759e-03
1.366335782222449780e-03
1.738917641341686249e-02
4.560834467411041260e-01
3.243360202759504318e-03
2.069389884127303958e-04
2.605116227641701698e-03
3.900363575667142868e-03
5.521470448002219200e-04
2.861291868612170219e-03
1.365576870739459991e-02
2.465128491166979074e-04
6.752786040306091309e-02
1.098351669497787952e-03
9.986953227780759335e-05
2.556861436460167170e-04
3.937818109989166260e-04
5.857082828879356384e-02
1.691375374794006348e-01
9.994357228279113770e-01
1.563708670437335968e-02
4.554511397145688534e-04
7.963393628597259521e-02
7.224992732517421246e-04
5.133623490110039711e-04
3.392578219063580036e-04
1.788038061931729317e-04
2.719582698773592710e-04
3.258392680436372757e-03
5.721687921322882175e-04
1.529167871922254562e-02
8.676673314766958356e-05
5.431506410241127014e-02
4.666754975914955139e-03
1.544909027870744467e-04
4.717377305496484041e-04
9.189322590827941895e-04
7.524312823079526424e-04
1.633624779060482979e-03
1.003064960241317749e-02
2.554276725277304649e-03
1.223243656568229198e-03
8.645427227020263672e-01
5.954525433480739594e-03
8.177425265312194824e-01
1.789667003322392702e-04
1.204533618874847889e-03
2.352418005466461182e-01
2.686331572476774454e-04
2.690799068659543991e-03
1.054217144846916199e-01
9.866402745246887207e-01
1.066014301613904536e-04
4.541668575257062912e-03
1.260520610958337784e-02
2.920471690595149994e-02
2.332488447427749634e-02
6.899514235556125641e-03
9.283123654313385487e-04
1.146454829722642899e-03
2.531252393964678049e-04
7.905578240752220154e-03
5.009390879422426224e-03
1.050846651196479797e-03
3.407245036214590073e-03
3.134156344458460808e-03
1.406817114911973476e-03
1.773324795067310333e-03
1.920571550726890564e-03
9.534209966659545898e-01
9.450234174728393555e-01
1.267657056450843811e-02
1.425906200893223286e-03
6.802462935447692871e-01
5.661054514348506927e-03
2.955348230898380280e-02
1.037624292075634003e-02
4.255238175392150879e-02
2.998806885443627834e-04
2.427411451935768127e-02
7.384127238765358925e-04
2.989064715802669525e-02
6.579120177775621414e-03
8.779671043157577515e-04
8.617250132374465466e-04
6.002445146441459656e-02
1.127235367894172668e-01
7.608566083945333958e-04
6.636577658355236053e-03
1.086121797561645508e-01
4.862877726554870605e-01
4.981054458767175674e-03
1.167440554127097130e-03
1.417947933077812195e-03
2.377269789576530457e-03
1.975190360099077225e-03
4.232577383518218994e-01
2.363422699272632599e-02
2.284195361426100135e-04
8.577927015721797943e-03
4.935715347528457642e-03
7.614015135914087296e-03
1.189628615975379944e-02
1.663837116211652756e-03
1.604193076491355896e-02
6.000775611028075218e-04
6.794739747419953346e-04
9.652061015367507935e-02
3.181973937898874283e-03
2.400049706920981407e-03
5.084610730409622192e-02
1.268504536710679531e-03
3.586372768040746450e-04
2.346276771277189255e-03
7.218312006443738937e-03
5.181432366371154785e-01
1.841194170992821455e-04
3.837041091173887253e-03
2.833673916757106781e-02
1.929291896522045135e-02
3.135147038847208023e-03
3.249462693929672241e-02
9.938040971755981445e-01
1.507403794676065445e-02
3.035301575437188148e-03
6.832475773990154266e-03
3.586733480915427208e-03
1.053432673215866089e-01
1.011797692626714706e-03
1.830426454544067383e-01
9.068091958761215210e-02
7.229083180427551270e-01
3.051299042999744415e-02
2.830303013324737549e-01
1.662430614233016968e-01
5.145501345396041870e-02
7.369762752205133438e-03
9.976945519447326660e-01
6.919961422681808472e-03
4.320651292800903320e-03
4.330352239776402712e-04
1.065832450985908508e-01
1.751214265823364258e-03
3.704158880282193422e-04
6.061906460672616959e-04
4.333924152888357639e-04
3.504144260659813881e-03
1.032202783972024918e-02
4.959595971740782261e-04
1.163599197752773762e-03
3.174542635679244995e-02
6.426235660910606384e-03
9.577369093894958496e-01
4.394148127175867558e-04
6.911370158195495605e-01
7.205368601717054844e-04
9.352104365825653076e-02
3.245722949504852295e-01
1.280775107443332672e-02
1.885532960295677185e-02
2.951538190245628357e-02
2.895676530897617340e-03
4.937263671308755875e-03
2.032917924225330353e-03
4.341856110841035843e-03
1.228834763169288635e-01
8.500936673954129219e-04
1.279684132896363735e-03
9.884043931961059570e-01
1.798435300588607788e-01
3.396547213196754456e-02
1.304206234635785222e-04
3.384577576071023941e-03
9.336918010376393795e-04
1.205737981945276260e-02
5.998914130032062531e-04
3.051056060940027237e-03
6.942058680579066277e-04
9.974189996719360352e-01
5.547125358134508133e-03
4.542964510619640350e-03
7.366532925516366959e-03
3.242634236812591553e-01
2.607613429427146912e-02
2.687779488041996956e-03
2.064139023423194885e-02
2.301253378391265869e-01
3.246552497148513794e-02
1.191330980509519577e-02
1.432463643141090870e-03
3.118053264915943146e-02
1.648508827202022076e-03
1.447867043316364288e-02
1.183031033724546432e-02
2.746821555774658918e-04
5.438583903014659882e-03
2.155741211026906967e-03
5.943343276157975197e-04
4.264243878424167633e-03
6.667555570602416992e-01
3.376546129584312439e-02
1.503753662109375000e-01
3.682682581711560488e-04
2.782643423415720463e-04
3.800607519224286079e-04
2.820652164518833160e-02
1.178891882300376892e-01
9.621844440698623657e-02
4.316757433116436005e-03
5.750783719122409821e-03
3.042471781373023987e-02
1.006218371912837029e-03
9.665354155004024506e-03
1.893213251605629921e-03
8.096356876194477081e-03
5.744788330048322678e-03
1.747978240018710494e-04
1.497108675539493561e-02
1.741411723196506500e-02
2.415831433609127998e-03
3.855676332022994757e-04
1.949110068380832672e-02
9.962152838706970215e-01
7.552789174951612949e-04
7.813093662261962891e-01
1.349724736064672470e-02
1.858899253420531750e-03
4.305090010166168213e-02
2.438250184059143066e-02
5.251492261886596680e-01
6.262722890824079514e-03
1.426052884198725224e-03
5.980979185551404953e-04
3.048281744122505188e-02
2.047756686806678772e-03
8.947493433952331543e-01
6.829351186752319336e-01
6.279955059289932251e-02
3.278269665315747261e-03
3.145574033260345459e-02
3.041209187358617783e-03
2.395420102402567863e-03
1.961693167686462402e-03
2.905349014326930046e-03
7.634948473423719406e-03
4.236675740685313940e-04
3.109657554887235165e-04
5.811288487166166306e-03
4.353992268443107605e-02
1.538097276352345943e-03
7.256787735968828201e-03
6.527506746351718903e-03
4.939471930265426636e-02
6.782594602555036545e-03
2.936012344434857368e-03
1.411192119121551514e-02
1.376100443303585052e-02
9.086076170206069946e-03
2.121805911883711815e-03
6.865805946290493011e-03
9.691479499451816082e-04
1.248998753726482391e-02
1.453527831472456455e-03
7.378459721803665161e-02
7.838007062673568726e-03
1.839874312281608582e-03
4.695146053563803434e-04
9.918973445892333984e-01
8.747748732566833496e-01
5.602922174148261547e-04
8.397989906370639801e-03
1.096178079023957253e-03
9.953971505165100098e-01
2.690340280532836914e-01
3.443290479481220245e-04
9.947171807289123535e-01
3.460001898929476738e-03
1.058416790328919888e-03
3.121285990346223116e-04
9.095805697143077850e-03
1.061903385561890900e-04
1.103997929021716118e-03
3.158656880259513855e-02
7.828380330465734005e-04
4.259411711245775223e-03
7.545822858810424805e-01
1.453970558941364288e-02
1.044991798698902130e-02
8.089391631074249744e-04
2.511308295652270317e-03
2.968993503600358963e-04
7.511831521987915039e-01
9.988210797309875488e-01
3.898802970070391893e-04
1.814771210774779320e-03
2.683162456378340721e-04
1.438034791499376297e-02
1.197358127683401108e-02
6.988993287086486816e-02
5.546371685341000557e-04
4.452567920088768005e-02
1.012743799947202206e-03
2.769886888563632965e-02
1.065281219780445099e-02
2.258872991660609841e-04
4.490390419960021973e-04
8.964519947767257690e-03
9.483091235160827637e-01
2.371158450841903687e-03
2.278637606650590897e-03
1.175768580287694931e-02
1.036659628152847290e-02
6.128043532371520996e-01
1.623783144168555737e-03
1.008201390504837036e-03
2.565188566222786903e-03
2.732619759626686573e-04
3.953670263290405273e-01
4.225036129355430603e-03
2.717164345085620880e-03
5.349831189960241318e-03
4.138720396440476179e-04
2.486837841570377350e-02
5.198476836085319519e-03
4.853107035160064697e-03
2.059305086731910706e-03
1.363211590796709061e-02
2.114207949489355087e-03
2.028553048148751259e-03
2.312670201063156128e-01
1.026491285301744938e-03
7.285699248313903809e-04
1.880268915556371212e-03
5.604478647001087666e-04
5.305701401084661484e-03
7.018717937171459198e-03
6.842636503279209137e-04
7.897149771451950073e-03
6.889425683766603470e-03
1.367170643061399460e-02
2.117825672030448914e-03
1.064824173226952553e-03
4.850229248404502869e-03
4.267755150794982910e-02
2.260596724227070808e-03
3.224080894142389297e-03
3.357165493071079254e-03
1.917638815939426422e-02
1.091178157366812229e-03
2.613242529332637787e-02
6.733255088329315186e-02
2.866619033738970757e-04
6.013631820678710938e-03
9.300386533141136169e-03
7.471617311239242554e-02
4.564619660377502441e-01
4.395411163568496704e-02
4.249296034686267376e-05
5.295435898005962372e-03
3.970314860343933105e-01
3.656514734029769897e-02
4.293105099350214005e-03
2.586612245067954063e-03
3.725276328623294830e-03
8.208037912845611572e-02
2.945746527984738350e-04
1.319845207035541534e-03
9.978777170181274414e-01
2.727968094404786825e-04
2.692858688533306122e-03
6.172400899231433868e-04
8.681955933570861816e-01
9.523721337318420410e-01
9.824423789978027344e-01
5.447846488095819950e-04
5.146828014403581619e-03
5.226583480834960938e-01
5.259538888931274414e-01
2.349921502172946930e-03
3.948687016963958740e-02
7.598703727126121521e-03
8.943076133728027344e-01
8.012486621737480164e-03
1.138671883381903172e-03
6.039150059223175049e-03
5.935746245086193085e-03
6.957580149173736572e-02
4.374973941594362259e-03
9.559586760587990284e-04
9.419257193803787231e-02
3.051734238397330046e-04
6.643834058195352554e-03
5.211857147514820099e-03
7.213067146949470043e-04
8.924747817218303680e-03
2.642537280917167664e-02
1.978636486455798149e-03
1.106758951209485531e-03
3.282970190048217773e-02
1.465325593017041683e-03
2.975035458803176880e-02
1.349375117570161819e-03
2.161230659112334251e-03
1.371458056382834911e-03
6.005226634442806244e-03
2.077919896692037582e-03
6.052999291568994522e-03
3.948658704757690430e-01
1.489590108394622803e-01
3.076662251260131598e-04
3.427327843382954597e-03
3.076251363381743431e-03
2.059481572359800339e-03
5.508809685707092285e-01
2.178681315854191780e-03
2.326656598597764969e-03
4.081806838512420654e-01
1.436546212062239647e-03
2.798536093905568123e-03
7.649557292461395264e-02
5.870489869266748428e-03
1.523073296993970871e-03
1.201656367629766464e-02
2.442555967718362808e-03
3.270547604188323021e-04
1.557140145450830460e-03
5.135490298271179199e-01
1.017623580992221832e-02
2.773518906906247139e-03
2.005567215383052826e-02
3.785554144997149706e-04
7.359701395034790039e-02
1.851152192102745175e-04
2.679040096700191498e-02
2.890243194997310638e-03
1.729613915085792542e-02
7.729449123144149780e-02
2.718147821724414825e-03
1.923727616667747498e-02
1.649307087063789368e-02
3.592871129512786865e-02
1.392272394150495529e-02
4.535027965903282166e-02
6.505708675831556320e-03
9.882616577669978142e-04
3.803260624408721924e-04
1.116956770420074463e-01
6.480044103227555752e-04
3.637965768575668335e-02
1.744732726365327835e-03
2.255653729662299156e-03
3.863085061311721802e-02
1.662967912852764130e-02
2.194824814796447754e-02
1.013574888929724693e-03
2.269340213388204575e-03
7.963671232573688030e-04
2.481775125488638878e-03
1.628757454454898834e-03
5.699961911886930466e-04
1.706459908746182919e-03
3.127825213596224785e-03
3.836512938141822815e-02
9.662372618913650513e-02
1.343194395303726196e-02
2.831605961546301842e-03
4.849731922149658203e-03
5.845287232659757137e-04
2.719735493883490562e-03
3.143236786127090454e-02
9.598397300578653812e-04
3.667949466034770012e-03
4.900293797254562378e-02
1.393380225636065006e-03
3.323583863675594330e-03
8.993321098387241364e-03
2.210534214973449707e-01
1.367260701954364777e-03
5.344158038496971130e-03
2.864369424059987068e-03
1.129509066231548786e-03
9.768948554992675781e-01
2.419959928374737501e-04
5.835195071995258331e-03
8.978645200841128826e-04
3.844906575977802277e-03
2.467431128025054932e-03
4.373947624117136002e-03
4.091760492883622646e-04
2.245991118252277374e-02
1.035942807793617249e-01
1.958946697413921356e-03
9.170458652079105377e-03
1.474633696489036083e-03
1.606656052172183990e-02
1.836332492530345917e-02
1.200767001137137413e-03
9.926651120185852051e-01
8.631049841642379761e-02
1.377410226268693805e-04
1.592040807008743286e-02
8.262995630502700806e-02
1.788308471441268921e-02
9.978475570678710938e-01
1.803578779799863696e-04
9.499281048774719238e-01
5.532475188374519348e-04
1.606848277151584625e-02
3.571990430355072021e-01
4.326030611991882324e-02
3.780159458983689547e-04
8.112168312072753906e-01
4.321145825088024139e-03
2.771033160388469696e-02
8.443370461463928223e-02
2.287684910697862506e-04
1.769383903592824936e-03
3.241025842726230621e-03
5.667112418450415134e-04
3.898933231830596924e-01
5.666142678819596767e-04
5.638353526592254639e-02
1.311129541136324406e-03
1.924344687722623348e-03
6.345066358335316181e-04
1.387747470289468765e-02
3.765923029277473688e-04
2.624751941766589880e-04
1.495610363781452179e-02
1.943697570823132992e-03
1.599835115484893322e-03
2.026409842073917389e-02
6.032750476151704788e-03
9.697173722088336945e-03
1.337913330644369125e-02
8.045639991760253906e-01
3.092077746987342834e-02
8.955988101661205292e-03
7.705296277999877930e-01
3.937523066997528076e-01
4.822030605282634497e-04
1.642714440822601318e-02
5.536025390028953552e-03
3.919194277841597795e-04
9.940330386161804199e-01
5.243613123893737793e-01
1.178980921395123005e-03
1.719286888837814331e-01
2.017359016463160515e-03
2.690769545733928680e-02
4.740320146083831787e-03
4.635676741600036621e-03
6.668120622634887695e-02
4.207913589198142290e-04
2.781592775136232376e-03
4.375287331640720367e-03
7.903146906755864620e-04
6.274672690778970718e-03
1.427656272426247597e-03
1.234964057803153992e-01
4.912341828458011150e-04
9.812186360359191895e-01
1.032177009619772434e-03
3.315401077270507812e-01
9.958181977272033691e-01
6.307749543339014053e-03
1.155165284872055054e-01
1.297910697758197784e-02
9.984511137008666992e-01
1.252347603440284729e-03
5.997042655944824219e-01
2.939369902014732361e-02
7.586767524480819702e-02
5.402983515523374081e-04
7.956584915518760681e-03
1.353514790534973145e-01
1.586363883689045906e-03
1.127743162214756012e-03
6.412315368652343750e-02
8.267085254192352295e-02
3.564747516065835953e-03
3.570226579904556274e-02
4.126710118725895882e-04
2.737160921096801758e-01
1.912597753107547760e-02
8.617618680000305176e-01
9.007314220070838928e-03
5.635439157485961914e-01
1.360892411321401596e-02
4.840151872485876083e-03
3.338909009471535683e-03
1.691708527505397797e-02
1.902580559253692627e-01
3.173105185851454735e-03
6.199583783745765686e-02
3.742479020729660988e-04
8.970474591478705406e-04
3.988175303675234318e-04
4.813716709613800049e-01
1.399393975734710693e-01
9.580439655110239983e-04
1.772392988204956055e-01
5.360805988311767578e-02
1.163811981678009033e-01
2.243304392322897911e-03
5.476296064443886280e-04
6.109410896897315979e-02
7.147497963160276413e-03
9.232717007398605347e-02
2.748910803347826004e-03
1.862639473984017968e-04
3.148968564346432686e-03
3.876069560647010803e-02
9.950625300407409668e-01
5.508855916559696198e-03
2.044821344316005707e-02
5.788090056739747524e-04
7.834761636331677437e-04
3.682120877783745527e-04
1.114603830501437187e-03
1.514167641289532185e-03
6.915470957756042480e-02
3.335781991481781006e-01
1.843821071088314056e-02
2.415281021967530251e-03
2.186340689659118652e-01
6.502406597137451172e-01
1.079334877431392670e-03
6.498001515865325928e-02
2.395383547991514206e-03
1.949648745357990265e-02
1.587670296430587769e-03
9.860876016318798065e-04
3.357545239850878716e-03
5.596344126388430595e-04
1.918954961001873016e-02
3.433865010738372803e-01
1.277109142392873764e-02
2.058514207601547241e-02
1.421506050974130630e-02
6.247544195502996445e-03
5.830289050936698914e-02
1.057478832080960274e-03
4.466901347041130066e-02
7.401290349662303925e-03
2.710545959416776896e-04
2.454527886584401131e-03
1.234850729815661907e-03
1.584185054525732994e-03
4.959542676806449890e-02
4.127784341108053923e-04
5.712468624114990234e-01
2.836517756804823875e-03
8.198227286338806152e-01
2.237020879983901978e-01
5.164608824998140335e-03
8.876723237335681915e-03
1.815090514719486237e-02
2.542161615565419197e-03
1.705932081677019596e-03
3.253762423992156982e-02
4.249911382794380188e-02
9.594996571540832520e-01
9.358193874359130859e-01
9.933075904846191406e-01
8.761231899261474609e-01
1.425673253834247589e-04
9.426063299179077148e-01
1.201798692345619202e-01
1.148622296750545502e-02
1.705084741115570068e-02
5.287656560540199280e-02
4.664564330596476793e-04
5.875409115105867386e-03
3.680945187807083130e-02
2.579483576118946075e-02
5.202018842101097107e-02
1.044123782776296139e-03
6.847616285085678101e-03
4.652398929465562105e-04
4.223752766847610474e-03
1.936899498105049133e-03
1.318344660103321075e-02
2.798365242779254913e-02
6.032696692273020744e-04
1.607725396752357483e-03
6.609394680708646774e-03
3.988205455243587494e-03
3.318190807476639748e-03
9.731956720352172852e-01
5.111640784889459610e-03
7.925617392174899578e-04
4.642674233764410019e-03
3.892690001521259546e-04
4.480782896280288696e-03
1.051800791174173355e-03
3.562260046601295471e-02
6.027438640594482422e-01
7.610929897055029869e-04
2.585072361398488283e-04
5.640854360535740852e-04
3.912497758865356445e-01
9.309049695730209351e-03
2.748552476987242699e-03
1.096936035901308060e-02
9.246154427528381348e-01
5.801874212920665741e-03
6.351322372211143374e-05
1.866390666691586375e-04
9.156556725502014160e-01
3.045669523999094963e-03
4.159726668149232864e-03
7.061046781018376350e-04
2.700229734182357788e-02
4.734733998775482178e-01
9.336979985237121582e-01
2.418127376586198807e-03
8.784624338150024414e-01
4.650186456274241209e-04
5.997245199978351593e-03
7.264536106958985329e-04
9.566878899931907654e-03
2.281965315341949463e-02
1.398448483087122440e-03
1.333422064781188965e-01
2.886980772018432617e-01
1.839435994625091553e-01
6.610847078263759613e-03
8.698032470420002937e-04
1.725069014355540276e-03
2.326770452782511711e-03
4.651147872209548950e-03
1.126510673202574253e-03
7.155532017350196838e-03
1.302326004952192307e-02
3.323975205421447754e-02
4.953811410814523697e-03
7.723254966549575329e-04
1.567984349094331264e-03
9.209724375978112221e-04
6.870347075164318085e-03
1.627910183742642403e-03
9.277477264404296875e-01
6.619639694690704346e-02
1.666521187871694565e-03
4.601096212863922119e-01
4.862890020012855530e-02
2.296229213243350387e-04
4.586874565575271845e-04
1.018350571393966675e-01
3.667658194899559021e-02
3.469218611717224121e-01
7.102806568145751953e-01
2.732176100835204124e-03
2.573002595454454422e-03
1.372659578919410706e-03
6.661453247070312500e-01
2.983058569952845573e-03
2.315370738506317139e-02
3.699070366565138102e-04
4.031348824501037598e-01
2.574125071987509727e-03
2.118397038429975510e-03
8.069028845056891441e-04
7.900030352175235748e-03
4.720213115215301514e-01
8.276337981224060059e-01
1.869181753136217594e-03
4.902514219284057617e-01
5.559083223342895508e-01
3.667226061224937439e-02
7.189725991338491440e-03
4.507230594754219055e-02
7.456060848198831081e-04
3.744998946785926819e-02
1.393299177289009094e-02
8.380550146102905273e-01
9.960176348686218262e-01
4.176536947488784790e-02
1.565723330713808537e-03
4.115384363103657961e-04
1.388240372762084007e-03
5.566373467445373535e-03
2.031087351497262716e-04
4.622518550604581833e-03
3.282582461833953857e-01
1.119972951710224152e-02
2.888870891183614731e-03
5.026431754231452942e-03
7.473998120985925198e-04
2.258650958538055420e-03
1.494915783405303955e-02
1.073138671927154064e-03
2.746637463569641113e-01
6.025071814656257629e-02
7.731100320816040039e-01
4.082222580909729004e-01
2.141866832971572876e-03
2.791254955809563398e-04
8.843679912388324738e-03
4.903385415673255920e-02
5.590163171291351318e-02
1.361676724627614021e-03
3.033322747796773911e-03
7.714399253018200397e-04
7.960673421621322632e-03
2.572339773178100586e-02
6.906362832523882389e-04
4.080463573336601257e-02
2.780635375529527664e-03
9.596461057662963867e-01
1.638488657772541046e-02
1.422331202775239944e-03
9.579176902770996094e-01
3.372990991920232773e-03
5.672240513376891613e-04
1.791902780532836914e-01
1.901793410070240498e-03
1.088689779862761497e-03
1.304672448895871639e-03
5.002305842936038971e-03
9.419850111007690430e-01
7.217168458737432957e-04
6.158958189189434052e-03
1.587362028658390045e-02
1.789573929272592068e-03
8.399492502212524414e-02
2.859818923752754927e-04
1.854599104262888432e-03
3.090878203511238098e-02
5.734411533921957016e-04
3.498947620391845703e-02
8.042989298701286316e-03
2.214715331792831421e-01
2.360069425776600838e-03
8.321722596883773804e-02
8.443965576589107513e-03
1.247836556285619736e-02
4.584160149097442627e-01
1.432269904762506485e-02
4.231017455458641052e-02
2.423455880489200354e-04
8.383216336369514465e-04
7.902803830802440643e-03
3.618886985350400209e-04
6.718907970935106277e-03
2.632968360558152199e-03
9.427353143692016602e-01
1.019757823087275028e-03
1.474518477916717529e-01
4.833284183405339718e-04
6.803316064178943634e-04
4.168272018432617188e-01
1.113369874656200409e-02
6.296074949204921722e-03
5.216883029788732529e-03
2.041495637968182564e-03
2.759115071967244148e-03
6.284624934196472168e-01
3.721850812435150146e-01
5.836469354107975960e-04
2.236268110573291779e-02
4.848798364400863647e-02
1.989672658964991570e-03
9.951932430267333984e-01
1.951941230800002813e-04
2.136492542922496796e-02
2.317405678331851959e-02
5.735794184147380292e-05
2.605140805244445801e-01
5.623606592416763306e-02
2.561405859887599945e-02
2.823647297918796539e-02
3.684914205223321915e-03
2.641197061166167259e-04
3.235721960663795471e-03
2.408266765996813774e-03
2.977077383548021317e-04
3.686834871768951416e-02
5.861248355358839035e-04
1.179178711026906967e-02
2.449430152773857117e-02
3.290600702166557312e-02
2.452738955616950989e-02
1.347699016332626343e-02
2.577933482825756073e-02
1.369416131637990475e-03
6.147068142890930176e-01
1.700490829534828663e-03
1.071853796020150185e-03
4.656128003261983395e-04
6.660429760813713074e-03
2.655545016750693321e-03
2.857131659984588623e-01
1.021847501397132874e-01
8.585511823184788227e-04
4.356015939265489578e-03
8.019277011044323444e-04
1.778908632695674896e-02
1.262323930859565735e-03
9.946801066398620605e-01
1.670859986916184425e-03
2.016496378928422928e-03
6.432276219129562378e-03
3.316375950817018747e-04
1.410680729895830154e-02
5.938733816146850586e-01
9.413904044777154922e-04
1.736258855089545250e-03
3.142677713185548782e-03
3.206481458619236946e-03
1.675429521128535271e-03
5.589915439486503601e-02
2.992635592818260193e-03
3.878425359725952148e-01
1.716218516230583191e-02
6.085044890642166138e-02
8.419806137681007385e-03
6.106665823608636856e-03
4.339074948802590370e-04
9.937501549720764160e-01
3.719036234542727470e-03
8.723272681236267090e-01
1.020708354189991951e-03
1.130322809331119061e-03
9.721178412437438965e-01
2.319968538358807564e-03
1.649338006973266602e-02
1.294298171997070312e-01
3.274837508797645569e-02
1.576856826432049274e-03
8.775791525840759277e-01
2.959991097450256348e-01
9.390988852828741074e-04
1.984266127692535520e-04
5.094807147979736328e-01
1.948681310750544071e-03
4.985333979129791260e-01
2.918293175753206015e-04
1.673023216426372528e-02
1.574216224253177643e-02
7.997059728950262070e-04
2.559485435485839844e-01
2.120193839073181152e-02
3.329203650355339050e-02
1.960130612133070827e-04
5.422187969088554382e-04
3.811058774590492249e-02
1.740330085158348083e-02
6.936299148947000504e-03
5.819504614919424057e-03
4.261055588722229004e-02
1.599311083555221558e-02
1.392681035213172436e-03
4.103577136993408203e-02
5.865989625453948975e-02
3.122789263725280762e-01
2.054521581158041954e-03
6.524430587887763977e-03
1.268409192562103271e-02
5.710266996175050735e-03
5.258903838694095612e-03
1.065599499270319939e-03
6.457786560058593750e-01
9.380762348882853985e-04
5.770800169557332993e-03
8.391048177145421505e-04
1.807537628337740898e-03
2.637396566569805145e-02
6.337960250675678253e-03
7.969964295625686646e-03
6.516314460895955563e-04
1.349491160362958908e-02
9.986801743507385254e-01
4.420807585120201111e-03
4.345465451478958130e-03
6.300560780800879002e-04
7.232418865896761417e-04
6.693285424262285233e-03
2.646855311468243599e-03
8.513416396453976631e-04
3.154173609800636768e-04
2.616821601986885071e-02
1.165223540738224983e-03
6.667666435241699219e-01
1.888165832497179508e-03
5.861808080226182938e-03
8.215936422348022461e-01
3.293262794613838196e-03
4.506852328777313232e-01
3.800916671752929688e-02
2.361410297453403473e-03
4.065470770001411438e-03
8.644417976029217243e-04
3.552791196852922440e-03
9.372296743094921112e-03
2.110104635357856750e-02
1.583515317179262638e-03
2.061484940350055695e-02
5.527235567569732666e-03
6.505666971206665039e-01
1.337418053299188614e-02
4.241206217557191849e-03
3.411204554140567780e-03
4.363504704087972641e-03
1.940784044563770294e-03
6.352722644805908203e-03
3.348727943375706673e-03
7.304814062081277370e-04
1.826880965381860733e-03
1.165559794753789902e-02
1.255488023161888123e-03
8.757131099700927734e-01
2.131755463778972626e-03
1.438457816839218140e-01
1.205612672492861748e-03
5.064892023801803589e-02
8.083160035312175751e-03
5.325957317836582661e-04
2.027023583650588989e-03
3.153958357870578766e-03
2.870880125556141138e-04
3.759806349989958107e-05
5.484298453666269779e-04
5.496862530708312988e-01
1.184888742864131927e-02
4.873502254486083984e-02
3.419865369796752930e-01
9.803355932235717773e-01
8.103645443916320801e-01
1.379838585853576660e-01
8.148475899361073971e-04
6.373834013938903809e-01
8.053767085075378418e-01
7.922153472900390625e-01
7.399776368401944637e-04
1.999587402679026127e-04
7.599882781505584717e-03
7.516796588897705078e-01
1.002347376197576523e-02
9.487532079219818115e-03
9.683222770690917969e-01
1.886179298162460327e-02
3.241073573008179665e-03
1.898743794299662113e-03
1.037424523383378983e-02
8.977026939392089844e-01
1.187184453010559082e-02
1.737393205985426903e-03
8.936421945691108704e-03
5.059165507555007935e-02
1.456287689507007599e-03
1.229422283358871937e-03
1.512811519205570221e-03
1.559154968708753586e-02
9.407659769058227539e-01
1.003584126010537148e-03
1.885323040187358856e-02
1.903332583606243134e-02
3.872680244967341423e-04
2.517737913876771927e-03
4.873282089829444885e-02
8.723700419068336487e-03
5.979227833449840546e-03
2.798382891342043877e-03
9.316657185554504395e-01
8.978446573019027710e-02
7.383475895039737225e-04
1.510246656835079193e-03
1.458519697189331055e-02
6.393617391586303711e-02
5.473637138493359089e-04
4.263977408409118652e-01
8.612705767154693604e-02
7.224772125482559204e-04
1.571904569864273071e-01
8.347927592694759369e-03
4.183005366940051317e-04
1.803955296054482460e-03
4.356154706329107285e-03
6.370473187416791916e-03
5.419555236585438251e-04
5.113042891025543213e-03
1.578960916958749294e-03
1.145576536655426025e-01
9.248555870726704597e-04
2.355880802497267723e-03
2.393623813986778259e-02
3.806204476859420538e-04
3.356417641043663025e-02
2.805439569056034088e-02
3.359076008200645447e-02
5.075651407241821289e-01
5.814893171191215515e-03
3.611525287851691246e-03
7.739777211099863052e-03
2.553224796429276466e-03
1.805373583920300007e-03
2.795607317239046097e-03
2.530281804502010345e-02
9.996052384376525879e-01
3.820432582870125771e-03
8.130629062652587891e-01
7.919163326732814312e-04
1.371604157611727715e-04
5.388008952140808105e-01
5.449902638792991638e-02
9.388740174472332001e-03
7.091934094205498695e-04
8.402727544307708740e-02
2.355343895033001900e-03
5.561262369155883789e-04
1.937254145741462708e-02
2.430556528270244598e-02
1.044404357671737671e-01
1.349442917853593826e-02
1.909540779888629913e-02
8.041530381888151169e-04
3.990234732627868652e-01
1.256989198736846447e-03
4.708743691444396973e-01
1.363969147205352783e-01
5.300971679389476776e-03
7.624018471688032150e-04
1.338345813564956188e-03
7.845752872526645660e-03
8.313913941383361816e-01
6.299017695710062981e-04
5.880091786384582520e-01
1.944927149452269077e-03
3.007828295230865479e-01
5.384909920394420624e-03
6.699240207672119141e-02
5.815615877509117126e-03
6.304447306320071220e-04
2.462407341226935387e-03
8.765655755996704102e-01
2.930892631411552429e-03
5.125710275024175644e-03
3.808144712820649147e-03
1.166555099189281464e-03
2.223833464086055756e-03
4.776966571807861328e-02
9.308028966188430786e-03
5.325464531779289246e-03
4.235287606716156006e-01
2.991844667121767998e-04
1.653923243284225464e-01
9.306406229734420776e-02
3.660526359453797340e-03
4.467809945344924927e-02
2.505228389054536819e-03
2.086241263896226883e-03
2.198659814894199371e-02
6.480614189058542252e-03
6.994022522121667862e-03
2.205059397965669632e-03
1.165447104722261429e-02
2.236567810177803040e-02
1.766550093889236450e-01
9.238335303962230682e-03
9.446213371120393276e-04
2.573584616184234619e-01
3.656823933124542236e-01
1.162593904882669449e-02
1.015452370047569275e-01
7.391995750367641449e-03
8.575620502233505249e-02
5.179496365599334240e-04
5.104748997837305069e-04
1.021972764283418655e-02
2.637719444464892149e-04
3.237498402595520020e-01
3.820271790027618408e-01
6.292626727372407913e-03
4.245480597019195557e-01
2.468747319653630257e-03
6.271527963690459728e-04
3.733340650796890259e-02
4.198710620403289795e-02
8.862611721269786358e-04
5.370290949940681458e-03
6.704085469245910645e-01
1.517982163932174444e-04
1.163508277386426926e-03
4.802486672997474670e-02
7.277003675699234009e-02
6.938351392745971680e-01
1.265057944692671299e-03
8.792672306299209595e-04
2.820649882778525352e-03
8.031471967697143555e-01
1.223646756261587143e-02
4.096493870019912720e-02
5.815119743347167969e-01
2.808556891977787018e-03
3.094230405986309052e-02
1.255736052989959717e-01
8.047860115766525269e-03
6.106163263320922852e-01
3.027262573596090078e-04
1.954626664519309998e-02
1.808400824666023254e-02
6.715088384225964546e-04
7.920177578926086426e-01
2.281684875488281250e-01
5.055441521108150482e-03
1.553318812511861324e-03
9.076101779937744141e-01
1.882105693221092224e-02
2.317351987585425377e-03
4.681198298931121826e-01
9.994164705276489258e-01
7.313709356822073460e-04
1.252575591206550598e-02
2.288555912673473358e-02
5.154930800199508667e-02
7.845732616260647774e-04
9.554227590560913086e-01
2.278415486216545105e-03
1.244999933987855911e-02
8.921234868466854095e-03
2.096888981759548187e-02
8.307744860649108887e-01
4.259130451828241348e-03
8.467894047498703003e-03
4.019842599518597126e-04
1.325248628854751587e-01
8.144796011038124561e-04
7.321624434553086758e-04
4.009046126157045364e-03
5.620300304144620895e-03
3.739422187209129333e-03
4.358539823442697525e-03
5.719888806343078613e-01
9.283716231584548950e-02
5.900078453123569489e-03
9.785765781998634338e-03
2.795532054733484983e-04
2.385438978672027588e-01
9.712381362915039062e-01
3.102097809314727783e-01
3.713075420819222927e-04
6.825166754424571991e-03
6.171928718686103821e-02
5.118322372436523438e-01
4.127733118366450071e-04
9.671673774719238281e-01
2.391387149691581726e-02
9.959140419960021973e-01
2.164816251024603844e-03
5.884860157966613770e-01
2.703282516449689865e-03
3.370089456439018250e-03
1.268626004457473755e-02
2.245974987745285034e-01
4.449296277016401291e-03
2.397665381431579590e-02
1.023980090394616127e-03
4.793481528759002686e-02
4.853630363941192627e-01
6.589212571270763874e-04
9.871226549148559570e-01
5.540464073419570923e-03
5.014239577576518059e-04
2.490287646651268005e-03
1.665384508669376373e-02
2.685066759586334229e-01
4.074241034686565399e-03
7.209005416370928288e-04
4.231350123882293701e-02
9.041828513145446777e-01
7.678724527359008789e-01
3.811851376667618752e-03
4.664673283696174622e-02
3.270822577178478241e-03
3.366560935974121094e-01
2.161705633625388145e-03
4.534394480288028717e-03
2.251465630251914263e-04
5.506077315658330917e-03
2.864923560991883278e-03
9.550619288347661495e-04
2.304658060893416405e-03
1.340718707069754601e-03
1.036785356700420380e-02
4.673446528613567352e-03
7.222053245641291142e-04
4.530354053713381290e-04
8.750031702220439911e-04
3.604468703269958496e-01
1.214465778321027756e-02
6.446047220379114151e-03
1.010343618690967560e-02
5.230982787907123566e-03
2.425580169074237347e-04
9.710893034934997559e-03
7.536482810974121094e-02
2.201129682362079620e-03
9.078866839408874512e-01
2.314488665433600545e-04
7.860331796109676361e-03
5.827336106449365616e-03
4.837465006858110428e-03
3.771685878746211529e-04
1.848309934139251709e-01
4.887136816978454590e-01
1.052182074636220932e-02
8.376963087357580662e-04
7.770604570396244526e-04
9.521728754043579102e-01
1.245212042704224586e-03
9.680926450528204441e-04
4.968319088220596313e-02
7.465553004294633865e-03
8.057310432195663452e-02
5.818064790219068527e-03
4.726133483927696943e-04
2.302995417267084122e-03
8.859462104737758636e-04
6.631936430931091309e-01
5.605263635516166687e-03
1.876263297162950039e-03
1.848446875810623169e-01
2.528608602005988359e-04
5.661035422235727310e-03
1.162881730124354362e-03
1.230516470968723297e-03
4.162516910582780838e-03
4.814509749412536621e-01
9.760273694992065430e-01
7.956905174069106579e-04
1.488131843507289886e-02
9.094367851503193378e-04
3.866460872814059258e-03
9.499457478523254395e-01
4.439371638000011444e-03
7.096052169799804688e-03
1.174340583384037018e-02
1.222144626080989838e-02
1.201343350112438202e-02
8.253935957327485085e-04
5.995704233646392822e-02
1.482532592490315437e-03
7.923001539893448353e-04
1.714163227006793022e-03
2.286804374307394028e-03
9.064194164238870144e-04
2.745648671407252550e-04
1.899699098430573940e-03
2.093404997140169144e-03
4.264865219593048096e-01
3.022089076694101095e-04
5.401541013270616531e-03
8.115396648645401001e-02
2.703948703128844500e-04
3.168867260683327913e-04
3.629120811820030212e-02
1.293371468782424927e-01
6.872478406876325607e-03
1.822930760681629181e-03
1.401117257773876190e-02
9.866838809102773666e-04
1.366986543871462345e-03
4.440008196979761124e-03
9.306786232627928257e-04
5.968905752524733543e-04
3.357950598001480103e-03
2.814426785334944725e-03
9.967222809791564941e-01
1.949375309050083160e-02
3.446464193984866142e-03
4.078475176356732845e-04
7.076739519834518433e-02
4.135175049304962158e-02
2.664291486144065857e-02
2.094572875648736954e-03
2.250338438898324966e-03
5.418407730758190155e-03
5.457211751490831375e-03
4.163355100899934769e-03
3.824390005320310593e-04
9.252273477613925934e-03
9.320033788681030273e-01
1.221167389303445816e-03
5.157966911792755127e-02
1.282042823731899261e-03
1.606045663356781006e-02
1.912171952426433563e-02
5.221604369580745697e-03
3.136518644168972969e-03
7.615722133778035641e-04
3.735489249229431152e-01
1.382782757282257080e-01
1.835847496986389160e-01
1.553919515572488308e-03
3.249368863180279732e-03
6.364309694617986679e-03
2.813862636685371399e-02
1.752601005136966705e-03
1.189526636153459549e-02
7.523968815803527832e-04
1.181163825094699860e-03
2.517055487260222435e-03
1.607136800885200500e-03
3.758545964956283569e-03
5.401220638304948807e-03
9.766672849655151367e-01
9.982349872589111328e-01
9.966291785240173340e-01
1.125986129045486450e-02
7.867708802223205566e-03
1.892165541648864746e-01
2.659744024276733398e-01
9.294832707382738590e-04
9.613119065761566162e-03
3.053967356681823730e-01
2.112287329509854317e-03
4.147808998823165894e-02
7.049234118312597275e-04
6.489296443760395050e-03
2.824321091175079346e-01
2.652295166626572609e-03
4.633184988051652908e-03
1.703092129901051521e-03
1.640099287033081055e-02
1.179491868242621422e-03
1.497707562521100044e-03
1.086109317839145660e-03
1.270381920039653778e-02
3.468646609690040350e-04
3.643109230324625969e-03
1.164096221327781677e-02
9.997565150260925293e-01
2.022520871832966805e-03
1.026040990836918354e-03
5.199199914932250977e-02
5.942091811448335648e-03
1.102889794856309891e-02
2.393635222688317299e-03
1.443337742239236832e-02
9.448175551369786263e-04
1.251592766493558884e-03
4.212928470224142075e-03
2.281022816896438599e-02
9.698778986930847168e-01
4.903824883513152599e-04
2.891054153442382812e-01
8.425764390267431736e-04
1.792465685866773129e-03
9.809784889221191406e-01
1.096324762329459190e-03
9.228908456861972809e-03
8.304695487022399902e-01
5.002612620592117310e-02
4.930726718157529831e-04
1.857543975347653031e-04
3.943169414997100830e-01
3.864491591230034828e-04
2.475308813154697418e-02
4.166691098362207413e-03
4.707221873104572296e-03
2.627504523843526840e-03
9.441336616873741150e-03
4.803867777809500694e-04
4.784667864441871643e-03
3.989124204963445663e-03
1.455128379166126251e-02
6.369816401274874806e-05
4.079427744727581739e-04
1.409285818226635456e-03
1.100919768214225769e-02
3.822024911642074585e-03
1.336211804300546646e-03
8.497064560651779175e-02
6.446681800298392773e-04
6.110554933547973633e-01
6.080831289291381836e-01
5.056384834460914135e-04
3.953252453356981277e-04
1.056013046763837337e-03
6.451119406847283244e-05
1.115533187985420227e-01
3.525711223483085632e-02
2.142686396837234497e-03
2.696650475263595581e-02
3.454320132732391357e-01
6.539374007843434811e-04
5.818556528538465500e-04
1.868955674581229687e-03
4.299959633499383926e-03
3.540863096714019775e-02
9.575979709625244141e-01
1.928789354860782623e-02
2.089379914104938507e-02
2.067569643259048462e-03
1.114280521869659424e-02
1.724310964345932007e-02
1.538994605652987957e-03
8.887676522135734558e-04
1.715600141324102879e-03
1.538571901619434357e-03
2.455092966556549072e-02
2.414214686723425984e-04
1.020640358328819275e-01
1.104515325278043747e-02
3.926906734704971313e-02
1.398544665426015854e-02
1.896628923714160919e-02
8.126164078712463379e-01
3.613392263650894165e-02
1.324547338299453259e-03
1.956694573163986206e-02
5.895298672839999199e-04
6.162349507212638855e-02
1.622434407472610474e-01
9.956116080284118652e-01
9.946157336235046387e-01
1.080386224202811718e-03
1.357285655103623867e-03
3.448570892214775085e-02
6.715087220072746277e-03
7.631641030311584473e-01
1.549146836623549461e-03
1.481122057884931564e-02
6.956179160624742508e-03
4.339564591646194458e-03
8.471943438053131104e-04
4.620506893843412399e-03
1.178674325346946716e-01
1.039730967022478580e-03
9.821052663028240204e-04
8.473032154142856598e-03
7.207158207893371582e-01
3.846550360321998596e-03
1.091872248798608780e-02
9.105476550757884979e-03
1.054050168022513390e-03
1.191786141134798527e-03
5.395116209983825684e-01
3.122309863101691008e-04
4.063111846335232258e-04
4.370860115159302950e-04
1.437231083400547504e-03
1.069650534191168845e-04
5.507334135472774506e-04
3.677258791867643595e-04
9.988521337509155273e-01
1.836571656167507172e-02
3.275064518675208092e-03
1.079356996342539787e-03
2.540557458996772766e-02
1.445258501917123795e-02
3.426955081522464752e-03
8.364472887478768826e-04
4.040186759084463120e-04
1.047991972882300615e-04
6.312850862741470337e-02
2.108955988660454750e-03
7.049462199211120605e-01
5.299443006515502930e-02
9.135602973401546478e-03
8.659949153661727905e-02
2.137299597961828113e-04
1.991976052522659302e-02
5.931213381700217724e-04
1.153473858721554279e-03
4.625994188245385885e-04
1.468007219955325127e-03
1.132028526626527309e-03
3.953250416088849306e-04
1.567171537317335606e-03
1.487865392118692398e-02
1.560483872890472412e-02
4.948800429701805115e-03
2.150619029998779297e-02
2.036014199256896973e-01
2.616204787045717239e-03
5.230049602687358856e-03
2.768693491816520691e-03
2.775017730891704559e-02
5.909306462854146957e-03
5.468532443046569824e-03
2.845762646757066250e-04
4.870483875274658203e-01
3.893446410074830055e-03
4.782316391356289387e-04
1.872203545644879341e-03
4.108487162739038467e-03
2.225667834281921387e-01
1.371249463409185410e-02
2.209886675700545311e-03
1.129477173089981079e-01
4.777042567729949951e-02
7.153183105401694775e-04
8.889413475990295410e-01
9.655056637711822987e-04
5.175174474716186523e-01
3.363120928406715393e-02
5.959345144219696522e-04
9.702605605125427246e-01
1.463753171265125275e-03
8.254763670265674591e-03
1.960825175046920776e-03
8.669090457260608673e-03
6.275934865698218346e-04
3.593486547470092773e-02
3.989816829562187195e-02
5.601039738394320011e-04
2.123555168509483337e-02
4.677189886569976807e-02
3.490042090415954590e-01
2.550561679527163506e-03
2.484299009665846825e-03
9.263563901185989380e-02
6.560932379215955734e-03
2.680345671251416206e-03
1.649427786469459534e-02
1.671409048140048981e-02
4.394696280360221863e-02
2.680195262655615807e-03
1.635518968105316162e-01
2.150020934641361237e-02
3.425216302275657654e-02
1.893419027328491211e-02
4.500513896346092224e-02
3.682249039411544800e-02
7.906879764050245285e-04
1.692847721278667450e-02
9.114580750465393066e-01
6.482917233370244503e-04
1.616300083696842194e-02
2.801745757460594177e-02
4.087282344698905945e-02
1.063045337796211243e-01
1.316762762144207954e-03
1.254884293302893639e-03
3.591591957956552505e-03
6.059494917280972004e-04
2.134252935647964478e-01
5.213837698101997375e-02
1.082888571545481682e-03
4.147681221365928650e-02
1.025142706930637360e-02
4.586000926792621613e-03
7.798391743563115597e-05
2.686330582946538925e-03
2.999776974320411682e-02
6.772751212120056152e-01
9.354773646919056773e-05
1.229780819267034531e-02
4.680199199356138706e-04
1.260219840332865715e-03
2.170769730582833290e-03
2.158030271530151367e-01
1.875716843642294407e-03
8.735143542289733887e-01
3.048527799546718597e-02
1.239717099815607071e-02
7.469701170921325684e-01
5.324027501046657562e-03
5.120655405335128307e-04
2.800723596010357141e-04
9.980103373527526855e-01
5.710924975574016571e-03
2.611266216263175011e-03
2.247353084385395050e-03
4.874413833022117615e-03
4.890795797109603882e-03
2.823948860168457031e-01
6.155946757644414902e-03
5.431640893220901489e-04
7.047674655914306641e-01
6.606800016015768051e-03
7.801333814859390259e-02
9.979427456855773926e-01
1.698459535837173462e-01
8.927996270358562469e-03
5.828195251524448395e-03
1.234321098309010267e-04
1.330666593275964260e-03
4.311661235988140106e-03
9.510149359703063965e-01
6.556172738783061504e-04
2.160460455343127251e-03
9.255725145339965820e-02
3.509563393890857697e-03
2.806643722578883171e-03
2.022151369601488113e-03
1.328203361481428146e-02
9.553190469741821289e-01
1.495220232754945755e-03
3.266256451606750488e-01
2.634197771549224854e-01
3.428834606893360615e-04
1.884722732938826084e-04
1.825045474106445909e-04
7.095983601175248623e-04
2.859903872013092041e-01
2.133157802745699883e-03
3.688253345899283886e-04
5.253168637864291668e-04
2.419256605207920074e-02
4.277105908840894699e-03
6.591747514903545380e-04
2.207281533628702164e-03
6.633815169334411621e-01
1.314519788138568401e-03
3.713208483532071114e-03
6.108128279447555542e-02
9.980870485305786133e-01
7.492718100547790527e-02
4.691401845775544643e-04
5.369164864532649517e-04
2.643509069457650185e-03
2.902574196923524141e-04
2.192508578300476074e-01
2.021523192524909973e-03
2.900986000895500183e-04
2.092400973197072744e-04
1.778293028473854065e-02
2.585960365831851959e-02
1.711550168693065643e-03
1.244737184606492519e-03
9.569821850163862109e-05
2.340160310268402100e-01
3.529417735990136862e-04
1.046029198914766312e-02
9.303656220436096191e-02
1.425863895565271378e-02
1.465446036309003830e-02
6.120944861322641373e-03
1.099294866435229778e-03
4.957079887390136719e-03
7.379019260406494141e-01
6.174624897539615631e-03
5.042040138505399227e-04
8.774992311373353004e-04
1.206000335514545441e-03
9.108233498409390450e-04
4.631384909152984619e-01
6.992680951952934265e-03
3.298928495496511459e-04
4.896236932836472988e-04
9.245688915252685547e-01
1.728010736405849457e-02
3.443856840021908283e-04
5.617175251245498657e-03
9.902793914079666138e-03
9.363628923892974854e-02
6.850877404212951660e-02
9.853954911231994629e-01
9.001484140753746033e-03
9.118909016251564026e-03
7.616524100303649902e-01
2.023438457399606705e-03
1.040912815369665623e-03
5.636667367070913315e-03
1.255378406494855881e-02
5.678956513293087482e-04
1.793857663869857788e-03
1.090887468308210373e-02
2.411689842119812965e-03
8.067329227924346924e-02
1.004008692689239979e-03
1.671510003507137299e-02
1.022795622702687979e-04
2.799129579216241837e-03
1.674346742220222950e-03
1.781342201866209507e-03
2.078751567751169205e-03
4.938857555389404297e-01
5.028998851776123047e-01
9.510882664471864700e-04
6.743305828422307968e-03
3.234608448110520840e-04
3.503476735204458237e-03
5.505545139312744141e-01
3.421043977141380310e-03
1.246190965175628662e-01
3.590674168663099408e-05
1.891243755817413330e-01
1.471771597862243652e-01
1.716023078188300133e-03
9.855936281383037567e-03
7.124333828687667847e-02
7.482995744794607162e-03
3.159016137942671776e-03
9.596844911575317383e-01
1.666936906985938549e-03
4.554809536784887314e-03
5.139664746820926666e-03
9.486010670661926270e-01
1.774616772308945656e-03
2.473007654771208763e-03
3.582806966733187437e-04
4.135652184486389160e-01
5.057637766003608704e-02
1.059920643456280231e-03
3.011359833180904388e-03
7.201723637990653515e-04
1.299393479712307453e-03
4.348678514361381531e-03
3.821882419288158417e-04
1.764047308824956417e-03
7.191484328359365463e-04
1.314905881881713867e-01
6.716125062666833401e-04
4.493249114602804184e-03
5.780322942882776260e-03
2.694730064831674099e-04
8.172974921762943268e-04
3.219984006136655807e-03
2.432859390974044800e-01
4.860884975641965866e-03
1.421735994517803192e-02
5.117895603179931641e-01
7.720707654953002930e-01
2.029489353299140930e-02
5.391671136021614075e-02
5.354939699172973633e-01
2.553175727371126413e-04
1.387614160776138306e-01
3.511236282065510750e-04
9.975236058235168457e-01
3.439798252657055855e-03
3.715151455253362656e-03
1.496595563367009163e-03
3.909555822610855103e-02
4.528400674462318420e-02
5.959489382803440094e-03
1.800936087965965271e-02
5.438956022262573242e-01
7.132938480935990810e-04
4.221925511956214905e-02
4.425680339336395264e-01
1.372649520635604858e-02
9.461436420679092407e-04
5.805337056517601013e-02
1.350456625223159790e-01
9.765360951423645020e-01
7.598429219797253609e-04
4.846603423357009888e-02
1.077594328671693802e-02
1.164904609322547913e-02
8.382971882820129395e-01
1.012378255836665630e-03
8.586047915741801262e-04
2.762729302048683167e-03
6.180810160003602505e-04
1.926841912791132927e-03
8.302744626998901367e-01
6.453419923782348633e-01
1.675624027848243713e-02
3.431623578071594238e-01
1.496576517820358276e-02
4.869291093200445175e-03
9.863744974136352539e-01
1.171564101241528988e-03
9.563603438436985016e-03
2.184413140639662743e-03
1.800557482056319714e-03
1.068457786459475756e-04
1.099766232073307037e-03
2.087956294417381287e-03
2.739967703819274902e-01
2.030349714914336801e-04
1.634369138628244400e-03
9.023588895797729492e-01
6.678396603092551231e-04
4.789415746927261353e-03
3.668599203228950500e-02
3.922759741544723511e-02
2.900555497035384178e-03
1.585942134261131287e-02
6.741097569465637207e-01
5.485315341502428055e-04
1.120617333799600601e-02
3.374400082975625992e-03
4.624955356121063232e-02
3.914670273661613464e-02
2.423435002565383911e-01
3.281219105701893568e-04
6.906476616859436035e-02
8.566752076148986816e-01
3.757061064243316650e-01
4.545002058148384094e-02
2.681997120380401611e-01
1.481089740991592407e-03
2.406938234344124794e-03
1.937150582671165466e-02
1.560825272463262081e-03
9.590240120887756348e-01
3.713363839779049158e-04
3.687917720526456833e-03
1.972784474492073059e-02
1.545014674775302410e-03
6.451540626585483551e-03
8.605848415754735470e-04
2.675132360309362411e-03
8.702963590621948242e-03
1.718845665454864502e-01
5.248957276344299316e-01
1.845627836883068085e-02
8.469062158837914467e-04
1.753150951117277145e-03
1.393062714487314224e-02
1.284819561988115311e-03
5.637814290821552277e-03
1.507429551566019654e-04
2.486024051904678345e-02
5.051907300949096680e-01
1.052170619368553162e-01
1.097775893867947161e-04
2.600017189979553223e-02
2.627735724672675133e-03
2.140908036381006241e-03
2.442335039377212524e-01
2.363999374210834503e-02
7.163686095736920834e-04
1.146103255450725555e-03
5.071258544921875000e-01
1.286005834117531776e-03
3.660741960629820824e-03
3.290821239352226257e-02
8.904561982490122318e-04
7.554452400654554367e-03
1.754687912762165070e-02
6.465235725045204163e-03
9.746991395950317383e-01
4.890657030045986176e-03
1.158285327255725861e-02
6.273539620451629162e-04
9.905015118420124054e-03
1.206792076118290424e-03
1.004076679237186909e-03
4.166726954281330109e-03
1.047361642122268677e-03
1.948642171919345856e-02
1.629619160667061806e-03
8.841584203764796257e-04
2.222697250545024872e-03
5.556226242333650589e-03
3.750797477550804615e-04
2.792868996039032936e-03
4.691534116864204407e-02
2.315673744305968285e-03
2.512054145336151123e-02
6.963066458702087402e-01
9.894607663154602051e-01
5.710613448172807693e-03
1.286337268538773060e-03
1.371887163259088993e-03
2.349905520677566528e-01
1.673862105235457420e-03
9.962588548660278320e-01
1.973517937585711479e-03
3.144305199384689331e-02
5.680207163095474243e-02
1.138004101812839508e-02
8.041981607675552368e-03
2.953546047210693359e-01
7.648681756108999252e-03
5.155055783689022064e-03
5.622266326099634171e-04
2.285141870379447937e-02
9.442326263524591923e-04
6.873436570167541504e-01
5.002866983413696289e-01
7.494871388189494610e-04
9.188344329595565796e-02
1.172748394310474396e-02
3.553998249117285013e-04
1.289504207670688629e-02
1.666800864040851593e-02
6.103735649958252907e-04
2.762442529201507568e-01
2.810798585414886475e-03
3.803682746365666389e-03
1.074657891876995564e-03
4.711763467639684677e-03
4.943660926073789597e-03
5.742523353546857834e-03
8.909786939620971680e-01
1.862155832350254059e-02
6.796926725655794144e-03
2.666974905878305435e-04
8.139878511428833008e-03
4.166366707067936659e-04
3.668301105499267578e-01
6.567707750946283340e-04
1.641196082346141338e-03
2.337748557329177856e-02
9.023554739542305470e-04
1.188719831407070160e-02
2.297378377988934517e-03
4.308180068619549274e-04
5.000991281121969223e-03
6.877211853861808777e-03
5.687670316547155380e-03
1.359968562610447407e-03
1.834245864301919937e-03
6.161738932132720947e-02
8.037003688514232635e-03
3.298496827483177185e-02
3.019272582605481148e-03
8.090859279036521912e-03
2.125642262399196625e-02
4.676878452301025391e-02
3.312888443470001221e-01
2.929549955297261477e-04
1.407638483215123415e-04
3.644295211415737867e-04
2.899341052398085594e-04
7.446012645959854126e-02
1.146317087113857269e-02
2.631928946357220411e-04
5.242734681814908981e-03
1.815172145143151283e-03
4.851145204156637192e-03
3.352622967213392258e-03
4.073427990078926086e-04
2.249189652502536774e-03
1.822269149124622345e-02
7.254729280248284340e-04
9.786935895681381226e-02
1.726479240460321307e-04
5.531654227524995804e-03
1.091847778297960758e-03
1.247031763195991516e-01
3.805406764149665833e-02
3.915218985639512539e-04
1.989610120654106140e-02
3.085737815126776695e-03
9.155644103884696960e-03
9.213646990247070789e-04
4.954851791262626648e-02
1.917327637784183025e-03
4.170650616288185120e-03
5.307218991219997406e-03
3.125970542896538973e-04
6.053451821208000183e-02
2.294226316735148430e-03
1.510213711299002171e-03
1.346902363002300262e-02
4.052205011248588562e-03
4.307639901526272297e-04
2.603390312287956476e-04
7.573595270514488220e-03
1.521106902509927750e-02
8.549984693527221680e-01
6.462393794208765030e-03
4.838621020317077637e-01
9.986556768417358398e-01
2.019952237606048584e-01
9.405082673765718937e-04
4.080013372004032135e-03
1.129374839365482330e-02
1.243168371729552746e-03
9.988077878952026367e-01
2.387519776821136475e-01
1.755854347720742226e-03
1.240465673618018627e-03
7.509595751762390137e-01
9.966242359951138496e-04
1.283541470766067505e-01
3.925133496522903442e-04
1.921750232577323914e-02
9.562872052192687988e-01
8.810447528958320618e-03
3.346896730363368988e-03
1.531203370541334152e-02
7.646966259926557541e-03
1.828842610120773315e-02
7.799978852272033691e-01
1.034343964420258999e-03
8.466382860206067562e-04
2.595698460936546326e-03
6.412644684314727783e-02
2.691467292606830597e-03
3.201700001955032349e-02
3.917946596629917622e-04
4.453137225937098265e-04
7.585412263870239258e-01
1.316029019653797150e-02
5.679168738424777985e-03
1.635761186480522156e-02
2.189265796914696693e-03
4.889529198408126831e-03
2.107165195047855377e-02
3.141730790957808495e-03
9.844627380371093750e-01
2.999596297740936279e-03
8.016974478960037231e-02
4.469721112400293350e-03
2.165685780346393585e-02
1.033759908750653267e-03
4.943987727165222168e-02
4.688192158937454224e-02
1.209621950984001160e-01
2.096784592140465975e-04
2.185414079576730728e-03
4.290178185328841209e-04
7.251307833939790726e-04
9.995610117912292480e-01
4.402561578899621964e-03
3.550944104790687561e-02
5.185250774957239628e-04
1.361691043712198734e-03
2.901871455833315849e-03
9.029068946838378906e-01
3.724094852805137634e-02
1.259413510560989380e-01
1.077441032975912094e-03
3.834770526736974716e-03
9.382569231092929840e-03
2.021523192524909973e-03
2.305826544761657715e-01
5.203017499297857285e-04
4.229490458965301514e-02
1.358115230686962605e-03
5.941246151924133301e-01
6.649204879067838192e-04
6.165225058794021606e-04
1.505668740719556808e-02
3.108509117737412453e-03
1.618723967112600803e-03
2.567497780546545982e-03
1.579091069288551807e-03
1.856270246207714081e-02
3.712246119976043701e-01
9.224218665622174740e-04
1.151278242468833923e-02
2.195393443107604980e-01
2.373011317104101181e-03
2.678117249161005020e-03
7.383984513580799103e-03
3.572349960450083017e-04
9.344385005533695221e-03
8.342261426150798798e-04
4.542468786239624023e-01
8.232924155890941620e-03
8.137764409184455872e-03
4.412605166435241699e-01
4.544060826301574707e-01
2.117576776072382927e-03
2.476375550031661987e-03
5.481135845184326172e-01
1.769632450304925442e-03
1.778380363248288631e-03
1.072087697684764862e-02
2.684724517166614532e-02
4.603725974448025227e-04
1.189006492495536804e-03
4.233136773109436035e-03
3.957683742046356201e-01
3.051353096961975098e-01
6.797916293144226074e-01
5.754432640969753265e-03
2.510127425193786621e-02
3.883311001118272543e-04
2.560268342494964600e-02
1.421713037416338921e-03
1.463423599489033222e-03
2.137885801494121552e-02
3.867139166686683893e-04
8.514130604453384876e-04
3.302666544914245605e-02
1.566938823089003563e-03
4.280447901692241430e-04
3.260421752929687500e-01
8.888057470321655273e-01
3.858740965370088816e-04
1.062579904100857675e-04
1.949564553797245026e-03
3.843140555545687675e-03
1.763248257339000702e-02
1.680133631452918053e-03
4.839052632451057434e-02
2.276579663157463074e-02
3.896745387464761734e-03
4.332824610173702240e-03
8.980309357866644859e-04
2.468503080308437347e-03
5.029921885579824448e-03
3.981848247349262238e-03
4.629900678992271423e-02
6.807041168212890625e-01
3.157458826899528503e-02
9.955292344093322754e-01
5.898148939013481140e-02
8.724734652787446976e-04
1.852787286043167114e-02
9.673855453729629517e-02
3.134336555376648903e-03
1.387695665471255779e-03
1.138182240538299084e-03
6.404772284440696239e-04
1.259891549125313759e-03
4.598750092554837465e-04
3.910413943231105804e-03
1.380390138365328312e-03
7.661327123641967773e-01
9.236469049938023090e-04
3.584244847297668457e-01
2.787460982799530029e-01
7.117456197738647461e-01
7.014106027781963348e-03
5.515427328646183014e-03
1.655742875300347805e-03
6.847070995718240738e-03
3.049065358936786652e-03
2.425864804536104202e-03
9.925462603569030762e-01
3.047896176576614380e-02
6.882516201585531235e-03
1.012580748647451401e-02
7.905610837042331696e-04
1.081794151104986668e-03
3.104384755715727806e-03
2.607495151460170746e-02
7.445304072462022305e-04
5.128933116793632507e-03
1.678740256465971470e-03
2.881064545363187790e-03
1.525025727460160851e-04
5.648878868669271469e-04
4.500147327780723572e-02
9.804635308682918549e-03
4.895231686532497406e-04
6.007146835327148438e-01
2.761092036962509155e-04
3.501403033733367920e-01
1.641972106881439686e-03
8.876121044158935547e-01
5.259023164398968220e-04
1.859284006059169769e-02
3.727848874405026436e-03
2.520242892205715179e-02
3.613013308495283127e-03
7.683992851525545120e-03
8.305038791149854660e-04
7.879573106765747070e-01
1.131861281464807689e-04
4.739166796207427979e-02
2.927636206150054932e-01
2.601382136344909668e-02
1.911888597533106804e-03
1.510440837591886520e-03
8.260644972324371338e-03
5.008824635297060013e-03
9.680123329162597656e-01
1.242857705801725388e-02
4.446049570105969906e-04
1.548227202147245407e-02
3.193705901503562927e-02
4.764916084241122007e-04
9.863631799817085266e-03
1.956071006134152412e-03
1.724959001876413822e-03
7.821148028597235680e-04
1.124982628971338272e-02
7.427629898302257061e-04
4.543897812254726887e-04
8.512142896652221680e-01
1.232390291988849640e-03
5.876331124454736710e-03
1.820802572183310986e-03
1.393055468797683716e-01
3.078911453485488892e-02
1.544779092073440552e-01
4.436911083757877350e-03
1.883416203781962395e-03
6.690596928820014000e-04
5.712257232517004013e-03
1.264646183699369431e-02
4.839091598987579346e-01
4.899413324892520905e-03
5.230644717812538147e-03
3.139967331662774086e-03
3.636693954467773438e-01
4.739523574244230986e-04
1.796231255866587162e-03
1.073630712926387787e-02
8.390218950808048248e-03
1.828025653958320618e-02
3.151962067931890488e-03
3.268468426540493965e-03
2.948896493762731552e-03
4.365480272099375725e-04
4.295554012060165405e-03
1.006350666284561157e-01
1.082179136574268341e-02
1.053203479386866093e-03
8.919056272134184837e-04
7.864740490913391113e-02
2.002190612256526947e-02
9.959133267402648926e-01
8.054928854107856750e-03
1.841443241573870182e-03
1.203708536922931671e-02
1.661094021983444691e-03
1.707689370959997177e-03
8.817961812019348145e-01
9.721434861421585083e-02
7.543708682060241699e-01
3.940530121326446533e-03
1.456005498766899109e-03
2.589318668469786644e-03
4.870090484619140625e-01
1.658256649971008301e-01
6.115704178810119629e-01
1.200881451950408518e-04
1.753331348299980164e-02
6.376902014017105103e-02
1.420413143932819366e-03
5.292324814945459366e-03
3.438960062339901924e-03
6.788794994354248047e-01
5.379325593821704388e-04
2.386520951986312866e-01
2.534798718988895416e-02
2.204696414992213249e-03
9.755665659904479980e-01
3.070160164497792721e-04
1.391309662722051144e-03
6.477155257016420364e-03
1.080515887588262558e-02
3.177252947352826595e-04
3.125892835669219494e-04
4.561110690701752901e-04
2.777495421469211578e-03
4.452628493309020996e-01
3.908167127519845963e-04
7.011356204748153687e-02
8.443880942650139332e-04
1.018986701965332031e-01
4.344992048572748899e-04
1.067477092146873474e-02
3.266974911093711853e-02
9.778542444109916687e-04
9.989389777183532715e-01
6.503899395465850830e-02
1.456759287975728512e-03
9.895698167383670807e-04
8.817580342292785645e-02
1.186956942547112703e-04
1.039654714986681938e-03
3.675738116726279259e-03
1.056458335369825363e-03
2.594148681964725256e-04
5.711787343025207520e-01
6.120386719703674316e-02
5.523855332285165787e-03
8.123055100440979004e-02
2.902543637901544571e-04
1.270578149706125259e-02
3.169303527101874352e-03
4.548881202936172485e-03
3.590184077620506287e-02
1.203975640237331390e-02
1.881600916385650635e-02
5.281311459839344025e-04
1.067469478584825993e-03
7.170714437961578369e-03
1.242206199094653130e-03
9.480688459007069468e-05
3.908137732651084661e-04
1.384576607961207628e-04
1.663034199737012386e-03
6.413969211280345917e-03
9.326686859130859375e-01
9.337385296821594238e-01
3.382580354809761047e-03
9.556095115840435028e-03
2.866473048925399780e-03
4.651410505175590515e-03
8.411807939410209656e-03
1.263575628399848938e-03
1.137433350086212158e-01
3.286818973720073700e-03
2.198815345764160156e-02
9.968475205823779106e-04
9.760330915451049805e-01
7.254888769239187241e-03
7.410498801618814468e-03
1.596642541699111462e-03
1.495689712464809418e-02
1.781124388799071312e-03
6.568329036235809326e-02
1.055399887263774872e-02
1.734350924380123615e-03
6.521728038787841797e-01
1.563776098191738129e-02
8.763911901041865349e-04
5.960839800536632538e-03
2.865621354430913925e-04
2.560839056968688965e-03
2.440846292302012444e-03
3.644163080025464296e-04
4.169638827443122864e-02
6.022535637021064758e-02
9.485651254653930664e-01
9.832104444503784180e-01
6.286332849413156509e-03
1.679231645539402962e-03
3.871883091051131487e-04
2.930801920592784882e-02
1.287126448005437851e-02
7.084329612553119659e-03
3.028497099876403809e-03
4.804848507046699524e-02
4.948649439029395580e-04
4.293932288419455290e-04
1.961719430983066559e-02
2.929559443145990372e-03
2.017246792092919350e-03
1.050683087669312954e-03
1.289410050958395004e-02
4.133808314800262451e-01
1.097213923931121826e-01
2.374009462073445320e-03
4.936177283525466919e-04
6.374648958444595337e-02
3.121209796518087387e-03
3.807638539001345634e-03
9.049614667892456055e-01
2.151021733880043030e-03
1.402436173520982265e-03
9.269840270280838013e-02
3.402397502213716507e-03
1.101930625736713409e-02
5.962552502751350403e-03
1.270560780540108681e-03
2.645721251610666513e-04
7.120542526245117188e-01
3.930237144231796265e-02
1.194825046695768833e-03
8.997561335563659668e-01
1.154230087995529175e-01
1.554839895106852055e-03
3.277876821812242270e-04
1.222690450958907604e-03
3.340497612953186035e-03
2.985493279993534088e-03
2.550116479396820068e-01
5.496442783623933792e-03
1.531640440225601196e-02
9.945119619369506836e-01
1.785458414815366268e-03
8.448243024758994579e-04
6.350808311253786087e-03
1.300993412733078003e-01
1.857203082181513309e-03
2.151751657947897911e-03
7.558908313512802124e-03
1.439764630049467087e-03
1.814219402149319649e-03
9.665357470512390137e-01
6.402511149644851685e-03
8.204282820224761963e-02
7.063721306622028351e-03
1.041280804201960564e-03
6.752540939487516880e-04
2.174201421439647675e-03
4.181630443781614304e-03
1.461316049098968506e-01
5.804774700663983822e-04
3.432212630286812782e-03
1.077869674190878868e-03
1.276208320632576942e-03
9.517216682434082031e-01
2.343995263800024986e-03
1.224290877580642700e-01
3.807908594608306885e-01
4.281806759536266327e-04
9.416034445166587830e-04
2.339773811399936676e-02
5.197161436080932617e-02
9.930126070976257324e-01
3.711418807506561279e-01
3.088238008785992861e-04
9.932178854942321777e-01
4.645218141376972198e-04
1.703272387385368347e-02
2.577768452465534210e-02
5.002281814813613892e-02
1.540014171041548252e-03
2.843547845259308815e-03
9.951362013816833496e-01
9.996978044509887695e-01
4.535819403827190399e-03
4.079898644704371691e-04
2.008497901260852814e-02
2.024535275995731354e-02
5.151635501533746719e-03
8.331199060194194317e-04
1.339208781719207764e-01
3.522804379463195801e-01
3.174318000674247742e-03
3.311021428089588881e-04
3.775326609611511230e-01
2.018439350649714470e-03
9.963646531105041504e-01
2.991784363985061646e-02
6.501380801200866699e-01
1.815939554944634438e-03
3.557970281690359116e-03
1.258337199687957764e-01
9.662551879882812500e-01
5.882167257368564606e-03
3.415158949792385101e-03
8.882131660357117653e-04
5.564436782151460648e-03
3.867451846599578857e-02
2.578122019767761230e-01
4.547316639218479395e-04
5.047764861956238747e-04
3.877305134665220976e-04
5.752198398113250732e-03
4.264251794666051865e-03
4.627696797251701355e-02
1.362573169171810150e-02
5.285579245537519455e-03
1.105656567960977554e-02
3.698759712278842926e-03
7.428856492042541504e-01
9.088545921258628368e-04
5.407498478889465332e-01
3.781002247706055641e-03
8.570136129856109619e-02
9.115009452216327190e-04
7.940184473991394043e-01
2.978797710966318846e-04
3.404761552810668945e-01
3.914384637027978897e-03
9.059154242277145386e-02
1.773166470229625702e-02
9.394427761435508728e-03
1.873720786534249783e-03
3.716374747455120087e-03
1.308873742818832397e-01
2.992154564708471298e-03
3.926760517060756683e-03
4.745597764849662781e-02
1.260815653949975967e-02
6.127556320279836655e-03
2.372297197580337524e-01
4.989454057067632675e-03
2.881706459447741508e-04
9.337036013603210449e-01
5.601918324828147888e-03
1.368051022291183472e-01
6.863924209028482437e-03
7.880851626396179199e-03
5.917777866125106812e-02
2.452243119478225708e-01
1.309139886870980263e-03
1.621424779295921326e-02
1.093136612325906754e-02
1.754846540279686451e-03
1.031619682908058167e-01
1.310022315010428429e-03
1.568757812492549419e-03
3.941497951745986938e-02
3.726509958505630493e-02
2.243190247099846601e-04
9.217531085014343262e-01
1.203921362757682800e-01
9.470706805586814880e-03
5.890819011256098747e-04
5.517079308629035950e-02
1.260940218344330788e-03
1.471015661954879761e-01
1.784036401659250259e-03
8.273714222013950348e-03
2.447869628667831421e-04
5.544937029480934143e-02
9.543088381178677082e-04
5.777384638786315918e-01
1.909298263490200043e-02
1.295214053243398666e-02
2.574056852608919144e-04
3.562353318557143211e-03
3.226885572075843811e-02
3.997184394393116236e-04
4.852142184972763062e-03
1.047434983775019646e-03
7.627037120983004570e-04
1.926552038639783859e-03
4.344349727034568787e-02
7.906082272529602051e-02
3.585726488381624222e-03
2.490651328116655350e-03
1.784235937520861626e-03
2.509574405848979950e-03
3.110829293727874756e-01
2.359080314636230469e-02
7.323148893192410469e-04
6.318030878901481628e-03
3.375004231929779053e-02
4.432331770658493042e-03
5.474482662975788116e-03
7.006464898586273193e-02
2.664462197571992874e-03
9.144703745841979980e-01
4.858443513512611389e-02
1.173318712972104549e-03
6.554360734298825264e-04
3.232376575469970703e-01
1.704355143010616302e-02
4.107365384697914124e-03
1.051782537251710892e-02
1.304414705373346806e-03
4.121162928640842438e-03
8.524160832166671753e-03
1.646383479237556458e-02
4.855818115174770355e-03
1.671814708970487118e-03
3.903653919696807861e-01
3.524146741256117821e-03
3.052371612284332514e-04
3.679540008306503296e-03
1.074924971908330917e-02
2.174263261258602142e-02
1.518443506211042404e-02
2.848358452320098877e-01
1.331456354819238186e-03
1.565633428981527686e-04
3.713150508701801300e-03
1.823471160605549812e-03
1.386536806821823120e-01
4.047275986522436142e-03
8.730237185955047607e-02
5.205438006669282913e-03
2.863523364067077637e-01
2.727439999580383301e-01
4.033265868201851845e-04
9.975804090499877930e-01
2.765961736440658569e-02
2.415198460221290588e-02
5.025614798069000244e-02
1.757663791067898273e-03
8.342235088348388672e-01
8.571980521082878113e-03
8.960189297795295715e-04
8.412519819103181362e-04
9.741113781929016113e-01
2.766408026218414307e-01
1.389560406096279621e-03
4.046207468491047621e-04
6.048902124166488647e-02
1.595780439674854279e-02
5.064920336008071899e-02
1.155932620167732239e-02
3.334688767790794373e-02
2.342858351767063141e-02
3.932253457605838776e-03
1.947675459086894989e-02
4.761769087053835392e-04
2.382643986493349075e-03
3.737949009519070387e-04
1.302822958678007126e-03
1.779946265742182732e-03
6.219827104359865189e-03
4.431327879428863525e-01
1.184604130685329437e-02
7.504455745220184326e-03
4.924651980400085449e-02
1.141200307756662369e-03
4.802412167191505432e-02
1.963365823030471802e-02
1.541037298738956451e-02
1.250878907740116119e-03
1.027341466397047043e-03
1.481214538216590881e-03
7.386806607246398926e-02
2.983163576573133469e-03
2.365448744967579842e-03
2.807826502248644829e-03
3.204894019290804863e-03
4.047401249408721924e-02
9.772651828825473785e-03
1.030165702104568481e-02
6.838428787887096405e-03
1.831462141126394272e-03
4.544005787465721369e-04
1.697105728089809418e-02
3.789885668084025383e-03
1.162201166152954102e-02
8.289740420877933502e-03
2.713685622438788414e-03
9.067145176231861115e-03
3.497635014355182648e-03
9.549447298049926758e-01
1.281249453313648701e-03
4.716797545552253723e-02
1.125018671154975891e-02
8.543101721443235874e-04
1.099811960011720657e-02
8.414902724325656891e-03
3.638298716396093369e-03
4.316970705986022949e-03
1.056418567895889282e-01
3.137107705697417259e-03
9.454421997070312500e-01
1.054905471391975880e-03
6.226512603461742401e-03
7.213784754276275635e-02
2.356920987367630005e-01
1.858651521615684032e-03
1.110818013548851013e-01
2.257628133520483971e-03
1.686382107436656952e-03
1.578713953495025635e-02
1.224798383191227913e-03
1.392656713724136353e-01
8.520374894142150879e-01
1.092837098985910416e-02
7.209754586219787598e-01
4.635444784071296453e-04
1.787261920981109142e-03
3.865377977490425110e-02
3.744832053780555725e-02
4.126383922994136810e-03
6.664761458523571491e-04
1.283419132232666016e-02
6.921979188919067383e-01
7.072609849274158478e-03
1.063145115040242672e-03
3.505840152502059937e-02
8.311532437801361084e-03
2.162343589588999748e-04
2.903454564511775970e-02
3.993448335677385330e-03
1.174978166818618774e-02
2.498197369277477264e-02
5.590314394794404507e-04
8.557509183883666992e-01
1.164757013320922852e-01
7.887287065386772156e-04
3.092273604124784470e-03
2.011010050773620605e-02
3.084078244864940643e-02
2.660333702806383371e-04
3.191351890563964844e-02
6.271073361858725548e-04
2.001330442726612091e-02
8.770303428173065186e-02
1.538226963020861149e-03
5.526087712496519089e-03
1.401741174049675465e-03
4.010232631117105484e-03
2.108713379129767418e-03
3.066217177547514439e-04
3.326265141367912292e-03
7.250041235238313675e-03
8.100405335426330566e-03
9.170831181108951569e-03
5.605041980743408203e-02
3.726780123542994261e-04
3.581366688013076782e-02
5.056864619255065918e-01
2.620762679725885391e-03
1.763813081197440624e-03
8.390368311665952206e-04
4.558870277833193541e-04
4.606439033523201942e-04
1.608064514584839344e-03
7.417931221425533295e-03
2.585474401712417603e-03
6.132701877504587173e-03
4.111099541187286377e-01
2.142073819413781166e-03
2.617601454257965088e-01
4.096318781375885010e-02
9.931996464729309082e-03
2.883329614996910095e-02
1.277936100959777832e-01
3.361039794981479645e-03
5.967734847217798233e-03
6.894105579704046249e-03
1.474214345216751099e-01
7.542381528764963150e-03
7.334066554903984070e-03
6.660559214651584625e-03
3.577529219910502434e-03
9.943108558654785156e-01
4.222860559821128845e-02
3.786945017054677010e-03
2.799379825592041016e-02
8.919381350278854370e-02
7.470791228115558624e-03
3.415580838918685913e-02
9.971605539321899414e-01
2.179543953388929367e-03
8.605774492025375366e-02
8.556894659996032715e-01
5.050755105912685394e-03
1.678670640103518963e-03
1.416559964418411255e-01
1.188413277268409729e-01
1.247312035411596298e-02
3.844918101094663143e-04
2.339356578886508942e-03
2.607257920317351818e-04
2.119057346135377884e-03
7.700341753661632538e-03
7.244096398353576660e-01
3.606530372053384781e-03
9.602655190974473953e-04
6.543771922588348389e-02
6.070259027183055878e-03
7.006730884313583374e-03
1.747890561819076538e-02
9.943675398826599121e-01
7.807310204952955246e-03
1.658798456192016602e-01
2.988475025631487370e-04
1.646832935512065887e-02
4.057008191011846066e-04
2.458515809848904610e-03
3.110822476446628571e-02
3.643630072474479675e-03
4.761153757572174072e-01
9.010511040687561035e-01
3.580303490161895752e-01
1.722106477245688438e-03
7.509355782531201839e-04
4.112654831260442734e-03
7.656268775463104248e-02
2.155313640832901001e-01
1.217663753777742386e-03
2.405554205179214478e-01
8.930734358727931976e-03
2.537703514099121094e-01
5.631842464208602905e-02
7.784999608993530273e-01
1.286293864250183105e-01
5.129006458446383476e-04
6.229144986718893051e-03
1.044862670823931694e-03
3.479460626840591431e-02
1.941051483154296875e-01
2.790177532006055117e-04
9.983726143836975098e-01
3.358258632943034172e-03
4.193325876258313656e-04
1.151145901530981064e-02
1.601581927388906479e-03
1.554088084958493710e-03
2.919540973380208015e-03
3.630361855030059814e-01
1.522153709083795547e-02
8.867309987545013428e-02
5.631015519611537457e-04
1.861556172370910645e-01
1.018167706206440926e-03
5.834759771823883057e-02
9.196270257234573364e-03
9.576723910868167877e-03
8.940789120970293880e-05
9.054857306182384491e-03
8.339239954948425293e-01
1.057977322489023209e-02
3.277889220044016838e-03
2.184835029765963554e-03
3.769009411334991455e-01
2.425124170258641243e-03
5.203319713473320007e-03
9.068386862054467201e-04
6.174818798899650574e-02
5.433665937744081020e-04
2.070157788693904877e-03
2.156895352527499199e-03
8.534497022628784180e-02
9.465610980987548828e-01
2.273196587339043617e-03
7.829057052731513977e-03
1.373164821416139603e-03
1.003899727948009968e-03
7.180645465850830078e-01
5.527915782295167446e-04
2.346237655729055405e-03
2.088083699345588684e-02
3.678792854771018028e-04
2.004592418670654297e-01
7.595388293266296387e-01
4.518340341746807098e-03
2.974254544824361801e-03
6.639867089688777924e-03
4.550201992969959974e-04
4.790613800287246704e-02
4.013929050415754318e-03
1.471036928705871105e-03
8.305125520564615726e-04
1.346639939583837986e-03
3.041288582608103752e-03
2.375569427385926247e-03
7.454867009073495865e-04
1.324605313129723072e-03
5.882787331938743591e-02
8.158902637660503387e-04
2.459402941167354584e-02
3.945080563426017761e-03
4.207909223623573780e-04
2.164629660546779633e-02
4.248896148055791855e-03
5.078976973891258240e-04
9.833046197891235352e-01
2.590341260656714439e-03
1.998561667278409004e-03
3.870247676968574524e-02
1.139746746048331261e-03
7.255973760038614273e-03
5.037291441112756729e-03
8.370309369638562202e-04
1.218338962644338608e-03
1.312306121690198779e-04
8.320186138153076172e-01
7.457872387021780014e-03
5.717543419450521469e-03
1.996706938371062279e-03
2.471098210662603378e-03
4.401562036946415901e-04
1.924062729813158512e-03
8.359402418136596680e-03
5.521891638636589050e-03
7.505754381418228149e-02
3.876138245686888695e-03
4.336945130489766598e-04
2.289178315550088882e-03
1.444792747497558594e-01
1.916033215820789337e-03
5.387576762586832047e-03
5.504442844539880753e-03
5.618417263031005859e-02
3.348987316712737083e-03
1.216533314436674118e-02
2.781799063086509705e-03
1.336726173758506775e-02
6.822957075200974941e-04
3.080918686464428902e-03
1.266701892018318176e-02
4.644101858139038086e-01
1.411534263752400875e-03
2.625647000968456268e-03
7.783218170516192913e-04
2.606780268251895905e-02
3.084107011090964079e-04
1.552187721244990826e-03
2.606452815234661102e-02
3.306967555545270443e-04
7.428967510350048542e-04
4.479984641075134277e-01
4.627718299161642790e-04
2.025906927883625031e-03
1.826196536421775818e-02
1.173687269329093397e-04
1.288581918925046921e-02
2.021904736757278442e-01
8.132836665026843548e-04
1.031004264950752258e-02
1.171907293610274792e-03
9.995895028114318848e-01
6.920471042394638062e-02
6.675646640360355377e-03
7.210753974504768848e-04
1.835003786254674196e-04
7.218099832534790039e-01
9.995886683464050293e-01
2.155038528144359589e-03
1.237643591593950987e-04
7.976572960615158081e-03
1.263203099370002747e-03
5.170249380171298981e-03
3.045481396839022636e-03
6.847902387380599976e-02
3.946036566048860550e-03
1.365524018183350563e-03
6.266154050827026367e-01
1.455270685255527496e-04
3.943688701838254929e-03
1.192315295338630676e-02
1.039229054003953934e-02
8.525916934013366699e-01
5.785741657018661499e-02
3.958431631326675415e-02
2.301344648003578186e-02
2.267460972070693970e-01
1.092427968978881836e-02
1.961743086576461792e-01
3.873448295053094625e-04
7.760244770906865597e-04
3.205486573278903961e-03
3.818655014038085938e-01
3.023997182026505470e-03
1.167244277894496918e-03
3.421929897740483284e-03
1.013525947928428650e-01
6.830859347246587276e-04
9.780551791191101074e-01
9.708724617958068848e-01
4.689468741416931152e-01
7.167023420333862305e-01
5.978778935968875885e-04
3.618623013608157635e-04
5.877275466918945312e-01
2.939479018095880747e-04
3.158371546305716038e-04
2.968288026750087738e-03
1.583023113198578358e-03
1.159235252998769283e-03
7.780742049217224121e-01
2.132877853000536561e-04
5.691342353820800781e-01
1.406887429766356945e-03
2.808777615427970886e-02
1.062927418388426304e-03
4.992601461708545685e-03
6.568118114955723286e-04
4.657496511936187744e-02
3.966060001403093338e-03
1.403829199261963367e-03
1.637206180021166801e-03
1.495780656114220619e-03
1.379332272335886955e-03
2.763210237026214600e-01
2.276458544656634331e-03
7.050204440020024776e-04
9.045199751853942871e-01
5.331396823748946190e-04
1.042208541184663773e-02
1.964767929166555405e-03
6.909008952789008617e-04
2.663835138082504272e-02
1.218547001481056213e-01
2.220070920884609222e-03
9.625559905543923378e-04
5.951489438302814960e-04
1.614300906658172607e-02
4.741738736629486084e-01
3.333177417516708374e-03
9.983040094375610352e-01
2.552940845489501953e-01
4.832910373806953430e-02
3.015941008925437927e-02
1.076759025454521179e-02
1.600116258487105370e-03
3.151436150074005127e-02
3.591705858707427979e-02
1.150486245751380920e-02
9.111952967941761017e-04
2.366222999989986420e-02
4.750924417749047279e-04
7.618617964908480644e-04
8.036519289016723633e-01
4.825133364647626877e-03
7.715149521827697754e-01
3.232062445022165775e-04
1.764829829335212708e-02
6.864522583782672882e-03
8.680379018187522888e-03
1.119286566972732544e-01
3.266739367973059416e-04
1.994664035737514496e-02
1.396237406879663467e-03
1.891600191593170166e-01
1.884785145521163940e-01
1.291049877181649208e-03
6.202656626701354980e-01
1.084645912051200867e-01
1.099120476283133030e-03
3.864875137805938721e-01
2.418104745447635651e-02
3.610169980674982071e-03
8.900416083633899689e-03
6.756403017789125443e-04
1.628285972401499748e-04
7.161208391189575195e-01
3.070386446779593825e-05
5.324416328221559525e-03
6.878681015223264694e-03
2.101945225149393082e-03
4.236512817442417145e-03
1.060735899955034256e-03
1.114508286118507385e-01
3.227897733449935913e-02
8.279768750071525574e-03
1.640567183494567871e-02
1.683343201875686646e-03
4.876944702118635178e-03
3.151270151138305664e-01
6.721273809671401978e-02
6.160608679056167603e-02
8.790772408246994019e-03
2.291302755475044250e-02
9.270691080018877983e-04
2.013964840443804860e-04
2.643991960212588310e-03
9.047146886587142944e-03
2.164733828976750374e-03
1.228777319192886353e-01
1.168473623692989349e-03
9.209373383782804012e-04
9.779285192489624023e-01
5.947797326371073723e-04
6.730784475803375244e-02
4.444632679224014282e-03
2.240308560431003571e-03
1.114201033487915993e-03
8.338384032249450684e-01
1.369363069534301758e-02
1.973019214347004890e-03
1.236240118741989136e-01
1.563699217513203621e-03
2.618847647681832314e-03
4.061079397797584534e-02
8.442081511020660400e-03
4.529730416834354401e-03
9.969936609268188477e-01
1.762798172421753407e-03
5.279094912111759186e-03
3.915204142685979605e-04
6.686890497803688049e-03
9.838174581527709961e-01
1.557121635414659977e-03
8.166199550032615662e-03
8.869452401995658875e-03
1.390717830508947372e-02
5.011651664972305298e-04
4.310785327106714249e-03
2.928598038852214813e-02
9.663601405918598175e-03
1.060903654433786869e-03
2.727682888507843018e-02
2.175885252654552460e-03
7.241995190270245075e-04
6.620273343287408352e-04
3.875142335891723633e-02
2.608378790318965912e-02
3.197246696799993515e-03
9.167359094135463238e-04
1.606458611786365509e-02
3.039963077753782272e-03
6.606035749427974224e-04
2.842066250741481781e-02
3.866064653266221285e-04
1.487042289227247238e-02
1.180630060844123363e-03
2.524539595469832420e-03
3.032897366210818291e-03
6.490769330412149429e-03
1.272142864763736725e-03
6.067374488338828087e-04
1.779495365917682648e-02
2.662441926077008247e-03
1.669953460805118084e-03
8.053899742662906647e-03
5.030957399867475033e-04
1.485577522544190288e-04
5.892624612897634506e-04
1.281093060970306396e-01
3.275402705185115337e-04
1.124947611242532730e-02
1.947106234729290009e-02
9.984036087989807129e-01
1.231399364769458771e-03
3.235985636711120605e-01
9.765829890966415405e-04
1.032635336741805077e-03
9.465848803520202637e-01
4.272346384823322296e-03
4.719267785549163818e-02
1.632417552173137665e-03
6.407537730410695076e-04
1.101349364034831524e-03
1.436279434710741043e-02
9.339748620986938477e-01
6.917363498359918594e-03
1.161417574621737003e-03
1.702937443042173982e-04
3.939451416954398155e-04
2.263669855892658234e-02
2.608029730618000031e-02
3.265899838879704475e-03
1.203368324786424637e-02
7.555843330919742584e-03
1.413425654172897339e-01
9.791897609829902649e-04
1.374126784503459930e-02
6.052600801922380924e-04
1.057079341262578964e-02
3.413272497709840536e-04
2.278493940830230713e-01
3.557642456144094467e-03
9.261574596166610718e-03
3.404795005917549133e-02
3.426630282774567604e-04
3.223696025088429451e-03
1.689062337391078472e-04
6.158687174320220947e-02
3.820420242846012115e-03
8.413648605346679688e-02
3.003524616360664368e-03
2.163891196250915527e-01
9.130584597587585449e-01
1.874934881925582886e-03
3.493984788656234741e-02
9.738375432789325714e-03
2.692247629165649414e-01
3.366313409060239792e-03
9.214178323745727539e-01
2.673019655048847198e-02
3.633660674095153809e-01
3.026092424988746643e-02
4.193367902189493179e-03
2.110467106103897095e-02
1.882612239569425583e-03
5.691500846296548843e-04
3.225885331630706787e-02
8.607323467731475830e-02
1.499772071838378906e-03
1.389638346154242754e-04
1.958997920155525208e-03
3.170401751995086670e-01
6.297836303710937500e-01
2.536301733925938606e-03
1.409127712249755859e-01
2.138841450214385986e-01
6.702818209305405617e-04
8.663069605827331543e-01
1.297077396884560585e-04
4.540073685348033905e-03
9.009744971990585327e-02
2.078396501019597054e-03
4.139305278658866882e-02
9.914207458496093750e-01
3.253173083066940308e-03
8.269122987985610962e-02
4.806817159987986088e-04
2.546541159972548485e-03
2.269478738307952881e-01
9.988459199666976929e-02
5.284381099045276642e-03
7.405871292576193810e-04
6.789496983401477337e-04
5.150671675801277161e-02
7.480102591216564178e-03
3.011009991168975830e-01
4.065024666488170624e-03
9.043355821631848812e-04
1.224208826897665858e-04
7.110591977834701538e-04
9.329538792371749878e-03
1.143334433436393738e-02
1.301627513021230698e-02
4.983762046322226524e-04
3.582880832254886627e-03
3.178723622113466263e-03
1.025846879929304123e-02
3.567868843674659729e-02
4.044916015118360519e-03
1.377259031869471073e-03
7.632449269294738770e-02
1.615980267524719238e-01
5.883782869204878807e-04
9.442308917641639709e-03
7.065933942794799805e-02
7.783749103546142578e-01
1.447776518762111664e-02
5.370098369894549251e-05
5.991684738546609879e-03
2.054824435617774725e-04
9.976842403411865234e-01
1.576026668772101402e-03
4.561083391308784485e-02
1.088954275473952293e-03
1.510389032773673534e-03
8.567657321691513062e-03
8.239569067955017090e-01
1.242502592504024506e-03
5.289029795676469803e-03
4.104844629764556885e-01
2.590304240584373474e-03
2.651987364515662193e-03
1.088237389922142029e-01
6.701004505157470703e-01
1.872988604009151459e-02
3.380901217460632324e-01
6.345265079289674759e-03
2.297110110521316528e-01
1.034755110740661621e-01
6.554833054542541504e-02
1.457633078098297119e-02
4.779000207781791687e-02
1.806981279514729977e-03
2.353369491174817085e-03
1.063362462446093559e-03
2.054319047601893544e-04
2.567120827734470367e-04
3.079120535403490067e-03
1.636966131627559662e-02
2.776802480220794678e-01
3.152969060465693474e-03
1.720358431339263916e-02
1.026988122612237930e-02
6.595198996365070343e-03
6.235995679162442684e-04
1.281893905252218246e-02
1.547403931617736816e-01
4.949345253407955170e-03
1.795186777599155903e-03
6.295827915892004967e-04
1.007419675588607788e-01
7.816395722329616547e-03
1.277276314795017242e-02
5.687799770385026932e-03
8.577570319175720215e-03
1.008252147585153580e-02
4.227836616337299347e-04
1.209469325840473175e-02
3.679115325212478638e-03
2.886266447603702545e-03
4.189200233668088913e-03
1.190443406812846661e-03
2.043721498921513557e-03
1.504543935880064964e-03
2.012758282944560051e-03
5.476022139191627502e-03
9.563517756760120392e-03
1.305130682885646820e-02
1.491652708500623703e-02
9.169490658678114414e-04
6.501023191958665848e-03
3.527307212352752686e-01
2.379957120865583420e-03
2.245430805487558246e-04
2.109530323650687933e-04
2.458584960550069809e-03
2.007270697504281998e-03
1.337521360255777836e-03
3.056505927816033363e-03
3.969742450863122940e-03
1.825871760956943035e-03
1.144497003406286240e-02
2.820684807375073433e-03
6.203401088714599609e-02
9.848494082689285278e-03
4.164189696311950684e-01
1.888977736234664917e-02
9.828197956085205078e-01
8.497058413922786713e-03
8.653843998908996582e-01
2.127331448718905449e-03
1.535599492490291595e-02
6.410620361566543579e-02
1.481572538614273071e-01
9.164626244455575943e-04
3.775874525308609009e-02
8.370772120542824268e-04
8.779668211936950684e-01
3.500692779198288918e-03
3.902531461790204048e-03
5.796474870294332504e-03
2.384018152952194214e-03
5.831952095031738281e-01
5.751587916165590286e-03
1.470679044723510742e-01
2.845837175846099854e-02
9.967766404151916504e-01
8.814383149147033691e-01
3.617861568927764893e-01
3.718837397173047066e-04
1.831116154789924622e-03
4.336742684245109558e-03
4.277186933904886246e-03
4.635095538105815649e-04
9.587381035089492798e-03
1.691601006314158440e-03
1.084786839783191681e-03
8.293706178665161133e-02
8.390766568481922150e-03
3.094430565834045410e-01
8.758122567087411880e-04
9.430786371231079102e-01
9.992271661758422852e-01
1.109730335883796215e-03
8.232436957769095898e-04
2.235169231425970793e-04
8.640825003385543823e-02
6.098414771258831024e-03
4.264079965651035309e-03
4.474497691262513399e-04
3.798006568104028702e-03
1.368272583931684494e-02
7.387604564428329468e-04
2.963300561532378197e-03
1.772238761186599731e-01
2.411886677145957947e-02
1.040042936801910400e-02
4.168424347881227732e-04
1.339791622012853622e-02
2.177669107913970947e-01
1.028308877721428871e-03
1.502574607729911804e-02
3.729136369656771421e-04
8.858258835971355438e-03
1.723174452781677246e-01
1.229223087430000305e-01
7.553719449788331985e-03
9.687360376119613647e-03
4.677618388086557388e-03
9.006834588944911957e-04
4.951409646309912205e-04
2.257322921650484204e-04
6.228876882232725620e-04
9.534768178127706051e-04
1.461462001316249371e-03
6.499976734630763531e-04
1.888680970296263695e-03
2.172806300222873688e-02
8.080450445413589478e-02
1.992269651964306831e-03
1.341834757477045059e-02
7.022243738174438477e-02
2.143357181921601295e-03
1.645151874981820583e-03
7.051998376846313477e-02
6.225716322660446167e-03
3.636187408119440079e-03
4.647335037589073181e-03
1.543889520689845085e-03
5.536740063689649105e-04
3.114002943038940430e-02
3.894717246294021606e-02
2.538718108553439379e-04
8.509263861924409866e-04
1.466027349233627319e-01
1.698282547295093536e-02
1.056709792464971542e-02
5.347300902940332890e-04
2.031978918239474297e-03
2.508209645748138428e-02
1.535526243969798088e-03
2.465791068971157074e-02
9.543964862823486328e-01
6.335444748401641846e-02
1.842241035774350166e-03
2.462173113599419594e-03
1.630581333301961422e-03
2.885064575821161270e-03
8.448107168078422546e-03
6.332757184281945229e-04
1.878602430224418640e-03
5.564475432038307190e-04
1.948025077581405640e-02
5.191012169234454632e-04
2.106793411076068878e-02
2.457948774099349976e-02
3.542187213897705078e-01
7.060879142954945564e-04
8.625264163129031658e-04
1.106334617361426353e-03
8.777028322219848633e-01
4.730231314897537231e-02
4.383897408843040466e-03
4.879900719970464706e-03
1.835981383919715881e-02
1.447274386882781982e-01
9.875162839889526367e-01
2.192686661146581173e-04
7.586024585179984570e-04
1.605566404759883881e-02
9.621080756187438965e-01
2.579237520694732666e-02
1.493406109511852264e-02
1.235074945725500584e-03
1.125905942171812057e-02
3.556620329618453979e-02
3.625339013524353504e-04
3.848726749420166016e-01
3.355036024004220963e-03
6.553174462169408798e-04
3.692128695547580719e-03
1.965052215382456779e-04
8.763686753809452057e-03
4.573041573166847229e-03
8.993155956268310547e-01
3.814789815805852413e-04
1.784267078619450331e-05
2.533795079216361046e-03
6.573341786861419678e-03
4.316767677664756775e-03
2.475236833561211824e-04
9.460620582103729248e-02
3.680870532989501953e-01
1.520826946943998337e-02
5.957161192782223225e-04
1.379777095280587673e-03
7.721934933215379715e-03
5.022273398935794830e-04
9.966158270835876465e-01
1.061909832060337067e-02
2.880245156120508909e-04
2.026769361691549420e-04
8.432494848966598511e-02
9.057959318161010742e-01
2.874204702675342560e-02
2.470726845785975456e-03
1.051930431276559830e-02
7.648358345031738281e-01
3.338253591209650040e-03
6.426630616188049316e-01
1.689717732369899750e-02
3.872860688716173172e-03
6.485125632025301456e-04
2.115891780704259872e-03
2.163107041269540787e-03
1.389104221016168594e-02
7.657581567764282227e-01
9.968621730804443359e-01
8.255186257883906364e-04
2.105759456753730774e-03
1.020974759012460709e-02
9.426956996321678162e-03
1.077706343494355679e-03
6.397865246981382370e-03
2.659156359732151031e-02
2.685113996267318726e-02
3.090043319389224052e-04
6.073553813621401787e-04
1.698177424259483814e-03
5.874217152595520020e-01
1.771021867170929909e-03
2.269845455884933472e-03
1.093397475779056549e-02
6.288871765136718750e-01
1.269409898668527603e-03
1.640176400542259216e-02
9.192945063114166260e-02
4.908127011731266975e-04
3.387963399291038513e-02
9.878008365631103516e-01
7.558600045740604401e-04
9.582209750078618526e-04
2.722239866852760315e-02
4.293698351830244064e-03
1.464945380575954914e-03
1.526649692095816135e-03
1.709280721843242645e-02
2.181113464757800102e-03
1.673575374297797680e-03
5.150073021650314331e-02
1.491065602749586105e-03
3.577380180358886719e-01
1.423068315489217639e-04
1.460831728763878345e-03
1.605784893035888672e-02
9.956661462783813477e-01
3.616075031459331512e-03
4.208365920931100845e-03
3.180894069373607635e-03
9.102262854576110840e-01
1.729637384414672852e-01
4.030013922601938248e-03
8.591814897954463959e-03
9.623207151889801025e-02
1.913332263939082623e-03
1.846215315163135529e-02
3.264739364385604858e-02
1.566263474524021149e-02
3.130441531538963318e-03
1.779131474904716015e-03
1.653761230409145355e-02
3.615720272064208984e-01
1.055873217410407960e-04
1.806752569973468781e-02
1.188779366202652454e-03
4.057598765939474106e-03
7.222845554351806641e-01
2.067226450890302658e-04
9.076016545295715332e-01
2.876868937164545059e-03
2.422340912744402885e-03
1.231444533914327621e-03
3.049284517765045166e-01
2.438674913719296455e-03
6.290220189839601517e-04
2.612730022519826889e-04
9.742475813254714012e-04
4.431971907615661621e-01
2.146154409274458885e-03
1.117367967963218689e-01
2.707772655412554741e-03
9.476843476295471191e-01
3.464697394520044327e-03
1.012423541396856308e-03
1.399318277835845947e-01
1.621280238032341003e-02
4.007057845592498779e-01
6.543653085827827454e-03
2.104348689317703247e-01
5.010802298784255981e-03
7.061618962325155735e-04
1.287086051888763905e-03
5.873582325875759125e-03
4.469158947467803955e-01
1.555312573909759521e-01
3.393887728452682495e-02
1.188103575259447098e-03
2.291545039042830467e-03
3.181168735027313232e-01
4.470454994589090347e-03
5.398813169449567795e-03
1.696650683879852295e-02
1.069466117769479752e-03
3.164412919431924820e-03
2.051039636135101318e-01
9.855425357818603516e-01
1.594302244484424591e-02
7.718453649431467056e-03
1.108680479228496552e-02
2.745170891284942627e-02
1.936861430294811726e-03
2.325006760656833649e-03
1.831435039639472961e-02
1.942375092767179012e-03
7.116426713764667511e-03
8.612228557467460632e-03
2.070273971185088158e-03
6.252475827932357788e-02
1.077852584421634674e-02
4.760088399052619934e-03
2.888352843001484871e-03
5.494477692991495132e-03
8.988694287836551666e-03
6.534637510776519775e-02
2.869751304388046265e-03
2.842298150062561035e-02
3.215292003005743027e-03
1.506084669381380081e-02
3.051910698413848877e-01
8.448590524494647980e-03
3.399522043764591217e-03
3.096761356573551893e-04
4.805602598935365677e-03
3.944514784961938858e-03
1.399689763784408569e-01
2.292272262275218964e-02
6.321309600025415421e-03
2.626292873173952103e-03
8.779478957876563072e-04
1.522980164736509323e-02
4.898383747786283493e-03
1.581630706787109375e-01
3.963672090321779251e-03
3.699325770139694214e-02
2.508063428103923798e-02
6.451854947954416275e-03
3.604525933042168617e-03
3.326236037537455559e-04
1.957471482455730438e-03
6.167300418019294739e-02
1.556510627269744873e-01
5.001513957977294922e-01
1.313428627327084541e-03
2.836953208316117525e-04
6.686631124466657639e-03
1.874449430033564568e-03
1.220651064068078995e-02
2.717088209465146065e-03
1.768829766660928726e-03
2.993665933609008789e-01
6.339279003441333771e-03
2.837626636028289795e-02
2.778714755550026894e-03
1.103543769568204880e-02
2.978644333779811859e-04
3.359614638611674309e-04
6.073902826756238937e-03
1.083472234313376248e-04
5.565368104726076126e-03
3.004178870469331741e-03
6.807015743106603622e-03
7.153579592704772949e-01
8.987768888473510742e-01
6.869789212942123413e-02
1.961462665349245071e-03
8.393270373344421387e-01
1.928807469084858894e-04
4.118931293487548828e-02
9.246232360601425171e-02
2.115448564291000366e-01
4.290806595236063004e-03
2.040846738964319229e-03
1.268986240029335022e-02
2.437105216085910797e-02
2.823245339095592499e-02
2.616200447082519531e-01
5.256051421165466309e-01
2.243605814874172211e-02
3.907378017902374268e-02
3.228579880669713020e-03
3.786641359329223633e-02
6.966404151171445847e-03
3.375696018338203430e-03
2.041069092229008675e-03
4.843496717512607574e-03
5.025696381926536560e-02
1.002125442028045654e-02
4.362083971500396729e-03
4.238983616232872009e-03
4.179042205214500427e-02
1.446108915843069553e-03
3.742530243471264839e-03
1.903471164405345917e-02
1.968103460967540741e-03
7.299633580259978771e-04
6.724957493133842945e-04
3.749082386493682861e-01
2.286724979057908058e-03
1.065534539520740509e-02
1.825278159230947495e-03
9.991497993469238281e-01
2.108057029545307159e-03
1.560838427394628525e-02
3.999701738357543945e-01
4.600750282406806946e-03
1.031463593244552612e-02
7.182234548963606358e-04
2.228338737040758133e-03
1.973155420273542404e-03
7.198742241598665714e-04
8.795997127890586853e-03
6.706425338052213192e-04
2.130513638257980347e-02
3.484486835077404976e-03
3.440661430358886719e-01
1.078260540962219238e-01
4.155766591429710388e-02
1.370563637465238571e-03
2.381888628005981445e-01
3.308715531602501869e-03
6.238426547497510910e-03
5.596883967518806458e-02
2.880045445635914803e-03
5.883608828298747540e-04
8.611738448962569237e-04
1.091012847609817982e-03
9.395342203788459301e-04
9.744912385940551758e-03
6.652639247477054596e-03
8.243186026811599731e-02
5.477798637002706528e-03
2.192799299955368042e-01
6.472119712270796299e-04
1.057124696671962738e-02
2.596293343231081963e-03
2.878088038414716721e-03
8.092108368873596191e-01
5.561339203268289566e-04
2.295316196978092194e-02
9.776111692190170288e-04
9.527798742055892944e-03
3.484296798706054688e-02
2.507414519786834717e-01
3.062497824430465698e-02
5.577357485890388489e-02
9.005263447761535645e-01
9.798443643376231194e-04
1.627076533623039722e-03
1.020279130898416042e-03
2.206376520916819572e-03
5.180819425731897354e-04
2.111557871103286743e-03
1.445503789000213146e-03
8.814188186079263687e-04
3.646503202617168427e-03
3.088418766856193542e-02
2.707903971895575523e-03
4.817721201106905937e-04
2.112947776913642883e-02
2.146885730326175690e-03
2.812190214172005653e-03
2.224975638091564178e-02
5.219088401645421982e-03
9.386162757873535156e-01
2.608403377234935760e-02
4.060024220962077379e-04
3.079668581485748291e-01
4.656925011659041047e-05
7.157632615417242050e-03
1.054683001711964607e-03
3.540651127696037292e-02
1.435081503586843610e-04
3.865226171910762787e-04
2.314476296305656433e-03
1.038238499313592911e-02
8.990979753434658051e-03
5.660315509885549545e-04
7.167460322380065918e-01
5.572682619094848633e-02
1.383936963975429535e-03
2.872301265597343445e-03
2.479819522704929113e-04
9.432599879801273346e-03
4.287557676434516907e-04
2.042728592641651630e-04
8.144333958625793457e-03
2.974245871882885695e-04
1.254569389857351780e-03
1.559487544000148773e-03
1.516551594249904156e-03
6.329595344141125679e-04
5.626160502433776855e-01
2.126681245863437653e-02
2.347470074892044067e-02
2.032125630648806691e-04
3.285037726163864136e-02
2.617846801877021790e-02
4.879569709300994873e-01
6.437365664169192314e-04
2.572593651711940765e-02
7.066973447799682617e-01
2.688212785869836807e-03
3.216377226635813713e-03
1.069615967571735382e-02
1.989936232566833496e-01
5.003945901989936829e-03
1.238892972469329834e-02
6.506999582052230835e-02
1.290415530093014240e-03
4.394942820072174072e-01
1.047098776325583458e-03
8.827920071780681610e-03
7.145102135837078094e-03
5.516895093023777008e-03
1.024735858663916588e-03
1.298246090300381184e-03
6.830686470493674278e-04
7.053066976368427277e-03
3.207020927220582962e-03
1.927818171679973602e-02
6.350106000900268555e-02
1.884985482320189476e-03
3.231585957109928131e-03
9.928015992045402527e-03
2.845773994922637939e-01
1.208168733865022659e-02
2.623233012855052948e-03
4.120607336517423391e-04
1.757504360284656286e-04
1.569103896617889404e-01
4.975580573081970215e-01
2.941679675132036209e-03
1.749226450920104980e-01
5.617334973067045212e-03
3.082276880741119385e-01
3.603029623627662659e-02
3.654072352219372988e-04
1.250174245797097683e-03
6.514572352170944214e-02
9.026142768561840057e-03
9.869570285081863403e-02
7.254246156662702560e-03
1.179709914140403271e-03
9.684672951698303223e-01
3.905781507492065430e-01
5.159087595529854298e-04
4.737098061013966799e-04
5.976782366633415222e-02
4.811277613043785095e-02
7.729258388280868530e-02
7.617728412151336670e-02
1.008746214210987091e-02
1.444511022418737411e-02
5.735644139349460602e-03
2.574324309825897217e-01
2.043418120592832565e-03
6.332668475806713104e-03
2.058068756014108658e-03
1.241702237166464329e-03
1.586734288139268756e-04
9.569533285684883595e-04
1.511188223958015442e-03
1.997259445488452911e-02
7.381186005659401417e-04
1.140363328158855438e-02
1.162024214863777161e-02
9.976826906204223633e-01
1.278020208701491356e-03
1.129099074751138687e-02
2.606186456978321075e-02
3.083371848333626986e-04
4.154653288424015045e-03
1.427368028089404106e-03
9.625623933970928192e-04
5.221625906415283680e-04
9.262718376703560352e-04
3.748041391372680664e-02
7.281819125637412071e-04
5.613219691440463066e-04
1.807094668038189411e-03
5.759173631668090820e-02
1.990916952490806580e-02
2.224434399977326393e-03
9.826048016548156738e-01
9.811593294143676758e-01
3.815961244981735945e-04
3.858912270516157150e-03
6.757662296295166016e-01
4.084291867911815643e-04
9.980250597000122070e-01
1.115077990107238293e-03
6.683184765279293060e-04
1.281265285797417164e-03
4.153706249780952930e-04
9.963046312332153320e-01
9.632524251937866211e-01
1.124565973877906799e-01
9.635849855840206146e-03
2.960036974400281906e-03
1.576594077050685883e-03
2.558436011895537376e-03
1.916605862788856030e-03
7.313545942306518555e-01
1.102328184060752392e-03
9.984192848205566406e-01
1.301108673214912415e-02
1.185899786651134491e-02
2.748065744526684284e-04
3.575936134438961744e-04
2.646676264703273773e-02
1.470125094056129456e-02
1.687392778694629669e-02
6.424044258892536163e-04
4.043331835418939590e-03
7.785358466207981110e-04
3.132957790512591600e-04
1.297047245316207409e-03
4.753636196255683899e-03
3.631674218922853470e-03
5.300109740346670151e-03
5.979950074106454849e-03
4.295937716960906982e-03
1.757363439537584782e-03
1.327295154333114624e-01
1.692375750280916691e-03
2.383890189230442047e-02
7.827067747712135315e-03
1.367937475442886353e-01
8.351105498149991035e-04
5.642411299049854279e-03
9.351944550871849060e-03
1.019452814944088459e-03
3.062319883611053228e-04
6.850995589047670364e-03
1.057033659890294075e-03
6.679991493001580238e-04
3.969198837876319885e-02
5.116243287920951843e-02
4.365502391010522842e-03
4.263401206117123365e-04
5.060375202447175980e-03
5.307067651301622391e-03
2.646008797455579042e-04
8.835886418819427490e-02
6.478526629507541656e-03
3.017285764217376709e-01
1.584097510203719139e-03
1.899900473654270172e-02
7.832738338038325310e-04
1.994730345904827118e-02
3.352434560656547546e-02
7.446917239576578140e-03
5.082671530544757843e-03
1.187726156786084175e-03
7.435016799718141556e-03
1.424091053195297718e-03
2.255932922707870603e-04
7.601452469825744629e-01
4.848402366042137146e-02
1.221654936671257019e-03
2.719515177886933088e-04
2.420317381620407104e-03
5.129330754280090332e-01
1.776698394678533077e-03
3.359870752319693565e-03
6.997625314397737384e-05
7.441150024533271790e-03
7.866931147873401642e-03
8.753871661610901356e-04
2.406894491286948323e-04
7.639884948730468750e-02
8.265351643785834312e-04
2.075674710795283318e-03
2.892155433073639870e-03
3.857211675494909286e-03
9.922958612442016602e-01
2.118235379457473755e-01
5.954002216458320618e-02
4.698400734923779964e-04
3.783692955039441586e-04
2.046921104192733765e-01
2.838598191738128662e-02
2.418718766421079636e-03
7.646307814866304398e-03
3.967924567405134439e-04
3.896994981914758682e-03
4.530736207962036133e-01
1.830107794376090169e-04
3.092153056059032679e-04
4.153436515480279922e-03
3.699511662125587463e-02
1.167830429039895535e-03
9.455276727676391602e-01
1.572237699292600155e-03
2.522727008908987045e-03
8.837111527100205421e-04
9.528766386210918427e-03
4.846179112792015076e-02
1.621339120902121067e-03
1.860146410763263702e-02
3.806205932050943375e-03
1.907400670461356640e-03
6.314891390502452850e-03
4.958271607756614685e-02
6.530595128424465656e-04
3.120348847005516291e-04
1.153660588897764683e-03
2.011737320572137833e-03
3.535272262524813414e-04
3.408531099557876587e-02
5.910228472203016281e-03
1.045545679517090321e-03
6.819147965870797634e-04
5.987761020660400391e-01
2.007238101214170456e-03
1.527989050373435020e-03
1.156566548161208630e-03
1.082174573093652725e-02
9.979092478752136230e-01
2.846416458487510681e-02
2.952174982056021690e-03
5.710914265364408493e-04
1.419715117663145065e-02
6.894128397107124329e-03
3.220959100872278214e-03
4.440835863351821899e-02
2.113264519721269608e-03
6.010474171489477158e-03
2.299251500517129898e-03
4.590598866343498230e-02
1.073591560125350952e-01
8.950834162533283234e-03
7.737221661955118179e-03
3.221418301109224558e-04
5.686412332579493523e-04
3.182388469576835632e-02
9.863476753234863281e-01
3.096383064985275269e-02
9.586865082383155823e-03
2.433080924674868584e-03
4.827986937016248703e-03
9.065756457857787609e-04
1.985540147870779037e-03
5.599190946668386459e-03
8.214771747589111328e-01
3.378607565537095070e-03
9.928440451622009277e-01
1.326104393228888512e-03
7.187776267528533936e-03
4.309963583946228027e-01
5.461489199660718441e-04
2.585350302979350090e-03
2.076304703950881958e-02
3.292217152193188667e-03
4.127743840217590332e-02
1.171390153467655182e-02
2.747641410678625107e-04
1.074901595711708069e-02
2.444373385515064001e-04
5.191648006439208984e-01
5.488594993948936462e-03
6.815220415592193604e-02
8.196591138839721680e-01
7.425934891216456890e-04
2.075017057359218597e-02
1.858783327043056488e-02
2.286277897655963898e-02
2.916970057412981987e-03
3.326933947391808033e-04
1.596862077713012695e-02
3.323124255985021591e-03
2.334981458261609077e-03
4.988550790585577488e-04
7.058567716740071774e-04
8.691826951690018177e-04
2.861943561583757401e-03
1.009794184938073158e-03
6.944373995065689087e-02
3.598882351070642471e-03
2.977227850351482630e-04
3.550840192474424839e-04
5.633573746308684349e-04
1.118853967636823654e-02
2.083087805658578873e-03
7.089748396538197994e-04
6.327013252303004265e-04
5.449326708912849426e-02
4.636684898287057877e-03
9.797244071960449219e-01
4.063733504153788090e-04
8.690775139257311821e-04
1.064390642568469048e-03
6.462248414754867554e-02
7.408513426780700684e-01
7.562374696135520935e-03
2.654599258676171303e-03
9.981166571378707886e-03
4.843892157077789307e-01
2.598067279905080795e-03
3.554876148700714111e-01
1.796685275621712208e-03
1.203548535704612732e-02
5.038611707277595997e-04
3.087372519075870514e-03
7.545834407210350037e-03
8.171588997356593609e-04
1.620262861251831055e-02
1.211745850741863251e-02
3.027222119271755219e-04
2.483292855322360992e-02
5.109903588891029358e-02
9.978123903274536133e-01
3.207664191722869873e-02
6.264630937948822975e-04
2.187219914048910141e-03
6.184770464897155762e-01
4.452712833881378174e-03
1.538399810669943690e-04
2.088358625769615173e-02
6.380429258570075035e-04
2.738556824624538422e-02
1.693195477128028870e-02
1.203145533800125122e-01
9.855554439127445221e-03
3.078742139041423798e-02
2.147001959383487701e-02
5.033857305534183979e-04
2.798220608383417130e-03
1.024070312269032001e-03
5.281810299493372440e-04
5.675295833498239517e-04
2.301555685698986053e-02
6.773975212126970291e-03
1.228572707623243332e-02
3.417929634451866150e-02
2.692522015422582626e-03
1.766642089933156967e-03
9.991581439971923828e-01
4.874264704994857311e-04
1.188638061285018921e-02
9.363406896591186523e-01
1.335880369879305363e-03
2.056576777249574661e-04
1.115244533866643906e-02
1.050952747464179993e-01
7.442875299602746964e-03
5.694757103919982910e-01
4.507881104946136475e-01
1.948747038841247559e-02
8.634580881334841251e-04
8.624318870715796947e-04
8.097524754703044891e-03
1.095940470695495605e-01
1.804214785806834698e-03
1.592767797410488129e-02
3.659512996673583984e-01
6.924978494644165039e-01
3.702736459672451019e-03
1.072456315159797668e-02
1.338600181043148041e-03
1.088536158204078674e-01
3.538016229867935181e-02
5.907537997700273991e-04
3.972196485847234726e-03
1.158639695495367050e-02
2.522419905290007591e-03
6.577228661626577377e-03
6.396551616489887238e-04
1.088055199943482876e-03
8.750261622481048107e-04
1.749168150126934052e-03
2.144261030480265617e-03
3.102793125435709953e-04
1.322321360930800438e-03
2.018907340243458748e-03
1.014445070177316666e-02
5.522788851521909237e-04
5.928962230682373047e-01
1.681275665760040283e-02
1.314300578087568283e-02
4.070268187206238508e-04
2.199655631557106972e-03
1.481692641973495483e-01
1.521836072206497192e-01
9.778578281402587891e-01
1.445307731628417969e-01
5.314224958419799805e-02
5.398871749639511108e-02
1.045745448209345341e-03
1.890620915219187737e-03
3.363752330187708139e-04
2.100403420627117157e-03
9.992363452911376953e-01
1.826709136366844177e-02
1.643224619328975677e-02
3.428674340248107910e-01
8.857331871986389160e-01
3.844048827886581421e-02
6.744763255119323730e-02
8.893916010856628418e-01
2.605205215513706207e-02
7.978707435540854931e-04
9.774534106254577637e-01
2.152156084775924683e-03
1.450559590011835098e-03
8.580216090194880962e-04
3.986790776252746582e-03
1.785108033800497651e-04
7.842646911740303040e-03
7.277518045157194138e-03
7.132814526557922363e-01
8.252952247858047485e-03
1.840853840112686157e-01
1.680445112287998199e-02
5.352157726883888245e-02
3.220266848802566528e-02
2.202534489333629608e-02
1.636090725660324097e-01
2.286125905811786652e-02
3.335037908982485533e-04
5.370101425796747208e-04
1.026386627927422523e-03
5.503717344254255295e-03
3.725011134520173073e-03
6.564388275146484375e-01
2.340221544727683067e-03
6.819325033575296402e-03
1.256649731658399105e-03
1.293751783668994904e-02
1.679982542991638184e-01
1.692699734121561050e-03
5.178551073186099529e-04
1.040170527994632721e-02
1.412460696883499622e-03
4.591452889144420624e-03
3.664789488539099693e-03
2.721593528985977173e-02
1.220520236529409885e-03
5.254438146948814392e-04
1.111904438585042953e-02
2.383557439316064119e-04
7.682469673454761505e-03
4.977462231181561947e-04
2.869219053536653519e-03
6.841254071332514286e-04
9.921856522560119629e-01
5.613904795609414577e-04
2.578658750280737877e-03
3.041544556617736816e-02
3.011996857821941376e-03
8.941512554883956909e-03
2.051852497970685363e-04
2.545041963458061218e-02
6.622823886573314667e-03
6.576723884791135788e-03
3.442656248807907104e-02
4.975171089172363281e-01
2.302088309079408646e-03
6.575057050213217735e-04
2.561436593532562256e-02
9.165730443783104420e-04
2.437517978250980377e-02
3.970185760408639908e-03
4.206048790365457535e-03
8.597865817137062550e-04
9.363600611686706543e-02
9.579358156770467758e-04
2.460303250700235367e-03
8.085063658654689789e-03
7.400269061326980591e-02
9.132074713706970215e-01
5.199195002205669880e-04
3.640350769273936749e-04
6.000392022542655468e-04
1.623531221412122250e-03
9.903734922409057617e-01
1.111007062718272209e-03
3.485892899334430695e-03
1.429652213118970394e-03
5.311331246048212051e-03
2.959415614604949951e-01
1.373774284729734063e-04
1.343663409352302551e-02
3.143118917942047119e-01
5.846265237778425217e-03
5.301415221765637398e-04
1.019906994770281017e-04
8.109950460493564606e-03
3.497007861733436584e-02
3.244163817726075649e-04
4.695969074964523315e-02
5.737893749028444290e-03
9.910240024328231812e-02
1.850303611718118191e-03
2.042727917432785034e-02
8.572595106670632958e-05
9.997988343238830566e-01
6.626759422942996025e-04
1.178582664579153061e-02
5.052825901657342911e-03
4.706571809947490692e-03
7.550631649792194366e-03
5.233347881585359573e-03
4.942749813199043274e-02
6.542325718328356743e-04
6.751243025064468384e-02
2.670129761099815369e-03
3.969441354274749756e-02
7.566595673561096191e-01
5.116860568523406982e-02
4.233716428279876709e-02
3.458533901721239090e-03
2.480501122772693634e-02
3.856556024402379990e-03
2.051948755979537964e-02
2.640290558338165283e-02
7.194184581749141216e-04
3.003286197781562805e-03
9.900876320898532867e-04
7.343415636569261551e-04
2.399944700300693512e-03
4.101427271962165833e-02
5.468340218067169189e-02
8.981545106507837772e-04
6.859670393168926239e-03
7.964474707841873169e-02
4.682402592152357101e-03
1.192325446754693985e-02
7.715879008173942566e-03
1.510412083007395267e-03
5.480054393410682678e-02
6.730487220920622349e-04
2.338538877665996552e-03
4.447518289089202881e-02
8.934293873608112335e-03
3.632656484842300415e-02
7.839982509613037109e-01
8.866035938262939453e-01
2.496694214642047882e-04
2.243292750790715218e-03
2.668119035661220551e-03
7.260999083518981934e-02
1.973672956228256226e-01
8.139142766594886780e-03
7.375766038894653320e-01
2.870796713978052139e-03
9.654757976531982422e-01
1.129734516143798828e-01
2.916030585765838623e-01
4.305579233914613724e-03
4.335795994848012924e-03
1.230404595844447613e-03
1.614990271627902985e-02
1.722843502648174763e-03
1.487508974969387054e-02
9.864930994808673859e-03
1.069298572838306427e-02
6.227557547390460968e-03
1.299733121413737535e-04
7.199333980679512024e-03
6.557931774295866489e-04
5.456821527332067490e-04
2.438379218801856041e-03
4.541095346212387085e-03
4.045220911502838135e-01
2.992797526530921459e-04
1.254006172530353069e-03
5.871322751045227051e-01
2.521158021409064531e-04
3.790926560759544373e-02
7.253027521073818207e-03
3.891203999519348145e-01
5.650103092193603516e-01
4.065192304551601410e-03
1.833022397477179766e-04
3.372950886841863394e-04
8.975437283515930176e-01
9.998025298118591309e-01
6.056387908756732941e-03
6.209411192685365677e-03
9.328052997589111328e-01
2.114956732839345932e-03
2.369334222748875618e-03
9.403947478858754039e-05
5.526987952180206776e-04
5.188940092921257019e-03
6.464524776674807072e-04
4.900443553924560547e-02
5.110711231827735901e-02
5.976974964141845703e-03
1.772673986852169037e-02
6.233338117599487305e-01
8.898726105690002441e-02
1.026393473148345947e-01
8.183795725926756859e-04
1.733838231302797794e-03
3.771418007090687752e-03
3.248158143833279610e-03
3.988931328058242798e-02
2.179589308798313141e-02
2.482769312337040901e-03
1.239457633346319199e-03
9.808427691459655762e-01
4.475098568946123123e-03
6.501777563244104385e-03
6.472988752648234367e-04
1.275254786014556885e-01
5.332134198397397995e-03
1.792806200683116913e-03
9.946481585502624512e-01
2.281012758612632751e-02
4.034157842397689819e-03
3.360279500484466553e-01
3.381232172250747681e-02
1.724635600112378597e-03
4.738990392070263624e-04
1.697418279945850372e-02
2.813236089423298836e-03
1.526322122663259506e-02
9.557331912219524384e-03
9.937456846237182617e-01
1.234063878655433655e-02
6.197565817274153233e-04
1.922400295734405518e-02
1.147479750216007233e-03
2.783384174108505249e-03
1.313243899494409561e-02
1.581433974206447601e-02
7.241349201649427414e-03
6.254547834396362305e-01
1.031666324706748128e-04
6.777594797313213348e-03
7.031146883964538574e-01
2.049832371994853020e-03
3.754325211048126221e-02
7.685701251029968262e-01
6.701941043138504028e-02
1.137966010719537735e-02
7.439523003995418549e-03
1.404671696946024895e-03
1.029447373002767563e-02
4.264424443244934082e-01
1.368179321289062500e-01
8.200637530535459518e-04
7.649488979950547218e-04
5.439580231904983521e-02
3.035275451838970184e-02
2.525212010368704796e-03
1.732927164994180202e-03
4.167122766375541687e-03
1.610870100557804108e-02
3.902705502696335316e-04
5.139762163162231445e-02
9.959533810615539551e-03
1.558567732572555542e-01
9.268422126770019531e-01
1.707408111542463303e-03
1.787045970559120178e-02
2.275139391422271729e-01
9.694670885801315308e-02
9.929839521646499634e-03
3.094530256930738688e-04
1.274527894565835595e-04
7.736819796264171600e-03
5.761989159509539604e-04
2.741126716136932373e-01
6.286532618105411530e-03
3.319955468177795410e-01
3.491665469482541084e-03
8.694092393852770329e-04
3.846195759251713753e-03
9.761959314346313477e-01
1.708658644929528236e-03
7.213441422209143639e-04
1.920697279274463654e-02
2.486277837306261063e-03
9.357481598854064941e-01
1.228215522132813931e-03
1.379924942739307880e-03
4.382099432405084372e-04
9.311248431913554668e-04
1.222600112669169903e-03
8.942408749135211110e-05
5.439450498670339584e-03
3.601025557145476341e-03
1.663560542510822415e-04
1.064360723830759525e-03
6.654932512901723385e-04
5.875452188774943352e-04
1.001415681093931198e-02
5.498009733855724335e-03
1.582253142260015011e-03
7.655388861894607544e-02
4.965122342109680176e-01
6.972652045078575611e-04
5.076967645436525345e-03
9.488929994404315948e-03
9.700361406430602074e-04
1.939698122441768646e-03
5.523785948753356934e-04
1.026743929833173752e-02
2.168967202305793762e-02
8.318244479596614838e-03
1.821070443838834763e-03
1.010069609037600458e-04
5.261011887341737747e-03
2.191168069839477539e-02
1.025643665343523026e-03
3.762576030567288399e-03
7.940831184387207031e-01
1.079705264419317245e-02
9.507422219030559063e-04
1.200847036670893431e-04
4.053581214975565672e-04
5.079735815525054932e-02
6.449768543243408203e-01
2.352462848648428917e-03
3.672006772831082344e-03
2.466472797095775604e-03
5.805666744709014893e-02
3.805929794907569885e-02
4.578795778797939420e-05
1.547574549913406372e-01
7.505531888455152512e-03
1.430265605449676514e-03
1.971814185380935669e-01
3.929557278752326965e-03
2.467752899974584579e-03
2.710296306759119034e-03
5.346961552277207375e-04
9.781621694564819336e-01
3.481021821498870850e-01
1.272730901837348938e-02
2.288426831364631653e-02
5.556864142417907715e-01
1.628014817833900452e-02
5.878512747585773468e-03
4.865048229694366455e-01
6.340674590319395065e-04
2.183005213737487793e-03
4.146988317370414734e-02
3.288245294243097305e-03
4.710692446678876877e-03
1.621391624212265015e-03
3.809752315282821655e-02
8.902194909751415253e-03
4.238452762365341187e-03
3.628491982817649841e-02
9.976550936698913574e-03
2.491963095963001251e-03
1.852671499364078045e-03
4.515137057751417160e-03
4.100731573998928070e-03
3.052087500691413879e-03
1.547258230857551098e-03
1.080043520778417587e-02
5.119673442095518112e-03
1.259772805497050285e-03
2.741224830970168114e-03
8.676131367683410645e-01
5.748060345649719238e-02
2.243301569251343608e-04
7.268094923347234726e-04
1.611710293218493462e-03
4.375330358743667603e-02
8.862659335136413574e-03
3.960940521210432053e-04
8.586911559104919434e-01
2.730276808142662048e-02
1.927908626385033131e-03
7.628218154422938824e-04
2.050195122137665749e-03
9.661045074462890625e-01
9.569250396452844143e-04
9.667264670133590698e-02
1.029315963387489319e-01
1.328823855146765709e-03
3.205114742740988731e-03
1.096332562156021595e-03
6.907389033585786819e-04
1.279127690941095352e-02
1.788205699995160103e-03
3.725820779800415039e-01
9.764739274978637695e-01
4.050890565849840641e-04
4.745628684759140015e-04
1.185351312160491943e-01
5.359261413104832172e-04
7.070701569318771362e-03
2.575006568804383278e-03
1.168816466815769672e-03
1.017824863083660603e-03
3.262730082497000694e-03
3.233183640986680984e-03
6.577657163143157959e-02
5.915248300880193710e-03
6.343834102153778076e-03
3.491407260298728943e-04
1.591035863384604454e-03
1.908058911794796586e-04
5.389682482928037643e-03
9.968534111976623535e-01
5.650326237082481384e-02
1.544713159091770649e-03
2.096729585900902748e-03
6.256978376768529415e-04
3.272412577643990517e-04
8.637025952339172363e-01
5.506915505975484848e-03
3.928728867322206497e-03
1.879725721664726734e-03
1.363657861948013306e-01
1.032939180731773376e-04
3.180750645697116852e-03
1.579330069944262505e-03
1.621810020878911018e-03
5.701699852943420410e-02
3.283011913299560547e-02
7.248357869684696198e-04
4.164835903793573380e-03
8.652212470769882202e-02
4.676517099142074585e-03
1.010936722159385681e-01
9.939473867416381836e-01
9.206336140632629395e-01
1.261874916963279247e-03
6.639003753662109375e-01
8.198330402374267578e-01
4.859931468963623047e-01
3.238602075725793839e-03
2.454638713970780373e-03
2.766916761174798012e-03
1.030475366860628128e-02
8.337540552020072937e-03
1.084846211597323418e-03
1.265959581360220909e-04
5.610323278233408928e-04
2.818553242832422256e-03
5.325290374457836151e-03
9.618021845817565918e-01
3.203296102583408356e-03
5.691870581358671188e-03
4.665684886276721954e-03
9.968103766441345215e-01
7.788649797439575195e-01
1.096014049835503101e-03
3.074786625802516937e-03
2.488774480298161507e-03
6.698478460311889648e-01
1.278333016671240330e-03
1.426709908992052078e-02
8.812559247016906738e-01
1.547612100839614868e-01
1.459514349699020386e-01
1.334057771600782871e-03
1.226146006956696510e-03
1.736398935317993164e-01
2.359382808208465576e-01
2.847656421363353729e-02
8.104449510574340820e-02
2.961126156151294708e-02
2.181803807616233826e-02
1.369709707796573639e-02
2.236641710624098778e-03
1.844314974732697010e-03
1.174958772026002407e-03
2.700003562495112419e-03
8.116604760289192200e-03
2.720286510884761810e-02
8.775168098509311676e-04
4.261838912498205900e-04
7.574229687452316284e-02
2.059689257293939590e-03
4.918226622976362705e-04
1.121958866715431213e-01
1.029934585094451904e-01
1.929622702300548553e-02
2.044700086116790771e-03
6.626363396644592285e-01
9.212553850375115871e-04
2.827026415616273880e-03
4.978821426630020142e-02
7.094708271324634552e-03
1.042552292346954346e-02
5.045777931809425354e-02
6.685347110033035278e-02
2.103206887841224670e-02
2.745416248217225075e-03
7.267637993209064007e-04
2.266879891976714134e-03
3.723651170730590820e-04
5.827275454066693783e-04
1.876996480859816074e-03
4.844289214815944433e-04
2.209954895079135895e-03
5.574353504925966263e-03
3.399830777198076248e-03
3.550359234213829041e-02
1.070940569043159485e-01
1.288125813007354736e-01
9.718032181262969971e-02
2.124357735738158226e-03
8.404065370559692383e-01
5.718761123716831207e-03
8.543486148118972778e-02
1.125857606530189514e-02
1.012475229799747467e-02
2.128217369318008423e-03
3.638701513409614563e-03
7.992488332092761993e-03
3.796354867517948151e-04
5.355660337954759598e-03
1.532274037599563599e-01
7.793431729078292847e-02
1.836577546782791615e-03
9.443288436159491539e-04
4.520101249217987061e-01
1.444753026589751244e-03
3.788899397477507591e-03
1.827667234465479851e-03
5.122538190335035324e-03
4.012499470263719559e-03
4.383774474263191223e-03
1.153329573571681976e-02
3.762978361919522285e-03
1.304015368223190308e-01
3.144367656204849482e-04
6.133876368403434753e-02
1.195860058069229126e-01
2.164497040212154388e-03
2.614625543355941772e-02
3.289983794093132019e-02
1.049717073328793049e-03
1.825080253183841705e-04
1.208958309143781662e-02
1.015538931824266911e-03
1.556703587993979454e-03
2.066438551992177963e-03
9.396772980690002441e-01
3.812358081340789795e-01
2.891066716983914375e-03
3.620668500661849976e-02
3.993872404098510742e-01
3.065731842070817947e-03
2.449989086017012596e-03
6.145730149000883102e-04
2.537982654757797718e-04
1.342545961961150169e-03
7.050835993140935898e-04
6.673364341259002686e-02
1.062849164009094238e-02
1.237642168998718262e-01
6.077265832573175430e-03
2.039030194282531738e-02
1.843372476287186146e-03
1.569146406836807728e-03
1.873712614178657532e-02
7.590872235596179962e-03
9.732945822179317474e-03
1.922580646350979805e-03
4.196462978143244982e-04
1.665524393320083618e-02
6.502128235297277570e-05
3.709583543241024017e-04
3.730499884113669395e-04
3.648499250411987305e-01
2.245740266516804695e-03
9.449787735939025879e-01
3.829016163945198059e-02
8.363154716789722443e-03
1.100261695683002472e-02
6.466932594776153564e-03
1.057720161043107510e-03
2.306144218891859055e-03
6.650707684457302094e-03
7.232991605997085571e-02
7.053264416754245758e-03
1.722048153169453144e-03
1.108338939957320690e-03
3.286554710939526558e-03
4.797652363777160645e-03
1.616046647541224957e-03
1.160179544240236282e-02
2.333103492856025696e-02
5.946524906903505325e-04
3.530452772974967957e-02
6.386898923665285110e-03
1.144625693559646606e-01
3.588576335459947586e-03
2.803387120366096497e-02
6.447247695177793503e-03
7.138476939871907234e-04
6.764463335275650024e-02
5.111165810376405716e-03
1.445136964321136475e-02
8.541460633277893066e-01
1.089270226657390594e-03
9.372708387672901154e-03
1.523952279239892960e-02
3.702911734580993652e-02
4.150764644145965576e-02
3.824311716016381979e-04
1.310692518018186092e-03
7.068595290184020996e-01
4.373218864202499390e-03
3.396994899958372116e-03
1.473456737585365772e-03
3.518975675106048584e-01
1.237466335296630859e-01
1.085949013940989971e-03
2.526495140045881271e-03
1.642480641603469849e-01
5.446197930723428726e-03
1.009535565972328186e-01
6.592703610658645630e-02
1.015304401516914368e-02
1.008053682744503021e-02
1.493797171860933304e-03
4.176239017397165298e-03
7.169829010963439941e-01
2.263527549803256989e-02
4.782091975212097168e-01
3.480676189064979553e-02
6.305655464529991150e-03
9.116401895880699158e-03
4.879826679825782776e-03
1.408627605997025967e-03
3.145182272419333458e-03
2.026327848434448242e-01
6.518289446830749512e-02
1.469513867050409317e-02
9.931750893592834473e-01
2.619383390992879868e-03
7.432681042701005936e-03
1.794289611279964447e-02
5.899770651012659073e-03
1.798086240887641907e-02
2.302421489730477333e-03
5.836716853082180023e-03
2.603485016152262688e-03
2.431304892525076866e-03
1.928802696056663990e-03
4.160393401980400085e-02
3.399231731891632080e-01
4.791311803273856640e-04
9.998638629913330078e-01
1.397734042257070541e-03
1.591365318745374680e-03
3.311836859211325645e-03
4.467356484383344650e-04
8.336463943123817444e-03
5.835570627823472023e-04
3.594324737787246704e-02
5.324176978319883347e-03
6.850557401776313782e-04
7.430054545402526855e-01
1.015451084822416306e-02
2.565845148637890816e-03
9.033533185720443726e-02
6.684883236885070801e-01
3.374937772750854492e-01
3.235976994037628174e-01
1.162160770036280155e-03
4.108411446213722229e-02
1.084871962666511536e-02
1.952692982740700245e-03
1.429758407175540924e-02
1.163431326858699322e-03
2.601805143058300018e-03
1.502395607531070709e-03
3.446907969191670418e-03
1.756850746460258961e-03
6.270030513405799866e-03
2.268774658441543579e-01
5.877704243175685406e-04
1.189305447041988373e-03
1.023659389466047287e-02
4.776215925812721252e-02
6.822059303522109985e-02
2.221910515800118446e-03
9.822471439838409424e-02
2.920258790254592896e-03
1.350171212106943130e-02
3.624365432187914848e-03
1.322094118222594261e-03
8.353450539289042354e-05
1.233803923241794109e-03
3.366876393556594849e-03
5.737071041949093342e-04
5.119533161632716656e-04
2.299207728356122971e-03
1.330654486082494259e-03
7.934247143566608429e-03
4.424142464995384216e-02
4.634099546819925308e-03
2.357510104775428772e-02
7.765091024339199066e-03
1.404747366905212402e-03
2.776543609797954559e-03
8.365756832063198090e-03
2.207722747698426247e-03
1.565571129322052002e-01
6.068983674049377441e-01
1.630414481041952968e-04
1.031624502502381802e-03
2.623062580823898315e-02
3.178346669301390648e-04
1.077349515981040895e-04
3.551248908042907715e-01
1.554332207888364792e-03
2.750438079237937927e-02
1.776268123649060726e-03
2.335441857576370239e-02
2.040515653789043427e-03
1.287505961954593658e-03
7.666698191314935684e-03
1.756813190877437592e-02
5.593074602074921131e-04
2.596716862171888351e-03
2.649420797824859619e-01
1.422303495928645134e-03
1.573104038834571838e-02
2.800986869260668755e-03
6.213703192770481110e-03
6.157548166811466217e-03
4.765449557453393936e-03
1.490178406238555908e-01
8.105154633522033691e-01
5.920252762734889984e-03
1.005143858492374420e-02
7.382051553577184677e-04
1.578877680003643036e-02
2.064956277608871460e-01
1.477919071912765503e-01
9.806533344089984894e-03
3.257844364270567894e-04
8.219153434038162231e-02
3.492595627903938293e-02
4.303961098194122314e-01
9.665934368968009949e-03
4.918761849403381348e-01
1.834589056670665741e-02
1.718783052638173103e-03
1.752633717842400074e-03
4.734068177640438080e-03
1.073517953045666218e-03
9.529650211334228516e-01
3.977549786213785410e-04
7.465491653420031071e-04
1.589447376318275928e-03
9.673535823822021484e-04
4.140960518270730972e-03
3.207312547601759434e-04
3.582868725061416626e-03
2.787157893180847168e-01
1.586912316270172596e-03
2.415683702565729618e-04
6.804282311350107193e-04
3.519012534525245428e-04
8.603290771134197712e-04
1.632561907172203064e-03
1.326716388575732708e-03
1.266437117010354996e-03
1.203420907258987427e-01
4.667432513087987900e-03
8.919055573642253876e-03
1.870265901088714600e-01
9.936426877975463867e-01
1.819029264152050018e-02
5.772451758384704590e-01
1.484621018171310425e-01
4.265665542334318161e-03
2.163962635677307844e-04
1.252362388186156750e-03
6.378793623298406601e-03
2.515110885724425316e-03
3.032019361853599548e-03
9.345350265502929688e-01
3.626582445576786995e-03
7.805704954080283642e-04
1.815222203731536865e-02
3.224784508347511292e-02
4.454862177371978760e-01
2.615685760974884033e-02
2.495351620018482208e-02
8.917999221011996269e-04
5.664972588419914246e-02
2.195875626057386398e-03
2.215657004853710532e-04
1.728243827819824219e-01
8.715057745575904846e-03
1.569054438732564449e-03
3.996744751930236816e-02
5.378416739404201508e-03
5.393601581454277039e-02
6.730252876877784729e-03
2.286728918552398682e-01
4.266660287976264954e-02
6.974452990107238293e-04
9.784041903913021088e-03
8.335777372121810913e-02
5.139728891663253307e-04
1.619856338948011398e-03
2.029053168371319771e-03
1.951282322406768799e-01
1.067560166120529175e-02
6.787025369703769684e-03
9.839600920677185059e-01
6.842575035989284515e-03
1.975277671590447426e-03
3.215803802013397217e-01
4.472477827221155167e-03
5.490375915542244911e-04
9.372757631354033947e-04
4.905252717435359955e-04
1.596771366894245148e-02
2.261885674670338631e-03
2.615666249766945839e-03
3.843158949166536331e-03
3.322885895613580942e-04
1.274782717227935791e-01
9.191288948059082031e-01
2.433086512610316277e-03
8.191027045249938965e-01
2.611906081438064575e-02
2.924578730016946793e-03
5.317851901054382324e-01
4.413291439414024353e-02
6.884279847145080566e-02
5.820763111114501953e-02
1.162544940598309040e-03
1.064959168434143066e-02
4.178541153669357300e-02
2.459043264389038086e-02
3.157866895198822021e-01
3.320606797933578491e-02
2.908330352511256933e-04
1.642401213757693768e-03
8.966709971427917480e-01
7.682534051127731800e-04
4.112531896680593491e-03
3.776225959882140160e-03
5.956267472356557846e-03
7.302194135263562202e-04
2.424998441711068153e-03
1.021857489831745625e-03
1.739902980625629425e-02
7.811937481164932251e-03
8.479486703872680664e-01
1.683019567281007767e-03
6.205446645617485046e-02
7.869548164308071136e-03
2.658425271511077881e-02
6.217260379344224930e-04
2.779085189104080200e-04
2.080529630184173584e-01
6.110469810664653778e-03
3.282111138105392456e-02
4.904299974441528320e-03
3.853662312030792236e-01
3.968688833992928267e-04
9.652131237089633942e-03
6.923205405473709106e-02
8.640802698209881783e-04
3.947697579860687256e-01
2.395111368969082832e-03
6.673645228147506714e-02
1.600660267286002636e-03
1.399330608546733856e-02
9.992688298225402832e-01
4.292846657335758209e-03
9.222131967544555664e-01
4.882882237434387207e-01
9.996241331100463867e-01
2.807765034958720207e-03
2.615470904856920242e-03
9.991337656974792480e-01
1.257286639884114265e-03
1.568291103467345238e-03
8.357619643211364746e-01
2.849897718988358974e-04
1.494781114161014557e-03
1.700110384263098240e-03
9.936754107475280762e-01
5.732472054660320282e-03
5.837025237269699574e-04
1.002361159771680832e-02
1.662837923504412174e-03
5.234869942069053650e-02
4.298667423427104950e-03
4.523126408457756042e-04
1.488032471388578415e-02
6.480095442384481430e-03
6.634823977947235107e-03
3.030685009434819221e-03
8.417565375566482544e-03
1.981258392333984375e-02
2.209253609180450439e-03
9.948977828025817871e-01
1.522553265094757080e-01
7.771894335746765137e-03
5.342676886357367039e-04
4.736865870654582977e-03
9.112533734878525138e-05
1.639581169001758099e-03
3.318431973457336426e-01
5.204285029321908951e-03
1.635928638279438019e-04
2.643770538270473480e-03
3.988549578934907913e-04
4.066874273121356964e-03
3.031188063323497772e-02
7.784308195114135742e-01
1.272730645723640919e-03
5.043877754360437393e-03
7.591148465871810913e-02
1.653547212481498718e-02
9.784535169601440430e-01
1.073102094233036041e-02
1.123122349381446838e-01
2.797392010688781738e-02
9.962782496586441994e-04
5.122207570821046829e-03
2.120925299823284149e-02
2.440395653247833252e-01
2.659136662259697914e-03
9.819546248763799667e-04
8.508993387222290039e-01
1.011195476166903973e-03
1.459674164652824402e-02
1.518666651099920273e-02
2.494811778888106346e-03
3.270855173468589783e-03
3.978512808680534363e-02
1.496057026088237762e-03
7.475597783923149109e-03
1.283513265661895275e-03
1.567982835695147514e-03
6.082396721467375755e-04
6.452747620642185211e-03
6.439964473247528076e-02
1.450319122523069382e-02
1.816576719284057617e-02
5.847616195678710938e-01
5.003800988197326660e-02
2.549533843994140625e-01
6.382768973708152771e-03
3.398551372811198235e-03
3.484799992293119431e-03
2.130166254937648773e-02
2.056060731410980225e-01
7.218035403639078140e-03
6.773437857627868652e-01
1.016607731580734253e-01
8.546285033226013184e-01
7.628848552703857422e-01
5.846165586262941360e-03
3.176299622282385826e-03
2.061388269066810608e-02
8.073724508285522461e-01
1.986580668017268181e-03
3.886883147060871124e-03
1.163563109003007412e-03
1.921764202415943146e-02
2.546274065971374512e-01
3.727041184902191162e-01
1.218052506446838379e-01
3.408613381907343864e-03
7.534275203943252563e-02
7.856253534555435181e-03
9.628589153289794922e-01
1.434208679711446166e-04
4.926277324557304382e-02
1.856494229286909103e-03
2.230817481176927686e-04
1.654673716984689236e-03
7.921814918518066406e-03
1.268454361706972122e-03
7.482250928878784180e-01
9.930543303489685059e-01
9.728401303291320801e-01
2.208274044096469879e-02
1.757697435095906258e-03
1.138912700116634369e-02
2.532726386561989784e-03
1.938583212904632092e-03
9.144023642875254154e-04
1.772916503250598907e-02
2.465186826884746552e-02
4.205193836241960526e-03
2.137044221162796021e-01
2.792014181613922119e-02
1.408743672072887421e-03
6.423167884349822998e-03
1.232922356575727463e-02
3.151559829711914062e-02
7.773199584335088730e-03
4.596756771206855774e-02
2.734920999500900507e-04
5.218455791473388672e-01
4.849671968258917332e-04
3.821037244051694870e-03
1.421254780143499374e-02
3.902968950569629669e-03
5.736048915423452854e-04
2.526485768612474203e-04
3.547559678554534912e-02
1.380646675825119019e-01
8.392953313887119293e-03
4.872180055826902390e-03
8.165580034255981445e-02
1.037267968058586121e-03
2.337598940357565880e-03
1.543719088658690453e-03
7.543195504695177078e-03
6.474492140114307404e-03
7.499886211007833481e-03
4.300927277654409409e-03
1.012319885194301605e-02
1.998318359255790710e-03
2.621154114603996277e-02
2.810717374086380005e-02
8.691648836247622967e-04
4.004868096671998501e-04
9.776167571544647217e-04
7.199805695563554764e-04
1.496911235153675079e-02
4.977113567292690277e-04
6.552999019622802734e-01
2.041173167526721954e-03
5.869474261999130249e-03
1.471658516675233841e-02
5.606613755226135254e-01
7.454726696014404297e-01
1.174502726644277573e-02
5.356999039649963379e-01
2.819415330886840820e-01
7.396849393844604492e-01
2.320455154404044151e-03
5.116091966629028320e-01
8.347240686416625977e-01
8.113969564437866211e-01
2.102896571159362793e-03
5.765527952462434769e-03
3.583204001188278198e-03
1.353181060403585434e-02
7.128521800041198730e-02
5.336402100510895252e-04
1.407449506223201752e-02
4.696054966188967228e-04
1.648885547183454037e-03
6.085867881774902344e-01
9.937682151794433594e-01
3.090111911296844482e-01
1.805174048058688641e-03
3.265313338488340378e-03
5.244003143161535263e-03
8.602142333984375000e-03
6.297579966485500336e-04
5.271162954159080982e-04
8.064116700552403927e-04
1.687091193161904812e-03
3.257985459640622139e-03
4.656796343624591827e-03
8.099522674456238747e-04
4.887131042778491974e-03
2.397081255912780762e-02
2.718853764235973358e-03
8.869560435414314270e-03
9.790437221527099609e-01
2.220789790153503418e-01
1.443579909391701221e-03
9.733608961105346680e-01
1.565181417390704155e-03
9.988994598388671875e-01
1.966907642781734467e-03
7.892952417023479939e-04
3.934995736926794052e-03
2.971056615933775902e-03
6.458965595811605453e-03
9.132714271545410156e-01
4.462539553642272949e-01
1.182081759907305241e-03
1.067225472070276737e-03
2.421900862827897072e-03
1.975010037422180176e-01
2.613389194011688232e-01
7.963934913277626038e-03
9.941282914951443672e-04
2.917255740612745285e-03
8.467335253953933716e-02
5.224974593147635460e-04
1.205067485570907593e-01
4.753528919536620378e-04
1.024051220156252384e-03
1.174414623528718948e-02
6.852030754089355469e-03
6.852509686723351479e-04
1.205406337976455688e-02
3.791158497333526611e-01
8.749806880950927734e-01
5.136958956718444824e-01
3.245665924623608589e-03
1.075838580727577209e-01
1.489221700467169285e-03
1.264631515368819237e-03
2.790275812149047852e-01
2.067247033119201660e-01
8.548907935619354248e-03
3.661618568003177643e-03
7.701136469841003418e-01
1.304452419281005859e-01
1.004465110599994659e-02
8.469170890748500824e-03
4.764943569898605347e-02
6.872375379316508770e-04
5.670765414834022522e-03
2.915332019329071045e-01
9.140002541244029999e-03
8.065634756349027157e-04
3.068770514801144600e-03
2.267962991027161479e-04
9.543060325086116791e-03
5.746248643845319748e-04
2.726154169067740440e-03
1.544934581033885479e-03
1.628557592630386353e-01
5.170288961380720139e-03
1.685649529099464417e-02
6.320643424987792969e-02
3.141685854643583298e-03
1.590587431564927101e-03
1.169138960540294647e-02
1.930196732282638550e-01
7.045143749564886093e-03
8.180749602615833282e-03
6.928314268589019775e-02
3.319823648780584335e-03
4.030004739761352539e-01
9.049304127693176270e-01
2.408412285149097443e-03
3.027371130883693695e-02
1.292403135448694229e-02
3.107803128659725189e-02
2.168739959597587585e-02
4.537826403975486755e-03
2.961559034883975983e-02
7.103142561390995979e-04
4.296319384593516588e-04
9.883425384759902954e-02
3.459493862465023994e-03
1.746150082908570766e-03
6.173696368932723999e-02
4.003515001386404037e-03
1.473323442041873932e-03
1.560315606184303761e-03
2.407087571918964386e-02
8.416852913796901703e-03
1.029653358273208141e-03
1.696415245532989502e-02
3.262721598148345947e-01
4.114019870758056641e-02
1.878832234069705009e-03
1.245887298136949539e-02
9.699998497962951660e-01
4.330364987254142761e-03
2.139518968760967255e-03
2.667781114578247070e-01
2.233056351542472839e-02
1.764614433050155640e-01
9.902859330177307129e-01
3.287842869758605957e-02
4.208787868265062571e-04
3.185215173289179802e-03
4.239154979586601257e-03
6.467349361628293991e-03
6.927677895873785019e-04
6.171842105686664581e-04
7.672231197357177734e-01
2.284552610944956541e-04
6.714460905641317368e-03
1.004164069890975952e-01
2.297099120914936066e-02
1.355788903310894966e-03
5.171571392565965652e-03
9.989494681358337402e-01
1.579979900270700455e-03
7.687632460147142410e-03
3.195635601878166199e-02
1.569362648297101259e-04
6.205044984817504883e-01
4.269813653081655502e-03
3.704332048073410988e-03
9.360947646200656891e-03
5.320038180798292160e-04
2.383852988714352250e-04
5.348367691040039062e-01
2.349927090108394623e-03
9.086416102945804596e-03
7.300724741071462631e-03
2.843682887032628059e-03
4.165911523159593344e-04
2.196578495204448700e-02
7.337959017604589462e-03
3.511137794703245163e-03
2.469150116667151451e-03
9.303990602493286133e-01
3.191245021298527718e-03
3.647993551567196846e-03
3.162355860695242882e-03
9.857048988342285156e-01
9.733369806781411171e-04
3.942582989111542702e-04
1.084411218762397766e-01
1.094772573560476303e-02
1.706558279693126678e-02
1.925092935562133789e-02
3.630004124715924263e-03
8.453993126749992371e-03
2.902336651459336281e-03
2.521480200812220573e-04
1.737772487103939056e-02
3.809431334957480431e-03
8.645287016406655312e-04
9.988355040550231934e-01
9.993970394134521484e-01
1.593979820609092712e-02
5.353671964257955551e-03
9.392827153205871582e-01
3.073603287339210510e-02
1.606487203389406204e-04
3.810595022514462471e-03
1.663453760556876659e-03
1.612028136150911450e-04
1.461569778621196747e-02
5.946732591837644577e-03
3.473752643913030624e-03
2.072480320930480957e-01
4.222543444484472275e-03
2.024822533130645752e-01
2.042653039097785950e-03
3.747437894344329834e-01
1.576372771523892879e-03
1.735107274726033211e-03
6.873783422634005547e-04
2.488515712320804596e-02
4.332633223384618759e-03
6.338116712868213654e-03
2.127392217516899109e-04
4.059437662363052368e-03
2.674388326704502106e-02
8.034562468528747559e-01
1.278523951768875122e-01
4.548358730971813202e-03
2.153403684496879578e-02
1.797607168555259705e-02
2.000548876821994781e-02
1.979702617973089218e-03
1.588797545991837978e-03
5.535076558589935303e-02
3.694877400994300842e-02
2.040958497673273087e-03
1.394360885024070740e-02
3.243345022201538086e-02
1.812212751246988773e-03
9.018096327781677246e-01
5.964455008506774902e-01
4.319182597100734711e-03
1.682552509009838104e-03
5.205388297326862812e-04
4.621866100933402777e-04
4.623622226063162088e-04
8.694077841937541962e-03
5.080216214992105961e-04
2.556546404957771301e-02
1.721638487651944160e-03
3.558994829654693604e-02
3.870786167681217194e-03
6.215873640030622482e-03
2.576948376372456551e-03
1.690767094260081649e-04
2.000125241465866566e-04
5.993175134062767029e-02
1.297624112339690328e-04
5.390833131968975067e-03
1.347073353826999664e-02
5.224441178143024445e-03
5.872644833289086819e-04
2.474609063938260078e-03
4.688169807195663452e-02
7.331876754760742188e-01
8.741478086449205875e-04
9.983801841735839844e-01
5.026016850024461746e-03
1.421180739998817444e-02
1.276560942642390728e-03
3.832727437838912010e-03
2.042934997007250786e-03
4.833887219429016113e-01
1.234063655138015747e-01
1.034785644151270390e-03
1.952504040673375130e-03
2.024836465716362000e-02
7.861647172830998898e-04
9.401249289512634277e-01
2.597264247015118599e-04
7.211047690361738205e-03
7.490635663270950317e-02
5.887052975594997406e-04
2.407904394203796983e-04
3.559111617505550385e-03
2.340678125619888306e-03
1.571797877550125122e-01
6.948502268642187119e-03
3.580206830520182848e-04
3.512764722108840942e-02
1.952105201780796051e-02
8.126546163111925125e-04
9.997654557228088379e-01
3.159673511981964111e-02
2.035862999036908150e-03
2.275471109896898270e-03
2.147110644727945328e-03
1.478308229707181454e-03
1.000742777250707150e-03
7.709270343184471130e-03
2.023777458816766739e-03
8.491723239421844482e-02
6.547708762809634209e-04
5.193994147703051567e-04
1.193059422075748444e-02
6.249363720417022705e-02
4.521442577242851257e-03
1.292518922127783298e-03
2.126902192831039429e-01
9.991603437811136246e-04
1.970410579815506935e-03
5.379653885029256344e-04
6.716115749441087246e-04
3.991554025560617447e-03
6.696640630252659321e-04
6.730143725872039795e-02
3.996702376753091812e-03
3.794278502464294434e-01
9.298207005485892296e-04
2.172842621803283691e-03
3.992229700088500977e-02
4.199365619570016861e-03
1.898726914077997208e-04
3.108089091256260872e-03
2.087208442389965057e-03
1.340102963149547577e-02
2.545385854318737984e-03
6.004774011671543121e-03
4.435908515006303787e-03
5.879114381968975067e-03
1.193301519379019737e-03
3.530178368091583252e-01
6.374672055244445801e-02
7.967595010995864868e-02
9.520770311355590820e-01
6.773993838578462601e-03
1.157410792075097561e-03
3.079714067280292511e-02
1.078109489753842354e-03
4.856734350323677063e-02
8.372438605874776840e-04
1.851809024810791016e-02
6.882963934913277626e-04
2.800648566335439682e-03
2.681699581444263458e-02
6.620451807975769043e-01
2.600778359919786453e-03
1.468569389544427395e-03
8.672099113464355469e-01
2.316009998321533203e-02
2.364176471019163728e-04
3.949006795883178711e-01
1.067625731229782104e-02
1.296644508838653564e-01
2.468423626851290464e-04
1.884748693555593491e-03
2.173615694046020508e-01
2.435607369989156723e-03
1.141722500324249268e-02
8.785369396209716797e-01
2.287191525101661682e-02
1.663579721935093403e-03
1.507186563685536385e-03
2.201091051101684570e-01
6.080831289291381836e-01
1.396064162254333496e-01
4.004721939563751221e-01
3.718537092208862305e-01
1.677452470175921917e-03
6.764972349628806114e-04
3.063530474901199341e-02
2.723762881942093372e-04
3.446701169013977051e-02
3.275146940723061562e-03
5.730800796300172806e-03
8.441690355539321899e-03
4.371489863842725754e-03
1.113982032984495163e-02
3.480611369013786316e-03
6.423499900847673416e-03
4.344965219497680664e-01
1.337170135229825974e-02
4.725526273250579834e-02
2.844364754855632782e-02
2.170406049117445946e-03
6.454951316118240356e-02
6.061788299120962620e-04
6.614437699317932129e-02
9.563931822776794434e-01
6.101892795413732529e-03
1.118760439567267895e-03
6.422919631004333496e-01
2.064832672476768494e-02
1.726878136396408081e-01
3.541059326380491257e-03
6.433355621993541718e-03
8.612672798335552216e-03
5.000991281121969223e-03
6.958780288696289062e-01
1.452429313212633133e-02
7.341436576098203659e-03
9.748830199241638184e-01
5.649007558822631836e-01
1.513234456069767475e-03
1.937426626682281494e-02
1.157857943326234818e-02
1.300999545492231846e-03
2.793771028518676758e-02
1.035275170579552650e-03
1.191315501928329468e-01
4.516575485467910767e-03
3.156426828354597092e-04
6.315521313808858395e-04
2.276564091444015503e-01
4.153023939579725266e-03
6.486075464636087418e-03
3.202896714210510254e-01
9.944041967391967773e-01
4.332771641202270985e-04
3.146697301417589188e-03
2.584923757240176201e-03
5.455084443092346191e-01
7.183661460876464844e-01
2.638760779518634081e-04
1.312444452196359634e-03
1.181055209599435329e-03
3.071549907326698303e-02
2.226529642939567566e-02
1.722088642418384552e-02
1.864767284132540226e-03
7.031117565929889679e-03
1.029085018672049046e-03
1.246630214154720306e-03
2.783372998237609863e-02
2.427008934319019318e-02
2.184746786952018738e-03
1.132935401983559132e-03
2.394009195268154144e-02
3.762515843845903873e-04
4.553346335887908936e-02
9.785957336425781250e-01
5.805074572563171387e-01
2.192021929658949375e-04
2.934973239898681641e-01
6.913016550242900848e-04
4.557064676191657782e-04
5.035100504755973816e-03
2.444760315120220184e-02
1.184328459203243256e-03
4.191401898860931396e-01
1.414588838815689087e-02
2.045907895080745220e-04
1.955360770225524902e-01
8.263412117958068848e-01
9.933336637914180756e-03
6.624128203839063644e-03
1.949803717434406281e-02
6.366913439705967903e-04
1.762202940881252289e-02
1.494324300438165665e-03
1.070270780473947525e-03
7.709572315216064453e-01
4.619095008820295334e-03
1.428210991434752941e-03
8.422629237174987793e-01
7.642589509487152100e-02
1.463705673813819885e-02
1.613377593457698822e-03
1.394809078192338347e-04
5.031463690102100372e-03
1.724428613670170307e-03
1.038848306052386761e-03
9.980012774467468262e-01
2.880143583752214909e-04
2.388279419392347336e-03
1.007442921400070190e-02
2.241084584966301918e-03
5.959894061088562012e-01
8.141589760780334473e-01
7.912355358712375164e-04
3.535073250532150269e-03
3.653946565464138985e-03
8.049623109400272369e-03
1.652123332023620605e-01
3.880017611663788557e-04
8.118824958801269531e-01
2.559584798291325569e-03
8.896098136901855469e-01
3.698854474350810051e-03
8.084002137184143066e-01
3.075080225244164467e-03
1.564101316034793854e-03
1.630689948797225952e-02
2.128641819581389427e-03
7.386368815787136555e-04
7.992295548319816589e-03
9.940831065177917480e-01
7.843231409788131714e-02
9.251447045244276524e-04
1.924017369747161865e-01
7.043180055916309357e-03
1.394582213833928108e-03
3.723217174410820007e-03
2.927789697423577309e-03
2.013714285567402840e-03
5.877689719200134277e-01
2.809728262946009636e-03
5.844619125127792358e-03
6.091901063919067383e-01
3.445923794060945511e-03
4.459553863853216171e-03
1.631247997283935547e-01
5.887470906600356102e-04
2.941667102277278900e-03
6.169895059429109097e-04
1.322061987593770027e-03
3.334647044539451599e-04
1.662422157824039459e-02
2.321009933948516846e-01
1.361757423728704453e-02
5.660688970237970352e-03
4.800544120371341705e-04
1.714227837510406971e-03
1.286898506805300713e-03
1.606009551323950291e-03
4.114354494959115982e-03
1.326276268810033798e-02
1.104590762406587601e-02
2.338327467441558838e-03
6.843581050634384155e-02
1.128563098609447479e-02
7.226315140724182129e-02
8.962507708929479122e-04
8.793438901193439960e-04
1.941638439893722534e-02
4.604846239089965820e-03
6.446080747991800308e-03
4.011634271591901779e-03
1.781679806299507618e-03
6.288447417318820953e-03
1.467455085366964340e-02
7.164452224969863892e-02
8.835709691047668457e-01
1.563851954415440559e-03
1.149613177403807640e-03
1.388953346759080887e-02
7.918086834251880646e-03
5.026800557971000671e-02
3.420819295570254326e-03
1.439207349903881550e-03
6.198875904083251953e-01
4.879874587059020996e-01
1.758784614503383636e-02
5.328039173036813736e-03
3.389101028442382812e-01
3.286465704441070557e-01
1.220349455252289772e-03
8.676777482032775879e-01
4.238156601786613464e-03
2.437618328258395195e-03
5.838597426190972328e-04
1.180518069304525852e-03
1.116834813728928566e-03
9.984760880470275879e-01
3.177146892994642258e-03
4.451727867126464844e-02
2.070215065032243729e-03
1.100651337765157223e-03
6.110149621963500977e-02
5.944459885358810425e-02
1.746038347482681274e-01
3.240800928324460983e-03
1.710680685937404633e-02
6.570065161213278770e-04
6.596794724464416504e-01
9.789963960647583008e-01
2.123877929989248514e-04
1.979942899197340012e-03
5.737081766128540039e-01
5.685858726501464844e-01
2.435039728879928589e-03
1.528795342892408371e-02
1.150564849376678467e-02
1.112083904445171356e-03
1.694511808454990387e-02
5.621443851850926876e-04
4.676565993577241898e-03
1.591243967413902283e-02
3.818548575509339571e-04
2.653443515300750732e-01
1.578339003026485443e-02
1.910681487061083317e-03
1.455237506888806820e-03
4.154219292104244232e-03
2.115753712132573128e-03
3.629467636346817017e-02
1.411821693181991577e-01
3.861847519874572754e-01
6.583512760698795319e-03
3.679976798593997955e-04
5.888461600989103317e-04
1.037480891682207584e-03
3.011803375557065010e-03
1.678589149378240108e-03
6.336683779954910278e-02
2.024519024416804314e-03
9.656257182359695435e-02
1.433102041482925415e-02
7.627895101904869080e-04
2.304874546825885773e-02
1.355581101961433887e-03
1.004847930744290352e-03
3.458285355009138584e-04
9.468392729759216309e-01
9.943829774856567383e-01
8.945243433117866516e-03
9.425153136253356934e-01
9.279391379095613956e-04
4.746481426991522312e-04
5.036451220512390137e-01
6.885045208036899567e-03
8.482476696372032166e-04
9.668940305709838867e-01
3.838090896606445312e-01
1.218883842229843140e-01
2.349555790424346924e-01
7.656960282474756241e-03
3.834622912108898163e-03
1.643037772737443447e-03
1.685129478573799133e-03
2.615054138004779816e-03
1.470346748828887939e-02
7.114838957786560059e-01
6.899359286762773991e-04
7.331214845180511475e-02
3.769889939576387405e-03
9.712842106819152832e-01
3.651153445243835449e-01
8.221734315156936646e-03
9.931361675262451172e-01
1.797541510313749313e-03
2.754660882055759430e-02
3.605552017688751221e-03
4.299664869904518127e-04
2.185267210006713867e-01
7.217222359031438828e-03
1.269279862754046917e-03
1.433828379958868027e-03
2.254924038425087929e-03
4.941555205732584000e-03
1.673495583236217499e-02
8.430499001406133175e-04
7.151549682021141052e-03
2.323091179132461548e-01
3.034381428733468056e-03
1.664081029593944550e-02
4.183286800980567932e-03
7.733373786322772503e-04
5.136124673299491405e-04
1.539189834147691727e-02
9.836841821670532227e-01
1.766084693372249603e-03
7.304701209068298340e-02
3.325717058032751083e-03
2.368155121803283691e-01
4.964380059391260147e-04
8.390132337808609009e-03
1.766493171453475952e-02
2.827691845595836639e-02
3.884731326252222061e-03
1.882619112730026245e-01
2.263478562235832214e-02
8.388277638005092740e-05
8.585506118834018707e-03
5.101390415802598000e-04
1.237155050039291382e-01
3.628607690334320068e-01
4.597296938300132751e-03
1.508241170085966587e-03
5.577113479375839233e-03
3.963272902183234692e-04
7.504449486732482910e-01
1.400882494635879993e-03
9.844318777322769165e-02
4.921527206897735596e-02
1.758390222676098347e-03
3.322415053844451904e-02
1.241175457835197449e-03
6.535972654819488525e-02
2.917162841185927391e-03
2.218509279191493988e-02
1.020973697304725647e-01
3.092546947300434113e-03
3.426468756515532732e-04
5.448070354759693146e-03
1.260860171169042587e-02
1.360058668069541454e-03
1.190083450637757778e-03
2.044236985966563225e-03
7.487379480153322220e-04
8.842058181762695312e-01
4.472321271896362305e-02
3.335338784381747246e-03
4.180961847305297852e-02
3.140674903988838196e-03
1.080371737480163574e-01
9.120982885360717773e-01
3.376002889126539230e-03
4.529555141925811768e-02
2.602027961984276772e-03
2.359192669391632080e-01
1.409399090334773064e-03
1.706139883026480675e-03
2.453679442405700684e-01
3.240414429455995560e-03
2.767477417364716530e-03
1.252510468475520611e-03
8.478763699531555176e-01
7.332352688536047935e-04
8.733535069040954113e-04
1.628194898366928101e-01
7.342944387346506119e-03
3.896402777172625065e-04
3.737282007932662964e-03
1.516116084530949593e-03
9.648475050926208496e-01
1.842685625888407230e-03
1.876024752855300903e-01
2.065627370029687881e-03
1.373369595967233181e-04
1.360595575533807278e-03
4.380044713616371155e-02
7.621491327881813049e-03
1.456215512007474899e-03
5.736666917800903320e-02
1.146885100752115250e-02
1.865860223770141602e-01
7.029651314951479435e-04
8.670547604560852051e-01
2.009175252169370651e-03
3.101265616714954376e-02
7.341847522184252739e-04
3.856279188767075539e-03
5.074624437838792801e-03
1.684761256910860538e-03
2.011765463976189494e-04
8.554860353469848633e-01
4.789901897311210632e-03
1.267523271963000298e-03
2.344121038913726807e-01
3.964543715119361877e-02
6.428587250411510468e-03
7.175975441932678223e-01
1.137599116191267967e-03
2.213739976286888123e-02
9.478185325860977173e-03
3.084897762164473534e-04
5.495457910001277924e-03
6.882544257678091526e-04
2.079719118773937225e-02
8.020088821649551392e-02
8.257033675909042358e-02
8.554730564355850220e-03
3.330115079879760742e-01
1.509576686657965183e-03
6.254030158743262291e-04
6.506572011858224869e-03
1.466781715862452984e-03
1.712898258119821548e-03
5.895602703094482422e-01
9.393065120093524456e-04
2.144168317317962646e-02
1.505250297486782074e-02
9.628529548645019531e-01
2.478001639246940613e-03
1.951025985181331635e-02
9.569387766532599926e-04
5.168589949607849121e-02
3.698875429108738899e-03
6.132494891062378883e-04
5.142951267771422863e-04
1.863192534074187279e-03
2.286794781684875488e-01
4.941958002746105194e-03
5.163447465747594833e-03
6.414686329662799835e-03
4.078705329447984695e-03
6.897554267197847366e-03
2.417341433465480804e-02
6.358534097671508789e-03
7.369581609964370728e-03
5.392590537667274475e-02
2.641773899085819721e-04
6.039104773662984371e-04
1.131068216636776924e-03
2.992457477375864983e-03
7.310119271278381348e-02
2.753020636737346649e-02
4.397295881062746048e-03
1.405881484970450401e-03
1.579564064741134644e-02
1.109536853618919849e-03
9.563413448631763458e-03
9.800921380519866943e-02
2.153247129172086716e-03
4.293800331652164459e-03
3.217424731701612473e-03
2.121648285537958145e-03
2.823144430294632912e-03
8.880802430212497711e-03
3.490766277536749840e-03
8.657357655465602875e-03
1.748920069076120853e-03
2.065578289330005646e-02
6.539545208215713501e-02
1.889846287667751312e-03
7.826016284525394440e-03
3.465286863502115011e-04
1.199982129037380219e-03
1.716677565127611160e-03
3.479814529418945312e-01
5.056534707546234131e-02
4.610306932590901852e-04
8.716874755918979645e-03
9.873586297035217285e-01
4.090273752808570862e-03
9.950658082962036133e-01
9.299023151397705078e-01
3.911570238415151834e-04
6.464013364166021347e-03
2.212267369031906128e-02
2.720143180340528488e-03
1.268403977155685425e-01
1.625402015633881092e-03
4.763172473758459091e-03
2.071384713053703308e-02
2.768384292721748352e-03
6.104081985540688038e-04
8.290888741612434387e-03
3.741062013432383537e-03
4.149623960256576538e-02
1.783888600766658783e-02
7.491940166801214218e-03
1.719828229397535324e-03
6.292553544044494629e-01
2.567887306213378906e-02
1.010818686336278915e-02
1.341200899332761765e-03
4.772741813212633133e-03
2.216415107250213623e-01
1.970332711935043335e-01
1.747204340063035488e-03
7.791571319103240967e-02
1.540136802941560745e-02
1.926676952280104160e-03
7.782330513000488281e-01
6.594661623239517212e-03
3.015923080965876579e-03
6.736310571432113647e-02
6.214622259140014648e-01
3.818444535136222839e-02
5.781850218772888184e-01
2.280664630234241486e-03
2.449797093868255615e-02
1.543025486171245575e-03
8.458988741040229797e-04
1.958672553300857544e-01
2.964919060468673706e-02
4.820210337638854980e-01
4.005601163953542709e-03
9.837219119071960449e-01
1.695874147117137909e-03
8.348022587597370148e-03
4.225835576653480530e-02
1.546224486082792282e-02
3.047397360205650330e-03
4.906471073627471924e-02
3.500645607709884644e-02
4.330809228122234344e-03
1.919946447014808655e-02
9.852395057678222656e-01
1.426713075488805771e-03
3.989074320998042822e-04
9.294279152527451515e-04
9.650844731368124485e-04
3.585685491561889648e-01
6.934031844139099121e-04
5.801423452794551849e-03
1.652534934692084789e-03
8.412862196564674377e-03
2.937560901045799255e-03
1.108450591564178467e-01
6.472422275692224503e-03
1.168546965345740318e-03
7.386338114738464355e-01
1.489220410585403442e-01
1.750197494402527809e-03
9.422616101801395416e-03
4.397888667881488800e-03
4.881609231233596802e-02
5.022672470659017563e-03
5.971286892890930176e-01
6.987842172384262085e-02
3.963316790759563446e-03
7.598979282192885876e-04
2.688233181834220886e-02
6.193074863404035568e-03
1.872382313013076782e-02
1.384387724101543427e-02
1.512749702669680119e-03
4.399885423481464386e-03
1.342212897725403309e-03
8.599861860275268555e-01
6.754939258098602295e-02
5.527689121663570404e-03
1.042273491621017456e-01
2.399361729621887207e-01
3.354127286002039909e-03
3.486367166042327881e-01
1.501794904470443726e-03
6.734538823366165161e-03
7.697205292060971260e-04
1.409479826688766479e-01
1.971120713278651237e-03
2.876465022563934326e-01
2.415057388134300709e-04
2.912372350692749023e-02
2.794769825413823128e-03
8.828429505228996277e-03
1.023938530124723911e-03
2.674885559827089310e-03
5.542361177504062653e-03
9.596508927643299103e-03
9.837548136711120605e-01
5.555778741836547852e-01
4.013480793219059706e-04
2.543223500251770020e-01
7.130854763090610504e-03
7.512898300774395466e-04
2.949847374111413956e-03
4.844340146519243717e-04
8.844253420829772949e-01
1.151927635073661804e-01
1.436089281924068928e-03
6.168363615870475769e-04
6.151345092803239822e-03
7.611706387251615524e-04
1.485949906054884195e-04
4.292868252377957106e-04
9.854266047477722168e-02
1.035526744090020657e-03
9.527249261736869812e-03
4.604538436979055405e-03
4.909408837556838989e-02
2.908967733383178711e-01
5.232193470001220703e-01
3.291476750746369362e-04
3.134082071483135223e-03
5.581111460924148560e-02
5.720924958586692810e-02
3.806594526395201683e-03
3.697281936183571815e-03
5.904070567339658737e-03
1.582864671945571899e-02
4.960656166076660156e-03
6.494474946521222591e-04
6.678040372207760811e-04
5.013247020542621613e-03
4.381044767796993256e-03
1.040863916277885437e-01
2.310580015182495117e-02
2.330779470503330231e-02
3.059187671169638634e-03
1.775557361543178558e-02
4.503663629293441772e-03
2.611642889678478241e-02
3.641111254692077637e-01
1.816670759581029415e-03
1.625317498110234737e-03
1.169213373214006424e-02
2.485290402546525002e-03
4.973625838756561279e-01
1.228643860667943954e-02
2.242659330368041992e-01
2.400196855887770653e-03
2.389328181743621826e-01
1.293944120407104492e-01
7.855187170207500458e-03
2.687916532158851624e-02
3.789365524426102638e-03
2.809300553053617477e-03
8.196387789212167263e-04
2.040819227695465088e-01
1.341947005130350590e-03
7.120638489723205566e-01
1.850688457489013672e-02
1.754642813466489315e-03
7.725842879153788090e-04
2.228984376415610313e-03
2.043306827545166016e-02
5.602135062217712402e-01
3.506759647279977798e-03
4.164804238826036453e-03
3.295329224783927202e-04
3.423704300075769424e-03
3.556085750460624695e-03
6.859948039054870605e-01
1.290044165216386318e-04
5.005889688618481159e-04
1.368608772754669189e-01
2.497632522135972977e-04
9.502789378166198730e-02
1.222902443259954453e-02
2.888853196054697037e-04
6.149118021130561829e-02
2.349849045276641846e-02
2.206463599577546120e-03
1.836128300055861473e-03
1.313670072704553604e-03
2.726822160184383392e-03
5.812462419271469116e-02
1.152543351054191589e-02
4.842281341552734375e-03
7.048429921269416809e-03
2.951699309051036835e-03
3.292920591775327921e-04
2.455930458381772041e-03
9.973322153091430664e-01
1.779757440090179443e-03
6.033062934875488281e-02
3.252039896324276924e-03
2.378008328378200531e-03
9.115218184888362885e-03
1.531791500747203827e-02
1.578811742365360260e-02
5.005013663321733475e-04
2.237000502645969391e-03
2.038236940279603004e-03
1.335946563631296158e-02
6.291265599429607391e-04
3.202829044312238693e-03
2.062725834548473358e-03
4.463411867618560791e-02
2.987078391015529633e-02
1.711607910692691803e-02
2.438419178361073136e-04
9.986723661422729492e-01
3.789244452491402626e-03
8.932196497917175293e-01
3.656823828350752592e-04
2.714755712077021599e-03
8.736092597246170044e-03
6.709425244480371475e-03
7.411219412460923195e-04
2.007866054773330688e-01
5.121826529502868652e-01
9.997938275337219238e-01
3.620350360870361328e-02
8.011065423488616943e-03
9.063698962563648820e-05
8.166810274124145508e-01
2.701980527490377426e-03
1.687133684754371643e-03
2.540311403572559357e-02
6.566053256392478943e-03
2.659507154021412134e-04
4.159941803663969040e-03
3.398719243705272675e-03
1.647598692215979099e-03
1.000305358320474625e-02
5.922245909459888935e-04
2.869880991056561470e-03
5.876336712390184402e-03
4.328975453972816467e-03
3.367877900600433350e-01
4.135023802518844604e-02
1.012813113629817963e-02
2.802020637318491936e-03
4.654009826481342316e-03
1.449557254090905190e-03
5.507447719573974609e-01
8.449445478618144989e-03
5.119979977607727051e-01
1.402175170369446278e-03
3.597998293116688728e-03
5.099138710647821426e-03
3.087495453655719757e-03
9.882071614265441895e-01
3.139688633382320404e-04
2.127383922925218940e-04
1.775461714714765549e-03
9.291099905967712402e-01
2.261936850845813751e-02
3.937861919403076172e-01
8.835225552320480347e-02
2.105579152703285217e-02
3.426907658576965332e-01
2.961161546409130096e-03
6.170047447085380554e-03
2.989055123180150986e-03
2.061449922621250153e-02
4.898176789283752441e-01
1.460334807634353638e-01
4.179434850811958313e-03
1.119359629228711128e-03
1.217830809764564037e-03
1.597790746018290520e-03
1.116048358380794525e-02
1.541725592687726021e-03
6.261439621448516846e-02
7.939999341033399105e-04
9.813434444367885590e-04
9.584739455021917820e-04
4.034707322716712952e-03
2.851747348904609680e-02
1.642817072570323944e-02
1.085518859326839447e-02
4.871020093560218811e-02
9.609402157366275787e-03
6.615073652938008308e-04
1.062195980921387672e-03
6.711831665597856045e-04
1.238046446815133095e-03
9.276849627494812012e-01
7.638271199539303780e-04
7.255018688738346100e-03
9.515283629298210144e-03
5.823332816362380981e-02
2.116814022883772850e-03
3.926214296370744705e-03
6.590839475393295288e-03
1.329604303464293480e-03
1.441325061023235321e-03
3.853582311421632767e-03
3.304948564618825912e-03
5.306637659668922424e-02
3.666316857561469078e-03
2.664381265640258789e-02
1.153151970356702805e-02
1.574486959725618362e-03
7.702575325965881348e-01
5.452059558592736721e-04
9.396858215332031250e-01
1.211309339851140976e-03
8.639443665742874146e-03
4.816622938960790634e-03
1.058147102594375610e-02
8.819946646690368652e-01
8.074878714978694916e-03
1.086357422173023224e-02
5.129938013851642609e-03
4.564456176012754440e-03
8.149831742048263550e-02
1.840279549360275269e-01
1.205721753649413586e-03
1.677869074046611786e-02
1.454388648271560669e-01
2.725417912006378174e-01
4.390968941152095795e-03
2.968249656260013580e-02
1.332164369523525238e-02
6.374442018568515778e-04
6.714142858982086182e-02
8.442361839115619659e-03
8.840793161652982235e-04
2.985176863148808479e-03
6.044576410204172134e-03
1.027038437314331532e-03
2.078285906463861465e-03
5.513700842857360840e-01
9.828393347561359406e-03
7.909490959718823433e-04
4.692220245487987995e-04
6.004150491207838058e-03
3.596428432501852512e-04
1.330978423357009888e-02
8.016553474590182304e-04
6.073432741686701775e-04
2.357811667025089264e-03
1.649792422540485859e-03
3.235010057687759399e-02
1.387326046824455261e-02
2.900675870478153229e-03
2.290751226246356964e-02
1.433042227290570736e-03
5.109990835189819336e-01
7.256636861711740494e-03
1.225253008306026459e-02
2.408711239695549011e-02
1.796183548867702484e-02
9.975360631942749023e-01
6.091838479042053223e-01
9.007281623780727386e-04
1.108531933277845383e-02
6.117655895650386810e-03
1.619988237507641315e-03
6.140092015266418457e-01
1.764622032642364502e-01
8.773081935942173004e-03
2.690246701240539551e-01
3.033166984096169472e-03
2.536953091621398926e-01
7.641945965588092804e-03
2.214237581938505173e-03
1.463454100303351879e-03
7.417488843202590942e-03
1.311732642352581024e-02
5.882894247770309448e-02
1.210801769047975540e-03
2.509255893528461456e-03
2.918593026697635651e-02
4.972689971327781677e-02
6.097345612943172455e-03
3.387941047549247742e-03
2.716444665566086769e-03
6.962634506635367870e-04
7.063672528602182865e-04
5.656021181493997574e-03
3.901790361851453781e-03
1.473540998995304108e-02
2.662501297891139984e-03
8.165155304595828056e-04
5.226004868745803833e-03
1.956152962520718575e-03
5.780709441751241684e-03
1.091494634747505188e-01
2.685907483100891113e-01
1.638678461313247681e-02
8.476033806800842285e-03
1.198988109827041626e-01
1.829525135690346360e-04
1.298071700148284435e-03
2.749156439676880836e-03
1.376569969579577446e-03
5.920703988522291183e-03
3.090567514300346375e-02
2.751660719513893127e-02
1.036002300679683685e-03
6.749141030013561249e-03
3.341526724398136139e-03
1.145252492278814316e-03
1.487905904650688171e-02
8.088249713182449341e-03
2.116486281156539917e-01
3.240505456924438477e-01
1.212335564196109772e-02
3.736502723768353462e-03
3.809928894042968750e-04
2.410952729405835271e-04
1.811964251101016998e-02
8.994044363498687744e-02
1.488140225410461426e-01
1.172978207468986511e-01
2.845172071829438210e-03
1.239958107471466064e-01
2.624116279184818268e-02
5.332612246274948120e-02
9.517588019371032715e-01
7.062166463583707809e-03
2.058944955933839083e-04
2.059080288745462894e-04
1.984058035304769874e-04
6.152229034341871738e-04
3.398497030138969421e-02
6.789999082684516907e-03
9.325100779533386230e-01
3.399764420464634895e-03
9.026186889968812466e-04
5.452288780361413956e-03
1.454400713555514812e-03
1.676019746810197830e-03
1.930398866534233093e-04
4.182104952633380890e-03
4.007384181022644043e-03
4.399943281896412373e-04
7.550627589225769043e-01
8.011004328727722168e-01
6.386239081621170044e-03
3.720528620760887861e-04
3.534402931109070778e-04
2.227865010499954224e-01
1.528456923551857471e-03
3.058472415432333946e-03
2.199219912290573120e-02
8.326770621351897717e-04
5.913075059652328491e-02
1.109881773591041565e-01
4.978375509381294250e-03
6.064712535589933395e-03
1.273663132451474667e-03
3.290066495537757874e-03
2.714075671974569559e-04
1.179266441613435745e-02
7.156547904014587402e-01
7.253509247675538063e-04
3.266491368412971497e-02
4.234368912875652313e-03
1.391298370435833931e-03
7.903270423412322998e-02
6.831790804862976074e-01
1.302611432038247585e-03
2.035683952271938324e-02
2.590696141123771667e-02
1.475111232139170170e-03
1.471803151071071625e-02
1.995925093069672585e-03
1.482987869530916214e-02
1.396666280925273895e-03
2.326288074254989624e-01
7.336219400167465210e-02
3.113354032393544912e-04
8.970034867525100708e-02
1.185353025794029236e-01
2.899546409025788307e-03
3.556362818926572800e-03
4.471913445740938187e-03
2.515393495559692383e-01
3.766191657632589340e-03
3.036223817616701126e-03
1.346448715776205063e-02
1.046159788966178894e-01
4.914539754390716553e-01
9.894362688064575195e-01
3.709426615387201309e-03
2.694225404411554337e-03
6.988531677052378654e-04
2.151567488908767700e-03
8.729657158255577087e-03
1.450198292732238770e-01
3.571600187569856644e-03
6.871668156236410141e-04
3.306208411231637001e-03
9.862176775932312012e-01
1.104703871533274651e-03
3.747766371816396713e-03
3.672170452773571014e-03
5.746363196521997452e-03
5.544677842408418655e-04
6.616934537887573242e-01
8.816405897960066795e-04
2.205068944022059441e-03
6.776188313961029053e-02
1.084349118173122406e-02
8.803696837276220322e-04
8.511665277183055878e-03
1.117141917347908020e-01
6.110325083136558533e-02
3.201991785317659378e-03
9.910563006997108459e-03
4.358078353106975555e-03
5.045770853757858276e-02
4.362864885479211807e-03
6.047658971510827541e-04
6.562051363289356232e-03
2.344452543184161186e-03
9.712309692986309528e-04
4.116595722734928131e-03
1.062288228422403336e-02
2.587239490821957588e-03
5.748311057686805725e-03
4.787477198988199234e-03
6.061565945856273174e-04
5.606635212898254395e-01
2.357342690229415894e-01
4.620289895683526993e-03
8.052570745348930359e-03
8.295286297798156738e-01
2.131902379915118217e-03
1.073835268616676331e-01
7.141319662332534790e-02
7.265373715199530125e-04
1.583389588631689548e-03
2.079516707453876734e-04
2.303776144981384277e-02
2.899670274928212166e-03
7.797307334840297699e-03
1.784585416316986084e-02
2.109388587996363640e-03
2.109196037054061890e-03
5.040447227656841278e-03
3.850712906569242477e-03
1.527638547122478485e-02
6.052216049283742905e-03
7.879903316497802734e-01
3.281451063230633736e-03
1.417514402419328690e-02
1.746426802128553391e-03
3.433001926168799400e-03
5.162203218787908554e-03
1.700269989669322968e-03
5.540947429835796356e-03
3.141787368804216385e-03
3.504730015993118286e-02
3.525754669681191444e-03
1.472102594561874866e-03
3.927105572074651718e-03
7.361583993770182133e-04
1.364490017294883728e-03
6.957298610359430313e-04
3.173441393300890923e-03
3.736820816993713379e-01
4.399324534460902214e-04
3.910322673618793488e-03
7.651679515838623047e-01
4.655149765312671661e-03
1.409137062728404999e-02
8.233338594436645508e-04
4.290295764803886414e-02
8.653037250041961670e-03
2.803275361657142639e-02
2.088019857183098793e-03
4.880795627832412720e-02
8.835872635245323181e-03
1.888290792703628540e-02
2.791835286188870668e-04
1.764512999216094613e-04
1.522213569842278957e-03
2.162424847483634949e-03
1.124380715191364288e-02
4.619082319550216198e-04
2.079037483781576157e-03
7.027642726898193359e-01
2.132489607902243733e-04
4.443238303065299988e-02
9.314150083810091019e-04
9.829642176628112793e-01
1.051715080393478274e-04
1.151422038674354553e-02
3.173686098307371140e-03
9.064331650733947754e-03
8.081807196140289307e-02
6.408358924090862274e-03
1.675740927457809448e-01
1.576099172234535217e-02
4.714020714163780212e-02
3.279560059309005737e-02
3.199256316293030977e-04
5.095351953059434891e-04
1.163010718300938606e-03
1.785042113624513149e-03
1.642036135308444500e-03
2.686867257580161095e-03
7.906907796859741211e-01
8.181362599134445190e-02
2.232450759038329124e-03
5.105879623442888260e-03
4.310867283493280411e-03
7.352132815867662430e-03
5.296133086085319519e-02
1.009195446968078613e-01
2.276462316513061523e-02
6.909869989613071084e-05
9.774942882359027863e-04
4.416417214088141918e-04
4.155922215431928635e-03
2.567834258079528809e-01
9.346579201519489288e-03
1.024635788053274155e-02
2.760311365127563477e-01
3.569653630256652832e-02
7.983268499374389648e-01
2.771195024251937866e-02
9.314290946349501610e-05
1.030696672387421131e-03
8.038282990455627441e-01
5.840197554789483547e-04
4.529783967882394791e-03
2.249467943329364061e-04
3.995820879936218262e-02
1.232209498994052410e-03
4.607343871612101793e-04
2.926644170656800270e-03
1.364469761028885841e-03
5.539376288652420044e-03
4.172082990407943726e-02
2.183622214943170547e-03
7.096592453308403492e-04
4.712264519184827805e-03
3.002842143177986145e-02
4.673752468079328537e-03
5.617793183773756027e-03
9.981312789022922516e-03
2.295216359198093414e-02
5.074224900454282761e-04
2.334729535505175591e-03
9.990529417991638184e-01
9.966968297958374023e-01
3.551776288077235222e-03
1.011730208992958069e-01
4.601658508181571960e-02
6.424099206924438477e-03
9.825149774551391602e-01
9.254383444786071777e-01
5.778952315449714661e-02
1.835665199905633926e-03
1.178683415055274963e-01
4.168828483670949936e-03
6.306936964392662048e-03
1.608767807483673096e-01
9.764883518218994141e-01
5.594423855654895306e-04
7.269890513271093369e-03
2.630032226443290710e-02
9.992418289184570312e-01
1.121310796588659286e-02
4.115574061870574951e-02
2.094216179102659225e-03
2.018668800592422485e-01
3.703618049621582031e-02
1.358961407095193863e-02
1.412937976419925690e-02
2.165808575227856636e-03
1.519236247986555099e-04
1.947651384398341179e-03
2.083566971123218536e-02
2.036347519606351852e-03
2.214602380990982056e-02
1.799710839986801147e-02
2.218520967289805412e-03
6.197508424520492554e-03
3.257502336055040359e-03
3.123807488009333611e-03
7.734292149543762207e-01
8.885957300662994385e-03
3.209437131881713867e-01
7.420496344566345215e-01
1.277751177549362183e-01
1.030771760269999504e-03
3.712321398779749870e-03
5.105490563437342644e-04
1.109984121285378933e-03
6.315307226032018661e-03
5.310449600219726562e-01
6.279447115957736969e-03
2.536337706260383129e-04
3.208165871910750866e-04
9.447013586759567261e-02
1.043194206431508064e-03
3.180456405971199274e-04
7.247796747833490372e-03
3.573279536794871092e-04
1.115939347073435783e-03
8.135328971548005939e-05
2.245910232886672020e-03
9.540097713470458984e-01
2.687091231346130371e-01
2.624134123325347900e-01
8.275477290153503418e-01
5.236026830971240997e-03
3.167113661766052246e-02
3.692007623612880707e-03
8.360954816453158855e-04
1.204903330653905869e-02
2.450916916131973267e-02
7.840925827622413635e-03
2.877342281863093376e-03
3.537252545356750488e-03
8.250071108341217041e-02
6.557468771934509277e-01
1.559326145797967911e-02
2.618708088994026184e-02
1.889287680387496948e-01
1.135840453207492828e-02
3.709922893904149532e-04
4.364151060581207275e-01
1.745040499372407794e-04
2.549418807029724121e-01
1.298317103646695614e-03
2.572921104729175568e-02
9.082693606615066528e-03
2.765869796276092529e-01
2.019432839006185532e-03
2.264247741550207138e-03
1.084216521121561527e-03
6.663799285888671875e-04
2.170161576941609383e-03
1.075991801917552948e-02
1.027712831273674965e-03
8.614836842752993107e-04
2.173191169276833534e-03
5.629421793855726719e-04
3.277124091982841492e-02
6.461654556915163994e-04
2.514693187549710274e-04
2.151720924302935600e-03
3.719873726367950439e-02
1.035983208566904068e-02
1.900241040857508779e-04
7.639629244804382324e-01
6.486053462140262127e-04
2.766359411180019379e-02
9.473056793212890625e-01
5.297874659299850464e-02
2.681699814274907112e-03
1.748397387564182281e-02
3.699161810800433159e-03
5.518082529306411743e-03
3.845213949680328369e-01
1.247450942173600197e-03
7.943253032863140106e-03
6.795348227024078369e-02
9.296984672546386719e-01
9.107617079280316830e-04
4.488839209079742432e-02
9.650926804170012474e-04
3.365528881549835205e-01
7.849688408896327019e-04
1.286331797018647194e-03
4.662911407649517059e-03
1.656338921748101711e-03
1.441587344743311405e-03
2.244483493268489838e-02
6.233867257833480835e-02
9.848271608352661133e-01
2.026906795799732208e-02
6.631655693054199219e-01
4.702370762825012207e-01
9.134967112913727760e-04
3.792406991124153137e-03
5.705652874894440174e-04
3.200153820216655731e-03
5.264464998617768288e-04
6.921165436506271362e-02
9.969938993453979492e-01
2.618576399981975555e-03
1.980589330196380615e-01
3.073595697060227394e-03
1.977582648396492004e-02
1.922858506441116333e-02
2.462424745317548513e-04
1.853957921266555786e-01
2.154707442969083786e-03
2.087594330077990890e-04
4.199564456939697266e-01
1.364702358841896057e-03
9.069733321666717529e-03
1.726540178060531616e-02
8.239317536354064941e-01
1.472597592510282993e-03
2.303889486938714981e-04
1.959682442247867584e-03
5.383035633713006973e-03
1.310155494138598442e-04
1.987381093204021454e-02
8.872797712683677673e-03
3.046012716367840767e-03
7.479310501366853714e-03
2.084056468447670341e-04
3.439283464103937149e-03
6.241673836484551430e-04
9.051569551229476929e-02
2.471279166638851166e-02
8.429967761039733887e-01
1.199759310111403465e-03
2.866644877940416336e-03
7.263767123222351074e-01
4.164929687976837158e-01
9.690750157460570335e-04
7.635858375579118729e-03
1.299944519996643066e-02
2.626987698022276163e-04
1.791920661926269531e-01
1.773927942849695683e-04
1.431255484931170940e-03
3.748384304344654083e-03
2.701208926737308502e-02
4.983028629794716835e-04
1.206224784255027771e-03
3.577680326998233795e-04
7.520067039877176285e-03
1.575214266777038574e-01
2.359065925702452660e-03
6.597642786800861359e-03
2.382018975913524628e-02
3.478113096207380295e-03
1.342731900513172150e-02
1.781074330210685730e-02
8.401644229888916016e-01
1.367972493171691895e-01
2.119446638971567154e-03
1.710028853267431259e-03
1.642469502985477448e-02
1.805506646633148193e-03
3.788112662732601166e-03
2.576169092208147049e-03
1.518532540649175644e-02
5.986046418547630310e-02
2.251400426030158997e-02
2.403722144663333893e-02
3.736293409019708633e-03
3.494462370872497559e-01
8.749332278966903687e-02
7.805320434272289276e-03
2.674646442756056786e-03
1.034720800817012787e-02
6.977326869964599609e-01
9.541615843772888184e-01
1.281144446693360806e-03
6.153000593185424805e-01
1.171831390820443630e-03
1.352697424590587616e-02
7.748811841011047363e-01
9.240776300430297852e-03
1.269558630883693695e-02
2.982385223731398582e-03
2.092937938868999481e-03
7.268987246789038181e-05
5.752844735980033875e-03
4.762146621942520142e-03
2.824889309704303741e-02
6.422975566238164902e-04
2.321095671504735947e-03
5.609882064163684845e-04
3.376217791810631752e-03
1.900482224300503731e-03
6.190627440810203552e-02
1.216618577018380165e-03
1.200200989842414856e-03
8.895738981664180756e-03
1.677447557449340820e-02
3.438874846324324608e-03
1.527612060308456421e-01
1.131069511175155640e-01
5.321177653968334198e-03
7.075098110362887383e-04
1.009336439892649651e-03
3.134353319182991982e-04
9.259406924247741699e-01
1.245688460767269135e-02
5.752284452319145203e-02
2.892372664064168930e-03
6.808469537645578384e-03
9.997469782829284668e-01
2.687258820515125990e-04
6.687357672490179539e-04
9.993677735328674316e-01
1.787552842870354652e-03
8.626625686883926392e-02
2.340393140912055969e-03
1.264464110136032104e-03
2.586575038731098175e-02
9.827918410301208496e-01
4.669682681560516357e-02
1.103981025516986847e-02
3.870083950459957123e-03
4.457967877388000488e-01
2.790480852127075195e-03
2.896292209625244141e-01
6.466492265462875366e-02
2.992527559399604797e-02
4.424260258674621582e-01
4.070052504539489746e-01
3.999852575361728668e-03
9.951901435852050781e-01
9.746542200446128845e-04
9.098367299884557724e-04
1.387558225542306900e-02
8.774288929998874664e-03
8.047132492065429688e-01
6.382415536791086197e-03
2.979805693030357361e-03
1.448185765184462070e-03
5.271353293210268021e-03
3.055663080886006355e-03
9.930495023727416992e-01
5.874949321150779724e-02
2.086821012198925018e-03
2.431915700435638428e-02
4.185177851468324661e-03
1.228448823094367981e-01
1.311049563810229301e-03
6.951885819435119629e-01
5.858621001243591309e-01
2.464191317558288574e-01
1.761380815878510475e-03
2.392110787332057953e-02
8.865115814842283726e-04
3.154072212055325508e-03
6.611244380474090576e-02
9.745722413063049316e-01
2.033182187005877495e-03
5.492907017469406128e-03
2.809951256494969130e-04
7.347482605837285519e-04
2.913263067603111267e-02
2.103774342685937881e-03
3.556575858965516090e-03
8.411271497607231140e-03
2.888921881094574928e-04
6.414415314793586731e-03
9.898611307144165039e-01
3.104723803699016571e-02
4.386572632938623428e-03
7.564602419734001160e-04
1.254323571920394897e-01
8.202408207580447197e-04
1.979759708046913147e-02
3.328368300572037697e-03
7.309692446142435074e-04
1.868413295596837997e-03
2.190081140724942088e-04
1.580890966579318047e-03
1.582071781158447266e-01
3.909782040864229202e-03
2.102710455656051636e-01
5.864382255822420120e-03
9.978305697441101074e-01
4.287632182240486145e-03
4.178565461188554764e-03
9.871834889054298401e-03
1.080687274225056171e-03
5.145680308341979980e-01
2.016841666772961617e-03
2.086182683706283569e-02
3.170054988004267216e-04
5.359771847724914551e-02
1.134142745286226273e-02
2.889194583985954523e-04
1.885699923150241375e-03
2.225543837994337082e-03
9.640740752220153809e-01
3.759264051914215088e-01
4.329590797424316406e-01
8.132093399763107300e-02
9.107241034507751465e-01
1.155492383986711502e-03
4.842615453526377678e-04
1.513815950602293015e-03
1.153361145406961441e-02
1.996921841055154800e-03
2.518950104713439941e-01
6.949991732835769653e-02
2.678716778755187988e-01
9.360224604606628418e-01
5.829897709190845490e-04
2.728937892243266106e-03
9.999446868896484375e-01
1.136536244302988052e-02
3.176109492778778076e-02
5.713795777410268784e-03
1.247816532850265503e-02
1.058611320331692696e-03
3.842803835868835449e-02
2.379344776272773743e-03
3.702864050865173340e-01
7.787945866584777832e-02
1.092524677515029907e-01
1.313755929004400969e-04
3.414811566472053528e-03
2.688505686819553375e-03
9.852400049567222595e-03
8.476812839508056641e-01
2.108060289174318314e-03
4.524465203285217285e-01
1.513032009825110435e-03
4.918298125267028809e-01
8.474386297166347504e-03
1.111916426452808082e-04
4.367657750844955444e-02
1.912868767976760864e-02
2.741388678550720215e-01
1.929595950059592724e-03
3.248845227062702179e-03
3.222151845693588257e-02
2.229234902188181877e-03
7.710555102676153183e-03
6.514930631965398788e-03
5.399660672992467880e-03
1.222359612584114075e-01
1.170576899312436581e-03
3.703059861436486244e-03
4.769302438944578171e-03
9.983612895011901855e-01
1.758750993758440018e-03
2.420116513967514038e-01
8.766993996687233448e-04
9.413025691173970699e-04
9.783108830451965332e-01
2.503013424575328827e-02
6.992724956944584846e-04
3.593377303332090378e-03
4.771165549755096436e-01
3.269436303526163101e-03
3.106774529442191124e-03
3.074992913752794266e-03
2.363939071074128151e-03
1.728000305593013763e-02
6.144213024526834488e-03
4.421974997967481613e-03
3.405604977160692215e-03
5.217825528234243393e-03
9.989813715219497681e-02
3.519282443448901176e-03
3.570554777979850769e-02
3.287825966253876686e-04
3.229288384318351746e-02
1.273953705094754696e-03
1.383511070162057877e-02
9.786505252122879028e-03
3.727434435859322548e-03
4.600547254085540771e-03
1.829209213610738516e-04
2.256804890930652618e-02
3.441700013354420662e-03
7.052358984947204590e-01
1.294043846428394318e-03
5.497354641556739807e-02
1.354026608169078827e-02
2.277191961184144020e-03
6.581245688721537590e-04
1.908962614834308624e-03
8.223094977438449860e-03
6.515448330901563168e-04
6.696835756301879883e-01
3.885097394231706858e-04
5.079041700810194016e-03
1.220275908708572388e-01
1.589600369334220886e-02
7.139208610169589520e-04
2.625706233084201813e-02
7.354444861412048340e-01
1.263591810129582882e-03
1.423298660665750504e-02
2.747634239494800568e-02
2.569503849372267723e-03
4.053353040944784880e-04
1.091107958927750587e-03
3.719614120200276375e-03
7.336917333304882050e-03
5.813625757582485676e-04
1.013755798339843750e-02
1.544404309242963791e-03
6.955852732062339783e-03
2.991456687450408936e-01
3.552311565726995468e-03
1.378503511659801006e-04
5.068561877124011517e-04
3.444885462522506714e-02
3.770903497934341431e-02
7.083562086336314678e-04
1.681214664131402969e-03
3.374363295733928680e-03
3.406127914786338806e-03
3.845216997433453798e-04
2.927654236555099487e-02
2.010104432702064514e-02
8.877793326973915100e-03
2.800748450681567192e-03
3.214906901121139526e-03
3.111604601144790649e-03
1.607302203774452209e-02
5.203793756663799286e-03
1.524790972471237183e-01
7.139683514833450317e-02
2.977302065119147301e-03
3.201443701982498169e-03
4.956039483658969402e-04
5.710464902222156525e-03
3.611007332801818848e-02
5.609925137832760811e-04
7.412984850816428661e-04
2.255916595458984375e-03
1.503029605373740196e-03
3.295916598290205002e-03
8.072149008512496948e-03
5.645017372444272041e-04
1.234031934291124344e-02
8.330600103363394737e-04
1.304876059293746948e-01
3.682325780391693115e-01
5.409221649169921875e-01
2.288851654157042503e-03
3.686611074954271317e-03
8.376289042644202709e-04
1.769357011653482914e-03
1.266969647258520126e-02
1.947244256734848022e-02
1.535461866296827793e-03
1.191444471478462219e-01
7.082032971084117889e-04
9.939929004758596420e-04
4.635385423898696899e-02
9.384686350822448730e-01
2.352960873395204544e-03
5.925566074438393116e-04
3.749057417735457420e-03
1.629746332764625549e-02
3.997816704213619232e-03
7.318079471588134766e-02
7.418133900500833988e-04
8.223334443755447865e-04
5.845808610320091248e-02
1.560022495687007904e-02
3.749996831174939871e-04
1.337476191110908985e-03
3.311461210250854492e-01
3.598259994760155678e-03
1.681633992120623589e-03
3.508189693093299866e-03
1.589421066455543041e-03
1.457776222378015518e-02
4.639168619178235531e-04
1.117772515863180161e-02
6.957376003265380859e-02
2.842871937900781631e-03
9.217628976330161095e-04
5.069785285741090775e-03
7.417157758027315140e-04
2.634981647133827209e-02
3.072094023227691650e-01
9.367582388222217560e-03
4.682269413024187088e-03
1.043712603859603405e-03
1.328279729932546616e-03
2.768468670547008514e-02
9.327137470245361328e-01
1.556989736855030060e-03
3.656596411019563675e-03
1.277984934858977795e-03
9.386909659951925278e-04
7.181348279118537903e-03
1.994800113607198000e-04
1.197680830955505371e-02
6.119865179061889648e-02
5.119346082210540771e-02
1.016291677951812744e-01
1.288186572492122650e-02
3.561109900474548340e-01
5.164047703146934509e-03
1.584979356266558170e-03
4.851515963673591614e-02
9.972488284111022949e-01
9.921405464410781860e-03
4.152986705303192139e-01
3.572628274559974670e-02
5.570691823959350586e-02
1.393599901348352432e-02
9.842544794082641602e-01
6.013267636299133301e-01
7.871335837990045547e-04
9.885780746117234230e-04
9.971933960914611816e-01
3.482596366666257381e-04
7.910520071163773537e-04
9.634391608415171504e-05
6.360481027513742447e-03
7.417892920784652233e-04
4.654643416870385408e-04
1.447270661592483521e-01
5.074943182989954948e-04
5.446858704090118408e-02
1.587572740390896797e-03
2.294307108968496323e-03
7.591795874759554863e-04
1.484852400608360767e-04
1.538545038783922791e-04
1.130641088820993900e-03
1.468985457904636860e-03
6.863623857498168945e-04
1.737827551551163197e-04
8.324962109327316284e-04
1.469479990191757679e-03
8.259752212325111032e-05
1.354085505008697510e-01
7.552650570869445801e-02
2.324726805090904236e-02
4.184351563453674316e-01
4.173129855189472437e-04
2.558970882091671228e-04
2.660681260749697685e-03
5.802982486784458160e-04
7.971546798944473267e-02
3.051910176873207092e-02
1.961258612573146820e-02
8.551762439310550690e-03
4.923269618302583694e-03
2.587449969723820686e-03
1.441205735318362713e-03
1.504528522491455078e-02
6.906572962179780006e-04
5.752122960984706879e-04
3.335549728944897652e-03
2.536218054592609406e-02
7.568913046270608902e-03
5.483095534145832062e-03
3.366267483215779066e-04
3.260234370827674866e-02
1.202203566208481789e-04
2.694758586585521698e-03
1.705175824463367462e-02
4.794348031282424927e-03
7.323045283555984497e-02
1.818137057125568390e-02
1.364636817015707493e-03
9.746550917625427246e-01
5.683947354555130005e-03
8.654106059111654758e-04
4.475519235711544752e-04
9.116210788488388062e-02
5.440959930419921875e-01
9.865234494209289551e-01
2.733669476583600044e-03
9.176509338431060314e-04
4.391709226183593273e-04
1.419876515865325928e-02
2.279553795233368874e-03
1.606630510650575161e-03
5.958961322903633118e-03
3.960136382374912500e-04
5.270273424685001373e-03
9.042229066835716367e-05
8.787844777107238770e-01
8.382151126861572266e-01
2.423673402518033981e-03
2.712906002998352051e-01
9.590006619691848755e-02
4.418468568474054337e-03
6.655754446983337402e-01
3.916777297854423523e-02
2.832942118402570486e-04
1.812274102121591568e-03
3.411558282095938921e-04
1.389928394928574562e-03
1.601318013854324818e-03
1.522472500801086426e-02
8.808357524685561657e-04
5.199379287660121918e-03
1.332040727138519287e-01
5.529488553293049335e-04
7.134196348488330841e-04
1.087000593543052673e-03
7.077185902744531631e-03
5.723267197608947754e-01
1.474250340834259987e-03
2.123770676553249359e-02
5.997317284345626831e-02
5.102349445223808289e-03
2.946529164910316467e-02
1.423902902752161026e-02
9.763788431882858276e-02
4.930555224418640137e-01
9.922658801078796387e-01
1.935457228682935238e-03
2.443298464640974998e-03
3.283388679847121239e-03
1.802592421881854534e-03
2.559919841587543488e-03
3.925636701751500368e-04
1.315163075923919678e-01
9.278119541704654694e-03
9.960256814956665039e-01
1.219153869897127151e-03
7.865127921104431152e-02
8.490906096994876862e-03
8.227126300334930420e-02
7.585937622934579849e-03
3.585772356018424034e-03
6.585736293345689774e-03
2.672024420462548733e-04
3.481082385405898094e-04
5.361391231417655945e-02
7.834187150001525879e-02
1.058125286363065243e-03
1.776430406607687473e-03
1.241994276642799377e-02
1.416740380227565765e-02
3.874800167977809906e-03
5.024986807256937027e-03
1.012417394667863846e-02
9.888741970062255859e-01
3.854788956232368946e-04
8.125069737434387207e-01
6.298900116235017776e-03
9.849900379776954651e-05
4.983740393072366714e-03
6.246451754122972488e-03
1.623863470740616322e-03
2.265391945838928223e-01
1.060581183992326260e-03
4.276355321053415537e-04
7.940108887851238251e-03
7.911568507552146912e-03
7.461805362254381180e-03
9.495264887809753418e-01
9.217876195907592773e-02
1.083182841539382935e-01
1.163425156846642494e-03
8.006012439727783203e-02
7.359346840530633926e-03
1.933862455189228058e-03
6.996240019798278809e-01
1.462427753722295165e-04
1.208865665830671787e-03
3.637213259935379028e-03
9.911399483680725098e-01
3.513497766107320786e-03
1.778691112995147705e-01
1.007505059242248535e-01
9.921171069145202637e-01
1.290578860789537430e-02
2.528150798752903938e-04
8.785135578364133835e-04
1.107134576886892319e-02
1.152797718532383442e-03
2.563670044764876366e-03
1.069007813930511475e-01
3.424096503295004368e-04
4.803689420223236084e-01
2.896258048713207245e-02
2.866817871108651161e-03
4.649057686328887939e-01
8.067752718925476074e-01
2.038183622062206268e-03
2.966534346342086792e-03
8.749783039093017578e-03
1.676187268458306789e-03
4.630906973034143448e-03
8.182380115613341331e-04
2.895285375416278839e-02
5.376626271754503250e-03
3.333603497594594955e-03
1.407590170856565237e-04
4.047341179102659225e-03
7.947454452514648438e-01
2.084071487188339233e-01
5.766262765973806381e-03
1.391984820365905762e-01
2.159935086965560913e-01
3.127314848825335503e-04
5.929798819124698639e-03
3.748704621102660894e-04
4.145424754824489355e-04
5.009459564462304115e-04
1.926796045154333115e-03
7.827664376236498356e-04
7.988612051121890545e-04
4.191321320831775665e-03
3.482855558395385742e-01
2.093016635626554489e-03
2.758665755391120911e-02
1.288603059947490692e-02
1.861786283552646637e-02
4.487196565605700016e-04
7.398670073598623276e-03
1.010577660053968430e-03
2.155661024153232574e-02
9.431129321455955505e-03
9.924422502517700195e-01
7.402551360428333282e-03
4.524168372154235840e-01
6.814126390963792801e-04
6.830976158380508423e-02
1.643438823521137238e-02
1.863017082214355469e-01
8.889370365068316460e-04
2.258511376567184925e-04
3.291819989681243896e-02
5.613953471183776855e-01
6.408319459296762943e-04
6.542234122753143311e-02
5.745551362633705139e-02
3.065234923269599676e-04
3.038217779248952866e-03
3.028134703636169434e-01
8.876708452589809895e-04
7.619970012456178665e-03
5.773101467639207840e-03
7.530786562711000443e-03
1.553365439176559448e-01
1.914920099079608917e-02
3.631880134344100952e-02
2.719792537391185760e-03
1.525014732033014297e-02
2.685319446027278900e-02
1.622479525394737720e-03
6.714975237846374512e-01
9.313593618571758270e-03
1.001285202801227570e-02
1.130216754972934723e-03
4.471497535705566406e-01
2.179520204663276672e-03
1.482398808002471924e-01
8.161396719515323639e-03
2.669674530625343323e-02
5.821959930472075939e-04
2.861118875443935394e-03
2.371628582477569580e-02
4.919398110359907150e-03
1.384276314638555050e-03
6.787620019167661667e-03
2.676748437806963921e-03
3.633239306509494781e-03
1.257136277854442596e-02
9.257144927978515625e-01
8.148928731679916382e-02
6.018584370613098145e-01
2.238728338852524757e-03
1.868664324283599854e-01
5.265241023153066635e-03
2.873349487781524658e-01
5.828700661659240723e-01
9.794474840164184570e-01
5.670838057994842529e-03
8.825642056763172150e-03
5.854398943483829498e-03
1.588132116012275219e-03
3.580329706892371178e-03
2.744169905781745911e-04
1.544087310321629047e-03
3.068887162953615189e-03
1.547126471996307373e-02
2.343821979593485594e-04
6.700158119201660156e-04
2.746024131774902344e-01
8.813520544208586216e-04
7.220550905913114548e-03
7.381792645901441574e-03
7.568795117549598217e-04
8.537663519382476807e-02
4.171351436525583267e-03
1.397429965436458588e-03
3.127918811514973640e-03
9.843904376029968262e-01
7.294139359146356583e-04
1.196485757827758789e-02
6.083602551370859146e-03
1.323937554843723774e-03
9.995737671852111816e-01
6.820067646913230419e-04
1.876182970590889454e-03
2.772306092083454132e-03
1.152568729594349861e-03
8.735771775245666504e-01
7.908712625503540039e-01
3.285272687207907438e-04
5.964189171791076660e-01
7.993888109922409058e-02
8.654119819402694702e-02
2.990739420056343079e-03
4.471548646688461304e-02
3.806997537612915039e-01
8.057405054569244385e-02
4.723706841468811035e-01
3.669488430023193359e-01
1.451986609026789665e-03
9.902995824813842773e-01
1.069148769602179527e-03
2.853748947381973267e-02
1.004863306879997253e-01
1.322142779827117920e-02
3.344564884901046753e-02
4.898088518530130386e-03
1.763694733381271362e-01
8.553958497941493988e-03
1.751510309986770153e-03
2.015545070171356201e-01
2.379679819568991661e-03
9.443819872103631496e-04
1.761908788466826081e-04
9.991714954376220703e-01
1.679649390280246735e-02
7.504682522267103195e-03
4.183268919587135315e-02
1.620188006199896336e-03
1.826621009968221188e-04
5.480888648889958858e-04
2.078596502542495728e-03
5.802389234304428101e-03
9.147477149963378906e-01
1.742671709507703781e-03
9.178139735013246536e-04
1.372488122433423996e-02
1.240594014525413513e-01
1.307488186284899712e-03
