2.260287990793585777e-03
6.838173866271972656e-01
6.002805894240736961e-04
6.882527470588684082e-01
1.603010296821594238e-02
3.024170291610062122e-04
1.978879328817129135e-03
1.709560048766434193e-03
9.846470784395933151e-04
1.686905771493911743e-01
8.288505673408508301e-02
1.895061507821083069e-02
4.813998239114880562e-04
1.415878767147660255e-03
5.196335539221763611e-02
5.759605555795133114e-04
9.008105397224426270e-01
4.627251066267490387e-03
9.777348041534423828e-01
1.145194168202579021e-03
5.816167220473289490e-03
7.283220766112208366e-04
9.152387827634811401e-02
2.856411971151828766e-03
5.363761782646179199e-01
1.348294913768768311e-01
1.656260923482477665e-03
9.910763502120971680e-01
2.541144785936921835e-04
3.815195523202419281e-03
4.971544258296489716e-03
1.202136976644396782e-03
9.174818396568298340e-01
1.764939283020794392e-03
4.126829504966735840e-01
3.029323648661375046e-03
1.906437128782272339e-01
1.381328445859253407e-03
2.440631017088890076e-02
7.402808219194412231e-02
7.921266555786132812e-01
1.893947715871036053e-03
2.504709176719188690e-03
1.426239218562841415e-02
9.412287473678588867e-01
6.749287713319063187e-03
3.939648740924894810e-04
7.167335716076195240e-04
6.939777731895446777e-02
6.830366700887680054e-02
4.118924960494041443e-03
1.096131373196840286e-02
2.228884957730770111e-03
9.686496108770370483e-03
1.400912553071975708e-02
1.530798617750406265e-02
1.781035331077873707e-03
4.057297855615615845e-02
1.154832635074853897e-02
1.940028625540435314e-03
8.145483583211898804e-02
9.070304632186889648e-01
3.914252817630767822e-01
4.463675897568464279e-03
3.844065666198730469e-01
2.206881530582904816e-03
6.888506002724170685e-03
9.995767474174499512e-01
3.105985224246978760e-01
1.367403892800211906e-03
3.887363243848085403e-03
1.272617653012275696e-02
1.005049562081694603e-03
3.102126065641641617e-03
6.429314380511641502e-04
3.953750128857791424e-04
6.626846734434366226e-03
3.134840517304837704e-04
4.910326097160577774e-04
4.975677281618118286e-02
1.849444932304322720e-03
1.134077608585357666e-01
5.508226342499256134e-03
8.657251484692096710e-03
3.782973159104585648e-03
2.674222690984606743e-03
1.932439580559730530e-02
2.552858740091323853e-02
1.495239734649658203e-01
2.675777301192283630e-03
2.041461318731307983e-02
9.354354143142700195e-01
7.517469674348831177e-02
1.312378211878240108e-03
3.566960990428924561e-02
4.206656012684106827e-03
1.468078196048736572e-01
9.953552484512329102e-01
5.561811476945877075e-02
5.180892534554004669e-03
3.088625520467758179e-02
7.752075791358947754e-02
5.357514601200819016e-04
4.558711370918899775e-04
3.814303549006581306e-03
3.304119035601615906e-02
4.524235613644123077e-03
5.885198479518294334e-04
5.387436132878065109e-03
9.109054505825042725e-02
5.625547096133232117e-02
4.347256384789943695e-03
9.953174591064453125e-01
2.307762950658798218e-02
3.775886958464980125e-03
3.156846389174461365e-02
7.350682280957698822e-03
5.831882357597351074e-03
7.266497611999511719e-02
1.553802043199539185e-01
1.975894868373870850e-01
6.224613785743713379e-01
2.644092543050646782e-03
5.517753958702087402e-01
6.808233913034200668e-03
1.210010144859552383e-02
7.355223875492811203e-03
5.236265063285827637e-01
1.609430764801800251e-03
1.180057413876056671e-02
1.047392026521265507e-03
1.934325264301151037e-04
4.029578412882983685e-04
5.236780853010714054e-04
9.690427104942500591e-04
8.400828810408711433e-04
4.438834264874458313e-03
3.913051041308790445e-04
5.936176166869699955e-04
5.841439124196767807e-03
2.247442957013845444e-03
9.043193422257900238e-03
8.638557791709899902e-01
2.128510095644742250e-04
1.451451389584690332e-04
1.773080043494701385e-02
7.520043291151523590e-04
3.515412285923957825e-02
1.349877752363681793e-02
1.928247325122356415e-02
4.792995154857635498e-01
1.049596583470702171e-03
3.934075534343719482e-01
6.235707551240921021e-03
2.116615651175379753e-03
1.295009860768914223e-03
1.713872770778834820e-03
8.724752068519592285e-02
6.858936510980129242e-03
4.727810621261596680e-03
7.792509859427809715e-04
7.361432313919067383e-01
6.801233440637588501e-02
1.032647583633661270e-02
9.111695885658264160e-01
7.662190473638474941e-04
8.092815405689179897e-04
7.044196594506502151e-03
5.955802202224731445e-01
1.496394444257020950e-02
6.508101243525743484e-03
3.568170359358191490e-03
1.452060937881469727e-01
3.637849295046180487e-04
8.387477993965148926e-01
5.815885495394468307e-03
4.376575350761413574e-01
2.177572995424270630e-01
4.220151749905198812e-04
3.702660789713263512e-03
1.278048567473888397e-02
9.159554028883576393e-04
2.017672173678874969e-03
1.328042149543762207e-02
1.029765140265226364e-02
1.092042122036218643e-02
3.058212995529174805e-01
9.971977472305297852e-01
4.694251120090484619e-01
1.457598758861422539e-03
9.048053761944174767e-04
1.185842230916023254e-01
9.339026873931288719e-04
5.561432335525751114e-03
2.004516776651144028e-03
9.312832728028297424e-03
1.557565759867429733e-03
7.279242277145385742e-01
1.875199843198060989e-03
1.150463428348302841e-02
5.745673179626464844e-01
1.792769413441419601e-03
2.807528711855411530e-03
3.125869261566549540e-04
6.325492635369300842e-03
2.507361350581049919e-03
2.906888839788734913e-04
2.381959371268749237e-02
6.370222195982933044e-03
3.936833739280700684e-01
2.092298585921525955e-03
1.005171891301870346e-02
2.531515900045633316e-03
2.886091824620962143e-04
1.815029652789235115e-03
1.457199105061590672e-03
3.571576206013560295e-03
1.377900689840316772e-02
7.450367789715528488e-03
1.094903331249952316e-02
3.317325562238693237e-02
6.940297316759824753e-03
1.164966151118278503e-01
3.887767670676112175e-03
9.638193845748901367e-01
9.461718201637268066e-01
2.190782979596406221e-04
5.520048085600137711e-03
3.338103741407394409e-02
9.155180454254150391e-01
2.262285910546779633e-03
1.456527621485292912e-03
2.982540987432003021e-03
6.942815333604812622e-02
2.228883793577551842e-03
3.589149855542927980e-04
1.411041524261236191e-02
5.688269156962633133e-03
1.887729018926620483e-02
7.263241801410913467e-03
3.818793222308158875e-02
1.861790753901004791e-02
8.979846606962382793e-04
1.498291268944740295e-02
1.786592006683349609e-01
7.819817662239074707e-01
6.822063587605953217e-04
3.381375223398208618e-03
1.512177437543869019e-01
2.531305362936109304e-04
2.667796798050403595e-03
7.071479558944702148e-01
5.483642220497131348e-02
3.893585177138447762e-03
1.089990604668855667e-03
5.563273094594478607e-03
6.144049763679504395e-02
2.831693505868315697e-03
3.896893002092838287e-03
7.917865514755249023e-01
1.039904775097966194e-03
3.125624789390712976e-04
3.086694478988647461e-01
1.821533311158418655e-03
4.620537459850311279e-01
6.336903572082519531e-01
7.107757031917572021e-02
4.989433218725025654e-04
4.707476496696472168e-02
6.410430069081485271e-04
1.886366680264472961e-02
1.269813347607851028e-02
4.886493384838104248e-01
2.639290643855929375e-03
3.348448080942034721e-03
2.062511863186955452e-03
1.193454582244157791e-02
2.575033577159047127e-04
5.711615085601806641e-02
1.151672098785638809e-03
4.347964227199554443e-01
2.170940935611724854e-01
7.547158598899841309e-01
5.356733500957489014e-02
7.213128847070038319e-04
1.914408057928085327e-03
2.895359881222248077e-03
5.552997812628746033e-02
1.533975172787904739e-02
3.015081456396728754e-04
8.227724581956863403e-03
1.159091712906956673e-03
9.243567585945129395e-01
1.205278094857931137e-02
1.533254864625632763e-03
7.221748679876327515e-02
4.432234913110733032e-02
2.377184778451919556e-01
1.641119718551635742e-01
2.559910714626312256e-02
4.228668753057718277e-03
1.042515039443969727e-03
2.049032598733901978e-03
1.417127205058932304e-03
2.994511425495147705e-01
4.504247605800628662e-01
6.878809654153883457e-04
1.536361277103424072e-01
7.269831895828247070e-01
2.121624071151018143e-03
2.165618687868118286e-01
7.878266042098402977e-04
1.890364947030320764e-04
2.783071948215365410e-03
5.322080254554748535e-01
9.463719725608825684e-01
2.593564614653587341e-02
2.264105714857578278e-03
9.347969666123390198e-03
8.828196525573730469e-01
5.075150984339416027e-04
9.568544337525963783e-04
8.117507211863994598e-03
2.333242595195770264e-01
3.963560461997985840e-01
8.054581470787525177e-03
8.614150807261466980e-03
7.223880849778652191e-03
3.325667930766940117e-03
8.441881509497761726e-04
7.175214122980833054e-03
3.112875390797853470e-03
1.145877391099929810e-01
7.052005082368850708e-02
2.594725042581558228e-02
8.690273016691207886e-02
6.802790449000895023e-04
3.469502925872802734e-02
1.757397083565592766e-03
9.987959638237953186e-03
3.230896294116973877e-01
3.930137306451797485e-02
2.480718493461608887e-02
5.070341285318136215e-03
6.787163764238357544e-02
1.794044626876711845e-03
4.758819565176963806e-02
5.510601997375488281e-01
1.202746876515448093e-03
4.133773618377745152e-04
6.007626187056303024e-03
8.792251348495483398e-01
1.824078208301216364e-04
9.965297579765319824e-01
2.055498538538813591e-03
9.875658154487609863e-01
5.988689884543418884e-02
3.558704047463834286e-04
9.700911641120910645e-01
1.348934951238334179e-03
4.890562966465950012e-02
4.910068809986114502e-01
6.425441056489944458e-02
3.497724654152989388e-03
6.511040846817195415e-04
9.932403564453125000e-01
4.131374135613441467e-02
4.266210598871111870e-04
4.101589322090148926e-01
2.068517263978719711e-03
5.641733109951019287e-02
3.213810850866138935e-04
1.991423312574625015e-03
3.034481406211853027e-01
2.012183540500700474e-04
1.953883562237024307e-03
1.654529478400945663e-03
1.674176193773746490e-03
1.767839188687503338e-03
2.758860646281391382e-04
3.474191725254058838e-01
1.050534658133983612e-02
7.618506997823715210e-02
4.105341795366257429e-04
7.774560712277889252e-03
4.300421103835105896e-02
9.230917785316705704e-04
3.933446947485208511e-03
1.413205405697226524e-03
8.656301535665988922e-03
8.954175114631652832e-01
3.129915858153253794e-04
1.249838992953300476e-02
1.422331901267170906e-03
5.134474020451307297e-03
7.061515450477600098e-01
3.263567807152867317e-03
7.423677598126232624e-04
1.045013405382633209e-02
3.267053980380296707e-04
1.557001494802534580e-03
6.388920359313488007e-03
1.460895640775561333e-03
9.144033193588256836e-01
2.474652603268623352e-03
2.709908643737435341e-03
9.078394505195319653e-04
2.131494693458080292e-03
8.692555427551269531e-01
9.983376264572143555e-01
2.908472418785095215e-01
1.679093460552394390e-03
5.169729702174663544e-03
1.154598430730402470e-03
1.412131241522729397e-03
6.233048043213784695e-04
9.343984420411288738e-04
4.620937164872884750e-03
1.070619560778141022e-03
3.100970294326543808e-03
1.238736556842923164e-03
6.816664338111877441e-02
2.510016597807407379e-02
7.110344595275819302e-04
1.356826163828372955e-02
1.856703776866197586e-03
5.470905918627977371e-03
5.069571081548929214e-03
1.656077918596565723e-03
2.435653703287243843e-03
6.989785004407167435e-03
5.470043793320655823e-02
2.362600062042474747e-03
9.712841711007058620e-04
1.982438610866665840e-03
7.025576196610927582e-04
7.479353225789964199e-04
6.508203744888305664e-01
4.339167848229408264e-02
1.235371339134871960e-03
2.641568658873438835e-03
2.533094375394284725e-04
1.492630457505583763e-03
3.174124984070658684e-03
2.528551965951919556e-03
8.841273374855518341e-03
3.306659404188394547e-03
2.292144000530242920e-01
1.980233378708362579e-02
1.624137721955776215e-02
8.651055395603179932e-02
7.978699868544936180e-04
3.510570619255304337e-03
2.081643469864502549e-04
1.396729494445025921e-03
2.143487217836081982e-04
4.936509765684604645e-03
2.996897883713245392e-02
7.266846299171447754e-02
1.438627368770539761e-04
1.424890127964317799e-03
2.812604885548353195e-03
2.701773482840508223e-04
3.978112637996673584e-01
2.673421753570437431e-03
8.394683711230754852e-03
2.718524076044559479e-03
5.943664163351058960e-02
9.668743014335632324e-01
1.843477803049609065e-04
5.386953242123126984e-03
9.806442260742187500e-01
2.973716007545590401e-03
5.186991184018552303e-04
6.680236663669347763e-03
1.288228295743465424e-02
6.189042925834655762e-01
5.768143455497920513e-04
1.810221350751817226e-03
2.784922719001770020e-03
7.342649996280670166e-02
1.556712435558438301e-03
6.151088746264576912e-04
1.498706988058984280e-04
3.461045911535620689e-03
7.233037613332271576e-03
1.786734908819198608e-01
9.746194481849670410e-01
1.117752282880246639e-03
1.012872438877820969e-02
8.028386831283569336e-01
1.084346673451364040e-03
1.594724744791164994e-04
4.685928225517272949e-01
1.600401243194937706e-03
2.600455656647682190e-02
1.614197390154004097e-03
3.141294047236442566e-02
4.784029908478260040e-03
4.376255441457033157e-03
2.899622321128845215e-01
6.466895807534456253e-03
2.818720042705535889e-01
1.862793578766286373e-03
1.156931091099977493e-02
2.250904217362403870e-02
9.263473330065608025e-04
1.958076842129230499e-02
9.895489215850830078e-01
4.884448368102312088e-03
4.015334707219153643e-04
1.225845888257026672e-03
2.299540489912033081e-02
3.427393035963177681e-03
6.813876680098474026e-04
3.084521973505616188e-03
1.519140496384352446e-04
8.214532136917114258e-01
9.641271084547042847e-03
2.135565727949142456e-01
6.287576258182525635e-02
6.230883882381021976e-04
5.915039801038801670e-04
5.001667421311140060e-03
3.141975728794932365e-03
1.681526377797126770e-02
8.953742980957031250e-01
9.919959306716918945e-01
2.132642455399036407e-02
1.421352266333997250e-03
2.940716780722141266e-02
1.865771710872650146e-01
4.162685200572013855e-02
1.626768353162333369e-04
4.007892217487096786e-03
3.295502439141273499e-02
1.093198545277118683e-02
1.082301168935373425e-04
8.170228600502014160e-01
2.520726919174194336e-01
3.694181097671389580e-03
8.863059338182210922e-04
5.719376262277364731e-03
4.936790559440851212e-03
4.337558522820472717e-03
4.107618005946278572e-04
6.977341603487730026e-03
2.895206026732921600e-02
1.734907389618456364e-03
1.148064620792865753e-03
8.506312370300292969e-01
2.175318747758865356e-01
9.003221988677978516e-01
7.328763138502836227e-03
5.429489538073539734e-03
3.781358012929558754e-03
3.327854350209236145e-02
6.075979471206665039e-01
3.296975744888186455e-03
4.914362216368317604e-04
2.564083551988005638e-03
2.983745187520980835e-03
3.609441046137362719e-04
2.504669595509767532e-03
5.938308313488960266e-02
9.373204666189849377e-04
3.253927826881408691e-02
1.149401767179369926e-03
8.724811777938157320e-05
4.381136677693575621e-04
3.624150122050195932e-04
1.183850225061178207e-02
1.002694591879844666e-01
9.977543950080871582e-01
6.319069862365722656e-02
5.306349485181272030e-04
4.132835566997528076e-02
3.396262181922793388e-03
9.237863705493509769e-04
6.633251905441284180e-04
4.134942137170583010e-04
1.848446554504334927e-04
6.735907401889562607e-03
1.003199373371899128e-03
1.314147189259529114e-02
1.456986792618408799e-04
1.331072598695755005e-01
3.110704012215137482e-03
3.654159372672438622e-04
1.167556853033602238e-03
3.359623486176133156e-03
5.675872089341282845e-04
2.511984435841441154e-03
2.418652176856994629e-02
5.182239226996898651e-03
7.307898486033082008e-04
9.607284069061279297e-01
2.531048841774463654e-03
8.931407332420349121e-01
4.223928845021873713e-04
3.475292760413140059e-04
1.348920315504074097e-01
3.261477395426481962e-04
8.235755376517772675e-03
1.942153424024581909e-01
9.877516031265258789e-01
1.417315506841987371e-04
1.143629848957061768e-02
7.545462343841791153e-03
8.988627046346664429e-02
3.254853934049606323e-02
4.408384673297405243e-03
2.601820044219493866e-03
8.718103636056184769e-04
1.757889840519055724e-04
2.643933985382318497e-03
9.550256654620170593e-03
1.946665346622467041e-03
3.060095477849245071e-03
2.393872011452913284e-03
5.763749359175562859e-04
1.043784664943814278e-03
1.130388001911342144e-03
9.425736069679260254e-01
9.580022692680358887e-01
1.350673008710145950e-02
1.356043969281017780e-03
4.336180388927459717e-01
3.029631916433572769e-03
2.007198520004749298e-02
1.194862183183431625e-02
2.697622179985046387e-01
3.059378359466791153e-04
2.816476486623287201e-02
2.994943934027105570e-04
4.048532620072364807e-02
7.962560281157493591e-03
4.201548290438950062e-04
4.945388645865023136e-04
1.379250138998031616e-01
3.558801114559173584e-02
1.019803923554718494e-03
3.409944940358400345e-03
1.529160887002944946e-01
2.773849964141845703e-01
1.097910106182098389e-02
1.109126373194158077e-03
1.681682770140469074e-03
1.940896734595298767e-03
2.729989646468311548e-04
2.822785079479217529e-01
5.373625084757804871e-02
4.472881264518946409e-04
6.395698525011539459e-03
3.751765703782439232e-03
4.489229246973991394e-02
8.487185463309288025e-03
6.157781463116407394e-04
2.013289369642734528e-02
1.420781132765114307e-03
1.679872162640094757e-03
4.054302722215652466e-02
2.407138701528310776e-03
2.039319835603237152e-03
1.592573523521423340e-02
1.185885746963322163e-03
7.937828195281326771e-04
9.413852356374263763e-03
7.987416349351406097e-03
7.613114118576049805e-01
6.991089321672916412e-04
9.072314016520977020e-03
2.494703978300094604e-01
7.914612069725990295e-03
4.479704424738883972e-03
2.427261881530284882e-02
9.992713332176208496e-01
5.020102020353078842e-03
1.272853091359138489e-02
1.324411761015653610e-02
2.388209849596023560e-02
9.827150404453277588e-02
1.756928511895239353e-03
7.036251574754714966e-02
1.197819486260414124e-01
6.625577807426452637e-01
7.684323936700820923e-02
1.182884499430656433e-01
4.173271656036376953e-01
3.028806298971176147e-02
6.277739070355892181e-03
9.977747797966003418e-01
3.245502244681119919e-03
3.543213941156864166e-03
2.931119815912097692e-04
1.534119993448257446e-01
1.548714004456996918e-03
3.835321404039859772e-04
1.458172104321420193e-03
1.827113213948905468e-03
3.661211347207427025e-03
2.125506289303302765e-03
6.104488857090473175e-04
8.573579834774136543e-04
5.790259689092636108e-03
7.737782318145036697e-03
9.333847761154174805e-01
4.801948962267488241e-04
4.511657655239105225e-01
2.641749568283557892e-03
1.129385679960250854e-01
3.377448618412017822e-01
1.989845000207424164e-02
6.636725738644599915e-03
2.291484735906124115e-02
7.630552281625568867e-04
6.050899624824523926e-03
5.278411321341991425e-03
1.046409271657466888e-02
4.168548062443733215e-02
7.690259721130132675e-03
9.187115356326103210e-03
9.954352974891662598e-01
1.509534120559692383e-01
4.080797731876373291e-02
1.934351021191105247e-04
5.361296702176332474e-03
6.407696055248379707e-04
2.312251180410385132e-02
8.238934678956866264e-04
5.253508687019348145e-03
1.475503901019692421e-03
9.762797951698303223e-01
3.578727599233388901e-03
7.837378070689737797e-04
6.540550291538238525e-02
1.847992390394210815e-01
1.937289908528327942e-02
1.426827860996127129e-03
1.192751899361610413e-02
1.803151965141296387e-01
2.146636508405208588e-02
7.706823199987411499e-02
3.441410604864358902e-03
1.955456472933292389e-02
1.145249232649803162e-03
8.730730041861534119e-03
5.121029447764158249e-03
9.232254233211278915e-04
3.152449149638414383e-03
1.596978120505809784e-02
3.885188198182731867e-04
8.607658557593822479e-03
7.430472373962402344e-01
2.116909064352512360e-02
6.615370512008666992e-02
2.688316395506262779e-03
3.274634655099362135e-04
5.877816001884639263e-04
1.440894417464733124e-02
4.187649786472320557e-01
4.548300802707672119e-02
3.078807378187775612e-03
2.550556696951389313e-02
1.200758293271064758e-02
5.335512105375528336e-04
3.530673682689666748e-02
5.726069677621126175e-03
3.612242639064788818e-03
1.452449150383472443e-02
1.069177757017314434e-03
1.194966398179531097e-02
1.213122159242630005e-01
1.870558597147464752e-03
2.172030508518218994e-04
1.160693634301424026e-02
9.965517520904541016e-01
2.675646217539906502e-03
8.236372470855712891e-01
1.358269341289997101e-02
2.586385700851678848e-03
1.120543852448463440e-01
1.407944504171609879e-02
7.568908333778381348e-01
5.180464591830968857e-03
2.680204343050718307e-03
1.622766139917075634e-03
4.067894816398620605e-02
2.045863308012485504e-03
8.305577039718627930e-01
3.065733015537261963e-01
6.366761773824691772e-02
2.135700779035687447e-03
3.880229545757174492e-03
1.006048289127647877e-03
1.697114785201847553e-03
2.458140486851334572e-03
1.113484334200620651e-02
1.573695428669452667e-02
2.854880003724247217e-04
5.480684922076761723e-04
2.866241382434964180e-03
2.446128800511360168e-02
1.392437028698623180e-03
1.459926553070545197e-02
1.741500571370124817e-02
5.877773091197013855e-02
1.022914797067642212e-02
4.020184744149446487e-03
1.203355286270380020e-02
9.290954098105430603e-03
3.412066958844661713e-03
1.659163390286266804e-03
1.985459029674530029e-02
1.238147844560444355e-03
1.045118458569049835e-02
6.923899054527282715e-04
3.906337916851043701e-02
4.638352897018194199e-03
5.297450348734855652e-03
5.550729110836982727e-04
9.882410168647766113e-01
8.900670409202575684e-01
1.551578170619904995e-03
3.084881044924259186e-02
2.536469371989369392e-03
9.795518517494201660e-01
6.694600582122802734e-01
4.862802161369472742e-04
9.876465797424316406e-01
3.740067128092050552e-03
1.102716661989688873e-03
6.011379882693290710e-04
2.938638627529144287e-02
2.219394955318421125e-04
4.501332005020231009e-04
7.963464409112930298e-02
3.218738420400768518e-04
1.055995561182498932e-02
2.565667331218719482e-01
1.659184694290161133e-02
1.613968424499034882e-02
6.135168951004743576e-04
1.804468105547130108e-03
1.379985624225810170e-04
3.573888540267944336e-01
9.989410042762756348e-01
2.249701792607083917e-04
2.353669609874486923e-03
6.520772003568708897e-04
4.443937912583351135e-02
1.245126035064458847e-02
9.752251207828521729e-02
2.898206701502203941e-03
1.943923346698284149e-02
2.067495835945010185e-03
1.881076209247112274e-02
7.035923190414905548e-03
3.069961094297468662e-04
4.819449968636035919e-04
2.459449879825115204e-02
9.530517458915710449e-01
6.958946469239890575e-04
4.703032784163951874e-03
1.269199512898921967e-02
6.226533092558383942e-03
2.177008539438247681e-01
5.516956443898379803e-04
4.992551635950803757e-03
1.162070082500576973e-03
2.502936404198408127e-04
4.697626531124114990e-01
4.157911986112594604e-03
2.900671679526567459e-03
2.174134925007820129e-02
7.000630139373242855e-04
1.782548986375331879e-02
1.902729645371437073e-02
1.300724223256111145e-02
1.262091333046555519e-03
1.645955815911293030e-02
4.009992349892854691e-03
7.779856096021831036e-04
1.343681216239929199e-01
7.277587428689002991e-04
1.051255268976092339e-03
1.471759867854416370e-03
1.072015729732811451e-03
1.314215175807476044e-02
5.175142083317041397e-03
2.012107986956834793e-03
5.026935786008834839e-02
1.450257841497659683e-03
1.505781989544630051e-02
1.410063705407083035e-03
3.630674909800291061e-03
1.006401516497135162e-02
9.016612172126770020e-02
1.753225922584533691e-03
3.439927473664283752e-03
1.649460289627313614e-03
1.431305520236492157e-02
1.510659581981599331e-03
2.580088376998901367e-02
9.094779938459396362e-02
8.130986680043861270e-05
5.036049056798219681e-03
2.136698924005031586e-03
7.963961362838745117e-02
8.101581335067749023e-01
2.935515530407428741e-02
1.689427699602674693e-05
2.550756931304931641e-02
2.673032581806182861e-01
9.902028739452362061e-02
1.217220211401581764e-03
6.583560025319457054e-04
4.877211060374975204e-03
3.532793745398521423e-02
2.366607659496366978e-04
1.004364225082099438e-03
9.950842261314392090e-01
8.365146932192146778e-04
2.109094522893428802e-03
7.115103653632104397e-04
9.450678229331970215e-01
9.516190886497497559e-01
9.759673476219177246e-01
2.838695654645562172e-04
2.037235908210277557e-02
7.598246335983276367e-01
4.303588867187500000e-01
1.065671723335981369e-02
6.666927039623260498e-02
4.823334049433469772e-03
8.830776214599609375e-01
6.454823538661003113e-03
2.344125881791114807e-03
7.833157666027545929e-03
7.803928107023239136e-03
1.813037097454071045e-01
2.483882941305637360e-03
3.736082289833575487e-04
1.541406959295272827e-01
5.304258083924651146e-04
1.068452000617980957e-02
5.910340230911970139e-03
6.096947472542524338e-04
9.498360566794872284e-03
3.841642662882804871e-02
3.302557393908500671e-03
1.519820885732769966e-03
3.380595520138740540e-02
2.400021068751811981e-03
2.708344534039497375e-02
1.225716318003833294e-03
6.138090393505990505e-04
6.989889661781489849e-04
3.478415543213486671e-03
1.216877601109445095e-03
1.300621498376131058e-02
8.839524388313293457e-01
3.933096826076507568e-01
6.161541678011417389e-04
1.007816288620233536e-02
1.727561349980533123e-03
1.921000308357179165e-03
6.411162018775939941e-01
5.552206654101610184e-03
8.331052958965301514e-04
2.441203147172927856e-01
4.967059940099716187e-03
5.520244594663381577e-03
2.090333262458443642e-03
4.546953365206718445e-03
1.081892987713217735e-03
8.842380717396736145e-03
1.487977104261517525e-03
2.773037704173475504e-04
1.999308355152606964e-03
4.545194506645202637e-01
1.055803243070840836e-02
4.834318999201059341e-03
4.896203987300395966e-03
1.980068336706608534e-04
1.177015230059623718e-01
5.254814168438315392e-04
1.351355575025081635e-02
1.163189113140106201e-02
3.770121140405535698e-03
1.792180687189102173e-01
5.288327578455209732e-03
8.681839704513549805e-02
5.895918700844049454e-03
2.260777540504932404e-02
3.880998492240905762e-02
1.275568604469299316e-01
4.037891514599323273e-03
1.547967083752155304e-03
2.906295994762331247e-04
3.579145669937133789e-02
1.038774964399635792e-03
1.951150223612785339e-02
3.344044322147965431e-03
1.681437902152538300e-02
3.673201799392700195e-02
3.276865556836128235e-02
1.278622727841138840e-02
1.160530722700059414e-03
1.221574610099196434e-03
8.723313221707940102e-04
1.163571490906178951e-03
3.096813103184103966e-03
5.369487334974110126e-04
5.303270649164915085e-03
8.602004381828010082e-04
2.471333928406238556e-02
4.120312631130218506e-02
1.542928256094455719e-02
4.638009704649448395e-03
1.958702458068728447e-03
1.736301928758621216e-03
2.599258441478013992e-03
3.191407769918441772e-02
3.850848181173205376e-03
9.276988916099071503e-03
1.290861815214157104e-01
1.718218671157956123e-03
1.171108335256576538e-03
3.387203440070152283e-03
5.157449096441268921e-02
2.217069966718554497e-03
2.161437412723898888e-03
8.388849906623363495e-03
3.379603149369359016e-03
9.508325457572937012e-01
6.587548414245247841e-04
7.073604501783847809e-03
2.177197457058355212e-04
3.763747168704867363e-03
1.730276504531502724e-03
1.218485552817583084e-02
2.889663155656307936e-04
5.104768276214599609e-02
3.055383861064910889e-01
5.349275888875126839e-04
3.710489487275481224e-03
3.698172746226191521e-03
5.301592499017715454e-02
1.206240877509117126e-01
2.793768187984824181e-03
9.798681139945983887e-01
1.407633870840072632e-01
1.667346368776634336e-04
2.350918948650360107e-02
8.499190956354141235e-02
3.097432665526866913e-02
9.977887868881225586e-01
1.457871985621750355e-04
8.535273075103759766e-01
2.873691963031888008e-03
9.134977124631404877e-03
1.000621989369392395e-01
1.898946985602378845e-02
5.411905585788190365e-04
9.745438098907470703e-01
6.823715288192033768e-03
2.082997187972068787e-02
1.633581519126892090e-01
2.016005164477974176e-04
1.449573785066604614e-03
1.451908703893423080e-02
4.384056665003299713e-04
4.771121144294738770e-01
1.130694872699677944e-03
3.778691589832305908e-02
2.564254216849803925e-03
2.600075909867882729e-03
3.781410399824380875e-03
5.552149191498756409e-02
4.159933305345475674e-04
3.093539271503686905e-04
4.116003215312957764e-02
5.219392944127321243e-03
1.333291176706552505e-03
1.851025782525539398e-02
1.056661363691091537e-02
1.810263656079769135e-02
2.891465090215206146e-03
7.215197682380676270e-01
2.346022278070449829e-01
2.062928164377808571e-03
7.464004158973693848e-01
5.469573736190795898e-01
4.540529043879359961e-04
1.102017983794212341e-02
1.592840300872921944e-03
4.726045590359717607e-04
9.964494705200195312e-01
8.077130317687988281e-01
4.504119046032428741e-03
4.532817378640174866e-02
3.932894207537174225e-03
3.291356563568115234e-02
4.526793956756591797e-03
4.194860160350799561e-02
3.716523572802543640e-02
2.809977740980684757e-04
9.240330196917057037e-03
3.112174104899168015e-03
9.160789195448160172e-04
8.048414019867777824e-04
1.079590874724090099e-03
8.747100830078125000e-02
1.701872330158948898e-03
9.240862131118774414e-01
6.115043070167303085e-04
8.839140087366104126e-02
9.767653346061706543e-01
5.422251299023628235e-03
1.261607259511947632e-01
1.965542137622833252e-02
9.971734285354614258e-01
1.224326668307185173e-03
5.117276906967163086e-01
1.141108497977256775e-01
3.059691190719604492e-02
2.597685379441827536e-04
3.202629741281270981e-03
3.475598990917205811e-02
4.535655956715345383e-03
3.257751697674393654e-03
9.326088242232799530e-03
1.166838333010673523e-01
9.871043264865875244e-03
1.193716824054718018e-01
1.979615073651075363e-03
3.734524250030517578e-01
1.070936210453510284e-02
8.623704910278320312e-01
5.294227972626686096e-03
1.944668442010879517e-01
7.764758169651031494e-02
6.481240969151258469e-03
4.764142446219921112e-03
2.383696474134922028e-02
3.033413887023925781e-01
1.047087251208722591e-03
3.775224089622497559e-02
4.404546343721449375e-04
1.256658113561570644e-03
8.134677191264927387e-04
7.369130849838256836e-01
5.687350407242774963e-02
2.437968738377094269e-03
3.269354403018951416e-01
1.875381916761398315e-01
5.235410928726196289e-01
6.162405945360660553e-03
4.863035865128040314e-04
7.196962088346481323e-02
8.251368999481201172e-03
9.963215142488479614e-02
4.777770023792982101e-03
3.291329194325953722e-04
1.408265437930822372e-03
2.581043913960456848e-02
9.786029458045959473e-01
1.757354242727160454e-03
2.080363407731056213e-02
6.131962873041629791e-04
6.532652769237756729e-04
2.707020612433552742e-04
3.726849390659481287e-04
3.550863824784755707e-03
1.273622214794158936e-01
5.903094410896301270e-01
1.101586595177650452e-02
2.067396417260169983e-03
2.173797339200973511e-01
5.392843484878540039e-01
1.978338928893208504e-03
1.375913992524147034e-02
1.350358594208955765e-03
3.097745589911937714e-02
2.245777519419789314e-03
8.637353894300758839e-04
1.307002268731594086e-02
3.013053908944129944e-03
2.631201036274433136e-02
7.073844075202941895e-01
2.725620288401842117e-03
2.469328604638576508e-02
1.924999244511127472e-02
1.479015219956636429e-02
1.013510301709175110e-01
1.941826078109443188e-03
5.212651938199996948e-02
4.122735001146793365e-03
4.317843995522707701e-04
1.830968074500560760e-03
1.248130225576460361e-03
1.358476816676557064e-03
1.833247765898704529e-02
1.763576408848166466e-03
4.023568034172058105e-01
3.036317881196737289e-03
9.452908039093017578e-01
5.237004160881042480e-01
7.054516579955816269e-03
7.736083585768938065e-03
7.363859564065933228e-03
2.409139880910515785e-03
1.995529979467391968e-03
1.202289685606956482e-01
7.122662849724292755e-03
9.690789580345153809e-01
9.518573284149169922e-01
9.894440770149230957e-01
9.027997851371765137e-01
1.722138840705156326e-04
9.150266051292419434e-01
1.411956548690795898e-01
4.222306888550519943e-03
9.188695810735225677e-03
3.224251791834831238e-02
5.180328153073787689e-04
3.674193099141120911e-02
8.826242759823799133e-03
9.796983003616333008e-02
2.682931423187255859e-01
2.048195106908679008e-03
3.436073660850524902e-03
1.103520626202225685e-03
2.187772653996944427e-03
2.770649502053856850e-03
3.611032851040363312e-03
1.208297908306121826e-02
1.032169559039175510e-03
7.484440575353801250e-04
4.178409278392791748e-02
9.606937528587877750e-04
3.342798911035060883e-03
9.304120540618896484e-01
8.191020227968692780e-03
1.120667293434962630e-04
4.916836041957139969e-03
2.398439100943505764e-04
1.570117776282131672e-03
1.004909747280180454e-03
6.397543102502822876e-02
5.924266576766967773e-01
1.403524540364742279e-03
3.498529258649796247e-04
1.140068634413182735e-03
1.657716929912567139e-01
1.490782015025615692e-02
1.149459276348352432e-03
1.040677633136510849e-02
8.935599923133850098e-01
1.742793712764978409e-03
4.359658123576082289e-05
1.739211729727685452e-04
9.295189976692199707e-01
1.011612126603722572e-03
4.246088676154613495e-03
1.104122027754783630e-03
1.453689020127058029e-02
3.737176358699798584e-01
5.712147951126098633e-01
1.007855171337723732e-03
9.701161384582519531e-01
8.832528837956488132e-04
8.953617885708808899e-03
7.241495186462998390e-04
2.687163650989532471e-02
1.221853401511907578e-02
5.524468142539262772e-04
2.876269817352294922e-01
2.861045002937316895e-01
1.982427686452865601e-01
5.345412995666265488e-03
7.482439395971596241e-04
6.336509250104427338e-04
1.777169527485966682e-03
2.644879743456840515e-03
8.675419376231729984e-04
4.005340393632650375e-03
2.220591343939304352e-02
2.640104480087757111e-02
8.700508624315261841e-03
4.753562156111001968e-03
1.612820196896791458e-03
3.242708509787917137e-03
5.248823203146457672e-03
3.371375612914562225e-03
9.085693359375000000e-01
5.637875944375991821e-02
1.865243073552846909e-03
4.192414879798889160e-01
1.175397112965583801e-01
2.919400867540389299e-04
9.542442858219146729e-04
6.354295462369918823e-02
3.207251057028770447e-02
4.160570204257965088e-01
4.295279085636138916e-01
5.698459222912788391e-03
4.613188095390796661e-03
1.198289915919303894e-03
8.957375288009643555e-01
1.132175209932029247e-03
1.029813289642333984e-02
3.369261394254863262e-04
8.384863138198852539e-01
2.393268747255206108e-03
1.533939735963940620e-03
1.005666330456733704e-03
1.002516783773899078e-02
2.341732829809188843e-01
7.939804792404174805e-01
3.899281611666083336e-03
1.537092626094818115e-01
6.853570342063903809e-01
1.743238270282745361e-01
9.895232506096363068e-03
2.500881254673004150e-02
2.536731772124767303e-04
1.803881861269474030e-02
1.770278625190258026e-02
8.631404042243957520e-01
9.980666041374206543e-01
5.684386938810348511e-02
1.127155730500817299e-03
4.936623736284673214e-04
6.100484170019626617e-04
3.730268683284521103e-03
3.831683134194463491e-04
3.443877678364515305e-03
2.515092194080352783e-01
2.470265142619609833e-02
9.772265329957008362e-04
6.912291049957275391e-03
2.759831259027123451e-04
1.459996448829770088e-03
8.427381515502929688e-03
6.001559086143970490e-04
2.565668821334838867e-01
5.339463055133819580e-02
7.677913904190063477e-01
4.155900478363037109e-01
1.039946917444467545e-03
1.308337203226983547e-03
1.738729514181613922e-02
3.929086402058601379e-02
1.205880660563707352e-02
1.339978422038257122e-03
7.412342238239943981e-04
3.371166822034865618e-04
6.919810082763433456e-03
1.316278874874114990e-01
1.943627255968749523e-03
1.470330916345119476e-02
4.975025076419115067e-03
9.822818040847778320e-01
4.491681978106498718e-02
1.798302400857210159e-03
9.589022397994995117e-01
1.625042175874114037e-03
3.514885029289871454e-04
1.574791818857192993e-01
2.110633533447980881e-03
3.734620055183768272e-03
1.556776929646730423e-03
1.460072933696210384e-03
9.744627475738525391e-01
7.228766917251050472e-04
8.069281466305255890e-03
3.574516996741294861e-02
6.473945686593651772e-04
1.295134127140045166e-01
2.221527043730020523e-03
1.807534252293407917e-03
6.225692573934793472e-03
6.362982094287872314e-04
2.712122723460197449e-02
6.029540207237005234e-03
6.075566634535789490e-02
7.740407600067555904e-04
1.092546731233596802e-01
6.836365908384323120e-03
2.592496806755661964e-03
5.027979016304016113e-01
1.913623698055744171e-02
3.651287779211997986e-02
2.304188237758353353e-04
9.577856399118900299e-04
6.770930718630552292e-03
4.346112255007028580e-04
5.211755167692899704e-03
8.541388087905943394e-04
9.199565052986145020e-01
2.745832025539129972e-04
4.542739316821098328e-02
8.865910349413752556e-04
3.544729843270033598e-04
3.578206300735473633e-01
1.487803924828767776e-02
1.710626296699047089e-02
4.505275748670101166e-03
2.779428381472826004e-03
1.780852326191961765e-03
5.666895508766174316e-01
2.187405228614807129e-01
1.953287748619914055e-03
4.153178259730339050e-02
2.378249727189540863e-02
9.501363965682685375e-04
9.978877902030944824e-01
2.540861314628273249e-04
2.539856918156147003e-02
1.123475655913352966e-02
6.737839430570602417e-05
1.405109912157058716e-01
1.868691667914390564e-02
1.313879992812871933e-02
3.304983675479888916e-02
8.850508369505405426e-03
4.036677710246294737e-04
4.864579532295465469e-03
4.394090268760919571e-03
2.490142360329627991e-04
6.257145106792449951e-02
4.261007998138666153e-03
1.868732273578643799e-02
3.197950869798660278e-02
2.956851571798324585e-02
1.541550923138856888e-02
1.797561720013618469e-02
8.985662832856178284e-03
7.067351834848523140e-04
7.736070752143859863e-01
1.353374565951526165e-03
2.202448667958378792e-03
3.497672150842845440e-04
7.287196815013885498e-03
8.614713442511856556e-04
3.651857674121856689e-01
9.627013653516769409e-02
6.647373666055500507e-04
2.682624384760856628e-03
2.688345732167363167e-03
8.520433306694030762e-02
8.885242859832942486e-04
9.745481014251708984e-01
1.815026975236833096e-03
2.809426281601190567e-03
7.804899476468563080e-03
4.579655069392174482e-04
1.770183257758617401e-02
4.721865653991699219e-01
9.680917486548423767e-03
1.457727863453328609e-03
1.166478963568806648e-03
3.810093505308032036e-03
1.593656488694250584e-03
3.106040693819522858e-02
4.946450702846050262e-03
2.754863202571868896e-01
6.555824540555477142e-03
3.213269263505935669e-02
8.152129594236612320e-04
2.062802948057651520e-02
8.690415415912866592e-04
9.773862361907958984e-01
4.206841811537742615e-03
9.696080684661865234e-01
1.584729645401239395e-03
2.165903337299823761e-03
9.052753448486328125e-01
2.720458898693323135e-03
2.712213434278964996e-02
1.268835961818695068e-01
1.725995726883411407e-02
3.807640168815851212e-03
9.436330199241638184e-01
2.721906900405883789e-01
1.732280594296753407e-03
2.512380597181618214e-04
6.699382662773132324e-01
2.403920982033014297e-03
9.046902060508728027e-01
5.529838963411748409e-04
2.456001564860343933e-02
4.152202047407627106e-03
1.282781828194856644e-03
1.475282758474349976e-01
1.148411631584167480e-02
1.064383834600448608e-01
8.029841119423508644e-04
3.836385149043053389e-04
7.236848026514053345e-02
1.637358590960502625e-02
8.064295165240764618e-03
2.999265445396304131e-03
6.222097575664520264e-02
4.066985100507736206e-02
1.114157494157552719e-03
3.732348605990409851e-02
2.757909595966339111e-01
5.256402492523193359e-01
7.573946844786405563e-03
6.285602692514657974e-03
4.409893415868282318e-03
1.608392107300460339e-03
2.177870646119117737e-02
7.234975928440690041e-04
6.693694591522216797e-01
8.727288222871720791e-04
1.758320839144289494e-03
4.443462821654975414e-04
4.457134753465652466e-03
1.566678844392299652e-02
1.507213991135358810e-02
1.160907559096813202e-02
5.300614284351468086e-04
1.147151645272970200e-02
9.896390438079833984e-01
6.588567048311233521e-03
2.738207345828413963e-03
1.502327038906514645e-03
9.035849943757057190e-04
4.316378384828567505e-03
3.766651963815093040e-03
1.553229289129376411e-03
5.540910642594099045e-04
9.429848194122314453e-02
1.136168488301336765e-03
3.103328645229339600e-01
3.438265528529882431e-03
1.909508183598518372e-02
8.094161748886108398e-01
2.203254727646708488e-03
2.483472526073455811e-01
1.853238604962825775e-02
2.697598654776811600e-03
1.371787488460540771e-02
5.752840661443769932e-04
3.940337337553501129e-03
1.359525881707668304e-02
7.992389798164367676e-02
1.135566853918135166e-03
2.216329239308834076e-02
5.740046035498380661e-03
1.218712404370307922e-01
1.060960907489061356e-02
2.588255098089575768e-03
3.418636741116642952e-03
2.461957512423396111e-03
2.133576897904276848e-03
1.053047738969326019e-02
1.855506678111851215e-03
3.495265555102378130e-04
1.849778695032000542e-03
1.794303022325038910e-02
5.171691882424056530e-04
9.567157626152038574e-01
1.341236056759953499e-03
3.760945200920104980e-01
9.784316644072532654e-04
5.465080216526985168e-02
2.373886108398437500e-02
1.966530981007963419e-04
2.476798370480537415e-03
8.190240710973739624e-03
5.421015084721148014e-04
9.938713446899782866e-06
1.346629112958908081e-03
2.138576805591583252e-01
3.998518921434879303e-03
6.546463817358016968e-02
4.968007504940032959e-01
9.804570078849792480e-01
7.039397954940795898e-01
7.820113003253936768e-02
4.392177797853946686e-04
3.659577369689941406e-01
8.460521697998046875e-01
9.270684719085693359e-01
2.059514634311199188e-03
1.014638110063970089e-03
1.683178730309009552e-02
8.199689388275146484e-01
2.150417305529117584e-02
3.163231909275054932e-02
9.107318520545959473e-01
2.037022961303591728e-03
1.128110103309154510e-03
2.016081707552075386e-03
2.754808031022548676e-02
8.244382143020629883e-01
1.342536788433790207e-02
2.739089075475931168e-03
1.683829724788665771e-02
2.591568045318126678e-02
3.178740385919809341e-03
2.285907976329326630e-03
1.140055130235850811e-03
1.047172863036394119e-02
9.875283837318420410e-01
2.427125349640846252e-03
6.819331645965576172e-02
4.667916893959045410e-02
5.834992043673992157e-04
1.537518226541578770e-03
3.292387817054986954e-03
5.731615703552961349e-03
4.781503695994615555e-03
3.460103878751397133e-03
7.982794642448425293e-01
1.588037312030792236e-01
3.220184007659554482e-04
5.187920760363340378e-03
5.954633001238107681e-03
7.112835347652435303e-02
3.393372171558439732e-04
3.224901556968688965e-01
8.211043477058410645e-02
1.238990807905793190e-03
5.062929391860961914e-01
4.168662428855895996e-02
8.235956192947924137e-04
1.418849569745361805e-03
1.633144216611981392e-03
1.554269343614578247e-02
4.637749516405165195e-04
3.507442772388458252e-03
3.040366573259234428e-03
1.640331149101257324e-01
4.959565121680498123e-04
5.129069555550813675e-03
1.162254810333251953e-02
3.550814581103622913e-04
2.323194593191146851e-02
4.217053949832916260e-02
2.282769791781902313e-02
2.166614532470703125e-01
4.775193054229021072e-03
8.789488114416599274e-03
1.748005114495754242e-02
1.814849907532334328e-03
1.629373873583972454e-03
2.453763270750641823e-03
2.227098494768142700e-02
9.990715980529785156e-01
4.026394337415695190e-03
6.559283733367919922e-01
2.160899573937058449e-03
1.584903220646083355e-04
9.223054647445678711e-01
1.307744830846786499e-01
6.660871207714080811e-03
1.235759118571877480e-03
8.690789341926574707e-02
3.917997237294912338e-03
2.197634661570191383e-03
1.007767301052808762e-02
8.759506791830062866e-02
1.555233597755432129e-01
1.406470499932765961e-02
1.174860075116157532e-01
2.966052154079079628e-03
3.303785026073455811e-01
7.314897957257926464e-04
5.617962479591369629e-01
5.522639676928520203e-02
7.770205847918987274e-03
2.945596817880868912e-03
1.028504339046776295e-03
6.145036593079566956e-02
8.720523118972778320e-01
1.330962404608726501e-03
8.422628641128540039e-01
1.154459780082106590e-03
8.114891499280929565e-02
9.976305067539215088e-03
3.431218490004539490e-02
4.842692520469427109e-03
1.305403304286301136e-03
1.060457527637481689e-02
8.825857043266296387e-01
1.497585675679147243e-03
1.614614576101303101e-02
1.775614917278289795e-02
1.481073559261858463e-03
2.081339946016669273e-03
3.690636456012725830e-01
6.618338823318481445e-02
4.483693279325962067e-03
5.556229948997497559e-01
3.433910023886710405e-04
3.289642930030822754e-01
3.641051799058914185e-02
4.567093215882778168e-03
2.194737941026687622e-01
2.091339090839028358e-03
1.466617570258677006e-03
1.980294100940227509e-02
2.816942520439624786e-03
4.092306364327669144e-03
3.174736350774765015e-02
6.288546137511730194e-03
2.296506799757480621e-02
1.244357451796531677e-01
5.041722208261489868e-03
8.469118038192391396e-04
3.265704512596130371e-01
4.500329196453094482e-01
9.200294502079486847e-03
6.935855746269226074e-02
6.573316641151905060e-03
7.030433416366577148e-02
1.687859883531928062e-03
1.226362655870616436e-03
3.440576419234275818e-02
6.999089382588863373e-04
8.677816390991210938e-01
3.233275711536407471e-01
1.445181854069232941e-02
2.257313281297683716e-01
8.990780450403690338e-03
6.651385338045656681e-04
2.904427424073219299e-02
1.519281510263681412e-02
7.952004671096801758e-04
2.629597485065460205e-02
3.251799643039703369e-01
3.181384527124464512e-04
3.031893866136670113e-03
4.151462763547897339e-02
2.344624325633049011e-02
2.447198778390884399e-01
1.956962049007415771e-03
3.600277414079755545e-04
1.000588759779930115e-03
7.896553874015808105e-01
1.371266227215528488e-02
4.837006703019142151e-02
2.581050693988800049e-01
9.287914726883172989e-04
8.739098906517028809e-03
1.799270659685134888e-01
2.173302695155143738e-03
7.224549651145935059e-01
5.019592936150729656e-04
2.308417670428752899e-02
1.566604226827621460e-01
1.133748213760554790e-03
6.891032457351684570e-01
2.475979030132293701e-01
7.041365839540958405e-03
6.025059847161173820e-04
8.386612534523010254e-01
1.830961927771568298e-02
5.325083155184984207e-03
3.106130659580230713e-01
9.995162487030029297e-01
8.296887390315532684e-04
3.901543840765953064e-02
2.852147631347179413e-02
7.557788398116827011e-03
8.257943554781377316e-04
9.504027366638183594e-01
6.001260131597518921e-03
9.741416200995445251e-03
2.108139451593160629e-03
3.324107825756072998e-02
6.871002912521362305e-01
3.702771617099642754e-03
4.070283845067024231e-02
1.151090255007147789e-03
1.390136927366256714e-01
7.803232874721288681e-04
1.703470712527632713e-03
5.498004611581563950e-03
1.298042014241218567e-02
4.720391705632209778e-03
5.375823471695184708e-03
6.194036602973937988e-01
1.522082835435867310e-01
2.992986701428890228e-03
4.063589498400688171e-02
2.093260845867916942e-04
2.895440757274627686e-01
9.657419323921203613e-01
8.747375607490539551e-01
4.473486624192446470e-04
2.548500197008252144e-03
1.916596293449401855e-01
2.432135939598083496e-01
9.700661175884306431e-04
8.887154459953308105e-01
1.421429961919784546e-02
9.951457381248474121e-01
1.540566328912973404e-03
7.585868835449218750e-01
3.487251466140151024e-03
1.526866946369409561e-02
1.562638767063617706e-02
3.738600388169288635e-02
1.585094630718231201e-02
2.071235887706279755e-02
1.179104438051581383e-03
9.725923091173171997e-02
2.500354647636413574e-01
3.095424035564064980e-03
9.670247435569763184e-01
5.423855967819690704e-03
6.825630553066730499e-04
5.057406146079301834e-03
1.617207191884517670e-02
1.280024498701095581e-01
3.573217662051320076e-03
7.845444488339126110e-04
5.155683308839797974e-02
7.022549510002136230e-01
8.761963844299316406e-01
2.558372914791107178e-03
5.738440155982971191e-02
4.498729947954416275e-03
3.373701274394989014e-01
1.044354168698191643e-03
5.220175255089998245e-03
1.971793972188606858e-04
2.017295686528086662e-03
1.032573287375271320e-03
8.810300496406853199e-04
6.442591547966003418e-04
4.509220889303833246e-04
3.615097608417272568e-03
1.349367946386337280e-02
3.502744075376540422e-04
1.239355537109076977e-03
8.819048525765538216e-04
6.209936141967773438e-01
1.826365850865840912e-02
1.381061784923076630e-02
4.806161392480134964e-03
2.919405000284314156e-03
1.395885017700493336e-03
5.216813646256923676e-03
2.795117348432540894e-02
4.313401412218809128e-03
8.811737895011901855e-01
4.809349775314331055e-04
1.706659048795700073e-02
3.978115040808916092e-03
4.637864418327808380e-03
2.643159590661525726e-03
1.790593564510345459e-01
2.917452752590179443e-01
6.828706711530685425e-03
8.550870697945356369e-04
1.882635639049112797e-03
9.680606126785278320e-01
5.618170835077762604e-04
4.215911612845957279e-04
1.286395452916622162e-02
8.396100252866744995e-03
3.830616921186447144e-02
4.291619639843702316e-03
5.446932627819478512e-04
2.109710825607180595e-03
1.914006192237138748e-03
3.455095589160919189e-01
2.462457632645964622e-03
1.118852174840867519e-03
1.445576101541519165e-01
5.994703969918191433e-04
7.486307993531227112e-03
1.543128280900418758e-03
1.135317492298781872e-03
1.527222618460655212e-02
7.153853178024291992e-01
9.559423327445983887e-01
5.228372174315154552e-04
4.972190596163272858e-03
1.608716091141104698e-03
1.545699033886194229e-02
7.409856319427490234e-01
1.129501033574342728e-02
6.748775951564311981e-03
1.553526613861322403e-02
6.248788908123970032e-02
7.743499241769313812e-03
2.688253007363528013e-04
1.092381924390792847e-01
1.061261980794370174e-03
1.269725384190678596e-03
9.485096670687198639e-04
1.450090785510838032e-03
3.542063059285283089e-04
1.392503269016742706e-03
4.549027886241674423e-03
1.326051633805036545e-02
1.427535563707351685e-01
4.193707427475601435e-04
5.761617328971624374e-03
9.049526602029800415e-02
9.315898059867322445e-04
3.365208685863763094e-04
2.426610887050628662e-02
3.875679671764373779e-01
1.050709187984466553e-02
3.925509285181760788e-03
6.926521193236112595e-03
1.192167052067816257e-03
1.308120903559029102e-03
1.734897308051586151e-02
2.242075279355049133e-03
5.417130887508392334e-04
2.969458000734448433e-03
3.429489908739924431e-03
9.973356127738952637e-01
4.471180960536003113e-03
3.373569808900356293e-03
1.463434076867997646e-03
1.202693954110145569e-02
3.612344712018966675e-02
5.925540998578071594e-02
7.980184629559516907e-03
7.484551053494215012e-03
6.957826204597949982e-03
1.540334546007215977e-03
5.121383816003799438e-03
4.388265078887343407e-04
1.157157961279153824e-02
9.129061698913574219e-01
2.441952936351299286e-03
2.118523716926574707e-01
2.218115609139204025e-03
4.788706544786691666e-03
1.334188729524612427e-01
6.691421382129192352e-03
1.358142937533557415e-03
1.338178291916847229e-03
4.582610726356506348e-01
6.691323965787887573e-02
1.073440760374069214e-01
1.384489936754107475e-03
5.918330512940883636e-03
8.142557926476001740e-03
3.348900750279426575e-02
2.407617401331663132e-03
6.647073198109865189e-03
2.565815811976790428e-03
2.511755097657442093e-03
1.681555644609034061e-03
2.114149741828441620e-03
6.799318362027406693e-03
1.527203898876905441e-02
9.294652342796325684e-01
9.974430799484252930e-01
9.989624023437500000e-01
1.143003068864345551e-02
3.326594457030296326e-02
7.912491261959075928e-02
4.043917059898376465e-01
8.535388042218983173e-04
3.592204535380005836e-03
5.372604131698608398e-01
5.863278638571500778e-03
3.478934243321418762e-02
5.157265695743262768e-04
8.229829370975494385e-03
2.489126175642013550e-01
5.745112895965576172e-03
8.409351110458374023e-03
2.126794075593352318e-03
5.575701594352722168e-02
2.036726567894220352e-03
7.625885773450136185e-03
6.937287398613989353e-04
2.817740105092525482e-02
1.585078309290111065e-03
2.133595291525125504e-03
2.678206190466880798e-02
9.991347193717956543e-01
9.476885898038744926e-04
2.986024133861064911e-03
3.069069236516952515e-02
4.865750204771757126e-03
1.327014714479446411e-02
3.297738963738083839e-03
7.276652380824089050e-03
1.881599309854209423e-03
7.909551262855529785e-03
3.188088536262512207e-03
3.927337378263473511e-02
9.673113226890563965e-01
4.562623333185911179e-03
1.585211902856826782e-01
6.246566190384328365e-04
3.694560611620545387e-03
9.659010171890258789e-01
8.131274953484535217e-03
7.264554966241121292e-03
9.328660964965820312e-01
1.530773378908634186e-02
6.272248574532568455e-04
2.064549480564892292e-04
2.022647708654403687e-01
1.088760327547788620e-03
1.902264542877674103e-02
3.004844533279538155e-03
3.494055476039648056e-03
4.736640956252813339e-03
5.075979977846145630e-03
5.206812638789415359e-04
4.689964465796947479e-03
2.275184541940689087e-02
5.833372473716735840e-02
2.352679002797231078e-04
3.582089848350733519e-04
4.103750921785831451e-03
1.334320288151502609e-02
1.075264718383550644e-02
1.414172118529677391e-03
6.136852502822875977e-02
7.429240504279732704e-04
8.023369908332824707e-01
7.270338535308837891e-01
7.035412127152085304e-04
3.755227080546319485e-04
2.186382043873891234e-04
1.365724747302010655e-04
7.671934366226196289e-02
9.413728863000869751e-02
7.852441631257534027e-04
1.158071868121623993e-02
5.349908471107482910e-01
1.864753896370530128e-03
1.146514900028705597e-03
5.126716569066047668e-04
1.107239536941051483e-02
8.765062317252159119e-03
9.768975973129272461e-01
5.482672899961471558e-02
3.862559795379638672e-02
4.097599536180496216e-03
6.895584519952535629e-03
8.355229161679744720e-03
2.600263804197311401e-03
9.325352148152887821e-04
1.273622503504157066e-03
2.311337040737271309e-03
1.975151710212230682e-02
1.972873433260247111e-04
4.584360867738723755e-02
1.158822048455476761e-02
7.248415797948837280e-02
1.994234323501586914e-02
2.668409422039985657e-02
5.371856093406677246e-01
5.231134966015815735e-02
1.060327165760099888e-03
3.054358996450901031e-03
1.913626911118626595e-04
2.373483031988143921e-02
2.279652804136276245e-01
9.943633079528808594e-01
9.931246638298034668e-01
8.780835196375846863e-03
7.535219192504882812e-04
3.551519662141799927e-02
3.375779464840888977e-02
9.406730532646179199e-01
3.957654815167188644e-03
3.019291721284389496e-02
6.119349505752325058e-03
3.330256324261426926e-03
7.611161563545465469e-04
2.312340959906578064e-02
1.916661411523818970e-01
5.541048012673854828e-04
1.482694991864264011e-03
4.001967608928680420e-03
9.169203639030456543e-01
1.692959666252136230e-02
4.187073931097984314e-02
9.606988169252872467e-03
1.545422244817018509e-03
9.873295202851295471e-04
6.791794300079345703e-01
1.995680795516818762e-04
7.515214965678751469e-04
1.566454768180847168e-03
1.969593111425638199e-03
1.319622970186173916e-04
1.100104491342790425e-04
8.460422977805137634e-04
9.991086125373840332e-01
1.098538842052221298e-02
2.855708356946706772e-03
1.126508461311459541e-03
5.285604670643806458e-02
4.738966375589370728e-02
1.059638918377459049e-03
2.277294872328639030e-03
2.111236535711213946e-04
8.346077083842828870e-05
2.362716756761074066e-02
6.112523260526359081e-04
6.142254471778869629e-01
1.262704581022262573e-01
2.030939981341362000e-02
3.222128376364707947e-02
6.560194888152182102e-04
7.600964978337287903e-03
2.450293395668268204e-04
4.619667888619005680e-04
6.560338661074638367e-04
1.177183701656758785e-03
1.936889137141406536e-03
4.671500937547534704e-04
1.696205348707735538e-03
6.202650815248489380e-02
1.952889841049909592e-03
2.270814497023820877e-03
3.766550868749618530e-02
1.404421925544738770e-01
3.112951060757040977e-03
7.225902285426855087e-03
2.422486199066042900e-03
3.651311248540878296e-02
3.066909499466419220e-03
3.236558521166443825e-03
3.969651588704437017e-04
2.206190377473831177e-01
3.456274978816509247e-03
1.221764250658452511e-03
2.152106957510113716e-03
4.612719640135765076e-03
1.410321444272994995e-01
2.192353270947933197e-02
3.126735566183924675e-03
2.485822588205337524e-01
5.507004261016845703e-02
1.505866181105375290e-03
7.556634545326232910e-01
7.112777675502002239e-04
5.864531993865966797e-01
7.344932109117507935e-02
7.444460061378777027e-04
9.761625528335571289e-01
1.244448591023683548e-03
7.535343058407306671e-03
1.299572293646633625e-03
3.487549955025315285e-03
5.558469565585255623e-04
9.762235730886459351e-02
6.754328310489654541e-02
4.260841815266758204e-04
4.104440286755561829e-02
1.830131560564041138e-01
5.250756144523620605e-01
4.954448435455560684e-03
3.970081917941570282e-03
3.681302070617675781e-02
6.907212547957897186e-03
2.079888479784131050e-03
5.620159208774566650e-03
2.284559607505798340e-02
6.381271779537200928e-02
6.734423805028200150e-04
2.706818878650665283e-01
6.613994948565959930e-03
6.014902517199516296e-02
1.458597090095281601e-02
2.243026532232761383e-02
3.271766752004623413e-02
6.839037523604929447e-04
1.977611705660820007e-02
9.493701457977294922e-01
6.366997840814292431e-04
1.119742263108491898e-02
1.113416533917188644e-02
3.794312477111816406e-02
4.731513932347297668e-02
4.557499196380376816e-04
1.099844812415540218e-03
7.758813910186290741e-03
1.630918355658650398e-03
4.522477686405181885e-01
4.430469498038291931e-02
4.005039809271693230e-04
5.508016794919967651e-02
4.525184631347656250e-02
1.004289742559194565e-02
2.380772784817963839e-04
1.407849835231900215e-03
2.046418935060501099e-02
4.380822777748107910e-01
2.231378894066438079e-04
3.246830776333808899e-03
3.229884605389088392e-04
3.772328142076730728e-03
1.231061643920838833e-03
2.120841592550277710e-01
8.695545839145779610e-04
8.595321178436279297e-01
1.161788552999496460e-01
2.020917274057865143e-02
5.968931913375854492e-01
7.153124082833528519e-03
6.787898601032793522e-04
4.723154124803841114e-04
9.956681728363037109e-01
3.799827303737401962e-03
1.683057867921888828e-03
1.745079876855015755e-03
5.213850177824497223e-03
9.271691553294658661e-03
3.165208399295806885e-01
3.580772085115313530e-03
1.079085050150752068e-03
5.599306821823120117e-01
1.358390133827924728e-02
9.379650652408599854e-02
9.847950339317321777e-01
9.906030260026454926e-03
2.359070256352424622e-02
2.684443024918437004e-03
1.524801919003948569e-04
4.788243677467107773e-04
3.115147817879915237e-03
9.903709292411804199e-01
1.288770930841565132e-03
1.042297109961509705e-03
2.877146750688552856e-02
1.662409631535410881e-03
3.204592270776629448e-03
2.449256367981433868e-03
6.691840011626482010e-03
9.910133481025695801e-01
1.805396634154021740e-03
2.195820361375808716e-01
6.266354322433471680e-01
6.797010428272187710e-04
4.259992565494030714e-04
1.239877426996827126e-03
8.168991771526634693e-04
4.914704263210296631e-01
3.095775609835982323e-04
3.381013812031596899e-04
5.054842913523316383e-04
3.041311353445053101e-02
6.057619582861661911e-03
7.676628883928060532e-04
3.369271056726574898e-03
5.653426051139831543e-01
2.045864006504416466e-03
7.842576131224632263e-03
3.213378414511680603e-02
9.903289079666137695e-01
2.567797005176544189e-01
1.066899159923195839e-03
1.446878188289701939e-03
2.901784610003232956e-03
1.670027413638308644e-04
3.575545847415924072e-01
4.307861439883708954e-03
2.426422142889350653e-04
3.604420926421880722e-04
3.935014829039573669e-03
9.577602148056030273e-03
2.248547738417983055e-03
1.497895922511816025e-03
7.342983008129522204e-05
1.949421167373657227e-01
6.889234646223485470e-04
8.684052154421806335e-03
3.997000679373741150e-02
8.077633567154407501e-03
3.344202786684036255e-02
1.252002897672355175e-03
3.585612401366233826e-03
2.662461949512362480e-03
7.456096410751342773e-01
4.108007531613111496e-03
6.300494424067437649e-04
3.738015075214207172e-04
1.222179853357374668e-03
2.827366581186652184e-03
2.260507047176361084e-01
4.219023976475000381e-03
3.820731071755290031e-04
2.480357652530074120e-03
8.815087080001831055e-01
4.143062978982925415e-03
7.694165105931460857e-04
8.919629268348217010e-03
1.545236911624670029e-02
1.242833361029624939e-01
9.250005334615707397e-02
9.927875399589538574e-01
2.347266860306262970e-02
3.697204636409878731e-03
7.813271284103393555e-01
4.433529451489448547e-03
1.260572229512035847e-03
5.631789565086364746e-03
6.457696203142404556e-03
4.142838995903730392e-03
1.072075916454195976e-03
2.397931739687919617e-02
1.426611212082207203e-03
2.984257414937019348e-02
6.717350916005671024e-04
8.625263348221778870e-03
1.093713508453220129e-04
2.624800661578774452e-03
1.890135812573134899e-03
1.328487880527973175e-03
2.013803459703922272e-03
8.477529883384704590e-02
4.557775557041168213e-01
6.637327605858445168e-04
7.977463304996490479e-03
4.131250083446502686e-03
2.240621950477361679e-03
8.346738219261169434e-01
3.813981311395764351e-03
7.194483280181884766e-02
3.379222107469104230e-05
3.126077055931091309e-01
7.931802868843078613e-01
1.719908323138952255e-03
1.154521852731704712e-02
5.801084637641906738e-02
4.385930951684713364e-03
9.529225528240203857e-03
9.278115034103393555e-01
2.118260134011507034e-03
1.797457807697355747e-03
5.198738072067499161e-03
9.871893525123596191e-01
8.240304887294769287e-04
4.303660709410905838e-03
5.575975519604980946e-04
4.016203880310058594e-01
3.880161419510841370e-02
7.186958682723343372e-04
1.324238372035324574e-03
5.428432486951351166e-04
3.511253045871853828e-03
4.306566901504993439e-03
5.808485439047217369e-04
4.870922304689884186e-03
5.879633827134966850e-04
1.262990683317184448e-01
2.210872014984488487e-03
1.508176978677511215e-02
3.385446500033140182e-03
4.154842463321983814e-04
5.378714995458722115e-04
1.445487956516444683e-03
2.678743302822113037e-01
1.005978323519229889e-02
1.495471224188804626e-02
2.286360263824462891e-01
8.155952692031860352e-01
2.235017344355583191e-02
7.942074537277221680e-02
5.250611305236816406e-01
2.040258405031636357e-04
7.711530476808547974e-02
5.727460375055670738e-04
9.971567392349243164e-01
2.464674646034836769e-03
2.013918478041887283e-03
6.733689224347472191e-04
1.740748435258865356e-02
9.440925903618335724e-03
1.004050765186548233e-02
2.809797041118144989e-02
6.456986069679260254e-01
1.380726112984120846e-03
9.609200060367584229e-02
8.908798098564147949e-01
1.996980793774127960e-02
7.989069563336670399e-04
4.638733714818954468e-02
9.797133505344390869e-02
9.524384140968322754e-01
1.429339055903255939e-03
1.498626023530960083e-01
5.462714005261659622e-03
4.087341949343681335e-03
8.700597286224365234e-01
3.239761339500546455e-03
1.265810104086995125e-03
7.067194208502769470e-03
4.306707705836743116e-04
3.682700218632817268e-03
8.442310094833374023e-01
7.625070214271545410e-01
5.267398804426193237e-02
2.254905402660369873e-01
3.884817939251661301e-03
1.800155639648437500e-02
9.752883315086364746e-01
1.097496715374290943e-03
1.707259006798267365e-02
1.711771008558571339e-03
1.608634949661791325e-03
7.145528797991573811e-04
2.533950377255678177e-03
2.276157727465033531e-03
1.105554252862930298e-01
3.584930091165006161e-04
2.858270425349473953e-03
9.317743778228759766e-01
1.237539574503898621e-03
6.433711852878332138e-03
1.319177355617284775e-02
2.260735630989074707e-01
1.747679198160767555e-03
5.690000951290130615e-02
8.823752999305725098e-01
5.079865921288728714e-03
9.442593902349472046e-03
4.201934672892093658e-03
7.134822010993957520e-02
1.027590036392211914e-01
3.212012350559234619e-01
3.269281587563455105e-04
1.826025396585464478e-01
6.606727242469787598e-01
2.881074845790863037e-01
1.984874904155731201e-02
5.471622347831726074e-01
5.893466877751052380e-04
2.481837524101138115e-03
9.273251518607139587e-03
8.552932995371520519e-04
9.289575219154357910e-01
5.469569005072116852e-04
4.365048371255397797e-03
5.305552389472723007e-03
1.697128405794501305e-03
2.741995267570018768e-03
1.173029188066720963e-03
2.211295999586582184e-03
1.203506719321012497e-02
2.483407035470008850e-02
3.166473507881164551e-01
6.960622966289520264e-02
9.395874803885817528e-04
7.525141118094325066e-04
3.817646950483322144e-02
1.696405583061277866e-03
1.741657499223947525e-03
4.977355711162090302e-04
3.666691482067108154e-02
4.591348171234130859e-01
1.914892345666885376e-01
2.424398553557693958e-04
2.425905503332614899e-02
1.280037569813430309e-03
2.718958305194973946e-03
1.249716952443122864e-01
2.364630065858364105e-02
5.489143659360706806e-04
2.632246119901537895e-03
2.385042309761047363e-01
3.792758099734783173e-03
6.681720726191997528e-03
7.536801509559154510e-03
3.714300692081451416e-04
2.449739724397659302e-03
2.927061542868614197e-02
6.595589686185121536e-03
7.245192527770996094e-01
4.230896476656198502e-03
6.311352830380201340e-03
6.444529280997812748e-04
1.630545221269130707e-02
5.644110497087240219e-03
1.927124452777206898e-03
2.070863265544176102e-03
1.463965745642781258e-03
4.240721464157104492e-03
1.626597135327756405e-03
8.480859687551856041e-04
4.657215904444456100e-03
4.845184274017810822e-03
2.287724200868979096e-04
2.345350338146090508e-03
4.554016515612602234e-02
2.558958157896995544e-02
4.374930635094642639e-02
4.915909469127655029e-01
9.713281989097595215e-01
1.134088030084967613e-03
8.770907879807054996e-04
1.899464987218379974e-03
1.333988606929779053e-01
5.009558983147144318e-03
9.873315691947937012e-01
8.952799253165721893e-04
6.141578406095504761e-02
9.071778506040573120e-02
7.793560158461332321e-03
4.224418662488460541e-03
4.806289970874786377e-01
1.862412318587303162e-02
4.486507736146450043e-03
1.142585024354048073e-04
9.031568467617034912e-02
1.467313268221914768e-03
9.499470591545104980e-01
4.951363503932952881e-01
1.338760834187269211e-03
1.405464261770248413e-01
7.302753627300262451e-03
4.673801595345139503e-04
1.123097073286771774e-02
2.227125503122806549e-02
3.557759337127208710e-04
1.157370433211326599e-01
7.346055936068296432e-03
2.486103912815451622e-03
7.583913975395262241e-04
3.127031493932008743e-03
1.561840903013944626e-02
3.929551690816879272e-03
9.167417883872985840e-01
4.318331182003021240e-02
3.509907051920890808e-03
2.247032680315896869e-04
7.188518065959215164e-03
5.875992937944829464e-04
3.319884836673736572e-01
5.700988695025444031e-04
9.953328408300876617e-04
8.790749311447143555e-02
1.370076206512749195e-03
1.837934404611587524e-01
2.123243734240531921e-02
2.669755485840141773e-04
7.717427331954240799e-03
8.347716066054999828e-04
2.721721772104501724e-03
3.274372080340981483e-03
2.061701379716396332e-03
1.137382537126541138e-02
1.167977508157491684e-02
4.262270405888557434e-03
2.696303185075521469e-03
4.406572319567203522e-03
1.221648380160331726e-01
1.855957880616188049e-02
3.531758859753608704e-02
4.368543741293251514e-04
8.002357208169996738e-04
6.916318088769912720e-04
3.387119504623115063e-04
6.723301112651824951e-02
1.085902005434036255e-02
3.204088425263762474e-04
1.683311071246862411e-03
3.523609135299921036e-03
8.131082169711589813e-03
2.881729602813720703e-02
2.166571095585823059e-03
4.086885601282119751e-03
2.760078758001327515e-02
6.541792536154389381e-04
5.265558362007141113e-01
1.849285763455554843e-04
8.015705272555351257e-03
1.160117913968861103e-03
5.779049918055534363e-02
2.572557888925075531e-02
2.842736430466175079e-04
2.343156188726425171e-02
3.488239366561174393e-03
2.840643748641014099e-03
2.320788428187370300e-02
1.997641660273075104e-02
1.193586853332817554e-03
7.018800359219312668e-03
6.690083537250757217e-03
6.269194418564438820e-04
8.144921809434890747e-02
4.225588403642177582e-03
2.634316217154264450e-03
1.209346204996109009e-02
5.284661892801523209e-03
3.780363185796886683e-04
4.630202602129429579e-04
5.876228213310241699e-03
5.738778039813041687e-03
8.290021419525146484e-01
4.873000551015138626e-03
4.485066235065460205e-01
9.983111619949340820e-01
2.419934719800949097e-01
3.183635708410292864e-04
7.756777107715606689e-03
1.061391457915306091e-02
8.671245886944234371e-04
9.960222840309143066e-01
6.156210601329803467e-02
2.143437974154949188e-03
2.857069019228219986e-03
6.024420261383056641e-01
1.520210178568959236e-03
3.261943534016609192e-02
3.500317397993057966e-04
4.925470426678657532e-02
9.215050339698791504e-01
5.658593773841857910e-02
1.424586959183216095e-02
3.150497097522020340e-03
1.043494231998920441e-02
2.912385948002338409e-02
4.206765294075012207e-01
3.480995073914527893e-03
2.473958535119891167e-03
3.914107568562030792e-03
1.497766468673944473e-02
2.246373100206255913e-03
5.397700518369674683e-02
4.458450712263584137e-04
6.725101266056299210e-04
4.935919046401977539e-01
5.651303101330995560e-03
3.039554227143526077e-03
6.810864806175231934e-02
2.308279043063521385e-03
4.034736193716526031e-03
9.563733823597431183e-03
1.671717618592083454e-03
9.450821876525878906e-01
1.084705814719200134e-03
1.123704910278320312e-01
7.409793324768543243e-03
1.833742670714855194e-02
2.507091732695698738e-03
2.685430645942687988e-02
6.731566786766052246e-02
6.689693331718444824e-01
2.545672177802771330e-04
1.342261442914605141e-03
7.869067485444247723e-04
7.385623175650835037e-04
9.995816349983215332e-01
1.282749231904745102e-02
1.853200346231460571e-01
1.059917616657912731e-03
1.453138887882232666e-03
8.783043362200260162e-03
9.530061483383178711e-01
2.623105980455875397e-02
1.242058947682380676e-01
6.163122016005218029e-04
3.365687793120741844e-03
1.563715934753417969e-02
9.977567009627819061e-03
2.285281568765640259e-02
4.739024443551898003e-04
1.057729348540306091e-01
5.995049723424017429e-04
3.689306676387786865e-01
4.350420786067843437e-04
1.790289650671184063e-03
1.179493777453899384e-02
4.127587191760540009e-03
1.493164920248091221e-03
1.192959304898977280e-02
9.284251136705279350e-04
6.646528095006942749e-02
2.278055548667907715e-01
1.134545454988256097e-04
3.086252603679895401e-03
2.389049977064132690e-01
3.902346128597855568e-03
2.747504506260156631e-03
1.109374966472387314e-02
2.122215810231864452e-04
7.688342593610286713e-03
4.616434744093567133e-04
1.480491012334823608e-01
1.072715967893600464e-02
1.665901578962802887e-02
6.491463780403137207e-01
4.512298405170440674e-01
8.377267513424158096e-04
3.817227436229586601e-03
7.658646106719970703e-01
2.727430313825607300e-03
1.972540281713008881e-03
1.545802969485521317e-02
5.426068976521492004e-02
6.869798526167869568e-04
3.063195385038852692e-03
3.363677999004721642e-03
4.389564096927642822e-01
4.404926300048828125e-01
4.112730920314788818e-01
7.429392542690038681e-03
9.434974938631057739e-02
2.312135038664564490e-04
4.266791045665740967e-02
1.295753871090710163e-03
1.208805362693965435e-03
2.716720290482044220e-02
4.058760532643646002e-04
5.462156608700752258e-03
4.703856259584426880e-02
2.474831650033593178e-03
1.413336605764925480e-03
5.446437001228332520e-01
9.130874276161193848e-01
8.803503587841987610e-04
2.064543659798800945e-04
2.049253089353442192e-03
1.027991436421871185e-02
4.422280564904212952e-02
8.144667954184114933e-04
1.342999190092086792e-01
2.243248047307133675e-03
4.993640817701816559e-03
3.040989395231008530e-03
2.313150092959403992e-03
1.488563837483525276e-03
3.848092863336205482e-03
8.946539601311087608e-04
3.147784247994422913e-02
5.695546865463256836e-01
5.359584465622901917e-02
9.862707853317260742e-01
3.725208342075347900e-02
6.383698782883584499e-04
5.636055767536163330e-02
4.761147499084472656e-02
9.666659869253635406e-03
1.088778488337993622e-03
2.109175780788064003e-03
1.094395876862108707e-03
6.312488694675266743e-04
3.088273224420845509e-04
5.973191000521183014e-03
2.113974653184413910e-03
7.037917971611022949e-01
3.280878765508532524e-03
2.414832860231399536e-01
3.422459587454795837e-02
8.821779489517211914e-01
9.247793816030025482e-03
4.350132308900356293e-03
8.994023082777857780e-04
3.583120182156562805e-02
4.630140028893947601e-03
1.111358520574867725e-03
9.919208288192749023e-01
1.163893193006515503e-02
1.151840575039386749e-02
3.776475321501493454e-03
5.961023853160440922e-04
6.797638488933444023e-04
2.353929216042160988e-03
1.010699942708015442e-01
1.466202782467007637e-03
3.878703806549310684e-03
5.866778548806905746e-03
2.603220054879784584e-03
2.819864894263446331e-04
2.651918621268123388e-04
6.076737120747566223e-02
6.669799797236919403e-03
7.730452343821525574e-04
6.833703517913818359e-01
4.006853851024061441e-04
6.566255688667297363e-01
3.724012989550828934e-03
8.929477334022521973e-01
4.169211024418473244e-04
9.446858428418636322e-03
2.515899250283837318e-03
1.284000929445028305e-02
1.774406526237726212e-03
3.264810424298048019e-03
1.428292016498744488e-03
4.903048574924468994e-01
2.062223938992246985e-04
1.037693098187446594e-01
4.349764585494995117e-01
1.284099817276000977e-01
4.423381760716438293e-03
2.446250990033149719e-03
1.028400473296642303e-02
1.426359754987061024e-03
9.701281785964965820e-01
1.969824731349945068e-02
5.975207313895225525e-04
1.624796167016029358e-02
6.506506353616714478e-02
5.845624255016446114e-04
7.654482033103704453e-03
3.747088136151432991e-03
4.479904193431138992e-03
1.758751925081014633e-03
3.778803721070289612e-02
1.527621061541140079e-03
7.856079610064625740e-04
8.391690850257873535e-01
2.155125839635729790e-03
4.443227779120206833e-03
1.687659067101776600e-03
2.154131382703781128e-01
6.184585765004158020e-02
3.782599791884422302e-02
2.529662335291504860e-03
5.541520658880472183e-04
9.475834085606038570e-04
1.468408945947885513e-02
2.601142972707748413e-02
6.627767682075500488e-01
1.047335937619209290e-02
1.404422218911349773e-03
2.029008697718381882e-03
6.233721971511840820e-01
8.980574202723801136e-04
2.112502465024590492e-03
1.192917674779891968e-02
9.988105855882167816e-03
1.850865036249160767e-02
3.832325106486678123e-03
4.658628720790147781e-03
1.164062065072357655e-03
7.649113540537655354e-04
1.332788169384002686e-02
1.609896868467330933e-02
2.215758338570594788e-02
3.009553533047437668e-03
3.534752409905195236e-03
2.878833375871181488e-02
1.900038123130798340e-02
9.882825016975402832e-01
9.525162167847156525e-03
1.966691343113780022e-03
8.044123649597167969e-03
1.353143248707056046e-03
1.793459057807922363e-03
9.645709991455078125e-01
2.679426781833171844e-02
9.056898355484008789e-01
2.094510942697525024e-03
3.697115753311663866e-04
4.972219001501798630e-03
3.779078125953674316e-01
4.549910426139831543e-01
3.244724273681640625e-01
8.259027526946738362e-05
1.110241562128067017e-02
6.280381232500076294e-02
1.717989682219922543e-03
5.593788344413042068e-03
1.307318219915032387e-03
7.763126492500305176e-01
2.073727780953049660e-03
2.648653090000152588e-01
6.328627932816743851e-03
3.932137507945299149e-03
9.711619019508361816e-01
2.018586499616503716e-03
2.542857080698013306e-03
9.785659611225128174e-03
2.618905156850814819e-02
4.246807075105607510e-04
5.206780624575912952e-04
1.537065138109028339e-03
3.615934168919920921e-03
1.320656388998031616e-01
2.678232267498970032e-04
2.631204575300216675e-02
2.030917676165699959e-03
5.361181870102882385e-02
6.462168530561029911e-04
3.014192543923854828e-02
2.125655263662338257e-01
1.723467838019132614e-03
9.989035129547119141e-01
3.492816165089607239e-02
4.244985990226268768e-03
5.526964669115841389e-04
2.014204114675521851e-01
1.237714459421113133e-04
4.764155019074678421e-04
5.689641926437616348e-03
4.197080852463841438e-04
2.565114409662783146e-04
5.119525790214538574e-01
8.638504147529602051e-02
5.084767937660217285e-03
3.065036833286285400e-01
1.144262962043285370e-03
8.978794328868389130e-03
4.705249331891536713e-03
2.269115764647722244e-03
6.317312363535165787e-03
1.062087714672088623e-02
1.085670664906501770e-01
2.219011774286627769e-03
6.679112557321786880e-04
4.863162524998188019e-03
4.027179966215044260e-04
1.070773068931885064e-04
8.057715022005140781e-04
5.109317135065793991e-04
3.016707254573702812e-03
6.085393484681844711e-03
8.353119492530822754e-01
9.188504219055175781e-01
3.650806099176406860e-02
3.168128803372383118e-02
9.437649510800838470e-03
6.106431595981121063e-03
1.259512174874544144e-02
6.688951980322599411e-04
2.073245681822299957e-02
2.191873732954263687e-03
1.875108480453491211e-02
7.423104252666234970e-04
9.873041510581970215e-01
2.889086259528994560e-03
3.834171686321496964e-03
1.115333056077361107e-03
7.242439314723014832e-03
3.712078323587775230e-03
7.707522064447402954e-02
7.120431400835514069e-03
1.909844228066504002e-03
8.077840805053710938e-01
6.516499817371368408e-02
2.725924830883741379e-03
8.951100520789623260e-03
6.311071920208632946e-04
3.272172063589096069e-03
7.194325444288551807e-04
1.128847012296319008e-03
1.912800781428813934e-02
5.451555177569389343e-02
8.406231403350830078e-01
8.783177137374877930e-01
7.927640341222286224e-03
1.636584405787289143e-03
1.998479012399911880e-03
4.008903726935386658e-02
1.108837872743606567e-02
3.126217052340507507e-03
2.618920058012008667e-03
2.936905622482299805e-02
9.834656957536935806e-04
3.564645885489881039e-04
5.208431556820869446e-02
4.314057063311338425e-03
1.153298071585595608e-03
1.791983610019087791e-03
2.362265437841415405e-02
2.576126456260681152e-01
1.635081693530082703e-02
2.302699489519000053e-03
1.292787259444594383e-03
2.053233534097671509e-01
4.257806111127138138e-03
9.212716482579708099e-03
7.372952699661254883e-01
1.021190779283642769e-03
6.470740772783756256e-04
1.119542680680751801e-02
1.781885046511888504e-03
1.672048494219779968e-02
3.083235211670398712e-02
2.361273160204291344e-03
1.434524601791054010e-04
8.747715950012207031e-01
1.524133421480655670e-02
1.431817188858985901e-03
9.504875540733337402e-01
4.104298725724220276e-02
2.222814597189426422e-03
3.616776084527373314e-04
1.747538684867322445e-03
4.783475771546363831e-03
1.536032883450388908e-03
4.092013090848922729e-02
6.348491646349430084e-03
3.159644454717636108e-02
9.780914187431335449e-01
1.850255182944238186e-03
1.867788087110966444e-04
8.382545784115791321e-03
1.657593101263046265e-01
9.210983407683670521e-04
1.719897030852735043e-03
6.689671892672777176e-03
1.552999368868768215e-03
5.458528175950050354e-04
9.824799299240112305e-01
3.170680720359086990e-03
3.960349857807159424e-01
2.626059763133525848e-02
1.697753788903355598e-03
1.600264688022434711e-03
1.566915772855281830e-03
4.451822955161333084e-03
5.485249683260917664e-02
3.333730390295386314e-03
7.775428704917430878e-03
1.601064112037420273e-03
8.365867543034255505e-04
9.063372611999511719e-01
4.455590620636940002e-03
1.287753731012344360e-01
4.969120025634765625e-01
3.446259070187807083e-04
1.049860613420605659e-03
5.021712277084589005e-03
2.076097764074802399e-02
9.886278510093688965e-01
3.526363372802734375e-01
3.867638879455626011e-04
9.952644109725952148e-01
3.194404416717588902e-04
3.233331022784113884e-03
8.830064907670021057e-03
7.028162013739347458e-03
7.810411625541746616e-04
1.462495652958750725e-03
9.960143566131591797e-01
9.969655871391296387e-01
1.264658011496067047e-02
5.630127270705997944e-04
3.454489260911941528e-02
8.307206444442272186e-03
7.610031403601169586e-03
1.974104903638362885e-03
2.570476233959197998e-01
5.255628824234008789e-01
4.705575760453939438e-03
1.642069080844521523e-03
5.491012930870056152e-01
6.591571145690977573e-04
9.974943399429321289e-01
1.641439795494079590e-01
8.015963435173034668e-01
8.890505414456129074e-04
1.431941287592053413e-03
4.901155829429626465e-02
9.705370664596557617e-01
1.714721508324146271e-02
7.917697541415691376e-03
3.769480157643556595e-03
4.741336684674024582e-03
3.164240717887878418e-02
4.172312840819358826e-02
4.944568499922752380e-04
5.819058278575539589e-04
4.457579343579709530e-04
1.858417061157524586e-03
1.596126472577452660e-03
1.132974494248628616e-02
2.923015691339969635e-02
2.298960462212562561e-03
4.181753378361463547e-03
1.237655058503150940e-03
9.191835522651672363e-01
5.142600857652723789e-04
5.829432606697082520e-01
7.140689529478549957e-03
2.293058857321739197e-02
1.005005557090044022e-03
5.592247843742370605e-01
4.466846003197133541e-04
5.025438219308853149e-02
5.479982355609536171e-04
7.126366347074508667e-02
8.069411851465702057e-03
7.864151149988174438e-03
9.367204620502889156e-04
2.479680348187685013e-03
7.878832519054412842e-02
6.547376513481140137e-03
2.759674098342657089e-03
1.846179217100143433e-01
2.785292267799377441e-02
1.490085478872060776e-02
5.505313277244567871e-01
2.143739722669124603e-03
1.835100818425416946e-03
9.128628373146057129e-01
2.070913556963205338e-03
1.209238991141319275e-01
6.120617035776376724e-03
3.750017378479242325e-03
9.463115781545639038e-02
4.971807003021240234e-01
6.537236622534692287e-04
6.256076041609048843e-03
9.008769877254962921e-03
4.259811830706894398e-04
6.910446286201477051e-02
1.890315790660679340e-03
1.618049805983901024e-03
2.574522607028484344e-02
6.307750940322875977e-02
6.741756806150078773e-04
9.299694299697875977e-01
1.021775826811790466e-01
2.450676448643207550e-02
1.093762228265404701e-03
2.005212567746639252e-02
4.451421555131673813e-03
1.860573291778564453e-01
4.435114562511444092e-03
5.755021702498197556e-03
2.786327968351542950e-04
1.733277924358844757e-02
1.056928420439362526e-03
3.304328024387359619e-01
1.663853973150253296e-02
9.268652647733688354e-03
3.277582873124629259e-04
1.735659129917621613e-02
6.851183716207742691e-03
7.573820766992866993e-04
2.358364406973123550e-03
1.271585002541542053e-03
2.259866567328572273e-03
1.062702760100364685e-02
1.719057559967041016e-02
1.906467527151107788e-01
5.810459610074758530e-03
3.334196284413337708e-03
1.214069430716335773e-03
1.504846266470849514e-03
1.808619201183319092e-01
1.770241186022758484e-02
2.487828722223639488e-03
7.359461858868598938e-03
6.417977809906005859e-02
6.316516548395156860e-03
5.904129706323146820e-03
2.526774406433105469e-01
1.782497507520020008e-03
8.783969283103942871e-01
2.978510037064552307e-02
6.173218716867268085e-04
9.374239598400890827e-04
3.385618627071380615e-01
8.580758236348628998e-03
2.147988043725490570e-02
1.454273238778114319e-02
1.693608122877776623e-03
6.447708699852228165e-03
4.337515216320753098e-03
3.554562106728553772e-03
2.322245389223098755e-03
3.061499446630477905e-03
2.976757586002349854e-01
6.313805468380451202e-03
1.132109435275197029e-03
9.079243987798690796e-03
1.880155503749847412e-02
4.742636904120445251e-02
1.542060542851686478e-02
1.073122695088386536e-01
1.173067721538245678e-03
3.214175521861761808e-04
1.013980596326291561e-03
1.212737709283828735e-02
2.865556180477142334e-01
1.230774074792861938e-02
1.898470371961593628e-01
2.842697547748684883e-03
6.472655534744262695e-01
8.657803386449813843e-02
4.094728210475295782e-04
9.931945800781250000e-01
4.692501202225685120e-02
1.075308304280042648e-02
1.624683141708374023e-01
7.909162668511271477e-04
7.357926368713378906e-01
1.214619167149066925e-02
1.241393503732979298e-03
4.796834255103021860e-04
9.751586318016052246e-01
2.446977198123931885e-01
1.838439493440091610e-03
5.128940101712942123e-04
3.634756058454513550e-02
1.193641219288110733e-02
6.329250335693359375e-02
1.022611092776060104e-02
1.930047571659088135e-02
1.488336622714996338e-01
3.999850712716579437e-03
1.582947000861167908e-02
2.312046854058280587e-04
7.107174606062471867e-04
5.063158459961414337e-04
1.027683028951287270e-03
1.195570803247392178e-03
8.054265752434730530e-03
4.396309256553649902e-01
1.029458642005920410e-02
1.253473479300737381e-02
1.300272531807422638e-02
1.132963923737406731e-03
2.684789896011352539e-01
4.159702919423580170e-03
1.031472813338041306e-02
1.876186346635222435e-03
1.555841183289885521e-03
5.293202702887356281e-04
1.366913914680480957e-01
2.107107313349843025e-03
2.999589079990983009e-03
2.873146673664450645e-03
3.074304200708866119e-03
3.770284121856093407e-03
2.473826147615909576e-02
4.090593010187149048e-02
4.597920924425125122e-03
3.688953584060072899e-03
1.476127072237432003e-03
2.698755078017711639e-02
4.572307690978050232e-03
2.385139279067516327e-02
5.253979470580816269e-03
4.019426647573709488e-03
1.358565874397754669e-02
3.597490722313523293e-03
9.001173973083496094e-01
1.667488482780754566e-03
2.600492537021636963e-02
7.014774600975215435e-04
1.039144233800470829e-03
3.401005407795310020e-03
3.808842599391937256e-02
3.055870998650789261e-03
3.468384267762303352e-03
9.193142503499984741e-02
1.855685957707464695e-03
8.001504540443420410e-01
6.403807783499360085e-04
5.093135405331850052e-03
7.901459932327270508e-02
3.183557987213134766e-01
1.883893157355487347e-03
1.345688849687576294e-01
9.012465365231037140e-03
3.897152608260512352e-03
2.671238221228122711e-02
9.153516730293631554e-04
3.168602287769317627e-01
5.828004479408264160e-01
4.725833889096975327e-03
8.066598773002624512e-01
4.561508831102401018e-04
6.638592458330094814e-04
1.517481654882431030e-01
6.881290674209594727e-02
1.325627975165843964e-02
1.087278709746897221e-03
1.452304422855377197e-02
8.324208855628967285e-01
7.428007200360298157e-03
2.590795746073126793e-03
2.710545063018798828e-02
5.353463348001241684e-03
1.232325448654592037e-04
2.872327156364917755e-02
2.233581384643912315e-03
2.574708685278892517e-02
1.565041393041610718e-01
3.883573517668992281e-04
8.471271395683288574e-01
3.671639040112495422e-02
1.526473788544535637e-03
3.044501412659883499e-03
1.414431352168321609e-02
1.698406785726547241e-02
2.312075521331280470e-04
1.077380403876304626e-01
9.778034873306751251e-04
1.315500307828187943e-02
6.418895721435546875e-02
7.101595401763916016e-04
2.231120876967906952e-02
3.504900378175079823e-04
2.136962255463004112e-03
4.092247691005468369e-03
2.784920507110655308e-04
4.729529842734336853e-03
1.450641453266143799e-02
9.401964955031871796e-03
3.991982433944940567e-03
1.379994004964828491e-01
3.440388245508074760e-04
2.507119067013263702e-02
5.573343038558959961e-01
4.952528513967990875e-03
2.091903472319245338e-03
8.052402990870177746e-04
2.408751752227544785e-04
3.831671550869941711e-03
8.690211921930313110e-03
1.157249137759208679e-02
5.648843944072723389e-03
9.017163887619972229e-03
8.115487694740295410e-01
3.270889399573206902e-03
9.399822354316711426e-02
2.168335951864719391e-02
2.348450757563114166e-02
2.331216447055339813e-02
1.304772049188613892e-01
1.119530759751796722e-03
2.754800487309694290e-03
2.227480290457606316e-03
5.875934287905693054e-02
4.241611342877149582e-03
1.937922462821006775e-02
2.479330450296401978e-02
3.439759369939565659e-03
9.988582134246826172e-01
1.040673814713954926e-02
2.510034013539552689e-03
3.202063217759132385e-02
1.591541171073913574e-01
7.619994692504405975e-03
1.370979938656091690e-02
9.979655742645263672e-01
1.174859819002449512e-03
9.937601163983345032e-03
6.665463447570800781e-01
3.798845224082469940e-03
1.559784519486129284e-03
3.377358019351959229e-01
1.295223236083984375e-01
1.383003033697605133e-02
4.793863336089998484e-04
6.018850021064281464e-03
1.348238583886995912e-04
8.554505766369402409e-04
1.141005754470825195e-02
8.165205717086791992e-01
1.056571677327156067e-02
9.777434170246124268e-04
3.111573494970798492e-02
9.030519053339958191e-03
1.534494222141802311e-03
1.197331026196479797e-02
9.874016642570495605e-01
9.722064249217510223e-03
8.729943633079528809e-02
5.296839517541229725e-04
7.444086950272321701e-03
1.540355850011110306e-03
2.542806090787053108e-03
2.927939593791961670e-02
8.219934068620204926e-03
7.581089735031127930e-01
9.300201535224914551e-01
5.800173282623291016e-01
2.305846894159913063e-03
1.321215531788766384e-03
1.420509885065257549e-03
1.892425417900085449e-01
1.337212622165679932e-01
2.863608300685882568e-03
3.739464581012725830e-01
2.073625102639198303e-03
2.394071966409683228e-01
7.193150371313095093e-02
7.881922721862792969e-01
1.798535138368606567e-01
4.827505617868155241e-04
3.243059851229190826e-03
3.249569563195109367e-03
2.402324229478836060e-02
3.459513485431671143e-01
3.294490743428468704e-04
9.851601123809814453e-01
6.697220727801322937e-03
1.593785418663173914e-04
3.157037496566772461e-02
1.392273232340812683e-03
2.067880472168326378e-03
1.848910935223102570e-03
3.904300332069396973e-01
1.404622849076986313e-02
1.023445874452590942e-01
4.446140083018690348e-04
6.654810309410095215e-01
2.328892238438129425e-03
1.912883371114730835e-01
6.689421832561492920e-03
7.371995598077774048e-03
8.995658572530373931e-05
2.869781339541077614e-03
8.274604082107543945e-01
8.367762900888919830e-03
4.215005319565534592e-03
3.513175528496503830e-03
5.950876474380493164e-01
1.925901276990771294e-03
4.108493216335773468e-03
1.199534628540277481e-03
3.775294497609138489e-02
1.135136350058019161e-03
1.146968803368508816e-03
3.976849373430013657e-03
1.939995139837265015e-01
8.403232097625732422e-01
3.197686048224568367e-03
1.168362889438867569e-02
1.248204498551785946e-03
1.271129003725945950e-03
6.031870245933532715e-01
1.019813702441751957e-03
3.824990242719650269e-03
2.247260324656963348e-02
4.625828587450087070e-04
2.954948544502258301e-01
5.830324292182922363e-01
1.264348509721457958e-03
1.889913692139089108e-03
3.429558360949158669e-03
5.015671486034989357e-04
4.131791740655899048e-02
1.807504333555698395e-02
2.879366511479020119e-03
2.589893992990255356e-03
3.605956444516777992e-03
4.681635648012161255e-03
1.694043399766087532e-03
4.763982724398374557e-04
8.314716629683971405e-03
2.631535381078720093e-02
5.000471719540655613e-04
6.734713912010192871e-02
5.725393537431955338e-03
5.636761197820305824e-04
6.215943023562431335e-02
2.920487895607948303e-03
5.878012161701917648e-04
9.880601763725280762e-01
2.169829094782471657e-03
3.742388216778635979e-03
1.271416991949081421e-01
7.423796691000461578e-03
9.849609807133674622e-03
3.709458746016025543e-03
1.114401617087423801e-03
6.118771852925419807e-04
1.124746195273473859e-04
7.804247140884399414e-01
6.897547747939825058e-03
1.360896974802017212e-02
4.919036291539669037e-03
3.236321732401847839e-03
8.841517264954745770e-04
3.131776582449674606e-03
1.351434923708438873e-02
2.374888164922595024e-03
1.081936955451965332e-01
1.103562652133405209e-03
2.908920869231224060e-04
2.142569050192832947e-03
1.128948405385017395e-01
4.611331503838300705e-03
8.596369996666908264e-03
7.445346564054489136e-02
1.332490891218185425e-02
2.311624353751540184e-03
3.051977371796965599e-03
1.737023470923304558e-03
1.332632079720497131e-02
2.997443662025034428e-04
2.173942979425191879e-03
2.461576089262962341e-02
5.008970499038696289e-01
9.926750790327787399e-04
3.800263861194252968e-03
1.323229051195085049e-03
6.037360429763793945e-02
5.938389222137629986e-04
1.169836148619651794e-03
2.215791307389736176e-02
8.535709348507225513e-04
1.822682097554206848e-04
5.971325039863586426e-01
6.598004256375133991e-04
4.247379023581743240e-03
6.764036417007446289e-02
1.067941411747597158e-04
1.458643004298210144e-02
7.608841359615325928e-02
1.091868616640567780e-03
4.327050223946571350e-02
1.167011447250843048e-03
9.997298121452331543e-01
2.452818676829338074e-02
4.170311614871025085e-03
5.706427618861198425e-04
3.136681916657835245e-04
7.967746257781982422e-01
9.965851306915283203e-01
4.806038457900285721e-03
6.417630356736481190e-05
6.724049337208271027e-03
6.537865847349166870e-04
4.189876839518547058e-03
6.358437705785036087e-03
2.251988351345062256e-01
5.231319926679134369e-03
6.886366172693669796e-04
5.177642703056335449e-01
8.982375147752463818e-04
3.502288600429892540e-03
2.614283189177513123e-02
6.916612852364778519e-03
9.593000411987304688e-01
1.726423054933547974e-01
2.161867544054985046e-02
1.397358905524015427e-02
4.569475352764129639e-01
1.418732386082410812e-02
1.139265671372413635e-01
2.892035990953445435e-04
7.621039985679090023e-04
2.513613319024443626e-03
7.785167098045349121e-01
6.374410353600978851e-03
1.209707232192158699e-03
1.676929416134953499e-03
2.327946424484252930e-01
7.073662709444761276e-04
9.368386864662170410e-01
9.673482775688171387e-01
2.427543103694915771e-01
8.818826675415039062e-01
1.482746447436511517e-03
1.875200832728296518e-04
5.458456277847290039e-01
1.638732792343944311e-04
2.433325862511992455e-04
1.233427040278911591e-02
1.143475179560482502e-03
1.228158245794475079e-03
9.027864933013916016e-01
1.822871563490480185e-04
3.267956376075744629e-01
2.166181337088346481e-03
1.520774699747562408e-02
3.341232659295201302e-03
3.566336585208773613e-03
5.354471504688262939e-04
3.588945791125297546e-02
2.549119479954242706e-02
8.776567410677671432e-04
1.962647540494799614e-03
1.015193643979728222e-03
3.530233632773160934e-03
8.454870432615280151e-02
4.159017466008663177e-03
2.335244789719581604e-03
8.686298727989196777e-01
6.357220700010657310e-04
1.608595252037048340e-02
1.156125450506806374e-03
4.616778169292956591e-04
8.868810720741748810e-03
6.848889589309692383e-02
2.098670229315757751e-03
6.789419567212462425e-04
5.014473572373390198e-04
1.724091172218322754e-02
4.250096380710601807e-01
9.752991609275341034e-03
9.960149526596069336e-01
2.581080794334411621e-01
9.210797399282455444e-02
1.156121678650379181e-02
3.074077889323234558e-03
7.681326242163777351e-04
1.271515637636184692e-01
4.713369533419609070e-02
4.968205466866493225e-03
2.764632226899266243e-04
1.204680278897285461e-02
1.216333475895226002e-03
1.316559035331010818e-03
8.526359796524047852e-01
1.214940566569566727e-03
7.630774974822998047e-01
1.897780311992391944e-04
2.343450300395488739e-02
1.136657316237688065e-02
1.582667045295238495e-02
1.170257106423377991e-01
6.250755977816879749e-04
7.993414998054504395e-02
2.149533247575163841e-03
6.077769398689270020e-01
5.375060811638832092e-02
1.060688868165016174e-03
8.053111433982849121e-01
6.484033912420272827e-02
1.767559791915118694e-03
1.869599819183349609e-01
8.461906574666500092e-03
2.249370561912655830e-03
5.727478768676519394e-03
1.640852424316108227e-03
9.717311331769451499e-05
4.496532976627349854e-01
6.103812484070658684e-05
8.784729056060314178e-03
8.891607634723186493e-03
7.879020995460450649e-04
1.755180768668651581e-03
6.217493675649166107e-03
2.204568125307559967e-02
2.003213576972484589e-02
4.166147205978631973e-03
8.839664980769157410e-03
4.934518598020076752e-03
2.743333345279097557e-03
2.769317328929901123e-01
2.408996969461441040e-02
2.396630123257637024e-02
1.349680311977863312e-02
8.896873146295547485e-02
1.215902622789144516e-03
2.443471748847514391e-04
1.720678177662193775e-03
1.897820085287094116e-02
2.558285137638449669e-03
9.015753120183944702e-02
2.313997596502304077e-03
3.281525569036602974e-04
9.432550668716430664e-01
3.110603720415383577e-04
5.857781320810317993e-02
1.781330443918704987e-03
5.066967103630304337e-03
7.029788685031235218e-04
7.038650512695312500e-01
3.717220388352870941e-03
1.001193304546177387e-03
1.373841613531112671e-01
1.029697479680180550e-03
6.812582258135080338e-03
2.536950632929801941e-02
1.020879391580820084e-02
1.180050242692232132e-02
9.986128807067871094e-01
6.103505729697644711e-04
4.523348528891801834e-03
4.745938640553504229e-04
2.703576814383268356e-03
9.834892749786376953e-01
1.400909735821187496e-03
6.090595852583646774e-03
1.194728817790746689e-02
6.064134649932384491e-03
1.988152740523219109e-03
3.232907038182020187e-03
7.715203613042831421e-02
3.985106013715267181e-03
1.601531519554555416e-03
4.861961305141448975e-02
1.808352535590529442e-03
5.969707854092121124e-04
1.153710647486150265e-03
1.249625235795974731e-01
5.043445900082588196e-02
8.833112195134162903e-03
1.257019583135843277e-03
4.115876182913780212e-02
4.342944826930761337e-03
1.013931701891124249e-03
5.057610571384429932e-03
3.016956325154751539e-04
3.680501831695437431e-03
2.712002024054527283e-03
1.831630361266434193e-03
3.554107854142785072e-03
1.941863074898719788e-02
4.842794034630060196e-03
1.302617019973695278e-03
3.570328280329704285e-02
7.042426150292158127e-03
3.001981414854526520e-03
7.075333036482334137e-03
5.710453842766582966e-04
3.676628111861646175e-04
6.651218049228191376e-03
3.496868610382080078e-01
1.545695849927142262e-04
1.008505523204803467e-01
1.951560378074645996e-02
9.996211528778076172e-01
1.979388995096087456e-03
1.443531811237335205e-01
1.236454350873827934e-03
2.487442921847105026e-03
9.227230548858642578e-01
6.488899700343608856e-03
4.370612092316150665e-03
9.290436282753944397e-04
3.805021988227963448e-03
2.024600980803370476e-03
8.902779780328273773e-03
9.249112010002136230e-01
1.932019833475351334e-03
1.712711411528289318e-03
2.650481837918050587e-05
8.155928808264434338e-04
3.664189018309116364e-03
3.466610237956047058e-02
5.432639271020889282e-03
1.423267088830471039e-02
8.560487069189548492e-03
1.323799639940261841e-01
2.478749025613069534e-03
2.189342118799686432e-02
1.989830634556710720e-04
6.873851176351308823e-03
3.175399615429341793e-04
9.752234816551208496e-02
3.576655639335513115e-03
1.316787861287593842e-02
2.180386334657669067e-02
4.552126338239759207e-04
4.346459638327360153e-03
1.839937467593699694e-04
6.286300718784332275e-02
1.320464722812175751e-02
2.490741387009620667e-02
1.416904851794242859e-02
2.293503880500793457e-01
9.708858132362365723e-01
4.428552463650703430e-03
2.792769484221935272e-02
1.334816217422485352e-02
5.277651548385620117e-01
3.757690778002142906e-03
8.048934340476989746e-01
5.187132954597473145e-02
6.360186934471130371e-01
2.754012867808341980e-02
7.522237137891352177e-04
8.298894017934799194e-02
1.005397643893957138e-03
1.108051277697086334e-03
5.867658928036689758e-02
3.487851098179817200e-02
1.824837061576545238e-03
6.187747349031269550e-04
4.168197512626647949e-03
2.874515652656555176e-01
6.608857512474060059e-01
2.487366087734699249e-03
1.076075881719589233e-01
1.067280322313308716e-01
4.692989459726959467e-04
6.536910533905029297e-01
1.825341460062190890e-04
8.736046962440013885e-03
5.330695584416389465e-02
9.569634683430194855e-03
5.708976089954376221e-02
9.805619120597839355e-01
5.334499757736921310e-03
4.478966444730758667e-02
3.103459021076560020e-04
3.661130089312791824e-03
2.789552807807922363e-01
5.976890027523040771e-02
8.700150065124034882e-03
1.564510166645050049e-03
1.252975198440253735e-03
2.799187004566192627e-01
2.574196830391883850e-02
3.566148877143859863e-01
2.767248265445232391e-02
2.050233160844072700e-04
8.764170343056321144e-05
6.047817296348512173e-04
8.351180702447891235e-03
1.075841579586267471e-02
1.034570857882499695e-02
5.957930698059499264e-04
7.233236450701951981e-03
1.877370662987232208e-02
1.353158894926309586e-02
4.045468941330909729e-02
3.394727362319827080e-03
1.004273770377039909e-03
4.127369448542594910e-02
2.455730922520160675e-02
1.194825046695768833e-03
3.761986503377556801e-03
4.683627933263778687e-02
8.227989673614501953e-01
7.236219476908445358e-03
6.456443225033581257e-05
8.481889963150024414e-03
4.919215571135282516e-04
9.970332384109497070e-01
4.255888052284717560e-03
8.440022356808185577e-03
1.998603576794266701e-03
3.762329288292676210e-04
4.964901600033044815e-03
9.588484168052673340e-01
2.542427740991115570e-03
1.182984840124845505e-02
6.473936885595321655e-02
2.979172626510262489e-03
2.893613418564200401e-03
8.954223990440368652e-02
8.828984498977661133e-01
2.296844869852066040e-02
1.283926963806152344e-01
9.045240283012390137e-02
2.115549594163894653e-01
1.045830827206373215e-02
2.221051976084709167e-02
9.127672761678695679e-03
6.602482497692108154e-02
2.023931359872221947e-03
1.428771531209349632e-03
5.813636817038059235e-04
3.426664916332811117e-04
5.640746676363050938e-04
4.834633320569992065e-03
1.386807486414909363e-02
6.597526073455810547e-01
3.897678339853882790e-03
3.764393553137779236e-02
4.848239570856094360e-02
9.312374517321586609e-03
3.641668008640408516e-04
1.128566358238458633e-02
2.470062822103500366e-01
1.939549110829830170e-02
2.310147741809487343e-03
4.265269380994141102e-04
2.185484915971755981e-01
4.205223638564348221e-03
2.292068116366863251e-02
1.285232044756412506e-02
8.401279337704181671e-03
9.263159707188606262e-03
5.338029586710035801e-04
2.465172484517097473e-02
1.651056855916976929e-02
4.048344562761485577e-04
3.603438846766948700e-03
1.110175508074462414e-03
7.606326136738061905e-03
7.932771928608417511e-03
4.402601625770330429e-03
2.482568379491567612e-03
1.247680932283401489e-02
2.067718282341957092e-02
2.230237983167171478e-02
5.400167778134346008e-03
3.585618920624256134e-03
5.470094680786132812e-01
9.345092694275081158e-04
6.951327086426317692e-04
1.060506445355713367e-03
9.516842546872794628e-04
7.616719813086092472e-04
2.789231250062584877e-03
6.929812021553516388e-03
2.118229120969772339e-02
1.030410733073949814e-02
6.001623813062906265e-03
1.452160766348242760e-03
3.457948267459869385e-01
1.626978069543838501e-02
3.099329471588134766e-01
3.325943276286125183e-02
9.893492460250854492e-01
5.142427980899810791e-03
8.144045472145080566e-01
9.908637730404734612e-04
3.703580796718597412e-02
3.292262554168701172e-02
2.423013448715209961e-01
1.396053936332464218e-03
1.681005954742431641e-02
7.045147358439862728e-04
7.533510923385620117e-01
1.159477140754461288e-02
3.135472070425748825e-03
1.557243149727582932e-02
4.311227239668369293e-03
6.442172527313232422e-01
1.347636245191097260e-02
7.925695925951004028e-02
3.533819317817687988e-02
9.988904595375061035e-01
9.660910367965698242e-01
1.981198936700820923e-01
5.380830261856317520e-04
8.791164727881550789e-04
4.490767139941453934e-03
6.673159077763557434e-03
3.835999523289501667e-04
1.235487498342990875e-02
5.314458394423127174e-04
7.978920475579798222e-04
4.621989279985427856e-02
9.155163541436195374e-03
1.554637700319290161e-01
2.718965406529605389e-04
9.495025277137756348e-01
9.992713332176208496e-01
5.648023216053843498e-04
2.001911401748657227e-03
2.659187593962997198e-04
7.392726093530654907e-02
3.464234760031104088e-03
6.697080680169165134e-04
3.732554323505610228e-04
2.835166640579700470e-03
5.284787155687808990e-03
9.045545011758804321e-04
2.586742397397756577e-03
2.478758990764617920e-01
1.741988584399223328e-02
1.041376218199729919e-02
2.575065591372549534e-04
1.261245608329772949e-01
4.997695982456207275e-02
1.359479967504739761e-02
8.866287767887115479e-03
5.879524978809058666e-04
2.828351221978664398e-02
9.959194809198379517e-02
1.150036603212356567e-01
1.039196178317070007e-02
6.238488946110010147e-03
1.336248125880956650e-03
1.585312187671661377e-03
8.994554518721997738e-04
2.372296148678287864e-04
9.563048370182514191e-04
5.253931973129510880e-03
1.255027716979384422e-03
3.210763679817318916e-04
1.342821517027914524e-03
4.785002768039703369e-02
1.568437963724136353e-01
5.635721608996391296e-03
9.956318885087966919e-03
3.489581644535064697e-01
1.459845690988004208e-03
1.394954859279096127e-03
3.425591066479682922e-02
1.493682619184255600e-03
4.873125255107879639e-02
1.986569538712501526e-02
2.050746465101838112e-03
1.316617242991924286e-03
7.328197825700044632e-03
1.701525598764419556e-02
3.414320526644587517e-04
5.067065823823213577e-03
1.256281435489654541e-01
2.505073556676506996e-03
8.623762987554073334e-03
6.353181088343262672e-04
6.084588821977376938e-03
4.982830211520195007e-02
3.872266737744212151e-03
8.702136576175689697e-03
9.633175730705261230e-01
3.646020591259002686e-02
1.874476205557584763e-03
4.027970135211944580e-03
3.119436092674732208e-03
3.412099322304129601e-03
5.080152768641710281e-03
1.103469636291265488e-03
3.211393021047115326e-03
2.433629473671317101e-03
1.289811264723539352e-02
1.049508107826113701e-03
6.967097055166959763e-03
9.532376192510128021e-03
5.746083855628967285e-01
3.997449239250272512e-04
7.368468679487705231e-03
4.407879605423659086e-04
7.318069934844970703e-01
3.274026811122894287e-01
1.638970524072647095e-02
3.689305623993277550e-03
2.058154344558715820e-02
7.461904734373092651e-02
9.835909008979797363e-01
2.159113355446606874e-04
2.139992546290159225e-03
1.073107123374938965e-02
9.847853183746337891e-01
6.712158676236867905e-03
7.612192537635564804e-03
7.524007814936339855e-04
4.969478584825992584e-03
1.380574144423007965e-02
8.182216552086174488e-04
3.454434573650360107e-01
2.632525283843278885e-03
2.640000078827142715e-03
1.011070609092712402e-02
7.274303934536874294e-04
8.295131474733352661e-02
3.753982950001955032e-03
8.707463145256042480e-01
8.497742237523198128e-04
3.234302494092844427e-05
2.747772261500358582e-03
9.798550046980381012e-03
4.309279378503561020e-03
1.244970131665468216e-03
1.846536546945571899e-01
6.577607393264770508e-01
1.501374598592519760e-02
6.218347698450088501e-04
1.374347601085901260e-03
1.091265212744474411e-02
6.843490409664809704e-04
9.958596825599670410e-01
1.724867848679423332e-03
5.501793348230421543e-04
4.469028499443084002e-04
2.202521562576293945e-01
9.413343667984008789e-01
3.381044417619705200e-02
1.229944056831300259e-03
3.065999830141663551e-03
3.311636745929718018e-01
1.835329807363450527e-03
4.524985551834106445e-01
4.369102045893669128e-02
2.926726359874010086e-03
5.947517347522079945e-04
1.887926948256790638e-03
2.436206443235278130e-03
1.481196563690900803e-02
8.371931910514831543e-01
9.974799752235412598e-01
1.814472372643649578e-03
3.552593523636460304e-03
4.641143139451742172e-03
5.009723361581563950e-03
4.538526292890310287e-03
3.312513604760169983e-02
5.395047366619110107e-02
7.381685078144073486e-02
1.380069530569016933e-03
4.966784617863595486e-04
2.152381464838981628e-03
2.347272634506225586e-01
3.073575207963585854e-03
2.483671531081199646e-03
8.910137228667736053e-03
4.042584896087646484e-01
4.807909019291400909e-03
4.590330179780721664e-03
1.199979186058044434e-01
9.293153998441994190e-04
2.067884802818298340e-02
9.499044418334960938e-01
2.956304466351866722e-03
1.243781996890902519e-03
3.607361391186714172e-02
9.910501539707183838e-03
2.595713129267096519e-03
1.089087571017444134e-03
6.325813010334968567e-03
1.558917458169162273e-03
1.337332301773130894e-03
5.422173440456390381e-02
2.020690357312560081e-03
7.951096445322036743e-02
2.153371169697493315e-04
1.688721356913447380e-03
3.114557266235351562e-02
9.953765869140625000e-01
1.212590723298490047e-03
6.808195728808641434e-03
4.754064604640007019e-03
8.543921113014221191e-01
1.563368439674377441e-01
5.924418568611145020e-03
2.810328267514705658e-03
1.068812385201454163e-01
6.000935682095587254e-04
7.257114350795745850e-02
3.605007380247116089e-02
5.207618325948715210e-02
2.534938976168632507e-03
1.293047796934843063e-03
3.014389798045158386e-02
4.795473217964172363e-01
2.770981227513402700e-04
1.047734357416629791e-02
9.789972100406885147e-04
1.929346122778952122e-03
9.571354389190673828e-01
1.694776437943801284e-04
9.461404681205749512e-01
3.064019838348031044e-03
1.119417720474302769e-03
2.323695225641131401e-03
7.442204654216766357e-02
2.638249192386865616e-03
1.697152736596763134e-03
4.697793920058757067e-04
2.385692670941352844e-03
7.011972665786743164e-01
2.102324273437261581e-03
4.662557244300842285e-01
1.034197746776044369e-03
9.815620779991149902e-01
2.210230333730578423e-03
1.065119402483105659e-03
5.525547638535499573e-02
2.815943397581577301e-02
5.032637119293212891e-01
1.493926625698804855e-02
1.703344136476516724e-01
1.483754441142082214e-02
9.132974082604050636e-04
1.926894183270633221e-03
5.090311635285615921e-03
5.077780485153198242e-01
4.508930742740631104e-01
4.410973936319351196e-02
5.870322347618639469e-04
1.260808482766151428e-02
4.233533740043640137e-01
1.599855837412178516e-03
4.581693094223737717e-03
3.106478042900562286e-02
2.271311357617378235e-03
4.358411300927400589e-03
3.866243958473205566e-01
9.546853303909301758e-01
1.285560056567192078e-02
5.151472054421901703e-03
1.909912377595901489e-02
1.378081142902374268e-01
1.779827754944562912e-03
6.353195291012525558e-03
3.082668967545032501e-02
2.432459266856312752e-03
1.630047522485256195e-02
7.042438723146915436e-03
1.967388903722167015e-03
2.589759044349193573e-02
5.632411688566207886e-03
2.001156099140644073e-03
5.080875474959611893e-03
1.097923517227172852e-02
1.055269408971071243e-02
6.636974960565567017e-02
1.949670375324785709e-03
2.615750208497047424e-02
6.341508124023675919e-03
7.580372039228677750e-03
1.506226211786270142e-01
1.363487262278795242e-02
1.750219985842704773e-02
5.337167531251907349e-04
8.151535876095294952e-03
3.240055404603481293e-03
4.167822748422622681e-02
1.381667796522378922e-02
2.765583107247948647e-03
3.947806078940629959e-03
3.037491580471396446e-03
4.965123161673545837e-02
2.868241164833307266e-03
1.891171932220458984e-01
5.323517601937055588e-03
2.467240020632743835e-02
1.973323523998260498e-02
4.877391271293163300e-03
2.614809200167655945e-03
5.646623321808874607e-04
5.602965131402015686e-03
1.951100230216979980e-01
2.087078541517257690e-01
3.033726811408996582e-01
5.794703029096126556e-04
2.297284809174016118e-04
2.886675298213958740e-03
1.834706054069101810e-03
1.712908037006855011e-03
2.386968582868576050e-03
1.416373532265424728e-02
4.633547663688659668e-01
7.798653561621904373e-03
2.292151004076004028e-02
1.695184037089347839e-03
1.336166448891162872e-02
2.037760277744382620e-04
2.043519634753465652e-04
9.426110424101352692e-03
1.524548861198127270e-04
2.555212751030921936e-02
1.078855828382074833e-03
1.510128937661647797e-02
6.006215810775756836e-01
8.808189630508422852e-01
3.868345171213150024e-02
4.603186156600713730e-03
8.738297820091247559e-01
2.236921718576923013e-04
6.295647472143173218e-02
6.756669282913208008e-02
9.730423241853713989e-02
5.773949902504682541e-03
1.696113147772848606e-03
6.709383800625801086e-03
2.919237501919269562e-02
3.543230891227722168e-02
2.787448167800903320e-01
3.247405290603637695e-01
1.460052095353603363e-02
4.337028041481971741e-02
9.608512744307518005e-03
3.237206488847732544e-02
1.091580744832754135e-02
1.657454296946525574e-03
4.195724148303270340e-03
2.980459015816450119e-03
1.140590608119964600e-01
7.715795654803514481e-03
1.289643719792366028e-02
3.580785822123289108e-03
1.483546048402786255e-01
1.859446172602474689e-03
2.569341333582997322e-03
1.243969146162271500e-02
2.714734990149736404e-03
8.279335452243685722e-04
1.301875920034945011e-03
2.829090952873229980e-01
1.786994864232838154e-03
2.253215759992599487e-03
5.523446947336196899e-03
9.992083907127380371e-01
4.057521931827068329e-03
3.244854509830474854e-02
5.250046253204345703e-01
1.957196742296218872e-03
6.065154913812875748e-03
8.279047324322164059e-04
9.082227479666471481e-04
5.677549052052199841e-04
2.754294779151678085e-03
4.120032303035259247e-03
1.536547089926898479e-03
2.800282323732972145e-03
9.100547060370445251e-03
2.530427575111389160e-01
1.720905601978302002e-01
2.455187216401100159e-02
6.478151772171258926e-04
3.254073560237884521e-01
1.444760593585669994e-03
4.834413155913352966e-02
6.065430119633674622e-02
2.116187708452343941e-03
8.100557606667280197e-04
1.009120140224695206e-03
1.950513804331421852e-03
5.001520272344350815e-03
2.441294491291046143e-03
9.593790397047996521e-03
7.935322821140289307e-02
5.164667498320341110e-03
5.913665890693664551e-01
1.073735300451517105e-03
1.490578893572092056e-02
8.534169755876064301e-03
6.814684602431952953e-04
8.953682184219360352e-01
1.427042530849575996e-03
1.646273955702781677e-02
4.687639593612402678e-04
1.224144268780946732e-02
7.999707013368606567e-02
8.037910610437393188e-02
2.258119545876979828e-02
1.391764357686042786e-02
9.175524711608886719e-01
1.414670492522418499e-03
4.031717311590909958e-03
4.063448868691921234e-04
9.466291521675884724e-04
4.241931892465800047e-04
2.419137628749012947e-03
3.801688551902770996e-03
1.383815077133476734e-03
1.418211963027715683e-03
2.474545687437057495e-02
1.264958526007831097e-03
3.999265318270772696e-04
2.554166875779628754e-02
1.415936741977930069e-03
5.879962351173162460e-03
1.077921688556671143e-02
3.218823298811912537e-02
9.342657923698425293e-01
2.841419912874698639e-02
2.815469924826174974e-04
4.779166877269744873e-01
1.662915747147053480e-05
1.024007331579923630e-02
6.427614716812968254e-04
3.057606518268585205e-01
1.982622634386643767e-04
2.918833051808178425e-04
7.733782404102385044e-04
4.668088164180517197e-03
2.672552503645420074e-02
4.587110888678580523e-04
9.048050642013549805e-01
1.656685955822467804e-02
9.549818933010101318e-04
4.577937070280313492e-03
4.215793160255998373e-04
1.010323967784643173e-02
1.282334094867110252e-03
4.637738456949591637e-04
3.410040214657783508e-02
8.283379720523953438e-04
2.199833514168858528e-03
8.680268190801143646e-03
4.847607924602925777e-04
4.118027281947433949e-04
6.868038773536682129e-01
1.356202829629182816e-02
5.997813493013381958e-02
2.364397223573178053e-04
5.717603024095296860e-03
5.544975772500038147e-02
5.285297632217407227e-01
4.989941953681409359e-04
4.025686159729957581e-02
8.455160260200500488e-01
1.212347648106515408e-03
1.653607585467398167e-03
1.592580229043960571e-02
1.765436083078384399e-01
2.375169098377227783e-02
1.450086534023284912e-01
2.197986468672752380e-02
4.003440495580434799e-03
7.815159559249877930e-01
8.395391050726175308e-04
1.529471576213836670e-02
2.875644946470856667e-03
1.092906203120946884e-02
7.277056574821472168e-04
8.559544570744037628e-03
7.203902350738644600e-04
6.740528158843517303e-03
7.637322414666414261e-03
9.764865972101688385e-03
5.378628522157669067e-02
8.123813313432037830e-04
9.341626428067684174e-03
1.274554245173931122e-02
1.397280246019363403e-01
6.952560041099786758e-03
4.627152346074581146e-03
8.449744200333952904e-04
1.003887591650709510e-04
7.625553756952285767e-02
8.638927936553955078e-01
4.187358543276786804e-03
2.255438268184661865e-01
1.293032895773649216e-02
5.311324596405029297e-01
7.702823728322982788e-03
4.439664771780371666e-04
1.145100919529795647e-03
2.765237912535667419e-02
1.293559372425079346e-02
3.762484192848205566e-01
3.124714829027652740e-03
3.608328057453036308e-03
9.805444478988647461e-01
5.311197042465209961e-01
3.288534644525498152e-04
8.799717179499566555e-04
1.804105490446090698e-01
1.286385022103786469e-02
1.894628070294857025e-02
3.980975598096847534e-02
2.723223529756069183e-03
3.774940036237239838e-03
5.150540731847286224e-03
1.760761290788650513e-01
8.748460677452385426e-04
1.435923669487237930e-02
1.901832292787730694e-03
8.111085626296699047e-04
1.584079727763310075e-04
7.972794119268655777e-04
2.439344301819801331e-03
2.191817946732044220e-02
9.629173437133431435e-04
7.320984452962875366e-02
1.161236967891454697e-02
9.970757961273193359e-01
2.817518543452024460e-03
2.769562043249607086e-02
8.314512670040130615e-03
4.945572582073509693e-04
2.472030464559793472e-03
1.604172517545521259e-03
1.006681588478386402e-03
5.746276001445949078e-04
8.074328070506453514e-04
2.432169578969478607e-02
9.160143090412020683e-04
1.257319585420191288e-03
1.809877576306462288e-03
1.152732875198125839e-02
8.692865073680877686e-02
1.096191816031932831e-02
9.827616810798645020e-01
8.873436450958251953e-01
1.306162681430578232e-03
3.398205619305372238e-03
7.083562016487121582e-01
9.959649469237774611e-05
9.983475208282470703e-01
2.129115629941225052e-03
4.111870657652616501e-04
3.696839325129985809e-03
3.599718445912003517e-03
9.870302081108093262e-01
9.538082480430603027e-01
2.560372948646545410e-01
1.350813452154397964e-02
3.713933750987052917e-03
2.547837560996413231e-03
2.596530597656965256e-03
2.831152174621820450e-03
5.817497372627258301e-01
9.797646198421716690e-04
9.998691082000732422e-01
2.105895243585109711e-02
8.404584601521492004e-03
7.962509989738464355e-04
4.991525784134864807e-04
7.484944909811019897e-02
5.114711821079254150e-03
3.530421108007431030e-02
6.251687882468104362e-04
2.787959529086947441e-03
1.943616196513175964e-03
4.624389111995697021e-04
1.332355081103742123e-03
4.039594903588294983e-03
1.956629566848278046e-03
3.703001886606216431e-03
1.259932015091180801e-02
2.467541489750146866e-03
1.582236401736736298e-02
1.327695418149232864e-02
9.635367430746555328e-03
4.036532714962959290e-02
7.407826837152242661e-03
2.950799763202667236e-01
1.338934758678078651e-03
5.685828626155853271e-03
1.015820167958736420e-02
7.422994822263717651e-04
4.747929633595049381e-04
9.894199669361114502e-03
1.202169572934508324e-03
2.902819542214274406e-03
2.657624706625938416e-02
1.673738099634647369e-02
1.852767425589263439e-03
1.506058964878320694e-03
2.430636668577790260e-03
1.505388040095567703e-02
3.950180253013968468e-04
2.434608191251754761e-01
1.944882795214653015e-03
4.101479351520538330e-01
3.132198005914688110e-03
1.889955624938011169e-02
8.849342702887952328e-04
1.802636869251728058e-02
1.132175792008638382e-02
7.672736886888742447e-03
6.683856481686234474e-04
1.048450823873281479e-03
2.137106098234653473e-02
9.297981159761548042e-04
2.987113257404416800e-04
8.101962208747863770e-01
2.809582836925983429e-02
3.291880711913108826e-03
6.630584830418229103e-04
1.312440610490739346e-03
3.793425559997558594e-01
1.428892603144049644e-03
1.109419949352741241e-02
1.484053937019780278e-04
2.117880061268806458e-02
3.558533266186714172e-03
2.672622213140130043e-03
8.826967095956206322e-04
1.813120022416114807e-02
4.301517328713089228e-04
1.988758333027362823e-03
1.044294703751802444e-02
1.964563271030783653e-03
9.391232728958129883e-01
2.792465686798095703e-01
1.580024808645248413e-01
6.656651967205107212e-04
4.684419254772365093e-04
8.990997076034545898e-02
2.146968618035316467e-02
2.138624526560306549e-02
4.189564380794763565e-03
7.678000256419181824e-04
7.017990108579397202e-03
7.182584404945373535e-01
3.486461355350911617e-04
8.081325213424861431e-04
7.471098564565181732e-03
1.179130524396896362e-01
2.447484293952584267e-04
8.490777611732482910e-01
7.576094008982181549e-03
2.919545164331793785e-03
5.459574167616665363e-04
8.100933395326137543e-03
4.015173763036727905e-02
1.233137096278369427e-03
4.713201522827148438e-02
9.484518668614327908e-04
1.995618455111980438e-03
1.071857474744319916e-02
2.369409985840320587e-02
1.275765360333025455e-03
2.614469267427921295e-04
1.498551759868860245e-02
8.903142064809799194e-03
2.174343098886311054e-04
1.913158781826496124e-02
8.197895251214504242e-03
8.595555555075407028e-04
1.062786672264337540e-03
2.665771543979644775e-01
1.267249928787350655e-03
6.366868037730455399e-04
1.138877472840249538e-03
1.668221433646976948e-03
9.991028308868408203e-01
4.404106736183166504e-02
4.144395235925912857e-03
8.793017332209274173e-05
2.889440860599279404e-03
9.691012091934680939e-03
8.878439664840698242e-03
1.908416114747524261e-02
1.802002196200191975e-03
7.797034457325935364e-03
2.975864335894584656e-03
1.001975610852241516e-01
2.754161134362220764e-02
4.267348907887935638e-03
4.559196531772613525e-03
1.936399494297802448e-04
1.502253348007798195e-03
2.150345593690872192e-02
9.904049634933471680e-01
1.827495731413364410e-02
6.981300190091133118e-03
8.550374186597764492e-04
1.154933217912912369e-02
5.473540513776242733e-04
4.485145211219787598e-03
4.569971002638339996e-03
6.137139201164245605e-01
3.210649592801928520e-03
9.989143610000610352e-01
1.196738565340638161e-03
2.330100396648049355e-03
2.031669616699218750e-01
5.546765169128775597e-04
1.531517133116722107e-03
1.293228194117546082e-02
2.766736550256609917e-03
1.450452022254467010e-02
8.207290433347225189e-03
3.782994754146784544e-04
1.325245760381221771e-02
3.575104346964508295e-04
5.834415555000305176e-01
1.723786001093685627e-03
1.437642276287078857e-01
8.260390758514404297e-01
1.707245479337871075e-03
2.255525626242160797e-02
2.144519425928592682e-02
2.280871383845806122e-02
2.599447732791304588e-03
6.623287335969507694e-04
4.135656636208295822e-03
4.076606128364801407e-03
8.321314235217869282e-04
5.576105322688817978e-04
7.335756672546267509e-04
2.981997386086732149e-04
2.312157768756151199e-03
1.718034502118825912e-03
3.405807912349700928e-02
1.887547038495540619e-02
8.200129377655684948e-04
6.028006318956613541e-04
7.203676505014300346e-04
1.811739988625049591e-02
6.151490379124879837e-04
1.418264699168503284e-03
5.973029183223843575e-04
4.135878384113311768e-02
9.618101757951080799e-04
9.717437624931335449e-01
8.105147862806916237e-04
9.338052477687597275e-04
1.103557413443922997e-03
3.415744379162788391e-02
9.588024616241455078e-01
1.101008616387844086e-02
1.610288396477699280e-03
7.964292541146278381e-03
4.540446698665618896e-01
3.490074537694454193e-03
4.973073899745941162e-01
4.943231586366891861e-03
4.307804163545370102e-03
6.303392583504319191e-04
1.902069151401519775e-02
2.741064410656690598e-03
3.038421506062150002e-03
1.117869466543197632e-02
4.133073147386312485e-03
4.266600881237536669e-04
4.570947960019111633e-02
3.291623294353485107e-02
9.976851940155029297e-01
8.603233844041824341e-02
3.484610351733863354e-04
7.360361050814390182e-03
6.587324738502502441e-01
2.013394376263022423e-03
3.009533102158457041e-04
2.002873457968235016e-02
9.936345741152763367e-04
5.803489126265048981e-03
1.288284175097942352e-02
1.207051351666450500e-01
1.040783803910017014e-02
2.754812873899936676e-02
3.343693539500236511e-02
1.083370414562523365e-03
5.096304230391979218e-03
3.157058730721473694e-03
1.680544664850458503e-04
1.553150941617786884e-04
3.747857362031936646e-02
1.365309115499258041e-02
3.292354987934231758e-03
3.465830907225608826e-02
4.612504562828689814e-04
1.670275582000613213e-03
9.995321035385131836e-01
8.905240101739764214e-04
3.396478295326232910e-02
8.582299947738647461e-01
2.499185968190431595e-03
2.076063829008489847e-04
4.725374281406402588e-03
9.083537757396697998e-02
4.251238889992237091e-03
4.190058708190917969e-01
1.724149584770202637e-01
6.073242798447608948e-02
4.280378634575754404e-04
1.938480883836746216e-03
6.624420173466205597e-03
2.902805209159851074e-01
2.004363108426332474e-03
1.790737919509410858e-02
5.680103302001953125e-01
7.500489354133605957e-01
1.358370645903050900e-03
4.455984104424715042e-03
2.949988935142755508e-03
6.988187879323959351e-02
4.353969544172286987e-02
1.148654264397919178e-03
6.942970212548971176e-03
1.136388815939426422e-02
4.357060417532920837e-03
1.115297898650169373e-03
9.083879995159804821e-04
1.066130003891885281e-03
1.344568328931927681e-03
4.068211186677217484e-03
4.691115114837884903e-03
2.119813289027661085e-04
2.735137473791837692e-03
4.285397008061408997e-03
8.647508919239044189e-03
2.875032660085707903e-04
1.855036020278930664e-01
8.125244081020355225e-02
6.823861040174961090e-03
6.029595388099551201e-04
2.534709637984633446e-03
1.769110858440399170e-01
4.028922319412231445e-01
9.710356593132019043e-01
9.263788163661956787e-02
3.618621453642845154e-02
4.225271195173263550e-02
1.972439931705594063e-03
4.896355327218770981e-03
2.709866384975612164e-04
1.883448567241430283e-03
9.993963241577148438e-01
1.451129093766212463e-02
1.604766771197319031e-02
5.091847777366638184e-01
9.223251342773437500e-01
6.182403862476348877e-02
2.133602052927017212e-01
6.992809772491455078e-01
1.244004368782043457e-01
1.551494700834155083e-03
9.739538431167602539e-01
3.051999257877469063e-03
1.688566291704773903e-03
1.810271292924880981e-03
5.383640527725219727e-03
8.027786971069872379e-04
8.846447803080081940e-03
1.217733323574066162e-02
9.206223487854003906e-01
3.076911205425858498e-03
8.819386363029479980e-02
2.505035512149333954e-02
1.069429442286491394e-01
1.782933063805103302e-02
2.161505073308944702e-02
6.498925387859344482e-02
5.372324585914611816e-02
1.368072116747498512e-04
5.631066742353141308e-04
5.062077543698251247e-04
2.415069611743092537e-03
2.812241204082965851e-03
7.073432207107543945e-01
4.895028658211231232e-03
5.176752805709838867e-03
1.103031332604587078e-03
2.297099120914936066e-02
1.469118893146514893e-01
4.921779502183198929e-03
9.126010700128972530e-04
2.281139837577939034e-03
2.231615129858255386e-03
1.520571298897266388e-02
9.079874493181705475e-03
2.018606849014759064e-02
1.516522024758160114e-03
3.605169767979532480e-04
3.398436820134520531e-03
2.740901545621454716e-04
1.457941997796297073e-02
1.781622879207134247e-03
1.815940625965595245e-02
5.826953565701842308e-04
9.780203700065612793e-01
3.203422529622912407e-04
2.148519735783338547e-03
6.945025175809860229e-03
5.104579497128725052e-03
2.701187133789062500e-02
1.792260882211849093e-04
2.794695831835269928e-02
7.693753577768802643e-03
2.483271062374114990e-03
1.265353858470916748e-01
9.734359979629516602e-01
3.296831622719764709e-03
5.966565222479403019e-04
1.508724596351385117e-02
6.425584433600306511e-04
1.408837083727121353e-02
4.586749710142612457e-03
1.529195159673690796e-02
1.964642899110913277e-03
2.759612500667572021e-01
4.939426667988300323e-03
3.459082916378974915e-03
2.439744770526885986e-03
3.545397147536277771e-02
9.312807321548461914e-01
2.503282157704234123e-03
3.182615910191088915e-04
4.223528085276484489e-04
1.469344249926507473e-03
9.952014684677124023e-01
1.676769228652119637e-03
5.432170815765857697e-03
4.499918140936642885e-04
1.998520921915769577e-03
3.959556221961975098e-01
9.619536576792597771e-04
1.539126131683588028e-02
5.206562206149101257e-02
7.892432622611522675e-03
6.656915065832436085e-04
3.354244690854102373e-04
5.472001619637012482e-03
4.606002271175384521e-01
3.281710087321698666e-04
2.660487405955791473e-02
5.572550930082798004e-03
7.421997189521789551e-02
3.953016363084316254e-03
2.516633272171020508e-02
4.594809433910995722e-05
9.997927546501159668e-01
6.235965993255376816e-04
7.096095941960811615e-03
4.460079129785299301e-03
1.388351432979106903e-03
4.951396025717258453e-03
8.048545569181442261e-03
6.135279685258865356e-02
3.701572073623538017e-03
7.735320925712585449e-02
7.930101128295063972e-04
4.350427165627479553e-02
8.517736196517944336e-01
2.388895861804485321e-02
3.695233762264251709e-01
4.325934685766696930e-03
4.843973740935325623e-02
2.828913042321801186e-03
2.132850512862205505e-02
5.104091763496398926e-02
9.527425863780081272e-04
3.432030091062188148e-03
2.276982879266142845e-03
7.355248089879751205e-04
2.010270254686474800e-03
1.315642613917589188e-02
1.017560139298439026e-01
4.871450073551386595e-04
1.520450692623853683e-02
3.056430816650390625e-01
3.787114052101969719e-03
2.617732062935829163e-02
2.270086295902729034e-02
2.626670990139245987e-03
6.369546800851821899e-02
3.827140026260167360e-04
2.325809188187122345e-02
2.416419796645641327e-02
4.311552736908197403e-03
1.465185731649398804e-02
7.563441395759582520e-01
9.243018031120300293e-01
5.040456308051943779e-04
1.344263553619384766e-03
1.746069407090544701e-03
3.234563022851943970e-02
1.685909926891326904e-01
9.564822539687156677e-03
7.959533929824829102e-01
4.243353847414255142e-03
9.191604256629943848e-01
2.287835478782653809e-01
3.817945420742034912e-01
7.851121947169303894e-03
9.555819444358348846e-03
8.588875643908977509e-03
5.069649592041969299e-02
6.497022113762795925e-04
1.827273704111576080e-02
4.106127191334962845e-03
2.179069258272647858e-02
6.248517893254756927e-03
1.859954209066927433e-04
4.146137274801731110e-03
9.476817795075476170e-04
2.310515847057104111e-03
3.291738452389836311e-03
5.492537282407283783e-03
2.751868367195129395e-01
2.590794465504586697e-04
2.965043997392058372e-03
7.854335904121398926e-01
2.853051410056650639e-04
2.696540765464305878e-02
3.219595411792397499e-03
1.645846068859100342e-01
5.266977548599243164e-01
6.422607693821191788e-03
3.185195964761078358e-04
7.485210662707686424e-04
8.343476653099060059e-01
9.995492100715637207e-01
2.873396733775734901e-03
5.838928278535604477e-03
9.139876365661621094e-01
1.195557648316025734e-03
1.363071240484714508e-02
2.021703112404793501e-04
1.301085692830383778e-03
1.190046872943639755e-02
5.798962665721774101e-04
2.116880565881729126e-02
2.563543431460857391e-02
2.886732481420040131e-02
5.815608799457550049e-02
2.080145180225372314e-01
8.703268133103847504e-03
1.544946897774934769e-02
1.040289294905960560e-03
3.346063429489731789e-03
3.775212680920958519e-03
7.184156216681003571e-03
5.868945643305778503e-02
9.627394378185272217e-03
2.759796101599931717e-03
2.550373785197734833e-03
9.749321937561035156e-01
3.297696588560938835e-03
5.604386795312166214e-03
1.512098591774702072e-03
1.346074342727661133e-01
2.990162232890725136e-03
2.856866922229528427e-03
9.994015693664550781e-01
5.804302170872688293e-02
3.320666030049324036e-03
1.068186163902282715e-01
2.312587797641754150e-01
3.307286649942398071e-03
4.130224697291851044e-04
1.012900564819574356e-02
6.726393476128578186e-03
3.719406574964523315e-02
2.242333488538861275e-03
9.938091635704040527e-01
5.637274589389562607e-03
5.389939178712666035e-04
1.402047090232372284e-02
5.897236987948417664e-04
1.691839424893260002e-03
1.332101691514253616e-02
1.197102665901184082e-02
2.292199432849884033e-02
7.121860384941101074e-01
3.279067459516227245e-04
3.669242840260267258e-03
8.879083395004272461e-01
8.696252480149269104e-03
2.580695040524005890e-02
6.491457223892211914e-01
8.707807958126068115e-02
2.606255002319812775e-03
2.329977229237556458e-03
4.216863308101892471e-03
2.130240760743618011e-02
1.735143661499023438e-01
4.421925917267799377e-02
2.267319941893219948e-03
2.527513075619935989e-03
3.933542221784591675e-02
3.732809424400329590e-02
2.019776962697505951e-03
3.851985966321080923e-04
3.336719702929258347e-03
6.738500669598579407e-04
3.521054750308394432e-04
6.977453827857971191e-01
1.489727292209863663e-03
6.952798366546630859e-02
8.147827386856079102e-01
4.175868351012468338e-03
1.133020501583814621e-02
1.322255879640579224e-01
6.851194053888320923e-02
9.494695812463760376e-03
3.744573914445936680e-04
3.138841711916029453e-04
1.103789918124675751e-02
2.134922659024596214e-03
2.605584561824798584e-01
3.550513088703155518e-02
1.118661835789680481e-01
3.442450659349560738e-03
5.904700956307351589e-04
2.588394097983837128e-03
9.761093854904174805e-01
2.046264475211501122e-03
2.784641692414879799e-04
2.304519154131412506e-02
1.110196486115455627e-02
9.478756785392761230e-01
2.342402236536145210e-03
3.050918225198984146e-03
3.566855448298156261e-04
2.689077286049723625e-03
1.529695233330130577e-03
3.074085107073187828e-04
1.684707775712013245e-02
3.354250220581889153e-03
6.859971908852458000e-04
8.645349298603832722e-04
1.007125712931156158e-03
6.342086126096546650e-04
6.162245757877826691e-03
1.283316314220428467e-02
9.463959722779691219e-04
2.205680310726165771e-01
7.282813191413879395e-01
4.178882227279245853e-04
8.258098736405372620e-03
1.059716288000345230e-02
1.014415407553315163e-03
6.858654669485986233e-04
1.322587253525853157e-03
8.773799054324626923e-03
4.011690244078636169e-02
3.754320321604609489e-03
1.981428358703851700e-03
2.133310073986649513e-03
3.759594401344656944e-03
4.124868288636207581e-02
2.404567087069153786e-03
1.833161921240389347e-03
9.463191032409667969e-01
9.569729678332805634e-03
1.768018351867794991e-03
5.952892825007438660e-04
3.355575317982584238e-04
1.341156847774982452e-02
6.805337667465209961e-01
1.654242165386676788e-03
8.223052136600017548e-03
2.644209424033761024e-03
5.372290313243865967e-02
4.676883667707443237e-02
2.063091378659009933e-04
9.580522030591964722e-02
5.388959310948848724e-03
1.796199590899050236e-03
6.848738789558410645e-01
4.265689756721258163e-03
2.370236907154321671e-03
7.603814359754323959e-03
4.709965724032372236e-04
9.586732983589172363e-01
2.342842668294906616e-01
1.504204981029033661e-02
1.993383653461933136e-02
7.052147984504699707e-01
2.065960783511400223e-03
1.059513818472623825e-02
1.757349669933319092e-01
1.205582753755152225e-03
6.072295363992452621e-04
5.013672262430191040e-02
9.738923050463199615e-03
9.337916038930416107e-03
3.630616702139377594e-03
1.425070166587829590e-01
3.489134367555379868e-03
1.047869306057691574e-02
5.948097631335258484e-02
3.596017835661768913e-03
4.659020341932773590e-03
2.180312527343630791e-03
6.286371499300003052e-03
1.282020658254623413e-02
1.896265544928610325e-03
6.747526582330465317e-03
9.340725839138031006e-03
2.287786919623613358e-03
6.888411007821559906e-04
1.540394732728600502e-03
6.788534522056579590e-01
8.558961749076843262e-02
7.111185113899409771e-04
3.018475545104593039e-04
1.102311536669731140e-02
1.757442019879817963e-02
1.489849481731653214e-02
4.532453604042530060e-04
8.621682524681091309e-01
3.267960622906684875e-02
3.781911218538880348e-03
1.908159814774990082e-03
2.553585451096296310e-03
8.950994610786437988e-01
4.331857198849320412e-04
1.228049248456954956e-01
3.892157971858978271e-01
5.799405043944716454e-04
1.184426597319543362e-03
2.970090601593255997e-03
8.233691914938390255e-04
1.128645613789558411e-02
1.507684821262955666e-03
3.882622122764587402e-01
9.023349285125732422e-01
6.693785544484853745e-04
1.879382180050015450e-04
1.217617020010948181e-01
3.884494071826338768e-04
4.449663683772087097e-03
4.068916197866201401e-03
1.343990326859056950e-03
3.931239480152726173e-04
3.054563654586672783e-03
4.508399404585361481e-03
1.364587526768445969e-02
1.875193044543266296e-02
6.595180835574865341e-03
1.374517101794481277e-03
2.695851959288120270e-03
2.702543861232697964e-04
4.754994530230760574e-03
9.938037395477294922e-01
1.324495822191238403e-01
6.533945444971323013e-03
7.836478762328624725e-03
3.963510971516370773e-04
7.469367119483649731e-04
9.090585708618164062e-01
8.553739637136459351e-03
1.684975461103022099e-03
1.655153464525938034e-03
4.111211374402046204e-02
1.230500638484954834e-04
2.028221031650900841e-03
9.191086865030229092e-04
1.792905852198600769e-03
4.589334726333618164e-01
1.920056492090225220e-01
2.626747300382703543e-04
8.372598676942288876e-04
1.457548141479492188e-01
1.449622679501771927e-03
1.024144589900970459e-01
9.970886111259460449e-01
9.261667132377624512e-01
2.022595144808292389e-03
7.154941558837890625e-01
8.002344369888305664e-01
6.884486079216003418e-01
1.086221076548099518e-02
5.494893994182348251e-04
1.690076431259512901e-03
1.350782345980405807e-02
3.100733458995819092e-02
1.054220832884311676e-03
1.535375049570575356e-04
5.751985590904951096e-04
9.990797378122806549e-03
4.885141272097826004e-03
9.891581535339355469e-01
1.233391091227531433e-02
6.625660229474306107e-03
2.577538136392831802e-03
9.965245127677917480e-01
8.595529198646545410e-01
1.442812383174896240e-03
2.507017692551016808e-03
3.418953623622655869e-03
7.468165755271911621e-01
1.388378441333770752e-03
1.785646378993988037e-02
8.759400248527526855e-01
1.111420616507530212e-01
1.308616697788238525e-01
3.747995651792734861e-04
1.951823127456009388e-03
2.236154526472091675e-01
1.472667902708053589e-01
2.452007122337818146e-02
8.182688057422637939e-02
2.908688271418213844e-03
4.277262836694717407e-02
3.921920433640480042e-02
3.201445331797003746e-03
7.801091414876282215e-04
1.817271113395690918e-03
5.053917691111564636e-02
1.984652131795883179e-03
2.979963645339012146e-02
2.542542933952063322e-04
2.853048790711909533e-04
5.848929658532142639e-02
4.327743663452565670e-04
5.383106879889965057e-03
2.489835768938064575e-02
6.789345294237136841e-02
2.660561911761760712e-02
2.921444829553365707e-03
9.105896949768066406e-01
3.980747424066066742e-03
2.647522604092955589e-03
4.380366578698158264e-02
3.009597398340702057e-02
7.107272278517484665e-03
1.262708455324172974e-01
2.341944724321365356e-02
1.984311267733573914e-02
2.783944131806492805e-03
1.227751054102554917e-04
1.813353388570249081e-03
1.291812513954937458e-03
1.085123745724558830e-03
3.305187216028571129e-03
5.452283076010644436e-04
3.732737852260470390e-03
8.726117201149463654e-03
1.598565955646336079e-03
6.379751861095428467e-02
5.609782040119171143e-02
6.005958840250968933e-02
2.296672165393829346e-01
5.225216504186391830e-03
4.137752056121826172e-01
7.085175253450870514e-03
3.255520761013031006e-02
8.884278126060962677e-03
6.119285710155963898e-03
7.025941158644855022e-04
7.303366437554359436e-04
1.636206917464733124e-02
1.306807156652212143e-03
4.168971441686153412e-03
2.454882711172103882e-01
4.498256370425224304e-02
2.238916931673884392e-03
1.600282965227961540e-03
8.448472023010253906e-01
7.937164045870304108e-03
3.144754795357584953e-03
5.222539184615015984e-04
2.245440892875194550e-02
1.194779574871063232e-02
7.622382137924432755e-03
8.731233887374401093e-03
3.424991620704531670e-03
1.381022036075592041e-01
3.470522060524672270e-04
9.386392682790756226e-02
1.788712292909622192e-01
5.915826186537742615e-04
3.512126952409744263e-02
5.944920331239700317e-02
1.462974818423390388e-03
1.562079996801912785e-04
2.398034743964672089e-02
2.422138350084424019e-03
4.293023608624935150e-03
4.487170372158288956e-03
6.911500096321105957e-01
4.768586754798889160e-01
1.467470545321702957e-03
4.594473913311958313e-02
2.017144560813903809e-01
1.735055237077176571e-03
3.863901132717728615e-03
1.049645012244582176e-03
2.582094457466155291e-04
1.722430111840367317e-03
4.769553488586097956e-04
1.531063113361597061e-02
3.178707137703895569e-02
2.154187560081481934e-01
1.172973308712244034e-03
5.596727505326271057e-02
2.486347686499357224e-03
5.592235247604548931e-04
1.335704606026411057e-02
2.912311116233468056e-03
4.752738401293754578e-03
1.232495065778493881e-02
6.789435865357518196e-04
5.021666642278432846e-03
1.507074630353599787e-04
6.858386914245784283e-04
2.595902769826352596e-04
5.022665858268737793e-01
1.997498795390129089e-03
7.895337343215942383e-01
1.381296943873167038e-02
4.668092820793390274e-03
2.492518909275531769e-02
2.473179716616868973e-03
1.745443674735724926e-03
1.047855708748102188e-03
7.473694626241922379e-03
9.184004366397857666e-02
9.712195023894309998e-03
2.559386659413576126e-03
6.900918087922036648e-04
3.581753699108958244e-03
5.666943732649087906e-03
1.211536116898059845e-03
2.913936972618103027e-02
4.180203378200531006e-02
1.194308977574110031e-03
4.709593579173088074e-02
2.776427194476127625e-03
1.261991411447525024e-01
5.647387588396668434e-04
4.372872039675712585e-02
2.121764235198497772e-03
7.685009040869772434e-04
9.744777530431747437e-02
4.618182778358459473e-03
5.394640937447547913e-02
5.431154966354370117e-01
2.471342682838439941e-03
2.230784296989440918e-02
8.398780971765518188e-02
6.602009758353233337e-03
8.101021870970726013e-03
5.624918849207460880e-04
1.485669985413551331e-03
8.361765742301940918e-01
1.722369459457695484e-03
9.853154420852661133e-03
6.032276432961225510e-04
6.832246780395507812e-01
4.082831740379333496e-02
2.411560388281941414e-03
5.894621834158897400e-03
2.987056374549865723e-01
1.650177291594445705e-03
2.482862025499343872e-02
1.731974072754383087e-02
7.862172089517116547e-03
3.118528751656413078e-03
3.354854416102170944e-03
1.587910391390323639e-02
6.006603240966796875e-01
6.096892431378364563e-02
6.260178685188293457e-01
2.036428079009056091e-02
4.005517344921827316e-03
2.723677828907966614e-02
2.420320175588130951e-02
5.815417971462011337e-04
2.473132451996207237e-03
2.737739384174346924e-01
1.084631681442260742e-01
4.587494302541017532e-03
9.935937523841857910e-01
3.287785919383168221e-03
1.177893672138452530e-02
1.593187823891639709e-02
5.546491593122482300e-03
8.271183073520660400e-02
1.158866449259221554e-03
2.605459420010447502e-03
1.459813094697892666e-03
7.835432770662009716e-04
8.892026380635797977e-04
2.933340668678283691e-01
6.146804690361022949e-01
8.795257890596985817e-04
9.994633793830871582e-01
1.918790745548903942e-03
3.712145145982503891e-03
1.724835834465920925e-03
3.482825413811951876e-04
2.534937812015414238e-03
8.599856519140303135e-04
2.474088408052921295e-02
2.278687432408332825e-03
6.241507362574338913e-04
8.652008771896362305e-01
1.725677773356437683e-02
2.468050923198461533e-03
2.715222835540771484e-01
3.297729790210723877e-01
3.094588816165924072e-01
1.344842463731765747e-01
1.415534038096666336e-02
1.840587705373764038e-02
9.712891653180122375e-03
2.933029551059007645e-03
1.345022395253181458e-02
2.631295938044786453e-03
8.904821006581187248e-04
1.483805011957883835e-03
2.704169414937496185e-02
3.854933194816112518e-03
3.849427774548530579e-02
2.399171143770217896e-01
9.952507680281996727e-04
9.416631073690950871e-04
3.465280681848526001e-02
1.092173159122467041e-01
1.797281503677368164e-01
1.589335501194000244e-03
1.592580676078796387e-01
3.784005064517259598e-03
3.072168305516242981e-02
7.149298209697008133e-03
1.169795519672334194e-03
1.707603951217606664e-04
8.359357598237693310e-04
1.181965111754834652e-03
4.642431449610739946e-04
9.362493292428553104e-04
1.860875869169831276e-03
1.152388169430196285e-03
7.242833729833364487e-03
2.107351571321487427e-01
6.650102790445089340e-03
1.487831957638263702e-02
1.160104665905237198e-02
5.862808786332607269e-03
1.683957991190254688e-03
8.842644281685352325e-03
2.357215853407979012e-03
4.563196003437042236e-02
4.861149191856384277e-01
2.403498365310952067e-04
7.598864031024277210e-04
8.366340398788452148e-02
3.559657488949596882e-04
1.997584622586145997e-04
5.347812771797180176e-01
4.550317302346229553e-03
4.311741143465042114e-02
1.113165519200265408e-03
1.829563640058040619e-02
8.025011047720909119e-03
1.379953115247189999e-03
1.272343937307596207e-02
1.789746247231960297e-02
5.589498905465006828e-04
1.924521522596478462e-03
1.894861608743667603e-01
1.511848182417452335e-03
3.359409281983971596e-03
6.001132074743509293e-03
2.614544471725821495e-03
7.415818050503730774e-03
3.090836340561509132e-03
3.179888054728507996e-02
5.679560303688049316e-01
3.139543579891324043e-03
8.833968080580234528e-03
1.134530524723231792e-03
2.066621184349060059e-02
1.513579487800598145e-01
1.070996150374412537e-01
2.268000738695263863e-03
3.495971905067563057e-04
7.048953324556350708e-02
4.037869349122047424e-02
6.134483218193054199e-01
1.674048043787479401e-02
5.292454957962036133e-01
2.277382835745811462e-02
2.115333918482065201e-03
3.372258506715297699e-03
2.598615549504756927e-02
3.008346306160092354e-03
9.303262829780578613e-01
4.033767327200621367e-04
8.941682172007858753e-04
9.492415119893848896e-04
2.344317501410841942e-03
1.735611935146152973e-03
3.093496896326541901e-03
2.504598349332809448e-03
1.322848945856094360e-01
3.693711012601852417e-03
2.384746185271069407e-04
8.601315203122794628e-04
6.773691275157034397e-04
3.287306288257241249e-03
2.597430138848721981e-04
1.037415699101984501e-03
1.275086891837418079e-03
2.289432287216186523e-01
5.289381369948387146e-03
2.725782059133052826e-02
9.591537714004516602e-02
9.304447770118713379e-01
5.101506412029266357e-02
6.554114222526550293e-01
9.923132508993148804e-02
1.669191755354404449e-02
7.748304051347076893e-05
2.353706397116184235e-03
6.512224674224853516e-03
5.397341214120388031e-03
5.800098180770874023e-03
8.448740839958190918e-01
6.300219800323247910e-03
5.052283871918916702e-03
4.176240786910057068e-02
1.489818748086690903e-02
6.865270137786865234e-01
5.397267267107963562e-02
1.625864207744598389e-02
1.040493953041732311e-03
5.650002136826515198e-02
2.006321446970105171e-03
4.332765820436179638e-04
7.542811334133148193e-02
4.227185621857643127e-03
3.648397279903292656e-03
1.742674112319946289e-01
1.196763664484024048e-02
1.431997865438461304e-02
1.224506460130214691e-02
3.104867935180664062e-01
1.298392657190561295e-02
1.365299802273511887e-03
7.345190271735191345e-03
1.225662529468536377e-01
3.517894074320793152e-04
2.520436188206076622e-03
2.454349305480718613e-03
2.194100022315979004e-01
5.538958590477705002e-03
9.964236989617347717e-03
9.979378581047058105e-01
3.669917583465576172e-02
2.648535184562206268e-03
5.887269377708435059e-01
1.001377403736114502e-02
1.009742263704538345e-03
4.123295075260102749e-04
8.855605265125632286e-04
1.251797284930944443e-02
2.225318225100636482e-03
9.124301373958587646e-03
2.804102608934044838e-03
8.959685801528394222e-04
4.488953948020935059e-02
9.890885949134826660e-01
2.652690978720784187e-03
6.646621227264404297e-01
5.735393241047859192e-02
8.940785191953182220e-03
5.225674510002136230e-01
2.930911816656589508e-02
3.732003271579742432e-02
8.771625906229019165e-02
4.831629339605569839e-03
3.651581238955259323e-03
2.290399186313152313e-02
1.886131055653095245e-02
2.421167045831680298e-01
5.526216328144073486e-02
5.618580617010593414e-04
2.255963860079646111e-03
6.219721436500549316e-01
1.289263134822249413e-03
4.204243887215852737e-03
4.029393661767244339e-03
8.027865551412105560e-03
2.089358633384108543e-03
2.708738436922430992e-03
3.505297936499118805e-04
6.780346389859914780e-03
1.087334938347339630e-02
9.695546030998229980e-01
2.492209663614630699e-03
2.981355413794517517e-02
5.807906389236450195e-03
1.520548388361930847e-02
1.060077222064137459e-03
3.817179822362959385e-04
3.442503213882446289e-01
4.541037138551473618e-03
2.458517625927925110e-02
1.016650814563035965e-03
2.569925487041473389e-01
5.847825668752193451e-04
8.295249193906784058e-03
2.097689062356948853e-01
1.937536406330764294e-03
2.509683668613433838e-01
6.080930586904287338e-03
4.226292483508586884e-03
2.555074868723750114e-03
3.036312572658061981e-02
9.998688697814941406e-01
4.745532758533954620e-03
8.898534178733825684e-01
6.514965295791625977e-01
9.998311996459960938e-01
2.273028017953038216e-03
8.333323523402214050e-03
9.990943670272827148e-01
2.924614585936069489e-03
1.238582539372146130e-03
8.620666861534118652e-01
2.037388505414128304e-03
1.057936344295740128e-03
6.150294793769717216e-04
9.854218959808349609e-01
4.975343588739633560e-03
8.472386980429291725e-04
4.388132598251104355e-03
1.393440528772771358e-03
2.166850864887237549e-02
9.459557943046092987e-03
3.720080421771854162e-04
2.312929928302764893e-02
4.439845681190490723e-03
3.276352072134613991e-03
1.513518393039703369e-03
8.353676646947860718e-03
4.914253205060958862e-02
4.237790592014789581e-03
9.942445158958435059e-01
2.543526291847229004e-01
2.904108725488185883e-02
4.489532147999852896e-04
1.077434699982404709e-02
1.209439506055787206e-04
3.386316820979118347e-03
3.826592862606048584e-01
1.059468835592269897e-02
1.150115422205999494e-04
2.269345708191394806e-02
2.142970915883779526e-03
2.633627271279692650e-03
1.526537071913480759e-02
8.992645740509033203e-01
1.640112721361219883e-03
3.272340819239616394e-02
5.668394640088081360e-02
3.207204490900039673e-02
9.591128230094909668e-01
2.745017111301422119e-01
1.946775801479816437e-02
4.596192017197608948e-02
1.779072103090584278e-03
1.804254017770290375e-03
7.826215587556362152e-03
4.258487820625305176e-01
1.609756425023078918e-02
4.252130165696144104e-04
8.680465221405029297e-01
7.710331119596958160e-04
6.163576617836952209e-02
5.297340825200080872e-02
5.183331086300313473e-04
7.251952774822711945e-03
1.403568778187036514e-02
1.497751800343394279e-03
2.711073867976665497e-02
7.548551657237112522e-04
2.626472618430852890e-03
1.023752265609800816e-03
1.798855373635888100e-03
2.558412402868270874e-02
2.343555539846420288e-02
2.871225029230117798e-02
7.764149308204650879e-01
3.539879247546195984e-02
2.688589878380298615e-02
1.267762668430805206e-02
3.835976822301745415e-03
2.306058537214994431e-03
5.023299250751733780e-03
5.393970608711242676e-01
4.983193799853324890e-02
7.641447186470031738e-01
1.266221851110458374e-01
2.253838181495666504e-01
9.065421223640441895e-01
5.987703800201416016e-02
5.647499579936265945e-03
8.670951239764690399e-03
9.387696385383605957e-01
5.099975387565791607e-04
2.604875713586807251e-03
6.662570522166788578e-04
6.435784697532653809e-02
3.282701671123504639e-01
4.920319914817810059e-01
3.743018209934234619e-02
2.376884222030639648e-03
5.606569647789001465e-01
4.895118996500968933e-03
9.711940288543701172e-01
3.469319490250200033e-04
8.540134876966476440e-03
6.703144172206521034e-04
5.083347787149250507e-04
9.356911177746951580e-04
1.688800752162933350e-02
1.535382121801376343e-03
5.548966526985168457e-01
9.931301474571228027e-01
7.276313304901123047e-01
6.103157997131347656e-02
1.805976731702685356e-03
1.721767126582562923e-03
2.650786889716982841e-03
7.413680199533700943e-03
3.307131410110741854e-04
5.167488753795623779e-02
6.509617902338504791e-03
5.547464825212955475e-03
1.090852171182632446e-01
4.883477091789245605e-02
1.005894388072192669e-03
4.172005224972963333e-03
2.615627460181713104e-02
2.232027053833007812e-02
9.170510806143283844e-03
1.016205176711082458e-01
2.157598646590486169e-04
5.363731980323791504e-01
4.602492845151573420e-04
2.588331233710050583e-03
1.477810274809598923e-02
9.865191765129566193e-03
8.756211609579622746e-04
2.215019048890098929e-04
6.755993515253067017e-02
2.174228578805923462e-01
1.443871669471263885e-02
3.495231037959456444e-03
1.023522689938545227e-01
1.650240155868232250e-03
2.445989288389682770e-03
2.358525991439819336e-03
1.034710556268692017e-02
1.061295811086893082e-02
1.935818046331405640e-02
3.571157343685626984e-03
8.048355579376220703e-03
4.973222385160624981e-04
2.200966142117977142e-02
1.147800683975219727e-02
7.002318161539733410e-04
4.364766646176576614e-04
1.299540745094418526e-03
1.475815079174935818e-03
6.610117852687835693e-03
2.099239500239491463e-03
4.490653872489929199e-01
1.045988057740032673e-03
4.515852779150009155e-03
2.138018421828746796e-02
2.653548121452331543e-01
8.695880174636840820e-01
4.241081420332193375e-03
7.292556166648864746e-01
1.340290009975433350e-01
6.542655229568481445e-01
2.476677065715193748e-03
2.726232409477233887e-01
9.533930420875549316e-01
9.385933876037597656e-01
3.221395425498485565e-03
1.537041366100311279e-02
3.605627454817295074e-03
3.726626932621002197e-02
1.153519935905933380e-02
2.454316476359963417e-03
3.148601949214935303e-02
6.171329878270626068e-04
1.660386449657380581e-03
7.594560980796813965e-01
9.796468019485473633e-01
5.662848353385925293e-01
3.703733906149864197e-03
6.493038963526487350e-03
5.755153018981218338e-03
2.694137208163738251e-02
2.804916293825954199e-04
3.672529419418424368e-04
9.046509512700140476e-04
2.890343777835369110e-03
4.302698187530040741e-03
2.074392698705196381e-02
4.810915561392903328e-04
3.335101297125220299e-03
1.110595557838678360e-02
1.178479986265301704e-03
1.635315455496311188e-02
9.887198805809020996e-01
4.200982749462127686e-01
1.147924549877643585e-02
9.945084452629089355e-01
2.992830472066998482e-03
9.996906518936157227e-01
2.436277223750948906e-03
6.650447030551731586e-04
1.111912308260798454e-03
6.763199926353991032e-04
2.370401751250028610e-03
9.324671626091003418e-01
7.768899798393249512e-01
8.443446713499724865e-04
5.242496845312416553e-04
3.590080188587307930e-03
3.581153750419616699e-01
1.411756426095962524e-01
1.827493309974670410e-03
2.662527840584516525e-03
9.067054837942123413e-03
9.221000969409942627e-02
3.426460607443004847e-04
3.520441651344299316e-01
1.132290111854672432e-03
2.712894696742296219e-03
6.587343756109476089e-03
4.352760035544633865e-03
1.027091871947050095e-03
1.712118857540190220e-03
7.302216291427612305e-01
6.663376092910766602e-01
5.884594321250915527e-01
8.145311847329139709e-03
1.617837250232696533e-01
1.049209153279662132e-03
1.577545423060655594e-03
2.588017582893371582e-01
1.617628931999206543e-01
4.136909730732440948e-03
2.396441297605633736e-03
7.211480736732482910e-01
5.345265939831733704e-02
1.016427855938673019e-02
1.513829827308654785e-02
5.340676382184028625e-02
9.150403202511370182e-04
9.368564933538436890e-03
2.080178409814834595e-01
1.654517650604248047e-02
5.750543787144124508e-04
2.786604920402169228e-03
2.357702323934063315e-04
1.223021652549505234e-02
1.079845009371638298e-03
1.508634770289063454e-03
9.180623455904424191e-04
2.048728615045547485e-01
3.876550821587443352e-03
5.105698481202125549e-03
4.604717716574668884e-03
4.737324547022581100e-03
1.684529474005103111e-03
5.009857565164566040e-02
3.082713484764099121e-01
4.757470916956663132e-03
3.947555087506771088e-03
4.579726234078407288e-02
2.497730311006307602e-03
3.772363066673278809e-01
7.101688981056213379e-01
3.937373869121074677e-03
7.885949686169624329e-03
2.792488597333431244e-02
2.831424400210380554e-02
4.472802393138408661e-03
2.233983576297760010e-02
2.082337811589241028e-02
1.389118493534624577e-03
5.554185481742024422e-04
7.801433801651000977e-01
4.185128491371870041e-03
5.411949241533875465e-04
5.337726473808288574e-01
2.588361036032438278e-03
1.375138992443680763e-03
8.427832508459687233e-04
7.760463654994964600e-02
7.481989916414022446e-03
3.598878975026309490e-04
8.313093334436416626e-03
2.912941575050354004e-01
2.653701603412628174e-02
1.624100957997143269e-03
7.243258878588676453e-03
8.058183789253234863e-01
8.499914780259132385e-03
2.287950133904814720e-03
1.179959774017333984e-01
4.429232329130172729e-02
1.607308387756347656e-01
9.953930377960205078e-01
6.650871038436889648e-02
2.715683076530694962e-04
4.540592199191451073e-04
2.930632093921303749e-03
7.409064564853906631e-03
8.936290978454053402e-04
7.260071579366922379e-04
8.626123070716857910e-01
4.924622480757534504e-04
3.022761084139347076e-03
9.552426636219024658e-02
4.436717554926872253e-02
3.245186060667037964e-03
3.977899439632892609e-03
9.959276318550109863e-01
5.662587471306324005e-03
5.500221159309148788e-03
1.951043494045734406e-02
7.517657941207289696e-04
6.240317821502685547e-01
1.724019064567983150e-03
2.152651781216263771e-03
3.217675490304827690e-03
4.976997734047472477e-04
3.226862172596156597e-04
4.295731484889984131e-01
4.035327292513102293e-04
2.039916580542922020e-03
1.193292625248432159e-02
1.843109377659857273e-03
5.309499101713299751e-04
7.366512436419725418e-03
1.823100727051496506e-03
4.462916869670152664e-03
3.706817980855703354e-03
9.764406085014343262e-01
1.094298250973224640e-02
5.439553875476121902e-03
7.954744622111320496e-03
9.704848527908325195e-01
1.980727072805166245e-03
4.298514977563172579e-04
2.456032931804656982e-01
7.478085812181234360e-03
2.505338378250598907e-02
5.522035062313079834e-03
3.474642755463719368e-03
5.148376338183879852e-03
1.494379714131355286e-03
2.487470628693699837e-04
5.144219473004341125e-02
5.054268985986709595e-03
5.105033633299171925e-04
9.945449829101562500e-01
9.993516802787780762e-01
5.341824144124984741e-03
1.509280642494559288e-03
9.901144504547119141e-01
2.680389024317264557e-02
1.653606595937162638e-04
1.614987733773887157e-03
8.533054497092962265e-04
6.859014392830431461e-04
1.131107658147811890e-02
1.170961279422044754e-02
1.497110933996737003e-03
1.603163927793502808e-01
1.249714172445237637e-03
3.041887283325195312e-01
1.061301329173147678e-03
3.251243233680725098e-01
4.687496984843164682e-04
2.563706832006573677e-03
1.483547152020037174e-03
4.441532865166664124e-02
7.555024698376655579e-03
2.190268412232398987e-02
5.662460462190210819e-04
6.473875604569911957e-03
2.397230453789234161e-02
7.961386442184448242e-01
1.106576398015022278e-01
2.030456671491265297e-03
5.201970040798187256e-02
1.981524005532264709e-02
3.229936817660927773e-03
5.720360670238733292e-03
3.117451211437582970e-03
3.382383286952972412e-02
1.668866351246833801e-02
1.972377067431807518e-03
1.489879656583070755e-02
1.374716777354478836e-02
1.422464614734053612e-03
8.001840114593505859e-01
9.009097218513488770e-01
4.506499040871858597e-03
6.218614871613681316e-04
7.186194998212158680e-04
1.537100994028151035e-03
3.796722157858312130e-04
5.123242735862731934e-03
8.059769170358777046e-04
1.919887214899063110e-02
2.168191131204366684e-03
5.670440942049026489e-02
4.453378729522228241e-03
4.162276163697242737e-02
2.360912505537271500e-03
5.101932329125702381e-04
1.279718271689489484e-04
6.088351085782051086e-02
1.515338517492637038e-04
1.788683235645294189e-03
5.767694488167762756e-02
1.251360587775707245e-02
1.213961397297680378e-03
4.716922529041767120e-03
4.730614647269248962e-02
7.186906337738037109e-01
4.010000266134738922e-03
9.990800619125366211e-01
6.069933879189193249e-04
6.637650076299905777e-03
1.015942543745040894e-03
5.984535440802574158e-03
4.867897834628820419e-03
2.926220595836639404e-01
1.677908748388290405e-01
2.727131824940443039e-03
5.111640784889459610e-03
2.345012314617633820e-02
1.219015684910118580e-03
9.351722002029418945e-01
5.781207000836730003e-04
1.033918373286724091e-02
1.965057253837585449e-01
2.251712372526526451e-03
7.212805212475359440e-04
1.043977867811918259e-02
1.787389512173831463e-03
8.124945312738418579e-02
5.986441392451524734e-03
3.629077109508216381e-04
1.137090846896171570e-02
2.253233082592487335e-02
3.097271081060171127e-03
9.984769225120544434e-01
3.204479441046714783e-02
9.543015039525926113e-04
4.719394724816083908e-03
2.424309961497783661e-03
1.320747425779700279e-03
4.284733906388282776e-03
1.734743639826774597e-02
1.226778025738894939e-03
2.281830906867980957e-01
2.535348758101463318e-04
8.032193873077630997e-04
5.113059654831886292e-03
7.170460373163223267e-02
7.366484962403774261e-03
7.033175788819789886e-04
3.486624360084533691e-01
1.382908551022410393e-03
9.447518386878073215e-04
6.170436390675604343e-04
7.797296857461333275e-04
9.276541881263256073e-03
9.812597418203949928e-04
2.085794880986213684e-02
4.479987081140279770e-03
1.587812006473541260e-01
1.777936122380197048e-03
3.603084012866020203e-03
1.670203059911727905e-01
3.068804182112216949e-02
9.632701403461396694e-05
1.094521209597587585e-02
1.909937709569931030e-03
1.618085801601409912e-02
6.637074984610080719e-04
7.788347546011209488e-03
2.886831760406494141e-03
7.276894059032201767e-03
2.017418621107935905e-03
4.524196684360504150e-01
1.024834066629409790e-01
2.519701421260833740e-01
9.308556914329528809e-01
7.366892416030168533e-03
1.304143224842846394e-03
1.966541633009910583e-03
2.265700371935963631e-03
2.004494071006774902e-01
3.596121387090533972e-04
2.325181104242801666e-02
9.868761990219354630e-04
1.638857764191925526e-03
1.618078164756298065e-02
7.603300213813781738e-01
9.580243378877639771e-03
6.218886934220790863e-03
7.013722658157348633e-01
3.001109510660171509e-02
3.876004484482109547e-04
2.241251021623611450e-01
1.190393324941396713e-02
6.499319523572921753e-02
7.419572211802005768e-04
1.649747602641582489e-03
4.712839722633361816e-01
2.192667452618479729e-03
3.033258318901062012e-01
8.756697773933410645e-01
1.570241898298263550e-02
3.000339493155479431e-03
3.154087346047163010e-03
1.690708696842193604e-01
8.430237174034118652e-01
8.189687877893447876e-02
3.365892469882965088e-01
2.523375749588012695e-01
2.413650276139378548e-03
9.682254749350249767e-04
2.599561586976051331e-02
1.902204239740967751e-04
1.093360967934131622e-02
1.606007921509444714e-03
2.294742502272129059e-02
3.436646610498428345e-02
1.700493390671908855e-03
1.262678578495979309e-02
1.118286047130823135e-02
5.997242406010627747e-03
2.060223370790481567e-01
2.804994583129882812e-03
6.030803173780441284e-02
1.701667457818984985e-01
2.343603875488042831e-03
7.718913257122039795e-02
1.540696131996810436e-03
1.222175210714340210e-01
9.194356203079223633e-01
1.014473754912614822e-02
1.301026204600930214e-03
6.375657320022583008e-01
1.211065612733364105e-02
1.189543306827545166e-01
2.883561421185731888e-03
9.045638144016265869e-03
1.899671182036399841e-02
5.749408155679702759e-02
5.453535914421081543e-01
3.669011220335960388e-02
4.056591074913740158e-03
9.892367720603942871e-01
4.784338772296905518e-01
2.383006736636161804e-03
4.031591862440109253e-02
9.055554866790771484e-03
1.854594796895980835e-03
8.840161375701427460e-03
1.511060283519327641e-03
8.809432387351989746e-02
2.203117357566952705e-03
4.313156241551041603e-04
5.454492056742310524e-04
1.423028260469436646e-01
1.731714233756065369e-02
1.281398627907037735e-02
5.827768445014953613e-01
9.898051023483276367e-01
2.005049609579145908e-04
2.831032499670982361e-03
2.192758023738861084e-03
6.809519529342651367e-01
4.540201127529144287e-01
3.723108384292572737e-04
2.316567115485668182e-03
1.244642888195812702e-03
4.894060082733631134e-03
2.093764208257198334e-02
1.376393288373947144e-01
1.004647929221391678e-03
2.162940334528684616e-03
2.555785933509469032e-03
2.612681128084659576e-03
3.932034969329833984e-02
1.436151098459959030e-02
1.307475147768855095e-03
3.250241279602050781e-03
4.523654282093048096e-02
1.668830373091623187e-04
1.334090530872344971e-01
9.834402799606323242e-01
5.020526051521301270e-01
2.726893872022628784e-04
4.649506509304046631e-01
1.203573774546384811e-03
6.048756767995655537e-04
3.536225762218236923e-03
1.945249922573566437e-02
9.469087235629558563e-04
5.202568173408508301e-01
7.464464753866195679e-03
2.745229867286980152e-04
4.905350804328918457e-01
5.911135077476501465e-01
4.730038810521364212e-03
1.066147815436124802e-03
8.901527523994445801e-02
1.686986768618226051e-03
9.507224708795547485e-02
1.665718620643019676e-03
6.339919054880738258e-04
4.860987365245819092e-01
8.198616094887256622e-03
1.123474561609327793e-03
8.966008424758911133e-01
4.481631517410278320e-02
9.986506775021553040e-03
6.679926067590713501e-03
2.543726295698434114e-04
8.757901377975940704e-03
2.695073839277029037e-03
6.619847845286130905e-04
9.950679540634155273e-01
3.102669143117964268e-04
1.122173387557268143e-03
3.639318747445940971e-03
1.098005915991961956e-03
5.275009870529174805e-01
5.410501956939697266e-01
1.617443631403148174e-03
4.453968722373247147e-03
8.130686357617378235e-03
1.681631989777088165e-02
9.540985524654388428e-02
1.674097584327682853e-04
9.182422161102294922e-01
1.453487551771104336e-03
5.643541216850280762e-01
5.018911324441432953e-03
8.133313655853271484e-01
5.450998898595571518e-03
2.108655171468853951e-03
1.604214869439601898e-02
4.552922619041055441e-04
2.919899125117808580e-04
4.736726172268390656e-03
9.689957499504089355e-01
2.242743782699108124e-02
1.103175338357686996e-03
5.948848128318786621e-01
1.972879283130168915e-03
4.365875793155282736e-04
1.231891475617885590e-02
1.852914318442344666e-02
1.423768349923193455e-03
4.830793663859367371e-02
3.168476745486259460e-03
8.360640145838260651e-03
4.959394335746765137e-01
3.146751085296273232e-03
9.251223877072334290e-03
2.166144847869873047e-01
1.476360601373016834e-03
4.610655363649129868e-03
1.614140055608004332e-04
3.242842620238661766e-03
9.294137125834822655e-04
2.833792008459568024e-03
1.734486520290374756e-01
3.860465250909328461e-03
6.297879852354526520e-03
7.525588735006749630e-04
2.953015733510255814e-03
8.425849373452365398e-04
3.988658136222511530e-04
8.683850988745689392e-03
2.527420641854405403e-03
7.431703153997659683e-03
3.149031428620219231e-03
1.414598673582077026e-01
1.111652888357639313e-02
3.991002440452575684e-01
4.207296005915850401e-04
1.551110035507008433e-04
9.144857525825500488e-03
8.018492721021175385e-03
7.528544869273900986e-03
4.597056657075881958e-03
1.809700275771319866e-03
6.692914292216300964e-03
8.956275135278701782e-02
1.558956801891326904e-01
7.853376865386962891e-01
1.222630380652844906e-03
7.541691884398460388e-04
2.703519072383642197e-03
1.580937393009662628e-02
1.750107668340206146e-02
9.523918270133435726e-04
5.157066625542938709e-04
8.660331368446350098e-01
5.185578465461730957e-01
2.280248701572418213e-02
2.224656194448471069e-02
2.837824448943138123e-02
7.067858427762985229e-02
1.297469832934439182e-03
5.828665494918823242e-01
2.253401326015591621e-03
1.256709569133818150e-03
8.129965863190591335e-04
1.302300021052360535e-03
2.192523330450057983e-03
9.967231154441833496e-01
2.498577581718564034e-03
2.277006581425666809e-02
4.377005156129598618e-03
7.420080946758389473e-04
2.429412603378295898e-01
2.169046550989151001e-01
1.341024786233901978e-01
2.240915084257721901e-03
3.833101689815521240e-02
6.123979110270738602e-04
8.215526342391967773e-01
8.826037645339965820e-01
5.191467789700254798e-05
3.377320244908332825e-03
6.578904390335083008e-01
6.595003008842468262e-01
8.164955303072929382e-03
2.136757597327232361e-02
3.673536935821175575e-03
7.419073372147977352e-04
5.325985141098499298e-03
7.547544664703309536e-04
2.867657458409667015e-03
1.840381324291229248e-02
8.427238208241760731e-04
3.583668470382690430e-01
1.266587432473897934e-02
1.452698837965726852e-03
1.533284899778664112e-03
1.684542279690504074e-03
2.108197659254074097e-03
1.658192276954650879e-02
2.035025507211685181e-01
5.730112195014953613e-01
1.351398136466741562e-02
4.130401648581027985e-04
9.278980433009564877e-04
1.395726227201521397e-03
4.757761955261230469e-03
1.076454063877463341e-03
8.681933581829071045e-02
1.122372876852750778e-02
2.092284858226776123e-01
4.658067133277654648e-03
6.354876677505671978e-04
2.487545832991600037e-02
1.994162099435925484e-03
1.021135365590453148e-03
8.537804242223501205e-04
9.717116355895996094e-01
9.975456595420837402e-01
2.049965970218181610e-02
9.698438644409179688e-01
1.282680430449545383e-03
3.557618474587798119e-04
1.720028519630432129e-01
6.601052824407815933e-03
3.633501473814249039e-03
9.914107322692871094e-01
1.214705184102058411e-01
4.780840873718261719e-02
2.049918025732040405e-01
1.108733750879764557e-02
2.736035035923123360e-03
1.608304912224411964e-03
3.347915131598711014e-03
6.506152451038360596e-03
1.684935949742794037e-02
5.741856098175048828e-01
1.496684853918850422e-04
2.756494581699371338e-01
7.437368389219045639e-03
8.992319703102111816e-01
5.300314426422119141e-01
1.008926238864660263e-02
9.944266080856323242e-01
1.922405906952917576e-03
1.378337386995553970e-02
5.205761175602674484e-03
3.893107641488313675e-04
1.348264068365097046e-01
1.642704568803310394e-02
1.895210007205605507e-03
1.404834911227226257e-03
2.582008019089698792e-03
1.292287558317184448e-02
1.748122274875640869e-02
9.016636176966130733e-04
7.635959889739751816e-03
1.388955414295196533e-01
1.929023885168135166e-03
7.349001709371805191e-03
6.308168638497591019e-03
6.691485759802162647e-04
2.051687333732843399e-03
3.006790578365325928e-02
9.884373545646667480e-01
7.033644942566752434e-04
9.585694968700408936e-02
7.890393957495689392e-03
1.397316306829452515e-01
3.121648915112018585e-04
6.434016861021518707e-03
1.817591488361358643e-02
7.330688089132308960e-02
1.126946788281202316e-02
3.691330552101135254e-01
8.947734534740447998e-02
9.860444697551429272e-05
1.444254443049430847e-02
5.677687004208564758e-04
2.367458865046501160e-02
2.415373027324676514e-01
1.119412295520305634e-02
1.713085686787962914e-03
1.584951416589319706e-03
4.765074700117111206e-04
7.079555392265319824e-01
3.191821509972214699e-03
6.970021724700927734e-01
4.704134166240692139e-02
3.528099041432142258e-03
6.413984298706054688e-02
4.649375623557716608e-04
1.031639799475669861e-01
1.358240027911961079e-03
2.323539182543754578e-02
1.600892692804336548e-01
8.873816579580307007e-03
7.194762292783707380e-05
3.903291653841733932e-03
6.639583967626094818e-03
2.181589836254715919e-03
7.923408993519842625e-04
5.152009427547454834e-03
1.894073793664574623e-03
9.394396543502807617e-01
2.968950197100639343e-02
6.293905898928642273e-03
1.709673367440700531e-02
3.930147271603345871e-03
3.069090247154235840e-01
8.589590787887573242e-01
1.340130064636468887e-02
5.141013860702514648e-02
3.090037265792489052e-03
1.920690834522247314e-01
2.297195838764309883e-03
3.128381446003913879e-03
2.133104205131530762e-01
4.356330726295709610e-03
1.445154659450054169e-02
2.426113002002239227e-03
9.059345722198486328e-01
7.097025518305599689e-04
1.399650936946272850e-03
2.955092787742614746e-01
2.276623155921697617e-03
7.020927732810378075e-04
5.799938458949327469e-03
1.360298250801861286e-03
9.595581293106079102e-01
1.379152992740273476e-03
6.630883216857910156e-01
7.616364164277911186e-04
3.504603228066116571e-04
4.483348166104406118e-04
1.968964003026485443e-02
8.190440386533737183e-02
6.167346728034317493e-04
3.457820788025856018e-02
7.892354391515254974e-03
6.519531011581420898e-01
8.501415140926837921e-04
9.636694788932800293e-01
6.536286091431975365e-04
1.654459089040756226e-01
1.486691762693226337e-03
3.534542396664619446e-03
6.750787142664194107e-03
1.521891914308071136e-03
9.548891102895140648e-05
9.178659319877624512e-01
1.063604000955820084e-02
1.645034411922097206e-03
1.453463137149810791e-01
5.776902660727500916e-02
3.470598254352807999e-03
7.546825408935546875e-01
3.294367925263941288e-04
3.449265658855438232e-02
1.036265864968299866e-02
1.996606006287038326e-04
5.905075464397668839e-03
3.563917474821209908e-03
1.611221581697463989e-02
8.713556081056594849e-02
1.021654456853866577e-01
7.880358956754207611e-03
1.400924921035766602e-01
3.289966378360986710e-03
3.858051495626568794e-04
8.942387066781520844e-03
3.120183246210217476e-03
4.571511410176753998e-03
7.142625451087951660e-01
1.088246586732566357e-03
1.751029677689075470e-02
1.247498206794261932e-02
9.431843161582946777e-01
7.220728322863578796e-03
4.235654324293136597e-02
1.905471668578684330e-03
1.044103577733039856e-01
4.113059025257825851e-03
1.374568790197372437e-03
5.987064796499907970e-04
3.254408715292811394e-03
2.356052994728088379e-01
2.669187495484948158e-03
1.401380170136690140e-02
4.525418858975172043e-03
2.143699117004871368e-02
3.706178441643714905e-02
2.213612943887710571e-02
2.032660320401191711e-02
3.119009081274271011e-03
5.664364993572235107e-02
2.191472449339926243e-04
1.770220580510795116e-03
5.707711097784340382e-04
8.369538933038711548e-03
9.638656675815582275e-02
3.355517610907554626e-02
1.709178835153579712e-02
2.547592623159289360e-03
5.204622447490692139e-02
1.053990912623703480e-03
1.816770993173122406e-02
4.795350134372711182e-02
2.650262555107474327e-03
3.469470422714948654e-03
7.554445415735244751e-03
3.588949562981724739e-03
3.686635522171854973e-03
6.719483993947505951e-03
3.343888791278004646e-03
2.128146216273307800e-02
5.774341057986021042e-03
4.767913371324539185e-02
1.745515614748001099e-01
5.419577471911907196e-03
2.550234086811542511e-03
6.035068654455244541e-04
1.827030442655086517e-03
4.469792824238538742e-03
1.054664403200149536e-01
1.254106964915990829e-02
4.971942980773746967e-04
3.978027962148189545e-03
9.953485131263732910e-01
4.221655428409576416e-03
9.945873022079467773e-01
9.569798707962036133e-01
8.511794148944318295e-04
8.718111552298069000e-03
7.318110018968582153e-02
1.708350493572652340e-03
4.173151254653930664e-01
3.527354681864380836e-03
6.538877729326486588e-03
1.464689429849386215e-02
2.480593742802739143e-03
7.011580164544284344e-04
1.130913570523262024e-02
1.380724716000258923e-03
3.651278465986251831e-02
9.889450855553150177e-03
1.048601865768432617e-01
2.287254901602864265e-03
5.097949504852294922e-01
7.590064406394958496e-02
1.963466219604015350e-02
5.085630691610276699e-04
9.962924523279070854e-04
1.515497565269470215e-01
3.083930537104606628e-02
1.075823092833161354e-03
8.063784241676330566e-02
2.166504785418510437e-02
2.290279604494571686e-03
8.287582397460937500e-01
9.717961773276329041e-03
4.010258708149194717e-03
1.297814119607210159e-02
4.467721283435821533e-01
4.024165123701095581e-02
5.283949971199035645e-01
4.324441775679588318e-03
8.810838684439659119e-03
1.537500647827982903e-03
7.261068676598370075e-04
8.819299191236495972e-02
1.307963281869888306e-01
5.615933537483215332e-01
1.950467936694622040e-02
8.843240141868591309e-01
1.070153899490833282e-02
4.536110907793045044e-02
9.959407895803451538e-02
1.031868159770965576e-02
4.241639748215675354e-03
1.314765810966491699e-01
1.503206975758075714e-02
2.617822960019111633e-03
1.863864064216613770e-02
9.740876555442810059e-01
1.590664731338620186e-03
7.147567812353372574e-04
1.776263001374900341e-03
1.182629028335213661e-03
1.483713537454605103e-01
1.252153073437511921e-03
5.847939290106296539e-03
1.596859190613031387e-03
7.095508277416229248e-03
2.181087620556354523e-03
5.988137125968933105e-01
1.639585569500923157e-02
1.149451709352433681e-03
4.028792381286621094e-01
7.915394753217697144e-02
2.314670244231820107e-03
3.156203776597976685e-02
2.613344695419073105e-03
1.515772640705108643e-01
5.548966582864522934e-03
8.676784634590148926e-01
2.161503024399280548e-02
5.823724437505006790e-03
2.429676009342074394e-03
2.214976958930492401e-02
1.470923051238059998e-02
4.870344419032335281e-03
4.460794851183891296e-03
6.042061373591423035e-03
4.521654918789863586e-03
4.994963295757770538e-03
8.686165809631347656e-01
5.169413238763809204e-02
5.262936465442180634e-03
4.353618621826171875e-01
6.363998353481292725e-02
1.410294137895107269e-02
3.009438514709472656e-01
4.065474495291709900e-03
7.110631093382835388e-03
1.148877548985183239e-03
1.206502020359039307e-01
2.705081598833203316e-03
2.783637344837188721e-01
6.382329738698899746e-04
8.065345883369445801e-02
1.687865890562534332e-02
2.148411050438880920e-02
3.119657048955559731e-03
3.648270620033144951e-03
2.547450829297304153e-03
7.763367146253585815e-03
9.972029924392700195e-01
1.996739208698272705e-01
2.943085273727774620e-04
4.074282050132751465e-01
5.394439212977886200e-03
7.201754488050937653e-04
5.647871643304824829e-03
5.387392011471092701e-04
7.567208409309387207e-01
1.489226371049880981e-01
3.176470287144184113e-03
3.071677638217806816e-03
1.000760216265916824e-02
8.125575259327888489e-04
2.359575591981410980e-04
3.437653940636664629e-04
1.725838184356689453e-01
3.824924060609191656e-04
9.639076888561248779e-03
6.807760335505008698e-03
5.130088701844215393e-02
7.610973715782165527e-02
1.510028839111328125e-01
3.743536944966763258e-04
2.438017539680004120e-02
3.509719297289848328e-02
1.339263468980789185e-02
6.025206297636032104e-03
1.021777000278234482e-02
1.889627799391746521e-02
1.734317652881145477e-02
5.104855168610811234e-03
3.817920514848083258e-04
2.113359514623880386e-04
9.227343834936618805e-03
9.864789899438619614e-04
6.435434520244598389e-02
1.392377074807882309e-02
1.703259535133838654e-02
9.769859025254845619e-04
1.777743361890316010e-02
2.034696191549301147e-02
7.607135921716690063e-02
1.469684839248657227e-01
2.720109187066555023e-02
1.531494432128965855e-03
4.705913364887237549e-02
2.943120431154966354e-03
3.560275137424468994e-01
8.706950582563877106e-03
3.148220181465148926e-01
2.694524126127362251e-03
2.343710362911224365e-01
4.028147086501121521e-02
2.386206761002540588e-03
3.214300051331520081e-02
4.427564330399036407e-03
8.229256491176784039e-04
9.171661804430186749e-04
7.746672034263610840e-01
1.891808933578431606e-03
1.343206167221069336e-01
1.799582690000534058e-02
1.322910306043922901e-03
4.375750140752643347e-04
1.451529376208782196e-02
6.845222786068916321e-03
4.110981822013854980e-01
4.408581182360649109e-03
9.596138843335211277e-04
4.353621625341475010e-04
6.158106029033660889e-03
5.128969904035329819e-03
8.391547799110412598e-01
2.228774392278864980e-04
1.518022385425865650e-03
1.816697120666503906e-01
3.997965541202574968e-04
6.053246930241584778e-02
7.398264482617378235e-03
3.792137140408158302e-04
3.142129257321357727e-02
1.905548013746738434e-02
5.209951195865869522e-03
3.652750514447689056e-03
7.730644429102540016e-04
3.547968110069632530e-03
4.973118007183074951e-02
8.854914456605911255e-03
3.290313761681318283e-03
7.885804399847984314e-03
1.936113229021430016e-03
7.738512358628213406e-04
2.211327431723475456e-03
9.968806505203247070e-01
2.294961130246520042e-03
3.108994290232658386e-02
5.928842816501855850e-03
1.172379124909639359e-03
3.455122234299778938e-03
8.415420539677143097e-03
1.554865483194589615e-02
6.904664915055036545e-04
7.251145434565842152e-04
3.127505769953131676e-03
9.476120583713054657e-03
1.081128022633492947e-03
3.825804451480507851e-03
2.510992810130119324e-03
1.909079216420650482e-02
3.033147938549518585e-02
2.248652279376983643e-01
8.214136469177901745e-04
9.978415966033935547e-01
2.390608191490173340e-03
8.695836067199707031e-01
6.492262473329901695e-04
5.380633752793073654e-03
1.223972998559474945e-02
1.537878718227148056e-02
2.239294117316603661e-03
3.336813300848007202e-02
1.193772107362747192e-01
9.993675351142883301e-01
3.488615388050675392e-03
4.923517350107431412e-03
1.828989479690790176e-04
6.513848304748535156e-01
1.393970102071762085e-03
4.261863417923450470e-03
5.199203640222549438e-02
8.044054731726646423e-03
3.426158218644559383e-04
9.215045720338821411e-03
5.214656237512826920e-03
1.703552668914198875e-03
1.245350576937198639e-02
4.536194028332829475e-04
3.186941612511873245e-03
3.669981611892580986e-03
9.852674789726734161e-03
4.809482991695404053e-01
7.740335166454315186e-02
2.810785546898841858e-02
8.426429703831672668e-03
1.266569551080465317e-02
1.856592250987887383e-03
5.756426453590393066e-01
9.960874915122985840e-03
5.225785374641418457e-01
2.197345951572060585e-03
2.793032210320234299e-03
1.293485704809427261e-02
8.988514309749007225e-04
9.851269125938415527e-01
1.010273001156747341e-03
7.487757829949259758e-04
2.200063783675432205e-03
9.749050140380859375e-01
7.139325886964797974e-02
5.329258441925048828e-01
2.789362668991088867e-01
2.557010762393474579e-02
6.875665783882141113e-01
3.954413812607526779e-03
2.977193892002105713e-02
6.286354037001729012e-04
1.724954135715961456e-02
3.785325288772583008e-01
1.647498011589050293e-01
6.204431410878896713e-03
7.490572752431035042e-04
1.075630425475537777e-03
5.678239744156599045e-03
9.538303129374980927e-03
7.365966448560357094e-04
9.611944854259490967e-02
4.062396008521318436e-03
2.364473417401313782e-03
1.135536469519138336e-03
4.734299145638942719e-03
6.078070029616355896e-02
1.175118908286094666e-01
4.913370124995708466e-03
2.456501871347427368e-01
7.206856738775968552e-03
1.005269354209303856e-03
1.386803225614130497e-03
1.276607159525156021e-03
1.349035999737679958e-03
9.483432173728942871e-01
7.513778982684016228e-04
7.499982137233018875e-03
5.333943292498588562e-03
1.388456299901008606e-02
4.522752016782760620e-03
4.801276139914989471e-03
1.475758664309978485e-02
8.011639001779258251e-04
1.305585494264960289e-03
2.246733056381344795e-03
9.491212666034698486e-03
7.959447056055068970e-02
3.895185189321637154e-03
2.359760738909244537e-02
4.111913591623306274e-02
2.767074620351195335e-03
8.925858736038208008e-01
3.709286393132060766e-04
7.566055655479431152e-01
8.287955424748361111e-04
2.078141644597053528e-02
7.109863683581352234e-03
7.150872144848108292e-03
9.563454389572143555e-01
2.148348279297351837e-02
3.130444558337330818e-03
3.688448574393987656e-03
7.250864058732986450e-03
1.652358472347259521e-01
9.031203389167785645e-02
1.925439573824405670e-03
7.233797572553157806e-03
2.556044608354568481e-02
7.500314712524414062e-02
2.778140129521489143e-03
2.899846062064170837e-02
2.036208845674991608e-02
3.938884474337100983e-04
8.825528621673583984e-02
3.803917672485113144e-03
3.119941800832748413e-03
1.425509690307080746e-03
9.752755984663963318e-03
2.281882334500551224e-03
1.391444820910692215e-03
6.187173128128051758e-01
7.624225690960884094e-03
2.011497039347887039e-03
9.781501721590757370e-04
4.787820391356945038e-03
5.255806026980280876e-04
5.549194291234016418e-02
9.216834441758692265e-04
1.262138714082539082e-03
1.233606506139039993e-02
5.048144957982003689e-04
1.174508221447467804e-02
1.126854307949542999e-02
1.156394183635711670e-02
2.030207216739654541e-02
7.436812738887965679e-04
6.585147976875305176e-01
2.004513703286647797e-02
7.425029762089252472e-03
4.654826223850250244e-02
2.778130955994129181e-02
9.951500296592712402e-01
7.707821726799011230e-01
3.424221649765968323e-03
1.514912862330675125e-02
7.480488624423742294e-03
3.401088062673807144e-03
7.968496680259704590e-01
2.637454569339752197e-01
1.642728107981383801e-03
3.465590775012969971e-01
1.930869184434413910e-03
1.014093309640884399e-01
6.112709175795316696e-03
1.759596751071512699e-03
2.130846725776791573e-03
3.251085802912712097e-02
9.539658203721046448e-03
1.034750863909721375e-01
1.322858617641031742e-03
4.160234238952398300e-03
1.371740922331809998e-02
6.511053442955017090e-02
2.106038853526115417e-02
4.059092607349157333e-03
8.068017777986824512e-04
5.945972516201436520e-04
2.266897121444344521e-03
1.159854233264923096e-02
5.293173249810934067e-03
7.367203012108802795e-03
5.679591558873653412e-03
5.332011496648192406e-04
1.840409357100725174e-03
4.132586531341075897e-03
4.662822466343641281e-03
3.122155070304870605e-01
4.050189852714538574e-01
4.000751301646232605e-03
4.394284263253211975e-02
1.018733158707618713e-01
1.082944363588467240e-04
1.513193361461162567e-03
1.144543755799531937e-03
9.660314535722136497e-04
6.122496444731950760e-03
5.311095342040061951e-02
4.052795469760894775e-02
6.283008959144353867e-03
5.180501379072666168e-03
4.604859743267297745e-03
2.925006556324660778e-04
1.226805616170167923e-02
5.441999528557062149e-03
1.222318261861801147e-01
4.447705745697021484e-01
2.193758450448513031e-02
7.261144928634166718e-03
2.432977926218882203e-04
2.260840265080332756e-04
2.054996229708194733e-02
1.460862904787063599e-01
1.826881915330886841e-01
1.867498457431793213e-02
1.798425568267703056e-03
4.227148592472076416e-01
7.749979849904775620e-03
1.119984686374664307e-01
9.105218052864074707e-01
2.756369858980178833e-02
3.744715068023651838e-04
2.551793295424431562e-04
2.727658429648727179e-04
1.221923739649355412e-03
2.008356712758541107e-02
9.441131725907325745e-03
9.090674519538879395e-01
8.560859598219394684e-03
1.684861606918275356e-03
8.563514798879623413e-03
6.607578834518790245e-04
1.543229678645730019e-03
5.932759959250688553e-04
8.525599725544452667e-03
4.188138060271739960e-03
1.385745825245976448e-03
7.452929615974426270e-01
6.695639491081237793e-01
1.670504570938646793e-03
1.503976644016802311e-03
2.686579828150570393e-04
5.063442587852478027e-01
3.563831327483057976e-03
2.915638964623212814e-03
2.512398548424243927e-02
4.747506463900208473e-04
1.453665941953659058e-01
1.090654060244560242e-01
1.162030361592769623e-02
3.156114835292100906e-03
2.021350897848606110e-03
1.471180189400911331e-02
2.296281745657324791e-04
9.844351559877395630e-03
5.588417649269104004e-01
7.756252889521420002e-04
3.367206454277038574e-02
3.123749746009707451e-03
8.645290508866310120e-04
3.205819055438041687e-02
6.899604797363281250e-01
2.977641765028238297e-03
5.541828274726867676e-02
5.000262707471847534e-02
4.482976160943508148e-03
9.975471533834934235e-03
1.059692935086786747e-03
3.291768953204154968e-02
6.202709628269076347e-04
9.959893673658370972e-02
7.296506315469741821e-03
8.072205237112939358e-04
2.771916687488555908e-01
9.393799304962158203e-02
9.850791655480861664e-03
1.959344837814569473e-03
1.240431796759366989e-02
1.614183038473129272e-01
7.140980102121829987e-03
1.942135626450181007e-03
6.234097294509410858e-03
5.326593294739723206e-02
2.955261766910552979e-01
9.930972456932067871e-01
1.521265413612127304e-02
6.999727804213762283e-03
1.314094872213900089e-03
5.724288988858461380e-03
1.374948956072330475e-02
5.058639869093894958e-02
2.262759488075971603e-03
1.339136855676770210e-03
9.014785755425691605e-04
9.847789406776428223e-01
2.557615982368588448e-03
2.558905631303787231e-03
1.906766323372721672e-03
7.353810593485832214e-03
1.013587927445769310e-03
4.356998801231384277e-01
6.524156779050827026e-04
2.758577233180403709e-03
2.558040432631969452e-02
3.307803347706794739e-02
1.598551636561751366e-03
4.952032584697008133e-03
1.271166503429412842e-01
1.933690756559371948e-01
2.098758937790989876e-03
7.885834202170372009e-03
4.467686172574758530e-03
5.408225208520889282e-02
5.983133800327777863e-03
9.906248888000845909e-04
3.917009383440017700e-02
1.216900767758488655e-03
4.603780980687588453e-04
4.970766138285398483e-03
3.085193969309329987e-02
7.052613422274589539e-03
7.533969823271036148e-03
4.288002382963895798e-03
5.626949132420122623e-04
4.507230222225189209e-01
2.991454005241394043e-01
3.899522591382265091e-03
7.148759905248880386e-03
8.371832370758056641e-01
1.233346178196370602e-03
7.255084812641143799e-02
1.422667801380157471e-01
8.682596962898969650e-04
2.185899764299392700e-03
3.290168242529034615e-04
2.334188669919967651e-02
5.483207292854785919e-03
2.945646457374095917e-02
1.915461570024490356e-02
6.301655899733304977e-03
7.610690779983997345e-03
5.145236384123563766e-03
2.878655912354588509e-03
2.787101082503795624e-02
3.385205054655671120e-03
9.103879928588867188e-01
1.361422589980065823e-03
3.589794784784317017e-02
1.115138642489910126e-03
1.593747921288013458e-02
5.791956209577620029e-04
8.719695033505558968e-04
3.611688502132892609e-03
3.798607038334012032e-03
4.523554444313049316e-02
4.929064307361841202e-03
1.386049319989979267e-03
6.433806382119655609e-03
1.431988319382071495e-03
6.325922440737485886e-04
9.716811473481357098e-04
4.124616738408803940e-03
1.853590458631515503e-01
4.473169101402163506e-04
4.485558252781629562e-03
3.496533632278442383e-01
1.288999221287667751e-03
9.505625814199447632e-03
1.304775010794401169e-03
3.435866534709930420e-02
8.850775659084320068e-03
1.127000823616981506e-01
1.183954533189535141e-03
1.075719818472862244e-01
1.290272828191518784e-02
1.362942904233932495e-02
4.174325440544635057e-04
1.746665366226807237e-04
2.393407514318823814e-03
2.575883117970079184e-04
5.116155371069908142e-02
2.248599339509382844e-04
1.593176648020744324e-02
3.733589947223663330e-01
4.022426146548241377e-04
2.704883553087711334e-02
6.685443222522735596e-04
9.033980369567871094e-01
1.035847890307195485e-04
1.046363357454538345e-02
1.352946739643812180e-03
2.308711782097816467e-02
1.117813680320978165e-02
3.584401216357946396e-03
1.110077723860740662e-01
1.110132224857807159e-02
3.360051289200782776e-02
4.897572100162506104e-02
7.121605449356138706e-04
6.162819336168467999e-04
7.400037138722836971e-04
3.094545565545558929e-03
4.032854922115802765e-03
3.743398003280162811e-03
6.022189855575561523e-01
5.745327845215797424e-02
8.986265398561954498e-03
3.926048055291175842e-03
6.360888015478849411e-03
6.400700192898511887e-03
1.548668146133422852e-01
3.893933594226837158e-01
1.871627941727638245e-02
1.251343783224001527e-04
2.200892195105552673e-03
1.609222381375730038e-04
6.143272388726472855e-03
3.428085744380950928e-01
1.240309700369834900e-02
6.013865582644939423e-03
5.869745612144470215e-01
2.485686093568801880e-01
6.218993663787841797e-01
9.199389815330505371e-02
8.026560681173577905e-05
1.883916556835174561e-03
9.015417695045471191e-01
6.456965929828584194e-04
6.905593909323215485e-03
1.890932762762531638e-04
4.983745515346527100e-02
2.049607923254370689e-03
1.201804843731224537e-03
2.037523314356803894e-03
2.394198905676603317e-03
4.123515915125608444e-03
4.045926965773105621e-03
2.524371491745114326e-03
7.480098283849656582e-04
3.435512073338031769e-03
1.682092435657978058e-02
6.020981352776288986e-03
5.248768720775842667e-03
6.118497345596551895e-03
1.317452825605869293e-02
6.527723744511604309e-04
4.282771144062280655e-03
9.977123737335205078e-01
9.971454739570617676e-01
1.308613107539713383e-03
8.839826285839080811e-02
2.799983695149421692e-02
7.667684461921453476e-03
9.852321147918701172e-01
8.848304152488708496e-01
1.087713539600372314e-01
4.131974186748266220e-03
1.860694438219070435e-01
2.694834023714065552e-02
3.729106392711400986e-03
2.097015678882598877e-01
9.916225075721740723e-01
3.513624658808112144e-03
3.653423860669136047e-03
2.656300738453865051e-02
9.990768432617187500e-01
6.734441220760345459e-02
8.685005456209182739e-02
6.308804731816053391e-04
4.115014374256134033e-01
1.252613309770822525e-02
3.877370432019233704e-02
6.529483478516340256e-03
6.950598908588290215e-04
3.042620955966413021e-04
1.774583826772868633e-03
1.370245683938264847e-02
2.185172867029905319e-03
1.146068610250949860e-02
3.126740828156471252e-02
5.797437625005841255e-04
4.930065479129552841e-03
1.244093640707433224e-03
7.960681687109172344e-04
7.976691126823425293e-01
8.201768621802330017e-03
6.162330508232116699e-01
9.526633024215698242e-01
1.956593245267868042e-02
2.485261065885424614e-03
8.791143773123621941e-04
2.940331178251653910e-04
9.111323161050677299e-04
2.232937375083565712e-03
6.785146594047546387e-01
2.929839305579662323e-03
3.043476899620145559e-04
1.955132029252126813e-04
1.700169146060943604e-01
3.106251824647188187e-03
3.052656829822808504e-04
2.042804658412933350e-02
1.246909960173070431e-03
4.214002750813961029e-03
3.203734231647104025e-04
6.246827542781829834e-03
9.847503900527954102e-01
3.668789863586425781e-01
1.392870545387268066e-01
8.683498501777648926e-01
7.012007758021354675e-03
3.767226636409759521e-02
6.485752761363983154e-03
2.375538926571607590e-03
1.615736633539199829e-02
7.206225302070379257e-03
1.773772179149091244e-03
5.300371441990137100e-03
1.643202966079115868e-03
8.747808635234832764e-02
4.666527807712554932e-01
6.713989656418561935e-03
2.845815382897853851e-02
2.891234755516052246e-01
6.917871069163084030e-03
4.144053673371672630e-04
4.190240204334259033e-01
3.958407614845782518e-04
2.453819066286087036e-01
1.011627144180238247e-03
1.418554969131946564e-02
4.667955450713634491e-03
6.028767824172973633e-01
1.570963417179882526e-03
3.024133620783686638e-03
2.148933941498398781e-03
3.943207208067178726e-03
2.363284584134817123e-03
1.745757646858692169e-02
4.291472723707556725e-04
2.366779139265418053e-03
5.265680607408285141e-03
3.106306539848446846e-04
3.188218176364898682e-02
4.574218473862856627e-04
1.865419180830940604e-04
2.772954758256673813e-03
4.148940742015838623e-02
1.158293522894382477e-02
1.055587417795322835e-04
7.558094859123229980e-01
5.926952580921351910e-04
1.402076799422502518e-02
5.886662602424621582e-01
8.008667081594467163e-02
1.240255427546799183e-03
1.515731960535049438e-02
5.518098361790180206e-03
6.199785042554140091e-03
2.142379730939865112e-01
3.539553843438625336e-03
7.841370999813079834e-03
2.360064163804054260e-02
9.550889134407043457e-01
6.433798698708415031e-04
1.516351401805877686e-01
2.900045947171747684e-04
1.896474957466125488e-01
6.165897939354181290e-04
1.046902267262339592e-03
1.037008501589298248e-02
2.476407214999198914e-03
4.020927473902702332e-03
1.625915430486202240e-02
3.705736622214317322e-02
9.979593753814697266e-01
9.962156414985656738e-02
6.669986248016357422e-01
1.235136464238166809e-01
9.784875437617301941e-04
9.927200153470039368e-03
1.006496488116681576e-03
1.500164042226970196e-03
1.059805625118315220e-03
6.099888682365417480e-02
9.913927316665649414e-01
1.202951301820576191e-03
2.718454301357269287e-01
4.477383103221654892e-03
1.952257007360458374e-02
4.698625579476356506e-02
4.166525031905621290e-04
1.098396033048629761e-01
6.177501752972602844e-03
1.604289136594161391e-04
5.300117135047912598e-01
8.173582609742879868e-04
2.475383318960666656e-02
2.678225375711917877e-02
8.281703591346740723e-01
8.603122550994157791e-04
9.489082731306552887e-05
1.548601896502077579e-03
6.511447019875049591e-03
7.651941850781440735e-04
5.806907080113887787e-03
2.819967456161975861e-02
6.627562455832958221e-03
2.681833691895008087e-03
3.588080871850252151e-04
6.645265966653823853e-03
4.534719511866569519e-03
4.098902046680450439e-01
2.346416562795639038e-02
6.232783198356628418e-01
1.868001534603536129e-03
3.459234023466706276e-03
6.129943728446960449e-01
3.459459543228149414e-01
4.156912618782371283e-04
4.304716829210519791e-03
2.539343433454632759e-03
2.752155996859073639e-04
1.192364543676376343e-01
7.874681614339351654e-05
3.811442060396075249e-03
2.089057583361864090e-03
6.840164773166179657e-03
1.780187158146873116e-04
4.646896384656429291e-03
4.918767954222857952e-04
6.237758789211511612e-03
1.083372756838798523e-01
1.476517296396195889e-03
1.006241422146558762e-02
1.927378773689270020e-02
4.226906970143318176e-02
2.253768220543861389e-02
1.930875889956951141e-02
7.659144997596740723e-01
1.373665481805801392e-01
2.598404651507735252e-03
3.189261769875884056e-04
7.758596912026405334e-03
2.100137528032064438e-03
3.069822443649172783e-03
5.781610962003469467e-03
5.880072340369224548e-02
7.554279267787933350e-02
2.109333127737045288e-02
7.277289777994155884e-02
9.226049296557903290e-03
3.139317333698272705e-01
2.471741847693920135e-02
3.031829372048377991e-02
2.320963190868496895e-03
2.004503458738327026e-02
6.857478022575378418e-01
9.337818622589111328e-01
6.091034738346934319e-04
8.131957054138183594e-01
8.147520129568874836e-04
3.966048825532197952e-03
6.775563359260559082e-01
2.379418350756168365e-03
1.523066684603691101e-02
7.667492609471082687e-03
4.734631220344454050e-04
1.611351908650249243e-04
2.210385724902153015e-02
2.871350850909948349e-03
4.402928426861763000e-02
3.541477199178189039e-04
1.516503165476024151e-03
9.698097128421068192e-04
5.484375171363353729e-03
2.374054631218314171e-03
8.738017827272415161e-02
1.043592696078121662e-03
8.634304977022111416e-04
1.018651947379112244e-02
3.541245684027671814e-02
1.701115164905786514e-03
3.035096637904644012e-02
7.168828696012496948e-02
9.241635911166667938e-03
4.498500784393399954e-04
1.774513744749128819e-03
6.227653357200324535e-04
9.023079276084899902e-01
1.308378297835588455e-02
2.951688133180141449e-02
1.055336790159344673e-03
9.513611905276775360e-03
9.992974996566772461e-01
5.290350527502596378e-04
7.157731452025473118e-04
9.996663331985473633e-01
5.080683622509241104e-04
4.917185008525848389e-02
1.415137317962944508e-03
1.297785551287233829e-03
3.703063726425170898e-02
9.809957146644592285e-01
4.486825317144393921e-02
2.424170635640621185e-02
1.298574171960353851e-02
1.964111030101776123e-01
4.475701600313186646e-03
2.087853550910949707e-01
1.370172947645187378e-01
1.274797469377517700e-01
3.054537177085876465e-01
5.252050161361694336e-01
2.378812758252024651e-03
9.968017339706420898e-01
2.151328837499022484e-03
8.966752793639898300e-04
1.114047784358263016e-02
1.050870213657617569e-02
8.769209384918212891e-01
2.400823310017585754e-02
1.401459565386176109e-03
1.563002588227391243e-03
5.692990496754646301e-03
2.597915241494774818e-03
9.841363430023193359e-01
2.086897790431976318e-01
1.515731564722955227e-03
2.992773801088333130e-02
1.705390517599880695e-03
1.509875506162643433e-01
4.917696584016084671e-03
7.767578363418579102e-01
2.402011677622795105e-02
6.403205543756484985e-02
3.141551511362195015e-03
4.416463430970907211e-03
1.127076218836009502e-03
5.114910658448934555e-03
4.278644174337387085e-02
9.615980982780456543e-01
3.780680708587169647e-03
6.363754626363515854e-03
3.122914349660277367e-04
1.202017301693558693e-03
6.105056963860988617e-03
5.588965490460395813e-03
2.367683453485369682e-03
8.967337198555469513e-03
1.456103986129164696e-03
1.269059721380472183e-02
9.312997460365295410e-01
5.023586004972457886e-02
4.281927365809679031e-03
1.917446148581802845e-03
3.583209216594696045e-02
1.375961699523031712e-03
1.046875026077032089e-02
2.397478558123111725e-02
1.339874346740543842e-03
1.581064076162874699e-03
2.807519631460309029e-04
4.507226869463920593e-03
2.036595791578292847e-01
1.443964615464210510e-02
4.726458340883255005e-02
8.618367137387394905e-04
9.971148967742919922e-01
1.901104114949703217e-02
1.225892547518014908e-02
2.568235620856285095e-03
6.132658105343580246e-03
4.364048838615417480e-01
4.630555398762226105e-03
3.579794615507125854e-02
7.052166620269417763e-04
1.777624338865280151e-02
1.344145834445953369e-02
1.865922677097842097e-04
3.189264563843607903e-03
1.614684821106493473e-03
9.651488661766052246e-01
4.499902129173278809e-01
6.209189295768737793e-01
3.939398005604743958e-02
9.471262097358703613e-01
5.062675918452441692e-04
3.626369289122521877e-04
2.309046918526291847e-03
4.823519382625818253e-03
9.793952107429504395e-03
5.538444593548774719e-02
5.791546031832695007e-02
1.290145516395568848e-01
9.716023802757263184e-01
5.921619595028460026e-04
1.125185517594218254e-03
9.998121857643127441e-01
1.117945369333028793e-02
6.161713600158691406e-02
9.586820378899574280e-03
2.643178449943661690e-03
9.451074874959886074e-04
4.354286566376686096e-02
1.413792953826487064e-03
6.683105975389480591e-02
1.372985541820526123e-01
2.306354045867919922e-02
1.801485486794263124e-04
5.108150187879800797e-03
6.072132848203182220e-03
1.585016585886478424e-02
9.024280905723571777e-01
2.224817406386137009e-03
8.372617959976196289e-01
4.454370588064193726e-03
7.639350295066833496e-01
6.089654751121997833e-03
2.972213551402091980e-04
1.518675964325666428e-02
1.560614258050918579e-02
5.331786274909973145e-01
1.262135221622884274e-03
3.416054882109165192e-03
2.005647309124469757e-02
1.834307913668453693e-03
2.492155181244015694e-03
1.114543806761503220e-02
9.648640640079975128e-03
7.401639968156814575e-02
4.921232466585934162e-04
2.160482108592987061e-03
4.535933490842580795e-03
9.953036308288574219e-01
5.053758155554533005e-03
6.098338589072227478e-02
7.038399344310164452e-04
3.610378771554678679e-04
9.740998744964599609e-01
2.563873305916786194e-02
1.106386771425604820e-03
1.729932264424860477e-03
6.406568288803100586e-01
1.548494771122932434e-02
4.254649393260478973e-03
4.227573052048683167e-03
1.156984246335923672e-03
1.690743677318096161e-02
2.589457901194691658e-03
1.102822180837392807e-02
2.709484659135341644e-03
9.355138987302780151e-03
6.765539944171905518e-02
1.460401806980371475e-03
9.304489195346832275e-02
9.219052153639495373e-04
5.699731037020683289e-02
1.893966575153172016e-03
4.383468534797430038e-03
3.040788881480693817e-02
2.717005554586648941e-03
1.150338910520076752e-03
1.935306645464152098e-04
3.667775541543960571e-02
4.491345025599002838e-03
6.053503751754760742e-01
5.443951231427490711e-04
1.731733791530132294e-02
2.217202447354793549e-02
3.205680055543780327e-03
5.656362627632915974e-04
7.760183420032262802e-03
2.939174510538578033e-02
5.983102601021528244e-04
5.782860517501831055e-01
5.992376827634871006e-04
2.478000242263078690e-03
3.270426094532012939e-01
1.014003381133079529e-01
5.324066150933504105e-04
1.006297953426837921e-02
9.008591771125793457e-01
9.055816568434238434e-03
2.911401353776454926e-02
2.291789464652538300e-02
5.036588758230209351e-03
1.896418107207864523e-04
1.627587480470538139e-04
3.991887439042329788e-03
2.503477502614259720e-03
2.355675533181056380e-04
6.949624512344598770e-03
1.588783226907253265e-03
2.376200165599584579e-03
4.093146920204162598e-01
1.144723035395145416e-03
3.019897267222404480e-04
4.942483501508831978e-04
1.030286308377981186e-02
8.861618489027023315e-02
1.558306743390858173e-03
2.059000311419367790e-03
5.977328866720199585e-03
8.481865748763084412e-03
8.313138969242572784e-04
9.334343485534191132e-03
2.732373774051666260e-02
8.131802896969020367e-04
7.637220900505781174e-03
3.962949849665164948e-03
2.415013266727328300e-03
5.189609248191118240e-03
6.250815931707620621e-03
1.047704219818115234e-01
1.756663024425506592e-01
3.129578661173582077e-03
6.460602860897779465e-03
4.943571984767913818e-04
5.212531890720129013e-03
2.674606628715991974e-02
3.879530995618551970e-04
3.401299705728888512e-03
2.176575828343629837e-03
3.067634301260113716e-03
4.002416040748357773e-03
6.565092131495475769e-03
5.920795956626534462e-04
1.184970885515213013e-02
1.662594033405184746e-03
3.933324292302131653e-02
2.882596850395202637e-01
3.775327503681182861e-01
1.754881697706878185e-03
2.880623564124107361e-02
6.318013765849173069e-04
8.652575314044952393e-03
7.562439423054456711e-03
1.781931333243846893e-02
3.743246663361787796e-03
1.934292465448379517e-01
1.190149690955877304e-03
1.116308732889592648e-03
3.369107097387313843e-02
9.593356847763061523e-01
2.313885139301419258e-03
5.639776354655623436e-04
2.104802755638957024e-03
6.317240744829177856e-02
3.567890729755163193e-03
1.777466684579849243e-01
9.128532838076353073e-04
1.475364784710109234e-03
4.896430671215057373e-02
7.422995287925004959e-03
1.201103325001895428e-03
3.999128937721252441e-03
6.805193424224853516e-01
9.058293886482715607e-03
1.542390789836645126e-02
1.639891602098941803e-02
3.145636990666389465e-03
1.226958818733692169e-02
1.268177758902311325e-03
4.030046518892049789e-03
2.004936710000038147e-02
5.232896190136671066e-03
4.502593656070530415e-04
7.810215000063180923e-03
3.589755797293037176e-04
6.097469478845596313e-03
3.349266648292541504e-01
5.422916729003190994e-03
4.510722123086452484e-03
2.083648927509784698e-03
1.835880917496979237e-03
8.273359388113021851e-02
9.896328449249267578e-01
5.711060483008623123e-03
1.066219341009855270e-02
2.456600079312920570e-03
9.584794170223176479e-04
9.075409732758998871e-03
3.746061411220580339e-04
3.112172335386276245e-02
3.360714064911007881e-03
2.235566452145576477e-02
1.264154352247714996e-02
3.425224218517541885e-03
4.150353372097015381e-01
6.564450915902853012e-03
3.025069832801818848e-03
6.881010252982378006e-03
9.950720667839050293e-01
1.511853374540805817e-02
2.379491031169891357e-01
3.014025837182998657e-02
1.824723742902278900e-02
9.279456920921802521e-03
9.714097380638122559e-01
1.464774459600448608e-01
5.405659903772175312e-04
9.017173433676362038e-04
9.977939128875732422e-01
4.182803968433290720e-04
5.371656268835067749e-03
1.363117480650544167e-04
4.953444935381412506e-03
2.498464658856391907e-03
1.662127178860828280e-04
3.677741438150405884e-02
3.229160793125629425e-04
6.581261754035949707e-03
7.055107969790697098e-03
4.673605726566165686e-04
1.289755688048899174e-03
3.936966240871697664e-04
2.431973844068124890e-04
2.843411173671483994e-03
2.342314226552844048e-03
1.218330813571810722e-03
4.524590622168034315e-05
1.938979141414165497e-03
1.508544897660613060e-03
5.104225056129507720e-05
6.082024052739143372e-02
1.260799020528793335e-01
1.334014534950256348e-02
5.699998736381530762e-01
2.118556585628539324e-04
2.856251958291977644e-04
1.300871744751930237e-02
3.995095030404627323e-04
1.366782933473587036e-02
1.846279650926589966e-01
8.590158075094223022e-03
3.425410389900207520e-02
1.598492451012134552e-02
9.103826596401631832e-04
1.701089204289019108e-03
2.858609147369861603e-02
5.286574596539139748e-04
3.662515955511480570e-04
2.071704016998410225e-03
4.330706596374511719e-02
5.260163452476263046e-03
1.533633098006248474e-02
2.675784635357558727e-04
2.136563695967197418e-02
6.625746027566492558e-04
6.648853886872529984e-04
3.274526214227080345e-03
6.489127408713102341e-03
4.032292962074279785e-02
3.526889905333518982e-02
1.031758147291839123e-03
9.807885289192199707e-01
6.995643675327301025e-02
8.007685653865337372e-03
2.596979611553251743e-04
7.670519500970840454e-02
3.713947832584381104e-01
9.157344102859497070e-01
3.344500670209527016e-03
1.465133042074739933e-03
2.832453465089201927e-04
1.215654611587524414e-02
2.833201782777905464e-03
4.920948296785354614e-03
3.943807631731033325e-02
5.535827367566525936e-04
4.523922223597764969e-03
7.644768629688769579e-05
8.944997787475585938e-01
6.763748526573181152e-01
1.422113855369389057e-03
6.550670862197875977e-01
2.974890917539596558e-02
5.488527473062276840e-03
5.218502283096313477e-01
2.389124222099781036e-02
1.716108090477064252e-04
5.224488209933042526e-03
1.407701638527214527e-04
1.639180700294673443e-03
2.975445706397294998e-03
4.689946770668029785e-03
8.187558851204812527e-04
9.936573915183544159e-03
1.656208932399749756e-01
3.150327829644083977e-03
5.069627077318727970e-04
1.142195425927639008e-03
4.602523986250162125e-03
8.309639692306518555e-01
2.420799806714057922e-03
1.420928165316581726e-02
5.036545917391777039e-02
1.144923269748687744e-02
1.857739873230457306e-02
1.931995525956153870e-02
1.917841471731662750e-02
5.660535693168640137e-01
9.946168065071105957e-01
5.365440621972084045e-03
3.062996082007884979e-03
4.260424990206956863e-03
1.459576771594583988e-03
8.318455656990408897e-04
5.504298023879528046e-04
8.412099629640579224e-02
3.446371853351593018e-02
9.981835484504699707e-01
1.095245941542088985e-03
3.054281175136566162e-01
4.005915019661188126e-03
4.711269736289978027e-01
2.654129639267921448e-02
6.644463632255792618e-03
1.115251891314983368e-02
6.662107189185917377e-04
5.221227766014635563e-04
1.500226370990276337e-02
9.362436830997467041e-02
4.920322680845856667e-04
6.041796295903623104e-04
1.313400268554687500e-02
1.188049092888832092e-02
9.292177855968475342e-03
8.291045203804969788e-03
1.254432369023561478e-02
9.848108291625976562e-01
5.054156063124537468e-04
6.156661510467529297e-01
5.126941017806529999e-03
1.005586309474892914e-04
2.757405862212181091e-03
9.376038797199726105e-03
9.568503010086715221e-04
3.592545390129089355e-01
5.667910911142826080e-03
1.023915712721645832e-03
1.750890910625457764e-02
1.509000919759273529e-02
8.126534521579742432e-03
7.823585271835327148e-01
1.454973369836807251e-01
2.181646786630153656e-02
2.332921838387846947e-03
3.446374535560607910e-01
1.095874048769474030e-02
1.336162909865379333e-03
9.371460676193237305e-01
3.033951506949961185e-04
1.528371707536280155e-03
1.441669464111328125e-02
9.700713753700256348e-01
2.515197964385151863e-03
3.807150200009346008e-02
7.883214950561523438e-02
9.849522709846496582e-01
2.706080861389636993e-02
4.336384881753474474e-04
5.116769461892545223e-04
4.001919645816087723e-03
8.106522262096405029e-03
3.661304013803601265e-03
1.116604357957839966e-01
3.933848347514867783e-04
5.047263503074645996e-01
5.078776925802230835e-02
3.269443986937403679e-03
4.260249137878417969e-01
8.520125746726989746e-01
8.723346516489982605e-03
9.975052438676357269e-03
7.247652392834424973e-03
2.308271359652280807e-03
1.123963203281164169e-02
5.097341723740100861e-03
2.269159257411956787e-02
4.893194139003753662e-02
2.371489070355892181e-03
4.232167557347565889e-04
9.417887777090072632e-04
7.175466418266296387e-01
1.708441078662872314e-01
3.546798136085271835e-03
3.877615630626678467e-01
3.431490659713745117e-01
5.113812512718141079e-04
2.834919840097427368e-03
1.011848798952996731e-03
1.276839990168809891e-03
1.643905125092715025e-04
1.754931872710585594e-03
4.190815961919724941e-04
2.571955323219299316e-03
6.302082445472478867e-03
6.556325405836105347e-02
2.299687825143337250e-03
1.670053601264953613e-02
8.742962032556533813e-03
2.083984389901161194e-02
4.131642344873398542e-04
1.069395896047353745e-02
1.691674231551587582e-03
1.190254371613264084e-02
5.549106281250715256e-03
9.981797933578491211e-01
7.099815644323825836e-03
3.808875381946563721e-01
1.416222541593015194e-03
3.069544397294521332e-02
2.008481509983539581e-02
5.463923215866088867e-01
8.555663516744971275e-04
1.724559260765090585e-04
5.002887547016143799e-02
6.363971829414367676e-01
4.230779595673084259e-04
3.084405511617660522e-02
1.791782304644584656e-02
6.598742911592125893e-04
1.000808365643024445e-02
1.907123178243637085e-01
9.974611457437276840e-04
4.484910983592271805e-03
2.263742499053478241e-03
1.909970119595527649e-02
1.254996210336685181e-01
2.847791183739900589e-03
4.200320318341255188e-02
4.078585654497146606e-03
9.626384824514389038e-03
1.514754164963960648e-02
1.102178473956882954e-03
2.468639761209487915e-01
1.272355951368808746e-02
4.717563278973102570e-03
3.462284570559859276e-03
5.154851675033569336e-01
3.212379058822989464e-03
1.428104788064956665e-01
2.068497613072395325e-02
5.630996543914079666e-03
1.323230331763625145e-03
3.013535169884562492e-03
2.915137819945812225e-02
4.314663354307413101e-03
2.601947402581572533e-03
1.623347960412502289e-02
7.701049558818340302e-03
2.197027206420898438e-03
6.248565856367349625e-03
9.789348244667053223e-01
1.947620660066604614e-01
4.422589242458343506e-01
5.657565779983997345e-03
5.794005990028381348e-01
8.244444616138935089e-03
1.158293634653091431e-01
5.672700405120849609e-01
9.812532067298889160e-01
7.729943376034498215e-03
1.188758481293916702e-02
4.938622470945119858e-03
9.268595837056636810e-03
2.724854275584220886e-03
6.973326089791953564e-04
1.952268066816031933e-03
2.648219000548124313e-03
8.784128725528717041e-02
5.959069239906966686e-04
9.947603102773427963e-04
2.145473808050155640e-01
9.904649341478943825e-04
3.085255390033125877e-03
3.879177151247859001e-03
1.029873150400817394e-03
1.383231431245803833e-01
4.786175675690174103e-03
8.084255387075245380e-04
8.633453398942947388e-04
9.645521640777587891e-01
4.134839691687375307e-04
3.439196851104497910e-03
8.652378804981708527e-03
2.853480866178870201e-03
9.997646212577819824e-01
5.796964978799223900e-04
1.748450682498514652e-03
3.707568161189556122e-03
1.442282693460583687e-03
9.387554526329040527e-01
6.529591679573059082e-01
4.215154040139168501e-04
2.351798713207244873e-01
5.318550765514373779e-02
7.247366011142730713e-02
8.937980746850371361e-04
1.541611105203628540e-01
1.476089656352996826e-01
2.343461662530899048e-02
3.356705904006958008e-01
4.643405973911285400e-01
2.341156825423240662e-03
9.670178294181823730e-01
9.287188877351582050e-04
1.208459809422492981e-01
1.014568284153938293e-01
4.965669475495815277e-03
4.164266400039196014e-03
3.034623572602868080e-03
8.440894633531570435e-02
1.090428698807954788e-02
4.942473955452442169e-03
5.514257401227951050e-02
9.266157285310328007e-04
4.157998773735016584e-04
2.921113045886158943e-04
9.988074302673339844e-01
8.256060071289539337e-03
1.803807681426405907e-03
3.944999724626541138e-02
2.672407310456037521e-03
7.955813198350369930e-04
1.163643435575067997e-03
1.021231710910797119e-02
5.907564889639616013e-03
9.213035702705383301e-01
1.353863859549164772e-03
2.487922087311744690e-03
1.062531769275665283e-02
2.745141088962554932e-01
1.181635889224708080e-03
