3.915085922926664352e-03
2.663633823394775391e-01
6.695993361063301563e-04
5.283391475677490234e-01
6.517789326608181000e-03
4.550445300992578268e-04
5.575074814260005951e-03
1.672426122240722179e-03
9.554824791848659515e-04
6.331109255552291870e-02
2.409418672323226929e-02
2.886804006993770599e-02
1.235544332303106785e-03
5.731806159019470215e-03
8.238814771175384521e-02
6.119771860539913177e-04
8.969752192497253418e-01
2.904405817389488220e-03
9.636968374252319336e-01
3.131048753857612610e-03
9.739290922880172729e-03
1.210713526234030724e-03
7.081954181194305420e-02
9.767470881342887878e-03
2.048030346632003784e-01
6.678279042243957520e-01
5.365428049117326736e-03
9.970241189002990723e-01
4.873885773122310638e-04
5.007855128496885300e-03
8.838853798806667328e-03
8.043487556278705597e-03
8.270639181137084961e-01
2.562286332249641418e-03
9.665546566247940063e-02
6.958261132240295410e-03
2.502638697624206543e-01
4.752970766276121140e-03
1.052069850265979767e-02
6.623646616935729980e-02
6.819703578948974609e-01
4.579973407089710236e-03
5.801038350909948349e-03
7.400582544505596161e-03
7.599118947982788086e-01
1.081428583711385727e-02
5.870542954653501511e-04
3.209166170563548803e-04
8.945619314908981323e-02
1.626790501177310944e-02
5.432520993053913116e-03
4.879155196249485016e-03
1.346766762435436249e-02
5.468245130032300949e-03
2.047071978449821472e-02
1.222355291247367859e-02
5.191069212742149830e-04
1.659782417118549347e-02
1.314870920032262802e-02
2.034039702266454697e-03
3.979015648365020752e-01
8.684080243110656738e-01
3.913541734218597412e-01
7.263864390552043915e-03
5.486147999763488770e-01
2.085228916257619858e-03
6.243528332561254501e-03
9.990471005439758301e-01
3.200264573097229004e-01
3.914979752153158188e-03
1.291559659875929356e-03
7.613549940288066864e-03
1.363434083759784698e-02
1.053554192185401917e-02
5.201901658438146114e-04
1.471621217206120491e-03
6.034689140506088734e-04
1.605723082320764661e-04
4.694371891673654318e-04
3.802943229675292969e-02
3.882132470607757568e-03
1.223385557532310486e-01
2.287738956511020660e-03
6.066003348678350449e-03
1.544343493878841400e-02
2.431397559121251106e-03
1.760138012468814850e-02
4.767609387636184692e-02
1.197936385869979858e-01
8.850508369505405426e-03
2.163409814238548279e-02
9.906861186027526855e-01
9.993682056665420532e-02
8.743281359784305096e-04
7.528053224086761475e-02
4.710638895630836487e-03
3.919051587581634521e-02
9.813837409019470215e-01
4.774668812751770020e-02
1.171462517231702805e-02
1.456107497215270996e-01
1.232343539595603943e-02
2.763612428680062294e-04
3.389185294508934021e-04
4.149980377405881882e-03
3.884610831737518311e-01
2.161707961931824684e-03
6.411801441572606564e-04
1.392421196214854717e-03
3.177540004253387451e-02
7.107625156641006470e-02
1.442054845392704010e-02
9.974443912506103516e-01
2.950179018080234528e-02
6.419876124709844589e-03
1.713621616363525391e-02
7.417643442749977112e-03
5.556653253734111786e-03
3.152896836400032043e-02
1.906242035329341888e-02
4.808530211448669434e-01
7.316760420799255371e-01
4.133312497287988663e-03
1.963930130004882812e-01
6.528935860842466354e-03
2.182071283459663391e-02
7.565969135612249374e-03
5.915496945381164551e-01
1.292675849981606007e-03
3.845381084829568863e-03
5.527130560949444771e-04
1.028675105771981180e-04
4.710068460553884506e-04
7.109795697033405304e-04
8.437606738880276680e-04
7.079411880113184452e-04
9.617582894861698151e-03
5.669819074682891369e-04
9.432390215806663036e-04
4.583491943776607513e-03
2.501300536096096039e-03
5.368642974644899368e-03
7.783631682395935059e-01
1.396796287735924125e-04
2.415464987279847264e-04
2.061770111322402954e-02
4.856386221945285797e-04
1.379832476377487183e-01
6.410695612430572510e-02
5.804377421736717224e-02
3.481186926364898682e-01
8.343569352291524410e-04
4.312369227409362793e-01
3.772958880290389061e-03
1.241185469552874565e-03
6.735354545526206493e-04
2.515086904168128967e-03
3.551558032631874084e-02
2.606624271720647812e-03
3.376283450052142143e-03
4.565184470266103745e-03
7.077695727348327637e-01
1.863099262118339539e-02
4.766126722097396851e-02
7.094324827194213867e-01
2.313526492798700929e-04
3.342655254527926445e-04
2.217546291649341583e-02
8.786365985870361328e-01
7.915652357041835785e-03
5.437634885311126709e-03
1.425037393346428871e-03
6.126887723803520203e-02
7.641977281309664249e-04
8.146203160285949707e-01
7.314475253224372864e-03
8.782920837402343750e-01
1.442243997007608414e-02
4.661679267883300781e-04
2.679207595065236092e-03
5.453005433082580566e-03
3.849476925097405910e-04
3.515461459755897522e-03
2.404387295246124268e-02
3.073220700025558472e-02
2.036669850349426270e-02
3.053095936775207520e-01
9.967330694198608398e-01
4.379395544528961182e-01
4.464010708034038544e-03
3.289023647084832191e-03
3.324894905090332031e-01
7.368915248662233353e-04
3.453004464972764254e-04
6.332341581583023071e-03
1.047545019537210464e-02
1.099716988392174244e-03
6.031103730201721191e-01
1.104677561670541763e-03
6.852375343441963196e-03
7.813623547554016113e-01
1.429011812433600426e-03
5.407328251749277115e-03
5.480204126797616482e-04
1.567015657201409340e-03
8.980950224213302135e-04
5.761662032455205917e-04
2.467196807265281677e-02
6.656244397163391113e-02
3.608033359050750732e-01
9.662351571023464203e-03
1.121284347027540207e-02
2.100313547998666763e-03
1.048303747666068375e-04
8.729915716685354710e-04
1.164259389042854309e-03
6.149456021375954151e-04
1.355885807424783707e-02
4.405821673572063446e-03
2.038578502833843231e-03
6.329464167356491089e-02
8.391714654862880707e-03
1.637398153543472290e-01
3.160956548526883125e-03
9.874144196510314941e-01
9.704007506370544434e-01
1.717140985419973731e-04
2.673415467143058777e-03
9.973599016666412354e-02
8.001374006271362305e-01
7.054293062537908554e-03
1.047076773829758167e-03
1.536813448183238506e-03
1.370426733046770096e-02
1.766656152904033661e-02
1.633930223761126399e-04
1.019662991166114807e-02
5.018197000026702881e-03
2.915490604937076569e-02
6.958617363125085831e-03
1.728634350001811981e-02
2.499333024024963379e-02
1.592162647284567356e-03
8.923280239105224609e-02
2.830271422863006592e-01
4.604854285717010498e-01
3.253747127018868923e-04
5.216261837631464005e-03
3.017596304416656494e-01
3.750933683477342129e-04
1.540652941912412643e-03
4.838861525058746338e-01
1.657742708921432495e-01
1.543799182400107384e-03
1.478555961512029171e-03
4.733710549771785736e-03
1.595276892185211182e-01
2.559459535405039787e-03
4.672253038734197617e-03
4.538245797157287598e-01
1.588051905855536461e-03
7.972517632879316807e-04
1.194940954446792603e-01
2.242617309093475342e-03
9.159505963325500488e-01
6.875424385070800781e-01
2.960634231567382812e-02
1.046701581799425185e-04
1.839356683194637299e-02
3.566585364751517773e-04
5.041769705712795258e-03
1.375562045723199844e-02
7.499722242355346680e-01
8.042422123253345490e-04
1.654876163229346275e-03
7.424436043947935104e-03
6.051393225789070129e-03
5.448443698696792126e-04
3.335451707243919373e-02
1.889997394755482674e-03
3.577860593795776367e-01
4.333178997039794922e-01
9.487947821617126465e-01
9.444195777177810669e-02
1.348200370557606220e-03
5.036206450313329697e-03
9.395543602295219898e-04
5.732314661145210266e-02
1.448840275406837463e-02
8.089545881375670433e-04
9.699348360300064087e-03
7.907826453447341919e-03
9.464806914329528809e-01
2.213766612112522125e-02
4.555937775876373053e-04
1.627987176179885864e-01
1.766814291477203369e-01
3.161361515522003174e-01
3.268887400627136230e-01
1.135963108390569687e-02
5.020561628043651581e-03
6.401067948900163174e-04
5.023485049605369568e-03
4.169161256868392229e-04
3.795486986637115479e-01
8.651362657546997070e-01
8.701381739228963852e-04
2.847287356853485107e-01
8.321102857589721680e-01
2.139538526535034180e-03
6.538657844066619873e-02
2.955998352263122797e-04
9.640597272664308548e-04
3.671493614092469215e-03
5.119231939315795898e-01
7.874593138694763184e-01
8.126191794872283936e-03
6.754435598850250244e-03
4.787270445376634598e-03
9.374605417251586914e-01
4.722537705674767494e-04
1.281386124901473522e-03
2.768762595951557159e-02
2.768008112907409668e-01
1.263376474380493164e-01
2.850706456229090691e-03
1.305091939866542816e-02
3.389129415154457092e-02
3.514728508889675140e-03
4.479202441871166229e-03
1.096109207719564438e-02
1.727560651488602161e-03
2.477626688778400421e-02
5.201126262545585632e-02
2.205425687134265900e-02
2.300797700881958008e-01
5.777025944553315639e-04
6.731633841991424561e-02
1.490090508013963699e-03
6.310416013002395630e-02
6.194393038749694824e-01
1.790607906877994537e-02
1.200764440000057220e-02
1.526613160967826843e-02
4.359971359372138977e-02
5.322883836925029755e-03
7.230065762996673584e-03
8.006889224052429199e-01
1.260764314793050289e-03
2.761947689577937126e-04
2.094743307679891586e-03
7.798033952713012695e-01
2.240343310404568911e-04
9.958570599555969238e-01
8.985367603600025177e-04
9.901592135429382324e-01
1.992380246520042419e-02
1.258165924809873104e-03
8.965926766395568848e-01
2.274457132443785667e-03
2.036584541201591492e-02
8.603602647781372070e-01
2.103742398321628571e-02
2.213964704424142838e-03
1.527797779999673367e-03
9.829465150833129883e-01
2.854100614786148071e-02
2.194374392274767160e-04
2.692382335662841797e-01
1.506240339949727058e-03
8.670531213283538818e-02
2.892761258408427238e-04
9.573933668434619904e-03
2.493916749954223633e-01
2.616080164443701506e-04
1.947346492670476437e-03
4.305168986320495605e-03
1.278468873351812363e-03
2.193445805460214615e-03
1.684720919001847506e-04
7.418835759162902832e-01
1.094117667526006699e-02
3.435190916061401367e-01
3.800238191615790129e-04
5.282225087285041809e-02
4.622210189700126648e-02
1.055268337950110435e-03
1.274917507544159889e-03
3.727136878296732903e-03
7.218548096716403961e-03
8.192980289459228516e-01
2.673576236702501774e-04
2.101979404687881470e-02
1.216204371303319931e-03
4.608224611729383469e-03
8.189228177070617676e-01
1.189975766465067863e-03
2.891953336074948311e-03
1.133530680090188980e-02
4.718694544862955809e-04
8.368315175175666809e-04
2.278870670124888420e-03
2.899684244766831398e-03
8.774078488349914551e-01
7.115083280950784683e-03
4.452336579561233521e-03
9.269704110920429230e-03
9.933197870850563049e-04
8.818803429603576660e-01
9.985466599464416504e-01
8.155889511108398438e-01
3.573351772502064705e-03
3.969808574765920639e-03
9.647369151934981346e-04
9.460446424782276154e-03
1.210618996992707253e-03
5.793405580334365368e-04
1.133399382233619690e-01
4.003541544079780579e-03
1.184257492423057556e-02
3.965487412642687559e-04
4.816270247101783752e-02
1.042471639811992645e-02
1.692188903689384460e-03
2.127493545413017273e-02
3.359372727572917938e-03
2.791899489238858223e-03
5.293065682053565979e-03
2.589332172647118568e-03
1.337418053299188614e-02
3.711601952090859413e-03
4.003269597887992859e-02
3.243035171180963516e-03
5.043092533014714718e-04
1.862152712419629097e-03
4.731280787382274866e-04
5.039154784753918648e-04
4.570282995700836182e-01
1.673051528632640839e-02
7.158311200328171253e-04
5.147025920450687408e-03
3.756115038413554430e-04
8.565667667426168919e-04
2.333261538296937943e-03
3.370356746017932892e-03
1.328103430569171906e-02
3.106632269918918610e-02
3.318759426474571228e-02
1.847099885344505310e-02
1.176744028925895691e-01
4.990319311618804932e-01
4.955057520419359207e-04
3.418342908844351768e-03
1.190570692415349185e-04
1.609689788892865181e-03
1.091712983907200396e-04
8.782852441072463989e-03
6.459488999098539352e-03
7.353535294532775879e-02
5.499500184669159353e-05
7.333124522119760513e-04
1.730978256091475487e-03
1.828836102504283190e-04
5.300266742706298828e-01
6.919587496668100357e-03
1.012250594794750214e-02
1.004990562796592712e-02
1.640453934669494629e-01
9.936392903327941895e-01
2.182591269956901670e-04
4.415166098624467850e-03
9.440670609474182129e-01
4.396818112581968307e-03
4.711991059593856335e-04
4.901366308331489563e-03
4.055736120790243149e-03
8.615914583206176758e-01
6.529664970003068447e-04
9.127825032919645309e-04
8.208978921175003052e-03
1.521163340657949448e-02
2.230374142527580261e-03
6.157394382171332836e-04
6.604556692764163017e-04
2.851209370419383049e-03
8.746359497308731079e-03
1.689008027315139771e-01
9.881654977798461914e-01
1.474399818107485771e-03
3.606932936236262321e-03
8.151777386665344238e-01
1.701469067484140396e-03
4.821764377993531525e-05
4.879778623580932617e-01
1.814560382626950741e-03
4.530235752463340759e-02
7.406056392937898636e-03
5.037763714790344238e-01
4.531268030405044556e-03
8.783398661762475967e-04
5.645220279693603516e-01
2.525822259485721588e-03
7.084585428237915039e-01
8.577342960052192211e-04
6.060821935534477234e-03
3.686562180519104004e-02
1.144709996879100800e-03
1.730450615286827087e-02
9.980080723762512207e-01
2.523089293390512466e-03
1.034989138133823872e-03
1.909591373987495899e-03
1.406836789101362228e-02
9.084003046154975891e-03
3.188574628438800573e-04
2.583517692983150482e-03
2.857248764485120773e-04
8.039640188217163086e-01
9.204863570630550385e-03
1.931179314851760864e-01
6.994450837373733521e-02
2.423732948955148458e-04
7.405835785903036594e-04
2.464216435328125954e-03
9.735029307194054127e-04
5.325262434780597687e-03
5.765941739082336426e-01
9.892178773880004883e-01
3.046526387333869934e-02
9.409375488758087158e-04
1.810970716178417206e-02
4.527958333492279053e-01
3.506934503093361855e-03
7.294025999726727605e-05
3.033241955563426018e-03
3.355191275477409363e-02
4.335400648415088654e-03
2.946853055618703365e-04
4.911043345928192139e-01
2.800169587135314941e-01
1.675521023571491241e-02
1.703664544038474560e-03
7.264765445142984390e-03
3.777600126340985298e-03
1.695360429584980011e-02
2.714443253353238106e-04
1.334777381271123886e-02
3.674964606761932373e-02
2.520637586712837219e-03
3.927439451217651367e-03
2.637259960174560547e-01
5.922636389732360840e-01
9.436721801757812500e-01
4.213903099298477173e-03
2.657309873029589653e-03
3.783100750297307968e-03
1.626245677471160889e-02
3.466574847698211670e-01
2.577710896730422974e-03
4.310961230657994747e-04
1.246757921762764454e-03
2.356555545702576637e-03
5.038023809902369976e-04
1.698153093457221985e-03
4.627290740609169006e-02
4.853954305872321129e-04
1.704429537057876587e-01
8.353003067895770073e-04
1.479769707657396793e-04
4.597685183398425579e-04
3.760066756512969732e-04
5.123471375554800034e-03
2.088957428932189941e-01
9.979237318038940430e-01
1.916761510074138641e-02
2.265126910060644150e-03
1.254607439041137695e-01
2.411315916106104851e-03
8.678333833813667297e-04
1.389074022881686687e-04
5.886974395252764225e-04
8.951230120146647096e-05
1.007171906530857086e-02
1.110781100578606129e-03
7.387371268123388290e-03
2.206772478530183434e-04
4.373840391635894775e-01
4.912778269499540329e-03
4.109973961021751165e-04
5.764293018728494644e-04
1.885411795228719711e-03
7.495642639696598053e-04
5.408916156738996506e-03
3.345910692587494850e-03
4.922435618937015533e-03
2.786297583952546120e-03
9.023437500000000000e-01
5.686944816261529922e-03
8.083381056785583496e-01
4.370176466181874275e-04
4.359394777566194534e-03
2.231087833642959595e-01
2.496903762221336365e-04
3.902058815583586693e-03
1.632453203201293945e-01
9.741169214248657227e-01
2.067746827378869057e-04
4.972492810338735580e-03
4.039671737700700760e-03
3.502239659428596497e-02
1.943006180226802826e-02
2.720406977459788322e-03
1.211406313814222813e-03
2.562827663496136665e-03
2.160554722649976611e-04
5.016468930989503860e-03
2.834367332980036736e-03
6.293190526776015759e-04
1.840272801928222179e-03
1.309196581132709980e-03
1.043866621330380440e-03
6.365902954712510109e-04
3.096515778452157974e-03
9.711365103721618652e-01
9.473319053649902344e-01
1.502266991883516312e-02
1.644544187001883984e-03
7.360013723373413086e-01
2.812164649367332458e-02
1.122368685901165009e-02
5.590131971985101700e-03
1.320513486862182617e-01
2.154065150534734130e-04
1.322432141751050949e-02
2.672085538506507874e-04
5.430382490158081055e-02
5.229074973613023758e-03
1.072735409252345562e-03
9.706934215500950813e-04
6.719943881034851074e-02
3.105005435645580292e-02
5.739713087677955627e-04
1.469591283239424229e-03
7.555554062128067017e-02
2.489152103662490845e-01
3.365348791703581810e-03
1.386647461913526058e-03
2.419508062303066254e-03
2.531573642045259476e-03
1.081574591808021069e-03
3.567028343677520752e-01
1.149250566959381104e-01
2.459191600792109966e-04
2.962773898616433144e-03
7.560761645436286926e-03
5.759640596807003021e-03
6.375328171998262405e-03
6.297844229266047478e-04
2.166334539651870728e-02
1.386176096275448799e-03
7.564753759652376175e-04
2.911566942930221558e-02
3.942353650927543640e-03
2.009077696129679680e-03
1.945096440613269806e-02
3.503482439555227757e-04
4.086410335730761290e-04
8.526546880602836609e-03
5.102744325995445251e-03
1.037840768694877625e-01
5.071971681900322437e-04
9.458069689571857452e-03
1.788217425346374512e-01
1.310113817453384399e-02
5.022300407290458679e-03
4.517989605665206909e-02
9.959497451782226562e-01
1.396111771464347839e-02
1.319816918112337589e-03
3.417396219447255135e-03
1.269170176237821579e-02
4.100260436534881592e-01
6.486130296252667904e-04
7.298652827739715576e-02
6.754508614540100098e-02
5.741519331932067871e-01
1.972011923789978027e-01
1.678137034177780151e-01
6.203327775001525879e-01
9.707578457891941071e-03
1.647716015577316284e-02
9.993355870246887207e-01
6.994959432631731033e-03
2.431633416563272476e-03
7.448736869264394045e-05
2.495892196893692017e-01
1.930882805027067661e-03
3.297189541626721621e-04
5.113912047818303108e-04
2.539107808843255043e-03
5.255569703876972198e-03
2.351032942533493042e-02
1.515761832706630230e-03
1.656257780268788338e-03
1.147270668298006058e-02
1.349611021578311920e-02
9.571289420127868652e-01
5.250950925983488560e-04
7.695157527923583984e-01
1.251354929991066456e-03
1.234288215637207031e-01
2.584817111492156982e-01
1.634656824171543121e-02
1.471767760813236237e-02
1.223727408796548843e-02
2.530100289732217789e-03
4.287025425583124161e-03
2.902045613154768944e-03
3.192993998527526855e-02
1.108230948448181152e-01
1.537392265163362026e-03
3.270737128332257271e-03
9.843088984489440918e-01
3.918893933296203613e-01
1.442424952983856201e-02
1.746835332596674562e-04
2.832155209034681320e-03
8.584567112848162651e-04
2.585245296359062195e-02
8.131829090416431427e-04
6.415105424821376801e-03
6.728646694682538509e-04
9.945802092552185059e-01
2.688271692022681236e-03
1.268879743292927742e-03
9.735447913408279419e-02
2.709565460681915283e-01
3.729357570409774780e-02
1.292062923312187195e-03
1.814576610922813416e-02
7.089485973119735718e-02
3.710065409541130066e-02
1.522657647728919983e-02
1.842750585637986660e-03
1.194283086806535721e-02
1.939084264449775219e-03
1.327261421829462051e-02
3.970245644450187683e-02
1.021977746859192848e-03
2.347476780414581299e-03
5.509559065103530884e-03
4.920383216813206673e-04
1.331271510571241379e-02
8.191027045249938965e-01
1.147586479783058167e-02
1.203916668891906738e-01
3.800773061811923981e-03
4.552032623905688524e-04
1.839333999669179320e-04
1.495868805795907974e-02
1.199650540947914124e-01
1.072684451937675476e-01
2.924243453890085220e-03
1.529179327189922333e-02
2.392850071191787720e-02
6.423961604014039040e-04
4.296388104557991028e-02
1.756936078891158104e-03
5.230704788118600845e-03
6.285001058131456375e-03
2.279504697071388364e-04
2.693017944693565369e-02
7.021257281303405762e-02
3.308405866846442223e-03
2.108514745486900210e-04
1.252381596714258194e-02
9.975304007530212402e-01
3.814771480392664671e-04
7.113028764724731445e-01
1.711300574243068695e-02
1.751268398948013783e-03
1.190183535218238831e-01
1.814498379826545715e-02
7.011691927909851074e-01
9.519184939563274384e-03
2.189640887081623077e-03
1.795522635802626610e-03
1.174427382647991180e-02
1.543811755254864693e-03
9.265314340591430664e-01
3.488933742046356201e-01
6.291693449020385742e-02
5.150448065251111984e-03
7.931939326226711273e-03
1.271595247089862823e-03
1.655094441957771778e-03
9.867474436759948730e-04
1.091006398200988770e-02
4.140590783208608627e-03
3.231199516449123621e-04
3.900373703800141811e-04
1.503361016511917114e-02
1.671655848622322083e-02
1.879163319244980812e-03
1.332541741430759430e-02
6.910572759807109833e-03
3.207110986113548279e-02
3.660832298919558525e-03
3.042028984054923058e-03
1.087578013539314270e-02
5.776230245828628540e-03
3.885107580572366714e-03
1.804434461519122124e-03
1.176508981734514236e-02
7.592540932819247246e-04
7.117667235434055328e-03
2.698645694181323051e-03
7.176292687654495239e-02
3.062519710510969162e-03
1.160708442330360413e-02
6.128646782599389553e-04
9.755669832229614258e-01
9.682599306106567383e-01
1.125785405747592449e-03
1.629118621349334717e-02
2.971190726384520531e-03
9.728552699089050293e-01
5.413478612899780273e-01
2.584192843642085791e-04
9.933196306228637695e-01
7.021769415587186813e-03
2.598089398816227913e-03
1.425911672413349152e-03
2.823618799448013306e-02
2.168097125831991434e-04
3.330815234221518040e-04
2.592264115810394287e-02
8.819623617455363274e-04
3.552966285496950150e-03
4.433961808681488037e-01
9.936676360666751862e-03
2.710595354437828064e-02
4.816267464775592089e-04
1.939342706464231014e-03
7.641262345714494586e-05
6.223616003990173340e-01
9.992970228195190430e-01
3.768751048482954502e-04
1.288762898184359074e-03
3.986633964814245701e-04
1.315895915031433105e-01
1.758285425603389740e-02
6.745336204767227173e-02
1.099786604754626751e-03
2.645929343998432159e-02
1.181539148092269897e-03
8.759716153144836426e-02
1.378068421036005020e-02
2.790207276120781898e-03
1.936606277013197541e-04
1.463341899216175079e-02
9.440754652023315430e-01
3.755941754207015038e-03
9.619995951652526855e-03
1.497707236558198929e-02
1.354177016764879227e-02
1.739503294229507446e-01
5.347410333342850208e-04
1.575018628500401974e-03
3.745893714949488640e-03
5.930552142672240734e-04
4.584538936614990234e-01
2.529036253690719604e-02
5.846969317644834518e-03
2.270196750760078430e-02
2.471869345754384995e-03
4.986368119716644287e-03
1.741431280970573425e-02
4.043719731271266937e-03
1.074457773938775063e-03
1.652392186224460602e-02
5.870567634701728821e-03
1.074296538718044758e-03
1.367094069719314575e-01
9.485983173362910748e-04
2.417463809251785278e-03
3.196373116225004196e-03
9.948029182851314545e-04
5.036976188421249390e-03
7.634948473423719406e-03
1.321229967288672924e-03
1.451362855732440948e-02
1.466010697185993195e-02
2.957173250615596771e-02
1.274576992727816105e-03
6.632016156800091267e-04
7.160927634686231613e-03
1.015289202332496643e-01
5.115624051541090012e-03
1.479344535619020462e-02
2.587840193882584572e-03
4.740567412227392197e-03
1.119151129387319088e-03
1.811424270272254944e-02
7.944636046886444092e-02
2.128171181539073586e-04
3.303274512290954590e-03
6.942272651940584183e-03
8.399558067321777344e-02
6.673681735992431641e-01
3.272676095366477966e-02
5.298015821608714759e-05
1.189383678138256073e-02
5.886685848236083984e-01
5.822901427745819092e-02
3.282477380707859993e-03
3.313864814117550850e-03
2.804665127769112587e-03
4.663100093603134155e-02
5.008277948945760727e-04
3.674765815958380699e-03
9.977163076400756836e-01
7.454838487319648266e-04
9.902863763272762299e-03
5.662565818056464195e-04
9.495368003845214844e-01
9.798476696014404297e-01
9.976105690002441406e-01
6.503821932710707188e-04
1.283730193972587585e-02
8.207167983055114746e-01
5.777159333229064941e-01
1.747579313814640045e-02
7.136866450309753418e-02
1.323491521179676056e-02
9.315538406372070312e-01
4.183068405836820602e-03
1.989562995731830597e-03
7.304694503545761108e-02
3.021175041794776917e-03
8.976617455482482910e-02
4.646818619221448898e-03
6.805770681239664555e-04
2.160433679819107056e-01
3.341262927278876305e-04
5.046125035732984543e-03
4.507891833782196045e-03
4.952561110258102417e-03
6.952033378183841705e-03
4.276314750313758850e-02
2.041613217443227768e-03
1.002570148557424545e-03
4.286807775497436523e-02
1.783573650754988194e-03
8.430079557001590729e-03
1.708919764496386051e-03
1.600212184712290764e-03
2.556745195761322975e-03
3.725441172719001770e-03
4.450908396393060684e-03
2.109364606440067291e-03
5.166973471641540527e-01
2.225255072116851807e-01
2.211863902630284429e-04
6.677230820059776306e-03
3.480416256934404373e-03
4.744537640362977982e-03
4.747253656387329102e-01
1.133000012487173080e-03
1.085570431314408779e-03
3.522025346755981445e-01
5.627983249723911285e-03
5.701358430087566376e-03
2.569309063255786896e-02
1.555320993065834045e-02
6.022430607117712498e-04
2.062159031629562378e-02
2.001990564167499542e-03
3.556784358806908131e-04
1.608739839866757393e-03
3.897641897201538086e-01
1.263719983398914337e-02
5.224136169999837875e-03
1.101726479828357697e-02
2.507166354916989803e-04
8.548212051391601562e-02
1.762488536769524217e-04
6.104472558945417404e-03
2.562933834269642830e-03
1.244529802352190018e-02
3.386709392070770264e-01
1.598403905518352985e-03
7.162004709243774414e-02
4.300475120544433594e-02
2.775298431515693665e-02
1.083168294280767441e-02
8.195441961288452148e-02
4.681698046624660492e-03
2.401775447651743889e-03
1.981621026061475277e-04
7.954124361276626587e-02
2.361601218581199646e-04
1.097133662551641464e-02
1.994246616959571838e-03
1.484758337028324604e-03
1.007154434919357300e-01
2.727366797626018524e-02
3.672631829977035522e-02
4.845000337809324265e-03
7.610531174577772617e-04
5.088857724331319332e-04
3.101548179984092712e-03
1.981743378564715385e-03
2.226624783361330628e-04
3.438705345615744591e-03
2.832333091646432877e-03
9.903261438012123108e-03
3.517656773328781128e-02
1.077616680413484573e-02
1.716898381710052490e-02
3.277337877079844475e-03
1.192953204736113548e-03
4.898295272141695023e-03
4.969060793519020081e-02
5.791171453893184662e-03
8.861738257110118866e-03
4.322417825460433960e-02
6.184165831655263901e-04
2.599376020953059196e-03
3.623286262154579163e-03
7.071325182914733887e-02
2.371432492509484291e-03
2.174343448132276535e-03
7.303704507648944855e-03
1.833005808293819427e-03
9.756867289543151855e-01
3.248479217290878296e-03
4.372072871774435043e-03
2.775338653009384871e-04
2.489058533683419228e-03
1.404991606250405312e-03
5.659975577145814896e-03
5.017141229473054409e-04
1.688406765460968018e-01
1.078069284558296204e-01
1.007593586109578609e-03
4.243591800332069397e-03
3.883288474753499031e-03
6.376069784164428711e-02
6.969541311264038086e-02
1.592493848875164986e-03
9.742991924285888672e-01
9.494958072900772095e-02
3.059156588278710842e-04
5.127959884703159332e-03
2.307562902569770813e-02
1.794870197772979736e-02
9.975367784500122070e-01
4.572032776195555925e-04
9.238036274909973145e-01
9.970559040084481239e-04
9.760002605617046356e-03
2.242315411567687988e-01
1.498190034180879593e-02
1.847075182013213634e-03
9.803031682968139648e-01
1.243567373603582382e-02
2.764079719781875610e-02
8.462266623973846436e-02
2.392067544860765338e-04
1.359885092824697495e-03
1.339542027562856674e-02
1.002637553028762341e-03
3.636315762996673584e-01
2.697390737012028694e-03
3.870037198066711426e-02
4.122469690628349781e-04
1.690325094386935234e-03
1.617619884200394154e-03
1.360612735152244568e-02
3.561037010513246059e-04
6.875189137645065784e-04
3.318813070654869080e-02
2.924695378169417381e-03
1.834451104514300823e-03
1.656826585531234741e-02
2.186946198344230652e-02
1.550754066556692123e-02
1.561850588768720627e-02
7.493808269500732422e-01
5.562965944409370422e-02
5.367097910493612289e-03
5.235545635223388672e-01
3.974290490150451660e-01
3.412502992432564497e-04
1.080271787941455841e-02
2.527829259634017944e-03
1.689292257651686668e-03
9.936757683753967285e-01
7.723937034606933594e-01
6.389612099155783653e-04
6.084760278463363647e-02
9.467867203056812286e-03
2.090515568852424622e-02
9.669325081631541252e-04
6.510253995656967163e-02
5.417992174625396729e-02
5.564061575569212437e-04
4.093523137271404266e-03
4.098628647625446320e-03
1.159264473244547844e-03
1.506835804320871830e-03
1.043636072427034378e-02
7.219219952821731567e-02
9.783328277990221977e-04
9.818828105926513672e-01
1.126269227825105190e-03
5.901435390114784241e-02
9.948974251747131348e-01
4.710567183792591095e-03
7.793558388948440552e-02
9.597528725862503052e-03
9.991983771324157715e-01
1.545261824503540993e-03
4.805004596710205078e-01
2.237823978066444397e-02
1.308499723672866821e-01
7.905169622972607613e-04
1.674172235652804375e-03
1.118544265627861023e-01
2.045678207650780678e-03
2.595541533082723618e-03
9.386021643877029419e-03
1.285039782524108887e-01
9.409330785274505615e-03
2.470975182950496674e-02
1.075267675332725048e-03
2.848140299320220947e-01
1.835463941097259521e-02
9.224346876144409180e-01
3.598499344661831856e-03
3.426243662834167480e-01
8.388331532478332520e-02
2.655291231349110603e-03
5.239348858594894409e-03
2.821501158177852631e-02
4.909099340438842773e-01
8.118716068565845490e-03
6.204104796051979065e-02
7.434605504386126995e-04
1.514639938250184059e-03
6.651873700320720673e-04
7.085509300231933594e-01
8.416657894849777222e-02
7.293177186511456966e-04
2.419770509004592896e-01
8.931871503591537476e-02
2.985708415508270264e-01
3.285382175818085670e-03
2.853018813766539097e-04
2.382596209645271301e-02
9.307954460382461548e-03
2.882689833641052246e-01
2.897389698773622513e-03
2.817298518493771553e-04
2.617794321849942207e-03
3.691063448786735535e-02
9.952192902565002441e-01
1.691982732154428959e-03
3.529405593872070312e-02
1.393847400322556496e-03
3.747164737433195114e-04
2.851362805813550949e-04
7.630625041201710701e-04
3.389807417988777161e-03
3.210480511188507080e-01
6.260731220245361328e-01
8.672352880239486694e-03
3.665475640445947647e-03
2.905360460281372070e-01
5.952370762825012207e-01
1.174114062450826168e-03
9.262410923838615417e-03
4.204087890684604645e-03
5.714223720133304596e-03
2.276554005220532417e-03
1.280092983506619930e-03
5.117534194141626358e-03
4.445078317075967789e-03
2.266828157007694244e-02
6.137937903404235840e-01
3.510782867670059204e-02
2.176943421363830566e-02
1.527477800846099854e-02
6.705870386213064194e-03
9.916676580905914307e-02
2.192213432863354683e-03
5.327232927083969116e-02
3.972847014665603638e-03
2.359728678129613400e-04
2.347666770219802856e-03
1.532692927867174149e-03
1.807284774258732796e-03
1.771722733974456787e-02
6.755740032531321049e-04
6.299600005149841309e-01
2.318384125828742981e-03
8.569667339324951172e-01
1.827778220176696777e-01
3.260780125856399536e-03
7.411786355078220367e-03
7.827004417777061462e-03
3.001891542226076126e-03
5.523030646145343781e-03
1.042096167802810669e-01
2.706472016870975494e-02
9.719732999801635742e-01
8.738058805465698242e-01
9.963961243629455566e-01
8.918784260749816895e-01
4.208853351883590221e-05
8.570433855056762695e-01
9.874428063631057739e-02
1.093137171119451523e-02
7.866547442972660065e-03
2.112315595149993896e-02
1.236649346537888050e-03
9.844101034104824066e-03
2.045263350009918213e-02
3.445642814040184021e-02
2.546575851738452911e-02
1.607589889317750931e-03
4.637072328478097916e-03
6.169027765281498432e-04
2.235819352790713310e-03
2.414177171885967255e-03
6.904485169798135757e-03
1.534720044583082199e-02
1.078049303032457829e-03
1.027570455335080624e-03
2.733576856553554535e-02
1.067731413058936596e-03
1.906520314514636993e-02
9.793444275856018066e-01
2.403308171778917313e-03
1.438748004147782922e-04
2.113134833052754402e-03
1.212882270920090377e-04
2.180276205763220787e-03
4.541934002190828323e-03
1.015821099281311035e-02
8.861572146415710449e-01
2.081971848383545876e-03
4.518105706665664911e-04
6.199512281455099583e-04
6.039457321166992188e-01
3.680023178458213806e-02
1.545514096505939960e-03
6.073033437132835388e-02
9.562474489212036133e-01
1.651661237701773643e-03
1.064079624484293163e-04
1.106706768041476607e-04
9.153527021408081055e-01
7.469079922884702682e-03
1.628115773200988770e-02
7.937113987281918526e-04
1.507643796503543854e-02
4.488654732704162598e-01
6.462525129318237305e-01
2.623094711452722549e-03
9.743296504020690918e-01
3.960131201893091202e-03
4.183288663625717163e-03
4.500810464378446341e-04
1.665523648262023926e-02
1.133302971720695496e-02
2.934341027867048979e-04
1.871702075004577637e-01
4.173390269279479980e-01
3.035154640674591064e-01
6.051869131624698639e-03
3.178049519192427397e-04
6.148539250716567039e-04
9.437060914933681488e-03
8.122077211737632751e-03
6.047814385965466499e-04
7.126025855541229248e-03
5.417519807815551758e-02
2.683406323194503784e-02
5.500030703842639923e-03
1.897684880532324314e-03
1.874721609055995941e-03
1.596292247995734215e-03
1.002861373126506805e-02
3.328104503452777863e-03
9.780631661415100098e-01
4.552492499351501465e-02
4.295003134757280350e-03
3.154253363609313965e-01
2.849246375262737274e-02
9.612532448954880238e-04
3.719514352269470692e-04
2.241386659443378448e-02
6.814024411141872406e-03
4.332027435302734375e-01
6.701257228851318359e-01
5.712834186851978302e-03
3.175772959366440773e-03
1.825909945182502270e-03
9.063444137573242188e-01
3.064570482820272446e-03
1.101355534046888351e-02
2.172722597606480122e-04
3.752597272396087646e-01
1.538550714030861855e-03
4.627266433089971542e-03
3.232498187571763992e-03
5.547211971133947372e-03
1.998272538185119629e-01
8.632416725158691406e-01
7.695621810853481293e-03
6.087508797645568848e-01
7.070232629776000977e-01
5.595755204558372498e-02
5.247680470347404480e-03
3.833764418959617615e-02
8.147396147251129150e-04
1.442494802176952362e-02
4.266303032636642456e-02
7.868021726608276367e-01
9.949151277542114258e-01
8.023006469011306763e-02
4.952776362188160419e-04
1.021961215883493423e-03
1.845890423282980919e-03
5.584989208728075027e-03
1.777810684870928526e-04
4.349407274276018143e-03
3.985829651355743408e-01
4.999776370823383331e-03
2.854173071682453156e-03
2.039709314703941345e-02
1.886247424408793449e-03
1.389877987094223499e-03
6.332041230052709579e-03
6.928252405487000942e-04
4.890519976615905762e-01
1.961000561714172363e-01
7.786663770675659180e-01
3.732317090034484863e-01
4.367473535239696503e-03
4.018204635940492153e-04
6.177903153002262115e-03
3.927399590611457825e-02
6.916367448866367340e-03
1.227077213115990162e-03
1.966226147487759590e-03
9.670311119407415390e-04
8.078237064182758331e-03
6.124087050557136536e-02
8.046224829740822315e-04
1.284990739077329636e-02
7.481466513127088547e-03
9.633118510246276855e-01
8.655377477407455444e-02
2.128327731043100357e-03
9.817436933517456055e-01
1.028841943480074406e-03
6.029672804288566113e-04
2.806894481182098389e-01
1.143478881567716599e-02
2.058067591860890388e-03
2.715966897085309029e-03
6.246143952012062073e-03
9.891820549964904785e-01
6.609121337532997131e-04
8.542371913790702820e-03
4.555776715278625488e-02
1.064672018401324749e-03
3.138083517551422119e-01
1.994634512811899185e-04
2.624734304845333099e-03
7.364026736468076706e-03
2.464197576045989990e-03
3.957323729991912842e-02
6.284152623265981674e-03
1.586909443140029907e-01
1.943806651979684830e-03
3.072633780539035797e-02
2.440551482141017914e-02
2.186466706916689873e-03
6.541371941566467285e-01
1.570490188896656036e-02
5.276968330144882202e-02
3.398036933504045010e-04
3.590671112760901451e-04
1.933245919644832611e-03
4.693980154115706682e-04
8.699171245098114014e-03
1.228561275638639927e-03
9.354178905487060547e-01
5.691170226782560349e-04
4.651878029108047485e-02
2.995466638822108507e-04
3.540889883879572153e-04
2.911654114723205566e-01
2.589853294193744659e-02
2.679398842155933380e-02
3.488171380013227463e-03
3.883247962221503258e-03
3.130864119157195091e-03
6.911307573318481445e-01
2.509334683418273926e-01
8.374039316549897194e-04
5.586531758308410645e-02
6.958421319723129272e-02
2.567027928307652473e-03
9.990631937980651855e-01
7.590874156448990107e-05
2.852299064397811890e-02
2.909615263342857361e-02
4.057433761772699654e-05
2.013512104749679565e-01
4.096297547221183777e-03
4.149145632982254028e-02
1.443065702915191650e-02
3.698764601722359657e-03
3.901044838130474091e-04
2.254368504509329796e-03
1.066111307591199875e-02
1.583418343216180801e-04
3.713450580835342407e-02
8.306175004690885544e-04
1.229644287377595901e-02
6.446749716997146606e-02
1.807516999542713165e-02
1.027485076338052750e-02
5.522309988737106323e-02
2.072222158312797546e-02
8.485596626996994019e-04
7.369965314865112305e-01
2.403632737696170807e-03
1.238629803992807865e-03
2.465126162860542536e-04
1.342407427728176117e-02
1.241960679180920124e-03
2.262665480375289917e-01
4.125390946865081787e-02
1.297842361964285374e-03
1.668556407094001770e-02
1.021319767460227013e-03
1.819104701280593872e-02
6.520448368974030018e-04
9.957947731018066406e-01
2.999390941113233566e-03
2.809653524309396744e-03
3.170929104089736938e-02
2.294500445714220405e-04
4.446250945329666138e-02
3.481583595275878906e-01
2.874517347663640976e-03
9.798976825550198555e-04
1.417491701431572437e-03
1.381894922815263271e-03
1.523224171251058578e-03
4.922897741198539734e-02
3.240865655243396759e-03
3.156154751777648926e-01
6.248352583497762680e-03
1.429011300206184387e-02
3.357995068654417992e-03
5.733725149184465408e-03
8.770687272772192955e-04
9.799772500991821289e-01
1.965088769793510437e-03
9.197841286659240723e-01
1.056176028214395046e-03
1.583013334311544895e-03
9.237145185470581055e-01
2.413216046988964081e-03
1.298851706087589264e-02
7.491852343082427979e-02
2.617570199072360992e-02
4.999556113034486771e-03
9.482657313346862793e-01
1.300033926963806152e-01
7.875811425037682056e-04
1.901266805361956358e-04
7.216929793357849121e-01
4.643972497433423996e-03
6.398632526397705078e-01
2.478082315064966679e-04
1.543155685067176819e-02
6.476421840488910675e-03
1.007860410027205944e-03
1.528216600418090820e-01
1.007482875138521194e-02
3.245129808783531189e-02
5.927314050495624542e-04
5.932064377702772617e-04
1.239433959126472473e-01
1.148976944386959076e-02
9.441363625228404999e-03
6.266487296670675278e-03
9.476526081562042236e-02
3.258252888917922974e-02
2.003734698519110680e-03
5.177477002143859863e-02
5.606623888015747070e-01
2.030767798423767090e-01
2.097939373925328255e-03
5.478937178850173950e-02
3.673596074804663658e-03
3.920011222362518311e-03
5.956792086362838745e-02
8.207450737245380878e-04
6.770691871643066406e-01
7.235569064505398273e-04
6.772264838218688965e-03
9.987805970013141632e-04
6.754164118319749832e-03
2.727755159139633179e-02
1.619347929954528809e-02
1.301919203251600266e-02
6.740587996318936348e-04
1.660616137087345123e-02
9.933102130889892578e-01
2.677681623026728630e-03
7.169214077293872833e-03
1.442926353774964809e-03
1.413066871464252472e-03
8.357584476470947266e-03
3.006021725013852119e-03
5.987934418953955173e-04
2.393577888142317533e-04
4.826208204030990601e-02
1.545276492834091187e-03
5.748170018196105957e-01
2.068385249003767967e-03
5.661722272634506226e-03
6.772829294204711914e-01
6.415209267288446426e-03
2.822795212268829346e-01
5.012942478060722351e-02
8.519925177097320557e-04
5.007836502045392990e-03
7.512960000894963741e-04
2.386478008702397346e-03
7.572194095700979233e-03
4.009389877319335938e-02
8.144361199811100960e-04
7.545362226665019989e-03
3.816128941252827644e-03
1.033971235156059265e-01
2.329728379845619202e-02
1.817972632125020027e-03
1.839804113842546940e-03
1.693666167557239532e-02
3.522820770740509033e-03
2.735970728099346161e-02
1.012953231111168861e-03
1.271340996026992798e-03
1.794945099391043186e-03
1.459618005901575089e-02
1.438679872080683708e-03
9.762756824493408203e-01
6.697550415992736816e-04
3.868466913700103760e-01
1.157026737928390503e-03
5.820143222808837891e-02
1.052224263548851013e-02
5.708263488486409187e-04
3.591069485992193222e-03
3.206254448741674423e-03
5.297263269312679768e-04
2.497539935575332493e-05
4.629454342648386955e-04
1.760023683309555054e-01
1.357251871377229691e-02
8.671247214078903198e-02
2.812548577785491943e-01
9.555746912956237793e-01
8.957275152206420898e-01
2.117110490798950195e-01
3.738162922672927380e-04
3.632617294788360596e-01
7.637619972229003906e-01
7.856422662734985352e-01
2.224774099886417389e-03
2.128435007762163877e-04
9.959459304809570312e-03
7.220880985260009766e-01
2.499290183186531067e-02
6.092319265007972717e-03
9.335904717445373535e-01
2.449159510433673859e-03
2.408538246527314186e-03
1.343935262411832809e-03
5.857760459184646606e-02
7.059388756752014160e-01
7.085316348820924759e-03
5.682901944965124130e-03
3.718564659357070923e-02
1.849355734884738922e-02
3.595330752432346344e-03
3.591716289520263672e-03
1.751233357936143875e-03
7.741515338420867920e-02
9.808915257453918457e-01
4.752253647893667221e-03
9.320318698883056641e-02
2.343015931546688080e-02
7.501259096898138523e-04
2.473204163834452629e-03
3.731106966733932495e-02
3.913955297321081161e-03
8.041376248002052307e-03
1.675480511039495468e-03
8.288089036941528320e-01
3.044795691967010498e-01
1.859562005847692490e-03
3.701297799125313759e-03
3.976492676883935928e-03
1.038589775562286377e-01
3.933588159270584583e-04
3.412542939186096191e-01
4.875352606177330017e-02
6.111204274930059910e-04
2.920847535133361816e-01
8.633453398942947388e-03
7.015807786956429482e-04
1.316794776357710361e-03
1.144996099174022675e-02
1.165310945361852646e-02
2.300357737112790346e-04
6.361979059875011444e-03
5.672586266882717609e-04
5.807487368583679199e-01
2.935723459813743830e-04
2.655464224517345428e-03
1.546352449804544449e-02
5.201043677516281605e-04
3.458282351493835449e-02
2.456245385110378265e-02
1.041888445615768433e-02
2.736167013645172119e-01
3.002860816195607185e-03
4.275453090667724609e-02
1.055348105728626251e-02
1.679733861237764359e-03
4.836491425521671772e-04
1.728256978094577789e-02
1.831146627664566040e-01
9.991828799247741699e-01
2.691597491502761841e-02
7.458339333534240723e-01
1.238993252627551556e-03
8.912358316592872143e-05
8.261161446571350098e-01
1.647097170352935791e-01
5.372048355638980865e-03
1.612711930647492409e-03
1.097905188798904419e-01
7.178764324635267258e-03
8.206183556467294693e-04
1.490398216992616653e-02
3.194464743137359619e-02
1.334707885980606079e-01
1.262612547725439072e-02
3.801963105797767639e-02
1.952629652805626392e-03
5.426338315010070801e-01
8.366469410248100758e-04
1.966509670019149780e-01
1.298886239528656006e-01
5.305607803165912628e-03
1.055582077242434025e-03
1.240446814335882664e-03
9.107520803809165955e-03
8.121322989463806152e-01
7.081718649715185165e-04
8.964734673500061035e-01
5.667438963428139687e-04
2.687554955482482910e-01
4.400825593620538712e-03
6.436870992183685303e-02
7.527892943471670151e-03
3.769159317016601562e-03
4.770103376358747482e-03
7.027315497398376465e-01
1.754697877913713455e-03
3.829109296202659607e-02
2.501586079597473145e-02
3.526920685544610023e-03
1.129689859226346016e-03
4.443247616291046143e-01
8.109156973659992218e-03
1.106248889118432999e-02
8.883141279220581055e-01
2.841056557372212410e-04
6.269590258598327637e-01
1.654028147459030151e-02
3.126116003841161728e-03
1.619222760200500488e-01
3.815425559878349304e-03
1.684296177700161934e-03
4.384129866957664490e-02
2.811814425513148308e-03
9.497750550508499146e-03
7.735285442322492599e-03
1.710128411650657654e-02
6.419982761144638062e-02
2.224659472703933716e-01
1.589510962367057800e-02
2.174249151721596718e-03
1.040020063519477844e-01
5.690565109252929688e-01
1.473590172827243805e-02
2.358175814151763916e-02
3.872680477797985077e-03
1.194991618394851685e-01
1.101173111237585545e-03
9.687760757515206933e-05
1.306218747049570084e-02
2.873821358662098646e-04
8.045084476470947266e-01
7.339108586311340332e-01
1.594897173345088959e-02
7.282580733299255371e-01
1.938197761774063110e-03
7.240767008624970913e-04
1.570049487054347992e-02
8.111892268061637878e-03
4.536101187113672495e-04
2.135427854955196381e-02
7.549228668212890625e-01
3.800176782533526421e-04
2.756321802735328674e-03
9.039557725191116333e-02
4.987724870443344116e-02
9.233084321022033691e-02
1.720670727081596851e-03
2.665856445673853159e-04
1.358516863547265530e-03
8.161520361900329590e-01
1.919793896377086639e-02
4.716017469763755798e-02
5.977342724800109863e-01
4.566098563373088837e-03
1.949733495712280273e-02
8.413141220808029175e-02
1.340410672128200531e-02
8.056733608245849609e-01
4.876135208178311586e-04
5.792311951518058777e-02
6.542667001485824585e-02
3.051167295780032873e-04
7.941422462463378906e-01
4.880622029304504395e-01
4.836767446249723434e-03
9.434600942768156528e-04
5.340936183929443359e-01
9.753700345754623413e-03
3.246750449761748314e-03
5.881849527359008789e-01
9.996154308319091797e-01
4.572239413391798735e-04
1.604342088103294373e-02
3.047658689320087433e-02
8.526151999831199646e-03
5.124366143718361855e-04
9.708914756774902344e-01
5.936204921454191208e-03
3.733986755833029747e-03
1.142998132854700089e-02
5.587865784764289856e-02
6.804270744323730469e-01
3.880389966070652008e-03
2.368122898042201996e-02
4.963592509739100933e-04
1.345436275005340576e-01
2.471002982929348946e-03
3.518185694701969624e-04
6.541260052472352982e-03
3.852323163300752640e-03
3.930234815925359726e-03
4.227311816066503525e-03
8.972643613815307617e-01
1.232365444302558899e-01
9.161854162812232971e-03
1.050960086286067963e-02
2.680564648471772671e-04
5.794273614883422852e-01
9.419919848442077637e-01
4.049730300903320312e-01
1.139569794759154320e-03
1.530377566814422607e-02
9.067781269550323486e-02
1.875948458909988403e-01
4.131122259423136711e-04
8.460968136787414551e-01
3.176135569810867310e-02
9.965496063232421875e-01
5.190925439819693565e-04
4.542517960071563721e-01
2.386114792898297310e-03
1.249880716204643250e-02
1.215793751180171967e-02
7.252410799264907837e-02
2.173520997166633606e-02
1.231478527188301086e-02
8.259585010819137096e-04
3.424321115016937256e-02
5.665038824081420898e-01
5.347311962395906448e-03
9.773238301277160645e-01
5.043595097959041595e-03
1.016397494822740555e-03
1.101931789889931679e-03
6.395692378282546997e-02
1.712841838598251343e-01
2.273867372423410416e-03
2.775711938738822937e-03
4.772871732711791992e-02
9.491527080535888672e-01
9.523219466209411621e-01
1.603031344711780548e-02
1.199279651045799255e-01
1.486455439589917660e-03
4.662175774574279785e-01
1.228475244715809822e-03
1.617751084268093109e-02
1.621237024664878845e-04
3.282747464254498482e-03
1.049195183441042900e-03
9.977619629353284836e-04
2.544236136600375175e-03
7.472984143532812595e-04
2.053203992545604706e-02
4.454270750284194946e-02
8.791654836386442184e-04
8.430064772255718708e-04
8.143934537656605244e-04
2.851138114929199219e-01
6.937648635357618332e-03
9.873653762042522430e-03
1.525160856544971466e-02
3.627606201916933060e-03
2.336683915928006172e-03
5.784799344837665558e-03
6.441457569599151611e-02
4.130985122174024582e-03
9.436284899711608887e-01
3.342039999552071095e-04
5.118262022733688354e-02
8.569962345063686371e-03
6.225176621228456497e-03
1.444224035367369652e-03
2.745258808135986328e-01
6.185780167579650879e-01
1.007974240928888321e-02
5.775853060185909271e-04
6.391731440089643002e-04
9.887195229530334473e-01
5.205256748013198376e-04
3.864399332087486982e-04
1.005817279219627380e-01
2.415632829070091248e-02
3.649607300758361816e-02
2.550756558775901794e-02
2.598009887151420116e-04
1.181876752525568008e-03
8.272639825008809566e-04
8.345063328742980957e-01
9.751549921929836273e-03
1.364015042781829834e-03
1.628148853778839111e-01
1.497237710282206535e-03
3.896626830101013184e-02
8.966342429630458355e-04
3.910835366696119308e-03
3.775575757026672363e-02
8.312557339668273926e-01
9.695072174072265625e-01
6.639023195020854473e-04
1.010661758482456207e-02
5.730387638323009014e-04
1.007714960724115372e-02
8.851836323738098145e-01
2.533217146992683411e-02
4.631383810192346573e-03
1.937084831297397614e-02
9.253038093447685242e-03
1.690155826508998871e-02
1.996805658563971519e-04
1.513911336660385132e-01
8.429458830505609512e-04
4.832104896195232868e-04
8.075905498117208481e-04
3.816306358203291893e-03
1.804894884116947651e-03
9.810541523620486259e-04
1.865615136921405792e-03
1.088310871273279190e-02
2.991280555725097656e-01
2.660305763129144907e-04
2.398748649284243584e-03
2.409447133541107178e-01
1.322465017437934875e-03
3.553755814209580421e-04
1.149701233953237534e-02
1.544618159532546997e-01
9.627585299313068390e-03
3.346360754221677780e-03
1.977377384901046753e-02
1.912927022203803062e-03
2.370936097577214241e-03
1.423251815140247345e-02
1.391507685184478760e-03
1.385532668791711330e-03
4.475658759474754333e-02
2.357712946832180023e-03
9.980764389038085938e-01
7.488759607076644897e-02
2.363158855587244034e-03
4.878599138464778662e-04
2.795627154409885406e-02
3.294208645820617676e-02
6.602673232555389404e-02
2.808140125125646591e-03
5.589895881712436676e-03
7.820609025657176971e-03
3.278673160821199417e-03
1.411595381796360016e-03
3.621121286414563656e-04
7.737679407000541687e-03
9.824790954589843750e-01
1.170828938484191895e-03
8.756767213344573975e-02
1.285287667997181416e-03
9.283906780183315277e-03
1.707650348544120789e-02
2.457631984725594521e-03
7.108726073056459427e-03
2.922142157331109047e-03
4.814199507236480713e-01
1.378423422574996948e-01
2.668746113777160645e-01
4.442470613867044449e-03
4.420392215251922607e-03
2.612011507153511047e-03
2.546175755560398102e-02
9.381443262100219727e-03
1.586014963686466217e-02
8.665084023959934711e-04
2.667827066034078598e-03
2.036950318142771721e-03
2.866941737011075020e-03
7.188732270151376724e-03
1.171556301414966583e-02
9.857794046401977539e-01
9.943872690200805664e-01
9.983172416687011719e-01
1.074159517884254456e-02
8.477744646370410919e-03
1.276814937591552734e-01
1.972352266311645508e-01
6.941774627193808556e-04
6.961692124605178833e-03
3.143266439437866211e-01
2.059013117104768753e-03
2.226197905838489532e-02
1.459808903746306896e-03
2.449818700551986694e-02
1.840713769197463989e-01
1.741389743983745575e-03
1.229944266378879547e-02
2.207499928772449493e-03
9.311458468437194824e-02
1.999700441956520081e-03
2.562867477536201477e-02
1.588509418070316315e-03
1.549138966947793961e-02
5.288033862598240376e-04
3.140882588922977448e-03
1.556874625384807587e-02
9.996274709701538086e-01
3.287656232714653015e-03
1.149289077147841454e-03
3.315056487917900085e-02
9.165772236883640289e-03
2.195981889963150024e-02
4.029736388474702835e-03
9.240509942173957825e-03
1.376320840790867805e-03
1.371144549921154976e-03
2.585237147286534309e-03
6.465606391429901123e-02
9.571969509124755859e-01
1.189520698972046375e-03
2.216019034385681152e-01
1.988074975088238716e-03
2.048754598945379257e-03
8.241885304450988770e-01
1.949848490767180920e-03
3.130761440843343735e-03
9.538376331329345703e-01
2.219448052346706390e-02
7.208074675872921944e-04
1.647416938794776797e-04
1.729851514101028442e-01
3.384843876119703054e-04
1.521297544240951538e-02
3.360974369570612907e-03
9.544521570205688477e-03
2.334603806957602501e-03
3.878103336319327354e-03
7.060653879307210445e-04
3.203000873327255249e-03
1.865246682427823544e-03
1.831807568669319153e-02
5.326278187567368150e-05
2.443581179250031710e-04
2.002085791900753975e-03
9.924505837261676788e-03
3.497041994705796242e-03
3.776961471885442734e-03
5.936180800199508667e-02
7.950356812216341496e-04
5.272541642189025879e-01
8.673788309097290039e-01
6.126751541160047054e-04
6.008438649587333202e-04
5.287239910103380680e-04
3.882585224346257746e-05
1.277777273207902908e-02
5.293497070670127869e-02
1.015702495351433754e-03
1.164250448346138000e-02
2.956551909446716309e-01
9.368663886561989784e-04
5.424235132522881031e-04
2.807232318446040154e-03
1.420712796971201897e-03
1.264298986643552780e-02
9.747304320335388184e-01
1.846451498568058014e-02
1.310481317341327667e-02
3.232765942811965942e-03
1.573111303150653839e-02
1.004531532526016235e-01
4.494693595916032791e-03
8.360492065548896790e-04
2.356666605919599533e-03
3.049452323466539383e-03
7.188051193952560425e-02
1.936685730470344424e-04
9.421045333147048950e-02
4.228026606142520905e-03
1.795744523406028748e-02
2.679665572941303253e-02
1.279431208968162537e-02
4.519711136817932129e-01
2.870503813028335571e-02
9.988239035010337830e-04
1.102664601057767868e-02
1.566280116094276309e-04
6.216306090354919434e-01
1.634983271360397339e-01
9.978728294372558594e-01
9.923793077468872070e-01
2.072251169010996819e-03
4.659988626372069120e-04
1.482453010976314545e-02
4.121721163392066956e-02
9.639708995819091797e-01
9.034253656864166260e-03
8.136872202157974243e-02
1.050287857651710510e-02
4.970936104655265808e-03
1.264696591533720493e-03
2.070408128201961517e-02
1.041697561740875244e-01
5.245953216217458248e-04
3.231350565329194069e-04
2.356859855353832245e-02
4.803517758846282959e-01
3.651611972600221634e-03
1.997570693492889404e-02
1.132442615926265717e-02
2.846410265192389488e-03
1.071157166734337807e-03
5.300888419151306152e-01
2.154860121663659811e-04
3.946232318412512541e-04
8.472835761494934559e-04
1.818298827856779099e-03
1.138221050496213138e-04
2.655716380104422569e-04
1.199647202156484127e-03
9.918599724769592285e-01
4.565110057592391968e-02
6.352848839014768600e-03
5.822007078677415848e-04
1.665037125349044800e-02
2.060340158641338348e-02
1.883039018139243126e-03
1.044466509483754635e-03
3.594157751649618149e-04
1.026430254569277167e-04
6.421542167663574219e-02
2.843259833753108978e-03
6.166172027587890625e-01
7.501297444105148315e-02
8.286165073513984680e-03
1.237756684422492981e-01
3.771583433263003826e-04
8.775819092988967896e-03
9.904839680530130863e-05
5.040007526986300945e-04
1.687090552877634764e-04
8.967807516455650330e-04
2.045265398919582367e-03
4.443810030352324247e-04
1.614956185221672058e-03
4.349894449114799500e-02
1.336321234703063965e-02
2.266343310475349426e-02
3.852928429841995239e-02
1.060272604227066040e-01
1.004038471728563309e-02
6.642424501478672028e-03
1.254384173080325127e-03
1.284886449575424194e-01
6.475001107901334763e-03
3.395430976524949074e-03
2.953344665002077818e-04
2.509762644767761230e-01
1.695213257335126400e-03
1.122878631576895714e-03
9.739189408719539642e-03
4.156125243753194809e-03
4.690817594528198242e-01
3.261169418692588806e-02
2.027923706918954849e-03
2.163853198289871216e-01
1.077684294432401657e-02
1.270506880246102810e-03
6.978193521499633789e-01
2.919811755418777466e-03
7.581206560134887695e-01
1.439285874366760254e-01
1.128333737142384052e-03
9.808510541915893555e-01
7.182292756624519825e-04
1.466868445277214050e-02
1.528820837847888470e-03
2.598413266241550446e-03
3.885303158313035965e-04
3.661702871322631836e-01
1.117987856268882751e-01
5.971185164526104927e-04
2.087829262018203735e-01
8.313598483800888062e-02
7.356386780738830566e-01
2.408623229712247849e-03
5.091118160635232925e-03
6.574907898902893066e-02
1.503986679017543793e-02
1.999428495764732361e-03
3.782315645366907120e-03
2.692841738462448120e-02
2.396147698163986206e-02
7.874847506172955036e-04
2.845934629440307617e-01
1.911151036620140076e-02
1.140271648764610291e-01
1.539507042616605759e-02
3.843121603131294250e-02
1.868348196148872375e-02
8.688655798323452473e-04
1.907141506671905518e-02
9.376479387283325195e-01
5.158084677532315254e-04
1.180342771112918854e-02
1.659289002418518066e-02
1.085654124617576599e-01
1.022983640432357788e-01
3.162327338941395283e-04
4.148636653553694487e-04
3.110952442511916161e-03
2.654489362612366676e-03
2.782295942306518555e-01
5.966526642441749573e-02
4.897497128695249557e-04
9.144606441259384155e-02
6.041419878602027893e-02
1.367546152323484421e-02
1.641818525968119502e-04
4.049725364893674850e-03
2.371821179986000061e-02
5.965778827667236328e-01
1.459240593248978257e-04
1.112287305295467377e-02
6.296376814134418964e-04
1.400437671691179276e-03
1.416346058249473572e-03
1.463911235332489014e-01
1.859259326010942459e-03
9.560762047767639160e-01
1.048149317502975464e-01
1.517629344016313553e-02
7.350675463676452637e-01
1.073906291276216507e-02
3.408536431379616261e-04
3.467129135970026255e-04
9.983590245246887207e-01
5.943170282989740372e-03
2.058743499219417572e-03
1.598823233507573605e-03
5.579425022006034851e-03
5.753417965024709702e-03
2.373879402875900269e-01
4.418900702148675919e-03
6.350529147312045097e-04
7.969884872436523438e-01
3.196642035618424416e-03
3.888304159045219421e-02
9.978677034378051758e-01
4.275966435670852661e-02
1.236247550696134567e-02
6.403065752238035202e-03
2.023130073212087154e-04
1.230207039043307304e-03
7.281514815986156464e-03
9.734264016151428223e-01
1.043367548845708370e-03
1.314657507464289665e-03
3.597568571567535400e-01
9.163446724414825439e-03
8.532253094017505646e-03
3.616893198341131210e-03
1.894679106771945953e-02
9.794348478317260742e-01
1.858684234321117401e-03
1.504717171192169189e-01
1.795740872621536255e-01
6.380587001331150532e-04
2.884988789446651936e-04
1.478232443332672119e-04
1.669315272010862827e-03
3.932792842388153076e-01
4.564781556837260723e-04
8.344121742993593216e-04
4.483151424210518599e-04
1.692333631217479706e-02
8.208546042442321777e-02
7.904145168140530586e-04
4.718814976513385773e-03
6.156595945358276367e-01
1.267854007892310619e-03
2.713921712711453438e-03
1.361172273755073547e-02
9.968858361244201660e-01
4.638863727450370789e-02
4.385519714560359716e-04
1.478418824262917042e-03
2.513722283765673637e-03
1.078750472515821457e-03
2.912625372409820557e-01
3.147267038002610207e-03
4.703471204265952110e-04
4.268883494660258293e-04
7.754920981824398041e-03
6.244332529604434967e-03
8.759060874581336975e-03
2.758326707407832146e-03
2.279409236507490277e-04
2.910015881061553955e-01
3.252106544096022844e-04
1.348487194627523422e-02
4.130935296416282654e-02
1.766171306371688843e-02
2.992084948346018791e-03
6.092359777539968491e-03
3.343052929267287254e-03
2.418049145489931107e-03
4.159152805805206299e-01
4.546636249870061874e-03
3.111712867394089699e-04
5.619509611278772354e-04
1.172940363176167011e-03
1.967285759747028351e-03
1.800949722528457642e-01
3.747477894648909569e-03
1.642125425860285759e-04
8.056912338361144066e-04
9.698548316955566406e-01
1.599675044417381287e-02
3.564233193174004555e-04
3.129061078652739525e-03
1.725664734840393066e-02
3.246875703334808350e-01
1.122828871011734009e-01
9.484194517135620117e-01
3.931472077965736389e-02
2.606237772852182388e-03
7.765321135520935059e-01
2.666852902621030807e-03
1.092494931071996689e-03
4.324912093579769135e-03
2.532522659748792648e-03
2.081786515191197395e-03
6.296082865446805954e-04
2.503072610124945641e-03
1.103125396184623241e-03
1.007623374462127686e-01
3.643242525868117809e-04
2.045885659754276276e-02
1.585149439051747322e-04
1.121480832807719707e-03
1.196447876282036304e-03
1.045843120664358139e-03
1.903656055219471455e-03
4.702740311622619629e-01
4.571292102336883545e-01
9.907967178151011467e-04
4.242765158414840698e-02
1.434483332559466362e-03
3.779702121391892433e-03
6.068190932273864746e-01
2.612264826893806458e-03
4.187514260411262512e-02
2.665322608663700521e-05
1.583574414253234863e-01
3.467206954956054688e-01
1.109513570554554462e-03
1.104645989835262299e-02
9.905285388231277466e-02
1.222218293696641922e-02
4.958150908350944519e-02
8.834445476531982422e-01
2.589550334960222244e-03
3.328292630612850189e-03
3.830945584923028946e-03
9.757204055786132812e-01
1.287010731175541878e-03
3.928321879357099533e-03
5.027311854064464569e-04
1.975211650133132935e-01
8.424367010593414307e-02
8.693631971254944801e-04
2.160935429856181145e-03
8.489793981425464153e-04
1.015653600916266441e-03
3.271943423897027969e-03
6.117995944805443287e-04
2.001462737098336220e-03
9.590681875124573708e-04
1.972028762102127075e-01
1.915610046125948429e-03
5.201992113143205643e-03
3.942578099668025970e-03
5.563438753597438335e-04
4.946065600961446762e-03
1.059813331812620163e-02
3.615430891513824463e-01
2.415269240736961365e-02
3.021584451198577881e-02
4.407602846622467041e-01
6.146470904350280762e-01
1.352760381996631622e-02
3.968790546059608459e-02
7.376406192779541016e-01
1.179624581709504128e-03
1.053207889199256897e-01
3.875417169183492661e-04
9.985741376876831055e-01
4.990677814930677414e-03
4.743790253996849060e-03
1.438715495169162750e-03
2.125209942460060120e-02
7.456043362617492676e-02
3.188076429069042206e-03
4.264017194509506226e-02
4.942953288555145264e-01
9.703527321107685566e-04
4.868389293551445007e-02
8.193492293357849121e-01
3.892993554472923279e-02
4.468133847694844007e-04
2.288453467190265656e-02
7.951820641756057739e-02
9.610264897346496582e-01
4.635873483493924141e-04
4.975204914808273315e-02
1.047902926802635193e-02
1.805148459970951080e-02
8.304016590118408203e-01
3.960347268730401993e-03
1.932007144205272198e-03
2.118901116773486137e-03
7.931715226732194424e-04
9.654739405959844589e-04
8.007795810699462891e-01
5.406523942947387695e-01
1.323696505278348923e-02
4.294433891773223877e-01
4.663915839046239853e-03
1.747972331941127777e-02
9.725605249404907227e-01
1.589595805853605270e-03
9.329674765467643738e-03
3.385454416275024414e-03
1.228438410907983780e-02
1.461911742808297276e-04
7.588049047626554966e-04
4.482965450733900070e-03
2.470681518316268921e-01
9.305066196247935295e-04
2.496549626812338829e-03
8.964183926582336426e-01
3.168613766320049763e-04
3.302007168531417847e-02
1.134215947240591049e-02
3.816178441047668457e-02
2.239476190879940987e-03
7.479935884475708008e-02
4.867618381977081299e-01
1.918885856866836548e-03
4.156504292041063309e-03
9.382834658026695251e-03
4.575416818261146545e-02
3.381056711077690125e-02
3.341845273971557617e-01
2.575969265308231115e-04
1.683425456285476685e-01
8.940622806549072266e-01
2.997784018516540527e-01
3.358954191207885742e-02
4.961603581905364990e-01
1.360482303425669670e-03
1.061690156348049641e-03
1.378080714493989944e-02
5.975929554551839828e-03
9.643703103065490723e-01
4.233244690112769604e-04
2.050994429737329483e-03
6.922451779246330261e-03
3.795416327193379402e-03
1.570792496204376221e-02
7.064277888275682926e-04
8.112724171951413155e-04
4.512105137109756470e-03
1.384892966598272324e-02
7.059206366539001465e-01
9.307106025516986847e-03
2.811390906572341919e-03
5.666356300935149193e-04
1.098573580384254456e-02
1.834225840866565704e-03
3.377745626494288445e-03
4.786479985341429710e-04
1.323247607797384262e-02
4.587188363075256348e-01
3.291234672069549561e-01
1.364322961308062077e-04
2.864474616944789886e-02
3.983384463936090469e-03
2.097891410812735558e-03
2.822261452674865723e-01
1.192889548838138580e-02
1.204103464260697365e-03
9.960627648979425430e-04
3.937095999717712402e-01
9.674375760369002819e-04
3.451695665717124939e-03
1.607560925185680389e-02
4.813612322323024273e-04
9.695817716419696808e-03
1.308085769414901733e-02
1.510905567556619644e-03
9.816974997520446777e-01
1.247160416096448898e-02
1.733402907848358154e-02
1.004238845780491829e-03
2.522852458059787750e-02
4.722822923213243484e-03
3.296446055173873901e-03
2.303860709071159363e-02
4.438382748048752546e-04
1.236662082374095917e-02
1.720298198051750660e-03
4.539587534964084625e-04
3.313967026770114899e-03
5.444194190204143524e-03
2.803849638439714909e-04
2.645669970661401749e-03
1.458525843918323517e-02
4.291723482310771942e-03
4.803660511970520020e-02
7.381699681282043457e-01
9.890411496162414551e-01
3.018797608092427254e-03
7.894205045886337757e-04
1.757057383656501770e-03
1.724536567926406860e-01
2.910474315285682678e-03
9.867687821388244629e-01
1.128998585045337677e-03
2.938962914049625397e-02
6.390165537595748901e-02
1.587368734180927277e-02
3.406471107155084610e-03
4.443388879299163818e-01
5.270623136311769485e-03
1.643164642155170441e-02
4.467163234949111938e-04
5.758882686495780945e-02
1.434242818504571915e-03
7.446780800819396973e-01
8.688412904739379883e-01
4.032854922115802765e-03
1.569725424051284790e-01
7.108170073479413986e-03
9.810751071199774742e-04
2.479768171906471252e-02
1.054165698587894440e-02
5.062757991254329681e-04
1.405548453330993652e-01
1.035033259540796280e-02
6.139444652944803238e-03
9.504129411652684212e-04
1.655972329899668694e-03
6.053088232874870300e-03
1.465585897676646709e-03
9.580376148223876953e-01
6.978839635848999023e-02
3.985923714935779572e-03
9.118618327192962170e-04
7.582585792988538742e-03
3.537100856192409992e-04
4.126793742179870605e-01
7.781924214214086533e-04
1.075691776350140572e-03
6.582111120223999023e-02
2.500612987205386162e-03
3.356009349226951599e-02
3.363763913512229919e-02
3.595945017877966166e-04
5.580824799835681915e-03
3.491746727377176285e-03
9.659847244620323181e-03
4.338266793638467789e-03
2.458424540236592293e-03
1.425984501838684082e-02
9.348777122795581818e-03
9.281398728489875793e-03
6.312392652034759521e-04
5.379796493798494339e-03
1.815464496612548828e-01
1.603147201240062714e-02
9.323855489492416382e-02
3.889944928232580423e-04
2.755075402092188597e-04
4.817431617993861437e-04
5.338301998563110828e-04
8.097545057535171509e-02
1.249253470450639725e-02
4.376265278551727533e-04
3.969314508140087128e-03
2.521907677873969078e-03
7.807820104062557220e-03
6.887635216116905212e-03
5.193561082705855370e-04
2.537467284128069878e-03
1.924499310553073883e-02
8.888007141649723053e-04
3.602460026741027832e-01
1.083885508705861866e-04
4.330229014158248901e-03
9.106185170821845531e-04
4.044441133737564087e-02
2.776954695582389832e-02
2.599315484985709190e-04
3.389972820878028870e-02
1.201612642034888268e-03
5.609475076198577881e-03
4.405687004327774048e-02
1.274947915226221085e-02
1.677811844274401665e-03
4.715868271887302399e-03
6.487897597253322601e-03
3.615902096498757601e-04
1.383577380329370499e-02
4.700906109064817429e-03
1.261028461158275604e-03
6.999657955020666122e-03
2.531043952330946922e-03
7.344090845435857773e-04
4.359055601526051760e-04
1.666175015270709991e-02
2.107481844723224640e-02
5.303601622581481934e-01
3.836182644590735435e-03
3.990413844585418701e-01
9.974138736724853516e-01
6.578175723552703857e-02
4.308102070353925228e-04
2.923997584730386734e-03
1.088968012481927872e-02
6.845170282758772373e-04
9.990567564964294434e-01
1.223143786191940308e-01
1.566661288961768150e-03
1.143232220783829689e-03
6.495180130004882812e-01
9.214701130986213684e-04
5.691719427704811096e-02
4.384932399261742830e-04
1.193611416965723038e-02
9.406741261482238770e-01
7.402291987091302872e-03
3.296378767117857933e-03
5.405274219810962677e-03
2.906289137899875641e-02
1.402780413627624512e-02
5.806854963302612305e-01
1.878826878964900970e-03
7.364685297943651676e-04
2.685521962121129036e-03
3.616127744317054749e-02
1.231372938491404057e-03
1.005098316818475723e-02
9.434900857741013169e-05
5.209170631133019924e-04
5.320975780487060547e-01
3.099384717643260956e-03
2.888982184231281281e-03
1.144681423902511597e-01
1.894619199447333813e-03
2.964753424748778343e-03
2.544638700783252716e-02
1.017959672026336193e-03
9.791988730430603027e-01
7.387151475995779037e-03
5.484260991215705872e-02
3.208649577572941780e-03
6.741232424974441528e-02
9.455487597733736038e-04
2.534588612616062164e-02
2.370029874145984650e-02
3.126756548881530762e-01
1.126723582274280488e-04
3.452520817518234253e-03
8.734496077522635460e-04
3.037407004740089178e-04
9.996396303176879883e-01
1.564022712409496307e-02
1.503219753503799438e-01
8.506224257871508598e-04
5.041800905019044876e-03
1.213076524436473846e-02
8.941566944122314453e-01
6.670998036861419678e-02
4.130318760871887207e-02
3.479110309854149818e-04
3.021834185346961021e-03
5.971240345388650894e-03
5.431016441434621811e-03
1.846082508563995361e-01
2.221213508164510131e-04
1.040031611919403076e-01
1.115996157750487328e-03
3.455176651477813721e-01
1.659091649344190955e-04
1.491120317950844765e-03
1.429844368249177933e-02
5.065320525318384171e-03
2.056615892797708511e-03
9.325859136879444122e-03
1.849527005106210709e-03
7.452191412448883057e-02
7.223916798830032349e-02
2.898428938351571560e-04
3.720451891422271729e-02
1.438640952110290527e-01
2.224742434918880463e-03
9.927980136126279831e-04
2.403534483164548874e-03
1.875372399808838964e-04
2.615803154185414314e-03
2.022759523242712021e-03
3.855875432491302490e-01
6.048551294952630997e-03
7.102236617356538773e-03
4.864462614059448242e-01
4.438771605491638184e-01
1.365330303087830544e-03
2.756704576313495636e-03
7.492333650588989258e-01
1.606720034033060074e-03
4.229048732668161392e-03
2.995627745985984802e-02
5.673702433705329895e-02
1.902706921100616455e-03
3.924606833606958389e-03
1.509061548858880997e-03
6.486878991127014160e-01
3.256753981113433838e-01
2.802411019802093506e-01
4.930692259222269058e-03
4.720404371619224548e-02
1.827929518185555935e-04
1.970113441348075867e-02
2.771221101284027100e-03
3.439203603193163872e-03
9.463132359087467194e-03
4.124824190512299538e-04
2.366233151406049728e-03
2.047324180603027344e-01
1.363700022920966148e-03
2.380648860707879066e-03
6.676106452941894531e-01
9.636446833610534668e-01
6.413971423171460629e-04
6.845067400718107820e-05
1.830873894505202770e-03
9.779068641364574432e-03
1.901590637862682343e-02
2.343890490010380745e-03
3.040439262986183167e-02
1.954113505780696869e-02
4.549943376332521439e-03
4.502349067479372025e-03
8.052809862419962883e-04
6.458240095525979996e-04
1.242375560104846954e-02
1.003998215310275555e-03
2.755759954452514648e-01
6.955181956291198730e-01
2.272046655416488647e-01
9.965709447860717773e-01
4.167660698294639587e-02
8.571787620894610882e-04
3.907668963074684143e-02
6.469447165727615356e-02
2.463875338435173035e-03
6.695738993585109711e-03
6.320775719359517097e-04
2.501016249880194664e-03
1.520285499282181263e-03
1.444262743461877108e-04
3.356450470164418221e-03
2.488747239112854004e-03
7.705742120742797852e-01
1.377779175527393818e-03
2.459430247545242310e-01
1.816713809967041016e-01
8.878740072250366211e-01
4.692324437201023102e-03
4.365902394056320190e-03
2.005435526371002197e-03
1.540116500109434128e-02
3.327874932438135147e-03
1.165991881862282753e-03
9.917506575584411621e-01
2.493511140346527100e-02
4.802087321877479553e-03
5.406023003160953522e-03
2.861078130081295967e-03
6.108769448474049568e-04
2.305144909769296646e-03
6.216052919626235962e-02
5.518720950931310654e-03
1.148377428762614727e-03
2.907044487074017525e-03
2.045362954959273338e-03
2.568222407717257738e-04
4.689630877692252398e-04
8.919793367385864258e-02
8.420072495937347412e-03
1.106532290577888489e-03
8.324735760688781738e-01
4.093455791007727385e-04
3.214477896690368652e-01
3.485735738649964333e-03
9.142618179321289062e-01
3.567903186194598675e-04
2.519362792372703552e-02
1.961497124284505844e-03
3.833985701203346252e-02
2.025380497798323631e-03
2.897582715377211571e-03
1.450484967790544033e-03
6.619106531143188477e-01
2.774253953248262405e-04
4.083485528826713562e-02
1.715367138385772705e-01
1.136297732591629028e-01
3.465868299826979637e-03
4.201994743198156357e-03
6.712072528898715973e-03
2.344207139685750008e-03
9.866825342178344727e-01
1.590522751212120056e-02
5.110315978527069092e-04
1.997075742110610008e-03
4.241409152746200562e-02
2.834914484992623329e-04
6.752232555299997330e-03
4.698001779615879059e-03
8.365333778783679008e-04
5.924713332206010818e-04
8.568284660577774048e-02
2.079419558867812157e-03
6.109558744356036186e-04
9.166662096977233887e-01
1.654487103223800659e-03
5.292500369250774384e-03
2.835904015228152275e-03
1.821901351213455200e-01
1.821570843458175659e-02
4.544676467776298523e-02
5.336741916835308075e-03
1.380319823510944843e-03
4.627504386007785797e-04
5.157971289008855820e-03
3.946242481470108032e-02
7.323232293128967285e-01
8.388180285692214966e-03
1.960698282346129417e-03
1.548419008031487465e-03
6.775907874107360840e-01
8.907450828701257706e-04
1.864028978161513805e-03
1.939091645181179047e-02
2.697535045444965363e-02
5.995918065309524536e-03
1.982158282771706581e-03
3.730483120307326317e-03
1.348774414509534836e-03
4.703325394075363874e-04
3.869990119710564613e-03
2.824867703020572662e-02
1.721159927546977997e-02
6.811958155594766140e-04
5.020163953304290771e-03
2.180196717381477356e-02
9.486165829002857208e-03
9.944418072700500488e-01
3.839212469756603241e-03
2.673546317964792252e-03
5.239085294306278229e-03
4.570576362311840057e-03
3.467197762802243233e-03
6.504668593406677246e-01
1.930446736514568329e-02
7.749538421630859375e-01
9.351882152259349823e-03
4.563598777167499065e-04
1.788525609299540520e-03
8.450933694839477539e-01
1.583182364702224731e-01
2.181391716003417969e-01
1.503262610640376806e-04
7.291490212082862854e-03
7.462669163942337036e-02
8.314294973388314247e-04
1.545921247452497482e-02
2.998248906806111336e-03
8.082174062728881836e-01
3.039547591470181942e-04
2.688428163528442383e-01
1.540283579379320145e-02
4.425889812409877777e-03
9.795169830322265625e-01
4.164230544120073318e-03
5.326705868355929852e-04
1.385140419006347656e-02
1.166268065571784973e-02
4.979899385944008827e-04
5.812110612168908119e-04
5.201013991609215736e-04
8.921602740883827209e-03
1.988586485385894775e-01
2.934973163064569235e-04
3.767482936382293701e-01
8.071158663369715214e-04
6.361269205808639526e-02
1.903198659420013428e-03
4.091240931302309036e-03
8.585830032825469971e-02
2.340167993679642677e-03
9.986197948455810547e-01
9.332968294620513916e-02
4.340935032814741135e-03
2.546316012740135193e-03
3.607865050435066223e-02
1.987212162930518389e-04
8.841648232191801071e-04
4.334122873842716217e-03
1.758648897521197796e-03
4.591468023136258125e-04
4.430759549140930176e-01
4.542982578277587891e-02
3.625033888965845108e-03
4.129017889499664307e-01
5.480123218148946762e-04
2.607992850244045258e-02
6.970079615712165833e-03
2.536869840696454048e-03
3.415271267294883728e-02
1.335722627118229866e-03
4.384768381714820862e-02
2.510281046852469444e-03
3.695351770147681236e-04
7.560281548649072647e-03
2.299457089975476265e-03
2.289697004016488791e-04
1.925875665619969368e-03
3.588688268791884184e-04
5.176860839128494263e-03
3.086975775659084320e-02
8.457336425781250000e-01
9.754628539085388184e-01
3.805631306022405624e-03
1.143854577094316483e-02
1.936953747645020485e-03
7.460247725248336792e-03
5.391091573983430862e-03
7.123899413272738457e-04
4.403571784496307373e-02
4.242312163114547729e-03
9.693437255918979645e-03
8.768208790570497513e-04
9.877957105636596680e-01
4.576352890580892563e-03
5.144455470144748688e-03
1.557626645080745220e-03
3.214028105139732361e-02
1.738461083732545376e-03
5.478784814476966858e-02
3.235126612707972527e-03
4.869114491157233715e-04
4.896245896816253662e-01
4.443937912583351135e-02
1.290717860683798790e-03
1.229625102132558823e-02
4.671505594160407782e-04
4.837157670408487320e-03
1.071452628821134567e-03
9.533754782751202583e-04
3.581422939896583557e-02
3.769150376319885254e-02
9.280914068222045898e-01
9.648006558418273926e-01
4.254599101841449738e-03
1.455765566788613796e-03
1.982725458219647408e-03
2.564296126365661621e-02
1.974480599164962769e-02
5.066632758826017380e-03
5.315713584423065186e-03
2.038712054491043091e-02
1.185383647680282593e-03
5.982914590276777744e-04
5.227105692028999329e-02
7.240794133394956589e-03
1.425718073733150959e-03
1.053333864547312260e-03
2.812733687460422516e-02
2.936932742595672607e-01
4.669838398694992065e-02
2.584235277026891708e-03
2.578357525635510683e-04
7.333382219076156616e-02
1.198456902056932449e-02
5.170727614313364029e-03
8.661762475967407227e-01
2.920138183981180191e-03
1.295630470849573612e-03
6.424850225448608398e-02
1.970232464373111725e-03
4.823450464755296707e-03
1.155063416808843613e-02
1.031624246388673782e-02
2.330454008188098669e-04
8.605530261993408203e-01
1.951023377478122711e-02
6.575247738510370255e-03
8.957754969596862793e-01
2.367307692766189575e-01
2.471041632816195488e-03
2.784872776828706264e-04
2.621808787807822227e-03
4.477089736610651016e-03
2.221815520897507668e-03
1.256736367940902710e-01
1.885672658681869507e-02
3.481010347604751587e-02
9.952966570854187012e-01
1.252253307029604912e-03
4.858208121731877327e-04
9.714704006910324097e-03
3.077626042068004608e-02
8.165976614691317081e-04
2.708121668547391891e-03
5.455332808196544647e-03
8.912451448850333691e-04
6.176605238579213619e-04
9.774597883224487305e-01
7.401556242257356644e-03
6.971059739589691162e-02
5.861359462141990662e-02
1.880984171293675900e-03
9.578175377100706100e-04
1.364965573884546757e-03
1.869467319920659065e-03
4.854719638824462891e-01
2.304770052433013916e-03
1.736817695200443268e-02
8.604143513366580009e-04
7.437283638864755630e-04
9.665702581405639648e-01
5.041233729571104050e-03
1.674234569072723389e-01
3.396355509757995605e-01
7.542583043687045574e-04
2.026292495429515839e-03
9.966891258955001831e-03
9.346658363938331604e-03
9.908710122108459473e-01
4.804656282067298889e-02
2.159595256671309471e-03
9.972775578498840332e-01
1.105132323573343456e-04
3.013976383954286575e-03
1.234660390764474869e-02
2.253412641584873199e-02
1.521780155599117279e-03
3.978126216679811478e-03
9.952707886695861816e-01
9.996395111083984375e-01
4.748795181512832642e-03
3.837391268461942673e-04
2.727467119693756104e-01
5.625691264867782593e-03
6.366508081555366516e-03
2.184188459068536758e-03
1.094619408249855042e-01
6.421975493431091309e-01
3.674441017210483551e-03
4.572620673570781946e-04
3.933531343936920166e-01
1.424073474481701851e-03
9.969666600227355957e-01
2.868999540805816650e-01
6.766893267631530762e-01
1.149877090938389301e-03
3.797418437898159027e-03
2.768879011273384094e-02
9.758310914039611816e-01
3.677183017134666443e-02
2.074943855404853821e-03
2.265250775963068008e-03
7.980324327945709229e-03
3.032995760440826416e-02
1.337002366781234741e-01
6.799604743719100952e-04
2.670669346116483212e-04
1.678177941357716918e-04
5.463413428515195847e-03
3.776489524170756340e-03
2.129833772778511047e-02
7.311885058879852295e-02
5.656654015183448792e-03
1.925438642501831055e-03
2.582784276455640793e-03
8.786614537239074707e-01
4.002045607194304466e-04
2.784214913845062256e-01
1.446671225130558014e-02
2.411268092691898346e-02
2.926716348156332970e-03
5.685165524482727051e-01
3.072186373174190521e-04
3.395175039768218994e-01
2.717034949455410242e-04
1.880061030387878418e-01
4.931333474814891815e-03
1.307619921863079071e-02
2.379282377660274506e-03
9.530363604426383972e-03
1.550406366586685181e-01
1.443227287381887436e-03
9.604728780686855316e-03
1.790039986371994019e-01
1.614614576101303101e-02
1.481732353568077087e-02
4.375004768371582031e-01
3.753710305318236351e-03
6.145899533294141293e-04
9.592100977897644043e-01
7.249937858432531357e-03
2.298179268836975098e-01
2.323183463886380196e-03
8.273499086499214172e-03
7.249614596366882324e-02
3.128399252891540527e-01
4.569944925606250763e-03
1.086234953254461288e-02
1.880525425076484680e-02
3.584832185879349709e-03
3.064826689660549164e-02
2.180259674787521362e-03
1.016298192553222179e-03
1.793785393238067627e-02
3.009365499019622803e-02
1.203455030918121338e-04
9.345728158950805664e-01
5.580686777830123901e-02
1.738331839442253113e-02
2.056135563179850578e-03
7.502049207687377930e-02
7.995975203812122345e-03
1.034610718488693237e-01
6.054407916963100433e-03
3.793767187744379044e-03
2.008949668379500508e-04
7.173306494951248169e-02
2.642368490342050791e-04
5.520634651184082031e-01
2.797551453113555908e-02
6.902148015797138214e-03
6.311546894721686840e-04
2.912885509431362152e-02
2.915379405021667480e-02
2.612367970868945122e-03
3.142104018479585648e-03
4.832457343582063913e-04
1.393627026118338108e-03
2.221335656940937042e-03
3.173406934365630150e-03
9.545586258172988892e-02
8.882296271622180939e-03
6.824982352554798126e-03
4.026922397315502167e-03
3.172764321789145470e-03
3.422536849975585938e-01
2.701368555426597595e-02
1.347942976281046867e-03
3.000978939235210419e-02
2.008088305592536926e-02
4.324353300034999847e-03
5.796645767986774445e-03
6.127375736832618713e-02
2.026514150202274323e-03
8.992954492568969727e-01
4.521612823009490967e-02
7.454223930835723877e-03
1.574117573909461498e-03
3.486688137054443359e-01
3.556699492037296295e-03
3.497583046555519104e-02
2.105692774057388306e-02
2.505016513168811798e-03
1.469626463949680328e-02
7.237230427563190460e-03
4.307666420936584473e-02
1.270453096367418766e-03
5.832632072269916534e-03
4.177784323692321777e-01
2.947268076241016388e-03
1.414774102158844471e-03
6.778933107852935791e-03
5.558563861995935440e-03
3.949441015720367432e-02
3.916794806718826294e-02
1.015765294432640076e-01
9.053753456100821495e-04
2.000498934648931026e-04
1.018930925056338310e-03
3.243271028622984886e-03
2.177367359399795532e-01
9.269887581467628479e-03
8.369830250740051270e-02
1.330620842054486275e-03
8.380360603332519531e-01
2.175193578004837036e-01
5.408478900790214539e-04
9.978045821189880371e-01
1.664077118039131165e-02
5.865288432687520981e-03
5.188894271850585938e-02
8.315856102854013443e-04
6.589007973670959473e-01
1.873856782913208008e-02
1.393392798490822315e-03
5.429795710369944572e-04
9.687809944152832031e-01
4.159542620182037354e-01
2.664560917764902115e-03
4.952148301526904106e-04
5.777660757303237915e-02
1.511844061315059662e-02
9.830433875322341919e-02
3.754355944693088531e-03
2.399550378322601318e-02
2.806268632411956787e-01
3.723655827343463898e-03
1.555946096777915955e-02
1.087216660380363464e-04
4.238032270222902298e-03
1.752965617924928665e-03
2.833278616890311241e-03
1.052598701789975166e-03
1.000986993312835693e-02
3.231448233127593994e-01
3.724046749994158745e-03
3.745169937610626221e-02
2.641670778393745422e-02
1.556813367642462254e-03
1.149410605430603027e-01
1.900323107838630676e-02
8.550294674932956696e-03
5.355007480829954147e-03
1.246540574356913567e-03
4.165594291407614946e-04
1.922995895147323608e-01
2.662602579221129417e-03
5.256055854260921478e-03
3.652190091088414192e-03
1.878077629953622818e-03
3.550726920366287231e-02
1.218515355139970779e-02
7.176429964601993561e-03
4.296359606087207794e-03
1.175948604941368103e-02
1.322838477790355682e-03
1.001152954995632172e-02
1.800662023015320301e-03
2.628367021679878235e-02
4.510625265538692474e-03
2.430710475891828537e-03
1.680600922554731369e-03
2.549578202888369560e-03
9.876434803009033203e-01
1.529184170067310333e-03
1.234752126038074493e-02
1.169361639767885208e-03
7.777357241138815880e-04
6.171816959977149963e-03
1.300371587276458740e-01
5.520904436707496643e-03
2.265802584588527679e-03
2.236369252204895020e-02
1.995846396312117577e-03
5.835689902305603027e-01
5.265955114737153053e-04
2.088091569021344185e-03
3.059508800506591797e-01
3.930681943893432617e-01
1.636733184568583965e-03
3.118212819099426270e-01
5.439530126750469208e-03
1.602005795575678349e-03
2.057271637022495270e-02
9.484175243414938450e-04
7.351256161928176880e-02
9.061300754547119141e-01
3.473276272416114807e-02
4.382229447364807129e-01
4.076430632267147303e-04
7.435876759700477123e-04
1.502721011638641357e-01
7.775780558586120605e-02
3.002264304086565971e-03
7.307669147849082947e-04
1.555853988975286484e-02
8.345940113067626953e-01
2.502581104636192322e-03
1.864718087017536163e-02
1.385577470064163208e-01
6.322379224002361298e-03
6.337221711874008179e-04
9.693139232695102692e-03
2.011713571846485138e-03
7.348929066210985184e-03
1.952017247676849365e-01
1.235345494933426380e-03
9.400289654731750488e-01
3.136307001113891602e-02
9.303865954279899597e-04
1.351349870674312115e-03
2.867427654564380646e-02
4.884710907936096191e-02
4.113852337468415499e-04
1.359566766768693924e-02
6.745153805240988731e-04
1.730792783200740814e-02
5.637888610363006592e-02
6.377012468874454498e-04
3.448366187512874603e-03
1.487345900386571884e-03
3.693173872306942940e-03
6.897211540490388870e-03
4.142025718465447426e-04
5.809567403048276901e-03
9.209944307804107666e-02
2.845998108386993408e-02
1.412809174507856369e-02
1.480419784784317017e-01
4.245688032824546099e-04
1.678256317973136902e-02
2.021479457616806030e-01
3.674832172691822052e-03
1.517081516794860363e-03
3.693707403726875782e-04
1.739351078867912292e-03
7.862658239901065826e-04
7.598451804369688034e-03
2.953912690281867981e-02
2.336675068363547325e-03
8.409514091908931732e-03
3.008836507797241211e-01
3.195949131622910500e-03
8.193447440862655640e-02
5.159341916441917419e-02
1.761471666395664215e-02
8.164421468973159790e-02
3.272405564785003662e-01
3.634651890024542809e-03
2.959419274702668190e-03
3.860507626086473465e-03
2.998368442058563232e-02
4.663867410272359848e-03
1.333377044647932053e-02
2.047410048544406891e-02
3.664077725261449814e-03
9.983153343200683594e-01
8.129167370498180389e-03
2.426242223009467125e-03
1.344056613743305206e-02
8.174439519643783569e-02
2.756484318524599075e-03
1.189814135432243347e-02
9.937239289283752441e-01
4.564146045595407486e-03
2.008035331964492798e-01
9.044523835182189941e-01
7.694081403315067291e-03
1.414424623362720013e-03
5.439503192901611328e-01
1.437657177448272705e-01
5.179435014724731445e-03
9.199309861287474632e-04
3.310094820335507393e-03
2.346934634260833263e-04
9.509790688753128052e-04
6.315199192613363266e-03
7.786366939544677734e-01
5.386756733059883118e-03
1.136878039687871933e-03
3.688703849911689758e-02
3.896630369126796722e-03
9.047471918165683746e-03
1.569732651114463806e-02
9.888918995857238770e-01
3.627694211900234222e-03
2.382200360298156738e-01
1.000480144284665585e-03
3.497689962387084961e-03
3.519996069371700287e-03
1.949088647961616516e-03
1.205322239547967911e-02
2.510248869657516479e-02
8.452082872390747070e-01
9.018913507461547852e-01
7.517207264900207520e-01
8.622999885119497776e-04
4.137156065553426743e-04
4.365351051092147827e-03
7.697327435016632080e-02
1.231699958443641663e-01
1.109567005187273026e-03
6.263704895973205566e-01
2.517941035330295563e-02
2.914952933788299561e-01
6.888122856616973877e-02
4.444525539875030518e-01
2.310371547937393188e-01
4.010359989479184151e-04
6.208396516740322113e-03
1.858791336417198181e-03
7.003959268331527710e-02
1.900401115417480469e-01
3.572724526748061180e-04
9.985527396202087402e-01
3.708149306476116180e-03
1.940515649039298296e-04
4.626128822565078735e-03
2.073573879897594452e-03
7.750551681965589523e-03
1.348394900560379028e-03
4.556567668914794922e-01
6.200945470482110977e-03
8.397984504699707031e-02
4.217694513499736786e-04
6.864511966705322266e-01
3.976482897996902466e-03
1.424248665571212769e-01
2.306312508881092072e-02
1.179523766040802002e-02
1.322620082646608353e-04
8.464351296424865723e-03
6.914452314376831055e-01
3.931713756173849106e-03
1.001689932309091091e-03
5.759852938354015350e-03
4.038235843181610107e-01
1.649290556088089943e-03
7.607625797390937805e-03
1.872221357189118862e-03
9.982772171497344971e-02
1.212071627378463745e-03
8.453295449726283550e-04
4.544840659946203232e-03
1.207903251051902771e-01
8.772863745689392090e-01
3.526391228660941124e-03
1.103879511356353760e-02
2.095565898343920708e-03
2.491033868864178658e-03
7.682935595512390137e-01
1.418756321072578430e-03
2.095687435939908028e-03
7.989227026700973511e-02
4.755004192702472210e-04
6.083623170852661133e-01
7.791594266891479492e-01
2.270195400342345238e-03
4.997646901756525040e-03
1.706849411129951477e-02
3.223012899979948997e-04
1.195398718118667603e-01
1.294469367712736130e-02
2.664024941623210907e-03
1.968353521078824997e-03
6.365808192640542984e-03
7.277024909853935242e-03
5.055676680058240891e-03
1.070577651262283325e-03
1.934169093146920204e-03
3.911640495061874390e-02
1.270693843252956867e-03
4.430260881781578064e-02
1.698066713288426399e-03
5.119989509694278240e-04
2.657676860690116882e-02
9.056976065039634705e-03
4.143638943787664175e-04
9.800829291343688965e-01
1.637075329199433327e-03
2.688374137505888939e-03
2.360791563987731934e-01
1.334867253899574280e-02
6.488220300525426865e-03
4.564928356558084488e-03
8.651113021187484264e-04
1.084748655557632446e-03
1.596134970895946026e-04
8.737319707870483398e-01
1.576860621571540833e-02
5.114587955176830292e-03
9.966897778213024139e-04
1.377908512949943542e-03
4.514978209044784307e-04
2.672825707122683525e-03
6.716550327837467194e-03
5.099334754049777985e-03
2.008247524499893188e-01
2.223082119598984718e-03
2.641056198626756668e-04
4.125793930143117905e-03
2.948123030364513397e-02
3.846994601190090179e-03
6.702059879899024963e-03
1.005069352686405182e-02
5.056771636009216309e-02
3.755338722839951515e-03
1.663873530924320221e-02
3.936781082302331924e-03
9.480373933911323547e-03
4.446943348739296198e-04
1.836355426348745823e-03
2.171554416418075562e-02
6.839362382888793945e-01
2.560496795922517776e-03
6.350615993142127991e-03
1.379110966809093952e-03
3.000644966959953308e-02
2.811395388562232256e-04
1.327433041296899319e-03
1.243958175182342529e-01
9.433198720216751099e-04
6.283619441092014313e-04
2.722178697586059570e-01
4.833678249269723892e-04
9.681285591796040535e-04
3.947557508945465088e-02
1.112105164793320000e-04
1.385523471981287003e-02
8.302906900644302368e-02
5.761771462857723236e-04
1.985507644712924957e-02
1.077740220353007317e-03
9.996767044067382812e-01
3.551448881626129150e-02
3.406072733923792839e-03
5.464670830406248569e-04
2.408078871667385101e-04
5.885599255561828613e-01
9.994934797286987305e-01
1.619827118702232838e-03
1.001810596790164709e-04
3.029325604438781738e-02
5.250530666671693325e-04
1.519419904798269272e-02
7.030662149190902710e-03
9.636794775724411011e-02
2.215784508734941483e-03
1.114258775487542152e-03
7.576428055763244629e-01
2.611771051306277514e-04
3.557084826752543449e-03
8.275983855128288269e-03
7.161205168813467026e-03
8.829405307769775391e-01
9.922631084918975830e-02
1.406643074005842209e-02
1.097507402300834656e-02
4.170312881469726562e-01
7.086426485329866409e-03
2.688145637512207031e-01
1.749777584336698055e-04
2.611766103655099869e-04
1.259108772501349449e-03
7.870338559150695801e-01
1.444163452833890915e-02
7.900376804172992706e-04
2.915679244324564934e-03
3.003285229206085205e-01
4.146039427723735571e-04
9.806337952613830566e-01
7.991008758544921875e-01
1.449967622756958008e-01
8.761272430419921875e-01
3.522166516631841660e-03
3.513657429721206427e-04
3.784524798393249512e-01
4.468981642276048660e-04
4.502260999288409948e-04
4.274227190762758255e-03
5.397278000600636005e-04
5.003900150768458843e-04
7.439016103744506836e-01
1.714402314973995090e-04
4.607631564140319824e-01
2.473773667588829994e-03
2.976265549659729004e-02
1.235354808159172535e-03
3.252033842727541924e-03
5.872686160728335381e-04
6.024807319045066833e-02
7.031190674751996994e-03
1.081603462807834148e-03
5.026970990002155304e-03
1.008189865387976170e-03
2.321932697668671608e-03
5.036013722419738770e-01
6.306674331426620483e-03
2.690829802304506302e-03
7.747105360031127930e-01
6.545003852806985378e-04
8.496982045471668243e-03
2.194110536947846413e-03
5.952927167527377605e-04
3.588837385177612305e-02
4.155685752630233765e-02
2.336767269298434258e-03
8.966514142230153084e-04
8.563550072722136974e-04
6.879019550979137421e-03
3.695973753929138184e-01
7.942606694996356964e-03
9.976022839546203613e-01
2.976213097572326660e-01
4.076692834496498108e-02
2.084498293697834015e-02
2.983915386721491814e-03
4.960032179951667786e-03
2.021088637411594391e-02
5.058679729700088501e-02
1.261310186237096786e-02
3.415133105590939522e-03
9.271858260035514832e-03
1.357279252260923386e-03
5.061049596406519413e-04
9.195846915245056152e-01
4.181975964456796646e-03
7.216202616691589355e-01
5.275176372379064560e-04
2.034482359886169434e-02
1.416909601539373398e-02
3.669909760355949402e-02
5.965709313750267029e-02
3.655851178336888552e-04
2.779977954924106598e-02
7.620719261467456818e-03
2.463934570550918579e-01
1.582324355840682983e-01
2.593209501355886459e-03
5.539878606796264648e-01
4.322289302945137024e-02
2.163114259019494057e-03
3.021162748336791992e-01
1.758875325322151184e-02
6.590861361473798752e-03
7.533838041126728058e-03
2.166170161217451096e-03
2.028261951636523008e-04
7.457554936408996582e-01
1.088540302589535713e-04
4.943611565977334976e-03
1.119455043226480484e-02
9.448710479773581028e-04
4.729920066893100739e-03
1.514368923380970955e-03
1.089207008481025696e-01
2.553295902907848358e-02
3.144993912428617477e-03
1.875288784503936768e-02
1.127248513512313366e-03
2.068293746560811996e-03
7.811689376831054688e-02
1.545337121933698654e-02
8.149161189794540405e-02
2.116210991516709328e-03
8.535602688789367676e-02
2.360872225835919380e-03
3.020931326318532228e-04
3.138182917609810829e-03
5.587720312178134918e-03
3.480599960312247276e-03
2.242183089256286621e-01
9.945967467501759529e-04
4.377366567496210337e-04
9.712479114532470703e-01
2.700362238101661205e-04
6.629972904920578003e-02
2.891683718189597130e-03
2.516722539439797401e-03
6.218848866410553455e-04
7.420176863670349121e-01
1.137057598680257797e-02
4.691729787737131119e-03
3.486909270286560059e-01
9.756985236890614033e-04
4.453609231859445572e-03
8.470320142805576324e-03
6.929372437298297882e-03
5.553457885980606079e-03
9.991119503974914551e-01
2.547522308304905891e-03
3.722194815054535866e-03
8.850223966874182224e-04
1.743182889185845852e-03
9.568086862564086914e-01
1.485620392486453056e-03
4.590975586324930191e-03
1.006393041461706161e-02
7.747368887066841125e-03
3.368720179423689842e-03
3.243444953113794327e-03
2.939345873892307281e-02
1.090923044830560684e-02
2.609505783766508102e-03
1.449521910399198532e-02
1.317925867624580860e-03
9.252905729226768017e-04
2.409087028354406357e-03
3.125686645507812500e-01
3.875769302248954773e-02
2.389025874435901642e-03
6.222773808985948563e-04
3.382246941328048706e-02
2.335422672331333160e-03
4.728622734546661377e-03
1.635597832500934601e-02
5.416175699792802334e-04
4.254865925759077072e-03
2.568450523540377617e-03
9.047150611877441406e-03
4.750179126858711243e-03
3.455985337495803833e-02
7.365309167653322220e-03
9.783849818632006645e-04
1.887345686554908752e-02
8.579046465456485748e-03
2.682726597413420677e-03
5.659996997565031052e-03
4.087795678060501814e-04
2.356879704166203737e-04
1.805964857339859009e-03
1.911432743072509766e-01
3.391135833226144314e-04
4.880395904183387756e-02
1.927270740270614624e-02
9.991139769554138184e-01
4.499892238527536392e-04
2.956953942775726318e-01
7.120346417650580406e-04
1.001180033199489117e-03
9.576137065887451172e-01
1.394546357914805412e-03
1.946831308305263519e-02
2.022367902100086212e-03
1.036588218994438648e-03
7.696313550695776939e-04
1.418319717049598694e-02
8.233208656311035156e-01
6.942963693290948868e-03
1.156912068836390972e-03
1.234090450452640653e-04
4.771867825184017420e-04
2.242979034781455994e-02
2.321952208876609802e-02
4.813123028725385666e-03
5.722465459257364273e-03
5.719666369259357452e-03
6.048833951354026794e-02
4.210588987916707993e-03
2.607326768338680267e-02
1.985447161132469773e-04
5.272760987281799316e-03
3.758925013244152069e-04
8.825528621673583984e-02
8.443015627562999725e-03
2.938986383378505707e-02
3.028969280421733856e-02
5.593413370661437511e-04
2.743523800745606422e-03
3.338731185067445040e-04
2.646250091493129730e-02
9.599229320883750916e-03
1.139158234000205994e-01
4.253773018717765808e-03
5.649820715188980103e-02
9.749819040298461914e-01
7.899510674178600311e-03
1.484662946313619614e-02
6.798065733164548874e-03
6.807518601417541504e-01
2.472583204507827759e-03
9.485787153244018555e-01
2.994077466428279877e-02
6.055288314819335938e-01
3.260863199830055237e-02
1.572179957292973995e-03
8.211147785186767578e-02
9.266416891478002071e-04
4.832326085306704044e-04
2.445199713110923767e-02
2.950575575232505798e-02
2.089709741994738579e-03
3.889281069859862328e-04
1.667579170316457748e-03
1.652583330869674683e-01
8.496196866035461426e-01
3.484831657260656357e-03
8.083107322454452515e-02
2.333188802003860474e-01
4.941628430970013142e-04
6.188305020332336426e-01
7.303617312572896481e-04
3.754873061552643776e-03
6.108607724308967590e-02
7.044033147394657135e-03
5.747666582465171814e-02
9.842171669006347656e-01
4.318985622376203537e-03
1.314925849437713623e-01
2.638484002090990543e-04
2.576726721599698067e-03
1.530267447233200073e-01
1.669850945472717285e-01
6.083250977098941803e-03
2.803076931741088629e-04
1.250332687050104141e-03
1.671441197395324707e-01
3.727376461029052734e-02
4.839566349983215332e-01
6.350090354681015015e-02
4.366104258224368095e-04
1.879047194961458445e-04
7.431891863234341145e-04
1.053608302026987076e-02
3.019883111119270325e-02
9.846234694123268127e-03
4.012673744000494480e-04
5.153977312147617340e-03
5.464242771267890930e-03
6.439725868403911591e-03
6.463049352169036865e-02
3.117470536381006241e-03
9.564032079651951790e-04
1.397501081228256226e-01
3.412395343184471130e-02
1.336017274297773838e-03
5.083400290459394455e-03
5.926967039704322815e-02
8.533337712287902832e-01
3.057721443474292755e-02
3.498529622447676957e-05
7.974606938660144806e-03
6.278082728385925293e-04
9.965947270393371582e-01
7.079876959323883057e-03
2.188706398010253906e-02
3.883438184857368469e-03
6.074659992009401321e-03
1.960890553891658783e-02
9.689322113990783691e-01
3.156702965497970581e-03
7.367914542555809021e-03
1.380050480365753174e-01
4.738749936223030090e-03
2.424857812002301216e-03
7.292825728654861450e-02
5.404885411262512207e-01
1.923608966171741486e-02
1.630163937807083130e-01
3.128040209412574768e-02
1.616228520870208740e-01
5.338020622730255127e-02
6.705729663372039795e-02
1.800890453159809113e-02
3.404073417186737061e-01
2.920819912105798721e-03
3.802069695666432381e-03
2.786575350910425186e-04
1.274710230063647032e-04
4.530265287030488253e-04
6.447415798902511597e-03
1.678814180195331573e-02
5.824897885322570801e-01
3.245352534577250481e-03
2.769102156162261963e-02
2.137272804975509644e-02
5.745483096688985825e-03
1.179262180812656879e-03
1.687297970056533813e-02
2.706694006919860840e-01
2.436393313109874725e-02
1.684075687080621719e-03
1.326096826232969761e-03
1.365602761507034302e-01
6.133718881756067276e-03
7.990606129169464111e-03
1.996626332402229309e-02
5.741640925407409668e-03
7.322130259126424789e-03
8.780014468356966972e-04
9.510839357972145081e-03
2.755576046183705330e-03
1.145673799328505993e-03
1.937683089636266232e-03
1.475588185712695122e-03
1.252162177115678787e-02
4.136444535106420517e-03
5.092917941510677338e-03
3.703170921653509140e-03
1.278862915933132172e-02
6.945365667343139648e-02
3.914595395326614380e-02
6.491830106824636459e-03
5.426058080047369003e-03
4.510267674922943115e-01
8.521024719811975956e-04
1.877850590972229838e-04
6.787138991057872772e-04
1.364827738143503666e-03
1.053024432621896267e-03
1.816682051867246628e-03
2.149539301171898842e-03
3.292860835790634155e-02
6.131256930530071259e-03
6.962500046938657761e-03
2.580799860879778862e-03
1.622986644506454468e-01
1.291506737470626831e-02
4.535368084907531738e-01
7.844792306423187256e-02
9.758663773536682129e-01
1.385099999606609344e-02
3.664819002151489258e-01
1.682957867160439491e-03
2.699705585837364197e-02
1.431879401206970215e-01
2.619321942329406738e-01
4.588741867337375879e-04
3.864888101816177368e-02
2.865216461941599846e-03
6.769578456878662109e-01
6.291347555816173553e-03
3.756041638553142548e-03
1.869143568910658360e-03
3.007401246577501297e-03
4.791482686996459961e-01
4.804095253348350525e-03
8.323141187429428101e-02
2.476400509476661682e-02
9.984813332557678223e-01
9.066405892372131348e-01
3.758492469787597656e-01
6.730599561706185341e-04
2.362547442317008972e-03
6.985642481595277786e-03
1.467336621135473251e-02
3.489202936179935932e-04
1.032270956784486771e-02
3.268633736297488213e-04
1.345215248875319958e-03
9.351277351379394531e-02
1.690551266074180603e-02
1.576409488916397095e-01
5.939209950156509876e-04
9.640820622444152832e-01
9.994789958000183105e-01
8.408792782574892044e-04
1.487986999563872814e-03
9.899411088554188609e-05
5.650208145380020142e-02
6.141010671854019165e-03
1.495461678132414818e-03
4.537297063507139683e-04
5.006168503314256668e-03
1.700043492019176483e-02
2.622358733788132668e-03
2.042511943727731705e-03
6.991675496101379395e-01
2.050366066396236420e-02
4.090417176485061646e-02
3.370945050846785307e-04
3.940203785896301270e-02
2.968057990074157715e-01
1.380980573594570160e-02
3.032813593745231628e-02
4.935193574056029320e-04
3.659456595778465271e-02
1.732533574104309082e-01
1.072353050112724304e-01
8.637764491140842438e-03
6.641927640885114670e-03
2.368532819673418999e-03
2.138169482350349426e-03
8.075647638179361820e-04
9.004643652588129044e-05
7.193115307018160820e-04
1.207645284011960030e-03
1.873228466138243675e-03
6.645102985203266144e-04
4.795767308678478003e-04
2.587290666997432709e-02
5.240325257182121277e-02
2.211255952715873718e-03
1.072852034121751785e-02
4.855565428733825684e-01
3.258621785789728165e-03
1.252497197128832340e-03
2.567110024392604828e-02
9.164796210825443268e-04
1.784898899495601654e-02
2.396325208246707916e-02
4.601818509399890900e-03
1.094050356186926365e-03
9.276029653847217560e-03
3.168891742825508118e-02
1.050699618645012379e-03
3.048797138035297394e-03
7.928170263767242432e-02
6.403050851076841354e-03
5.252673756331205368e-03
1.294173183850944042e-03
7.443509530276060104e-03
2.323162183165550232e-02
2.462286734953522682e-03
6.087510846555233002e-03
8.757708668708801270e-01
5.253305286169052124e-02
2.710601780563592911e-03
5.780284758657217026e-03
2.748172264546155930e-03
2.596566453576087952e-03
1.088414993137121201e-02
3.677349886856973171e-04
3.365833312273025513e-03
1.418470055796205997e-03
2.449127286672592163e-02
4.969898145645856857e-04
9.170450270175933838e-03
4.679039865732192993e-02
8.488628864288330078e-01
5.526521708816289902e-04
1.053855381906032562e-02
7.614771602675318718e-04
6.664519309997558594e-01
2.301239967346191406e-01
1.303486805409193039e-02
8.823982439935207367e-03
8.954375050961971283e-03
1.546509265899658203e-01
9.916873574256896973e-01
4.475702880881726742e-04
3.180371131747961044e-03
8.469487540423870087e-03
9.735201597213745117e-01
3.586613386869430542e-02
2.071218006312847137e-02
7.512401207350194454e-04
1.178653724491596222e-02
1.861270330846309662e-02
4.806109354831278324e-04
3.750845193862915039e-01
3.934964071959257126e-03
9.352476918138563633e-04
3.031726693734526634e-03
4.249903140589594841e-04
1.643113605678081512e-02
8.936075493693351746e-03
9.324886202812194824e-01
6.849362398497760296e-04
2.159422547265421599e-05
2.517748624086380005e-03
9.371512569487094879e-03
1.518250256776809692e-02
4.964167019352316856e-04
2.521681487560272217e-01
9.572605490684509277e-01
2.627711743116378784e-02
1.487404806539416313e-03
1.893773674964904785e-03
1.457218732684850693e-02
7.325505139306187630e-04
9.976872205734252930e-01
6.498679518699645996e-03
3.027216298505663872e-04
3.380651469342410564e-04
5.568454861640930176e-01
9.753339290618896484e-01
1.068304702639579773e-01
1.977020408958196640e-03
9.452656842768192291e-03
7.356336116790771484e-01
3.869740059599280357e-03
4.105174839496612549e-01
5.206734407693147659e-03
4.152235109359025955e-03
1.258073025383055210e-03
4.068759735673666000e-03
5.007670260965824127e-03
5.534855183213949203e-03
8.348114490509033203e-01
9.976149797439575195e-01
4.404489416629076004e-03
1.546019804663956165e-03
2.578629553318023682e-02
4.214613232761621475e-03
1.203766325488686562e-03
1.494945958256721497e-02
2.815854549407958984e-02
1.399865653365850449e-02
6.837467080913484097e-04
5.137542029842734337e-04
1.348578603938221931e-03
2.876068353652954102e-01
1.419678097590804100e-03
3.942917101085186005e-03
5.648811813443899155e-03
3.280043900012969971e-01
2.159367082640528679e-03
1.613037474453449249e-02
6.967849284410476685e-02
1.688711810857057571e-03
4.038704559206962585e-02
9.789415597915649414e-01
2.958459779620170593e-03
1.332519343122839928e-03
8.216950297355651855e-02
1.499877031892538071e-02
3.403540700674057007e-03
2.757336478680372238e-03
2.143055573105812073e-02
1.068977173417806625e-03
2.002117224037647247e-03
1.615351587533950806e-01
1.884363940916955471e-03
2.255704998970031738e-01
3.147363895550370216e-04
2.132346853613853455e-03
1.243002340197563171e-02
9.988579750061035156e-01
3.136855550110340118e-03
1.280482020229101181e-02
4.439940676093101501e-03
9.622229933738708496e-01
1.908722817897796631e-01
4.582772031426429749e-03
7.074883673340082169e-03
1.884777545928955078e-01
3.194031072780489922e-03
7.319352030754089355e-02
3.017063252627849579e-02
6.131934374570846558e-02
2.877673367038369179e-03
1.468555303290486336e-03
6.928292568773031235e-03
7.080959081649780273e-01
3.172125725541263819e-04
1.254545245319604874e-02
7.239200058393180370e-04
7.081240182742476463e-04
9.611188769340515137e-01
2.011443284573033452e-04
9.881645441055297852e-01
5.957439076155424118e-03
2.654412528499960899e-03
1.422449015080928802e-03
1.999836713075637817e-01
2.925812266767024994e-03
4.123548569623380899e-04
3.704695845954120159e-04
4.319945815950632095e-03
4.114717245101928711e-01
1.318897120654582977e-03
3.325080275535583496e-01
1.208876818418502808e-02
9.793382287025451660e-01
4.971454851329326630e-03
1.483615720644593239e-03
1.283560544252395630e-01
5.368252471089363098e-02
3.777409493923187256e-01
3.239639848470687866e-02
5.681277438998222351e-02
1.437412574887275696e-02
1.123689697124063969e-03
1.972887665033340454e-03
6.490990519523620605e-03
4.952033460140228271e-01
3.924799263477325439e-01
3.620199114084243774e-02
7.077525951899588108e-04
6.629785057157278061e-03
5.383053421974182129e-01
6.201250944286584854e-03
1.342628337442874908e-02
1.195756420493125916e-01
1.876440946944057941e-03
3.031607251614332199e-03
2.746285200119018555e-01
9.778022170066833496e-01
2.789791673421859741e-02
2.237189747393131256e-02
4.225242882966995239e-03
5.921924486756324768e-02
4.239148925989866257e-03
1.488056965172290802e-02
5.830828845500946045e-02
6.837803870439529419e-03
2.068911120295524597e-02
6.908700801432132721e-03
4.701957106590270996e-03
4.531221836805343628e-02
1.708948984742164612e-02
1.028806669637560844e-03
3.837881376966834068e-03
7.071063388139009476e-03
9.651096537709236145e-03
4.701268300414085388e-02
1.442945678718388081e-03
7.127408683300018311e-02
4.427244886755943298e-03
7.870981469750404358e-03
2.631576061248779297e-01
2.677579782903194427e-02
1.640287041664123535e-02
2.163044846383854747e-04
1.030057761818170547e-02
3.055719891563057899e-03
3.834569454193115234e-02
2.351536974310874939e-02
8.485885336995124817e-03
8.243517018854618073e-03
3.945659846067428589e-03
2.211363613605499268e-01
2.808750374242663383e-03
4.684365987777709961e-01
1.270254608243703842e-03
2.648376673460006714e-02
2.305484376847743988e-02
2.502027666196227074e-03
8.690170943737030029e-03
5.644059274345636368e-04
6.419036537408828735e-03
1.652770042419433594e-01
9.401958435773849487e-02
3.252082765102386475e-01
2.565745380707085133e-04
2.903758722823113203e-04
7.319094613194465637e-03
1.055266358889639378e-03
4.206811543554067612e-03
8.890570141375064850e-03
3.325411817058920860e-03
3.587399125099182129e-01
1.050053443759679794e-02
3.496505087241530418e-03
3.685567295178771019e-03
5.602295510470867157e-03
2.100500569213181734e-04
2.734112786129117012e-04
7.580372039228677750e-03
3.009834326803684235e-04
6.664643064141273499e-03
2.524234587326645851e-03
7.970628328621387482e-03
5.246328711509704590e-01
8.738299012184143066e-01
5.158792808651924133e-02
4.217179492115974426e-03
9.383686184883117676e-01
2.514827356208115816e-04
4.297413676977157593e-02
2.859979681670665741e-02
5.134335756301879883e-01
5.320743191987276077e-03
5.812724120914936066e-03
2.728061378002166748e-02
1.533962972462177277e-02
4.558749869465827942e-02
3.616774678230285645e-01
5.449113249778747559e-01
2.075420692563056946e-02
2.949431538581848145e-02
2.392722479999065399e-02
1.054977700114250183e-01
1.487683691084384918e-02
8.463850244879722595e-04
1.093253679573535919e-02
2.858864376321434975e-03
1.068918406963348389e-01
3.636050503700971603e-03
8.284041658043861389e-03
8.393980562686920166e-03
1.509334892034530640e-01
3.871632041409611702e-03
1.843681442551314831e-03
1.420795917510986328e-02
1.866681734099984169e-03
3.641918010544031858e-04
9.056100388988852501e-04
4.474347531795501709e-01
4.425053484737873077e-03
2.892296016216278076e-02
8.021792396903038025e-03
9.991779923439025879e-01
8.937886916100978851e-03
4.844644293189048767e-02
6.413739323616027832e-01
6.485239602625370026e-03
1.338829565793275833e-02
5.214615375734865665e-04
5.748752970248460770e-03
7.816535653546452522e-04
1.540223136544227600e-03
7.172704208642244339e-03
3.025796031579375267e-03
7.975799031555652618e-03
9.048668667674064636e-03
2.016154974699020386e-01
1.000382155179977417e-01
1.913767680525779724e-02
4.295447142794728279e-04
2.850717008113861084e-01
3.304726909846067429e-03
1.641587726771831512e-02
2.034212648868560791e-01
2.625207416713237762e-03
7.596955401822924614e-04
3.101923968642950058e-03
2.243007766082882881e-03
4.401708953082561493e-03
1.293946709483861923e-02
8.742917329072952271e-03
1.362763196229934692e-01
1.596536114811897278e-02
3.626676201820373535e-01
9.108263766393065453e-04
8.232207968831062317e-03
8.574975654482841492e-03
3.313321387395262718e-03
7.010610103607177734e-01
2.127872081473469734e-03
1.723531261086463928e-02
2.994835376739501953e-04
8.498540148138999939e-03
4.978877678513526917e-02
1.370585262775421143e-01
3.935550525784492493e-02
3.347215801477432251e-02
8.984767198562622070e-01
3.892178065143525600e-04
2.997298259288072586e-03
6.417655386030673981e-04
9.056582930497825146e-04
3.877335111610591412e-04
4.763877950608730316e-03
1.486960798501968384e-03
4.866861854679882526e-04
3.586682258173823357e-03
4.044035822153091431e-02
1.242086058482527733e-03
4.184933495707809925e-04
1.193947810679674149e-02
9.716350585222244263e-03
1.256647426635026932e-02
9.185878559947013855e-03
1.790372468531131744e-02
9.688364267349243164e-01
4.750292375683784485e-02
6.782913114875555038e-04
4.105542898178100586e-01
2.403423422947525978e-05
4.330360796302556992e-03
4.035450110677629709e-04
2.818832695484161377e-01
3.018320130649954081e-04
3.574935544747859240e-04
2.261874731630086899e-03
1.033907569944858551e-02
7.570334710180759430e-03
4.320628941059112549e-04
8.343079090118408203e-01
5.179931968450546265e-02
6.132573471404612064e-04
2.364122541621327400e-03
5.053038476034998894e-04
2.088177762925624847e-02
9.510108502581715584e-04
2.952829527202993631e-04
6.049094721674919128e-02
8.297413587570190430e-04
1.114784856326878071e-03
9.921750985085964203e-03
3.211255418136715889e-03
9.891367517411708832e-04
6.595802307128906250e-01
3.553813695907592773e-02
2.663038484752178192e-02
4.117795906495302916e-04
4.023381695151329041e-02
2.859769761562347412e-02
7.487667798995971680e-01
7.297293050214648247e-04
1.576673984527587891e-02
7.127795219421386719e-01
2.084281528368592262e-03
1.490578893572092056e-02
1.425648853182792664e-02
2.929419875144958496e-01
3.945678472518920898e-03
6.785628199577331543e-02
1.295396406203508377e-02
5.904731340706348419e-03
5.140033364295959473e-01
1.080210669897496700e-03
6.479407660663127899e-03
8.757665753364562988e-03
4.825877491384744644e-03
7.183579145930707455e-04
9.995331056416034698e-03
3.561149351298809052e-04
2.195035805925726891e-03
5.533201619982719421e-03
2.053876407444477081e-02
9.127407521009445190e-02
9.771282784640789032e-04
4.176599904894828796e-03
7.339926809072494507e-02
7.360921502113342285e-01
1.360093895345926285e-02
9.169215336441993713e-03
2.120565390214323997e-03
1.629233447602018714e-04
2.918312549591064453e-01
3.567391932010650635e-01
2.385454485192894936e-03
4.675740376114845276e-02
2.807895652949810028e-03
2.359483689069747925e-01
2.589822746813297272e-02
3.296560898888856173e-04
2.532593673095107079e-03
2.121126651763916016e-02
6.169787608087062836e-03
4.822186753153800964e-02
3.063856856897473335e-03
1.539385179057717323e-03
9.461963772773742676e-01
6.608281135559082031e-01
2.099174540489912033e-03
3.086798533331602812e-04
4.353651776909828186e-02
3.585500270128250122e-02
1.853629387915134430e-02
2.661292068660259247e-02
3.106117481365799904e-03
1.934795174747705460e-03
2.639454789459705353e-02
5.654533505439758301e-01
2.613839460536837578e-03
8.004342205822467804e-03
2.805581549182534218e-03
3.669598139822483063e-03
1.509942812845110893e-04
7.860871846787631512e-04
4.747044295072555542e-03
1.557756122201681137e-02
4.081096558365970850e-04
1.803076267242431641e-02
1.953785121440887451e-02
9.967681169509887695e-01
1.246106112375855446e-03
1.329605840146541595e-02
1.696951314806938171e-02
6.902227178215980530e-04
1.254184637218713760e-03
2.397983102127909660e-03
1.199739868752658367e-03
6.483405013568699360e-04
7.580738747492432594e-04
4.441911354660987854e-02
6.022197776474058628e-04
1.083761220797896385e-03
1.396511332131922245e-03
1.387391239404678345e-02
7.953719794750213623e-02
9.181358618661761284e-04
9.853705167770385742e-01
9.523903131484985352e-01
6.842600414529442787e-04
1.202647108584642410e-03
4.688395857810974121e-01
2.248912496725097299e-04
9.967654943466186523e-01
2.800922840833663940e-03
9.596193558536469936e-04
3.528469474986195564e-03
1.192779978737235069e-03
9.959045052528381348e-01
8.393889665603637695e-01
1.328052580356597900e-01
6.938007194548845291e-03
5.243734456598758698e-03
1.772550866007804871e-03
3.121837507933378220e-03
6.651540752500295639e-04
6.165908575057983398e-01
1.476331730373203754e-03
9.996869564056396484e-01
1.484333071857690811e-02
3.538196161389350891e-02
5.570158828049898148e-04
1.630711019970476627e-03
1.740972399711608887e-01
2.397445961833000183e-03
1.446562260389328003e-01
7.606035796925425529e-04
4.227089229971170425e-03
3.159660380333662033e-03
4.126417043153196573e-04
5.873100599274039268e-04
9.682892821729183197e-03
1.744422828778624535e-03
1.903975848108530045e-03
7.539712358266115189e-03
8.222926990129053593e-04
4.045496229082345963e-03
4.328883439302444458e-02
5.996659863740205765e-03
4.910605773329734802e-02
1.487212069332599640e-02
1.440991759300231934e-01
2.022569999098777771e-03
4.072654992341995239e-03
2.996982075273990631e-03
6.098156445659697056e-04
5.119396373629570007e-04
9.968320839107036591e-03
7.379199378192424774e-04
1.701110275462269783e-03
9.932347573339939117e-03
1.474148407578468323e-02
1.784763415344059467e-03
9.995579021051526070e-04
1.350621692836284637e-03
6.456374190747737885e-03
4.960271762683987617e-04
2.979206442832946777e-01
2.270009601488709450e-03
6.410882472991943359e-01
8.941273554228246212e-04
1.744823157787322998e-02
8.586212061345577240e-04
4.066454991698265076e-02
4.829491302371025085e-02
1.157599873840808868e-02
1.312238164246082306e-03
1.699359621852636337e-03
2.803119458258152008e-02
1.229658257216215134e-03
2.896500809583812952e-04
6.826918125152587891e-01
1.700283400714397430e-02
1.582919969223439693e-03
3.603956720326095819e-04
8.292280253954231739e-04
8.078998327255249023e-01
2.736258786171674728e-03
4.231772385537624359e-03
1.695083483355119824e-04
6.081806961447000504e-03
6.600630935281515121e-03
1.910590566694736481e-03
3.290679887868463993e-04
1.598170772194862366e-02
1.155100646428763866e-03
1.454631332308053970e-03
5.720477085560560226e-03
6.865484640002250671e-03
9.262618422508239746e-01
2.915768027305603027e-01
7.888594269752502441e-02
3.273273759987205267e-04
2.103042788803577423e-03
1.008026301860809326e-01
7.895635813474655151e-02
6.674410775303840637e-03
5.305776372551918030e-03
2.576088299974799156e-03
3.178506391122937202e-03
6.954388022422790527e-01
3.367004101164638996e-04
3.254138282500207424e-04
1.146878674626350403e-02
6.306307017803192139e-02
8.023573318496346474e-04
8.842219114303588867e-01
5.764773115515708923e-03
3.147107083350419998e-03
3.855077375192195177e-04
1.321926899254322052e-02
5.245701596140861511e-02
1.959154615178704262e-03
2.897922135889530182e-02
1.783329178579151630e-03
7.185398600995540619e-03
1.232547871768474579e-02
8.443759381771087646e-02
4.683296720031648874e-04
1.029463019222021103e-04
2.646808745339512825e-03
6.641008891165256500e-03
1.202629879117012024e-03
3.389023989439010620e-02
6.577789783477783203e-03
1.112126279622316360e-03
7.681125425733625889e-04
5.825425982475280762e-01
2.228759694844484329e-03
1.063666888512670994e-03
1.007869606837630272e-03
1.666672760620713234e-03
9.982538819313049316e-01
7.762768864631652832e-02
6.097091361880302429e-03
4.968671128153800964e-04
7.515185046941041946e-03
4.761843476444482803e-03
4.815690685063600540e-03
1.513631492853164673e-01
5.950978957116603851e-03
1.066247001290321350e-02
5.023106466978788376e-03
1.652070693671703339e-02
8.163277059793472290e-02
4.004471469670534134e-03
1.114235911518335342e-02
4.566592397168278694e-04
1.802634447813034058e-03
1.805016584694385529e-02
9.781110286712646484e-01
9.887354448437690735e-03
6.812663283199071884e-03
3.287956351414322853e-03
4.385972861200571060e-03
1.328594866208732128e-03
4.612316377460956573e-03
8.326016366481781006e-03
8.017635941505432129e-01
6.518292240798473358e-03
9.950614571571350098e-01
1.868191058747470379e-03
4.396604839712381363e-03
3.877809643745422363e-01
7.447429234161973000e-04
3.205417888239026070e-03
2.973566390573978424e-02
3.531243884935975075e-03
3.612248972058296204e-02
1.292114239186048508e-02
2.596194681245833635e-04
3.979669883847236633e-02
1.230325549840927124e-03
3.992669880390167236e-01
1.236821874044835567e-03
2.029559612274169922e-01
8.496423959732055664e-01
6.336977239698171616e-04
5.120615661144256592e-02
1.247022487223148346e-02
1.467357110232114792e-02
1.367932767607271671e-03
2.769874699879437685e-04
1.009844429790973663e-02
2.335676923394203186e-03
5.395079497247934341e-04
1.087146694771945477e-03
2.829430450219660997e-04
6.689575966447591782e-04
4.349861759692430496e-03
2.540040528401732445e-03
7.880431413650512695e-02
6.414622068405151367e-03
5.274480208754539490e-04
7.362734759226441383e-04
4.076570621691644192e-04
2.819907106459140778e-02
7.545534172095358372e-04
1.058182329870760441e-03
1.426965318387374282e-04
7.998833060264587402e-02
2.095695352181792259e-03
9.806693196296691895e-01
7.577260839752852917e-04
5.535241216421127319e-04
3.518712241202592850e-03
4.950223863124847412e-02
5.934786200523376465e-01
4.783707205206155777e-03
1.615882851183414459e-03
1.048256549984216690e-02
7.388219237327575684e-01
1.676165033131837845e-03
3.944764137268066406e-01
3.950557671487331390e-03
1.986562740057706833e-03
3.349216713104397058e-04
4.419486038386821747e-03
5.609459243714809418e-03
1.330811646766960621e-03
2.960543893277645111e-02
1.030741911381483078e-02
4.888577386736869812e-04
1.053074747323989868e-01
5.186190456151962280e-02
9.964454770088195801e-01
7.750517874956130981e-02
1.466009416617453098e-03
1.073786709457635880e-02
3.418882191181182861e-01
2.799730049446225166e-03
5.626273341476917267e-04
3.929593414068222046e-02
6.119576864875853062e-04
3.075480647385120392e-02
3.018569946289062500e-02
4.091039597988128662e-01
2.938583493232727051e-03
2.497388049960136414e-02
1.929424516856670380e-02
2.452949760481715202e-03
1.709040137939155102e-03
2.391126938164234161e-03
5.791622097603976727e-04
2.884997229557484388e-04
3.924832120537757874e-02
2.172651328146457672e-02
2.789830556139349937e-03
5.235678702592849731e-02
1.826369785703718662e-03
1.669750083237886429e-03
9.987760186195373535e-01
9.698559879325330257e-04
3.297365084290504456e-02
9.638238549232482910e-01
3.329097758978605270e-03
2.142304292647168040e-04
5.155676975846290588e-03
7.316990941762924194e-02
2.696621231734752655e-03
2.706842720508575439e-01
3.210125565528869629e-01
6.846046540886163712e-03
2.498679561540484428e-03
1.031817053444683552e-03
8.450703695416450500e-03
1.882876455783843994e-01
2.321467734873294830e-03
1.209657918661832809e-02
5.659413337707519531e-01
8.179411292076110840e-01
2.441086573526263237e-03
1.954552903771400452e-02
2.746287034824490547e-03
7.350480556488037109e-02
1.795245893299579620e-02
5.751741700805723667e-04
1.338817528448998928e-03
1.313093770295381546e-02
3.004974452778697014e-03
3.985338844358921051e-03
6.774611538276076317e-04
3.034847322851419449e-03
4.087394336238503456e-04
8.278373279608786106e-04
4.880481865257024765e-03
1.182108971988782287e-04
7.083514705300331116e-03
7.253628224134445190e-03
1.231143344193696976e-02
5.047690356150269508e-04
3.883010745048522949e-01
3.038826026022434235e-02
6.578512024134397507e-03
3.933329426217824221e-04
1.316045643761754036e-03
4.084962978959083557e-02
1.177373230457305908e-01
9.935791492462158203e-01
1.132145822048187256e-01
4.700199142098426819e-02
3.408328816294670105e-02
5.132936057634651661e-04
3.413060912862420082e-03
9.399582049809396267e-04
1.184299704618752003e-03
9.993181228637695312e-01
2.126089297235012054e-02
3.103365749120712280e-02
5.177081823348999023e-01
9.525828957557678223e-01
2.869545482099056244e-02
1.344811320304870605e-01
7.772251963615417480e-01
8.823332190513610840e-02
5.526108434423804283e-04
9.869070053100585938e-01
4.030109383165836334e-03
2.500790171325206757e-03
1.342174597084522247e-03
1.084521971642971039e-02
7.333411485888063908e-04
7.477951236069202423e-03
1.110458374023437500e-02
7.217775583267211914e-01
4.681609570980072021e-03
3.864576816558837891e-01
3.942739218473434448e-02
1.741906255483627319e-02
2.911859564483165741e-02
3.340547159314155579e-02
1.088636294007301331e-01
3.489729389548301697e-02
1.314428809564560652e-04
6.333650089800357819e-04
9.199659689329564571e-04
6.239053327590227127e-03
4.546525888144969940e-03
6.374900341033935547e-01
6.085947155952453613e-03
8.051252923905849457e-03
1.586377504281699657e-03
3.618662431836128235e-02
2.669267058372497559e-01
1.738472725264728069e-03
1.327499980106949806e-03
3.177507547661662102e-03
3.676994005218148232e-03
4.404015466570854187e-02
4.804973024874925613e-03
1.439206581562757492e-02
3.400139277800917625e-03
2.123147016391158104e-03
1.502211950719356537e-02
5.085662123747169971e-04
6.608583498746156693e-03
1.555913011543452740e-03
9.832302108407020569e-03
6.888256175443530083e-04
9.681245088577270508e-01
1.686952164163812995e-04
9.195877937600016594e-04
5.601108074188232422e-03
1.780318841338157654e-02
2.109233103692531586e-02
2.181663294322788715e-04
4.244380816817283630e-02
6.612319499254226685e-03
7.683319970965385437e-03
5.742922052741050720e-02
7.846887111663818359e-01
1.929737278260290623e-03
5.331025458872318268e-04
7.666235417127609253e-02
2.311348362127318978e-04
1.965036988258361816e-02
6.116911303251981735e-03
3.854217007756233215e-02
1.715391757898032665e-03
1.024041622877120972e-01
1.716727390885353088e-03
4.252349492162466049e-03
6.152018439024686813e-03
2.653636224567890167e-02
9.174786210060119629e-01
2.117970725521445274e-03
1.916669134516268969e-04
3.708853328134864569e-04
8.021852700039744377e-04
9.985215067863464355e-01
6.932300748303532600e-04
4.565281327813863754e-03
5.798189085908234119e-04
2.304337918758392334e-03
4.478813409805297852e-01
3.628082631621509790e-04
7.099016103893518448e-03
1.178888455033302307e-01
2.967626089230179787e-03
8.891188190318644047e-04
1.256091054528951645e-04
1.031362824141979218e-02
5.438116937875747681e-02
5.494111101143062115e-04
2.648943476378917694e-02
8.987410110421478748e-04
2.800657153129577637e-01
3.973083104938268661e-03
3.391564264893531799e-02
4.048080518259666860e-05
9.996989965438842773e-01
2.037804573774337769e-03
1.141443196684122086e-02
2.874515717849135399e-03
2.721220953390002251e-03
2.792413346469402313e-02
3.190658614039421082e-02
2.227421477437019348e-02
3.215017030015587807e-03
1.358522847294807434e-02
1.632925006560981274e-03
5.509237945079803467e-02
8.534361124038696289e-01
1.062901783734560013e-02
5.858121439814567566e-02
1.893415814265608788e-03
4.015003144741058350e-02
7.642622571438550949e-03
3.831591084599494934e-02
3.825960308313369751e-02
6.200963398441672325e-04
1.175650581717491150e-02
1.484745065681636333e-03
1.673063845373690128e-03
8.070461452007293701e-03
7.434049993753433228e-02
6.026900932192802429e-02
1.669959048740565777e-03
4.039987921714782715e-03
2.570513822138309479e-02
2.305420488119125366e-02
1.297026406973600388e-02
9.841823950409889221e-03
1.739000901579856873e-03
6.283286958932876587e-02
6.553643033839762211e-04
1.258954778313636780e-02
4.369802772998809814e-02
7.945586927235126495e-03
1.042493712157011032e-02
9.073550105094909668e-01
8.577555418014526367e-01
1.712678495096042752e-04
9.072228334844112396e-03
4.066128749400377274e-03
2.284516692161560059e-01
3.164095878601074219e-01
9.165464900434017181e-03
8.301253914833068848e-01
1.817105803638696671e-03
9.763719439506530762e-01
1.618315130472183228e-01
1.644151508808135986e-01
2.628013258799910545e-03
1.103677507489919662e-02
3.961698152124881744e-03
1.696190983057022095e-02
2.504296833649277687e-03
1.708848960697650909e-02
6.037584319710731506e-02
1.031011994928121567e-02
8.455871604382991791e-03
1.130325326812453568e-04
5.256763659417629242e-03
4.344293847680091858e-04
1.242528669536113739e-03
1.101367757655680180e-03
3.696867730468511581e-03
3.085489869117736816e-01
2.949582412838935852e-04
3.629540558904409409e-03
9.314591288566589355e-01
1.950465812114998698e-04
2.795188687741756439e-02
5.725597497075796127e-03
1.626893132925033569e-01
4.674417078495025635e-01
4.696185234934091568e-03
4.434737202245742083e-04
3.576603019610047340e-03
9.131246805191040039e-01
9.997623562812805176e-01
4.500019829720258713e-03
1.116620469838380814e-02
9.196333885192871094e-01
2.912061987444758415e-03
8.587827906012535095e-03
3.365937154740095139e-04
5.108698969706892967e-04
2.193022519350051880e-02
8.283932693302631378e-04
1.311901770532131195e-02
5.611163005232810974e-02
1.892236620187759399e-02
3.001177497208118439e-02
4.695380926132202148e-01
1.236279010772705078e-01
3.503720462322235107e-02
1.432945136912167072e-03
4.009600263088941574e-03
8.174557238817214966e-03
3.974579740315675735e-03
6.992788612842559814e-02
1.178613677620887756e-02
2.942065708339214325e-03
2.979053417220711708e-03
9.757668375968933105e-01
1.166684739291667938e-02
3.714179154485464096e-03
3.258881915826350451e-04
7.413008064031600952e-02
5.735826678574085236e-03
9.950299747288227081e-03
9.990755319595336914e-01
3.613882139325141907e-02
4.413447808474302292e-03
2.944772839546203613e-01
2.093276083469390869e-01
3.106799675151705742e-03
5.259732133708894253e-04
6.156593561172485352e-02
2.709164982661604881e-03
1.528109144419431686e-02
1.889609172940254211e-02
9.937052130699157715e-01
7.607327308505773544e-03
3.490994567982852459e-04
1.290434878319501877e-02
9.628440020605921745e-04
5.973978433758020401e-03
1.751549728214740753e-02
3.662792593240737915e-02
8.900596760213375092e-03
9.010475873947143555e-01
2.816801716107875109e-04
4.063109867274761200e-03
7.146723270416259766e-01
1.036895904690027237e-02
6.965282838791608810e-03
6.671961545944213867e-01
6.131463870406150818e-02
7.918888702988624573e-03
1.073278766125440598e-02
9.536487050354480743e-03
9.725536406040191650e-02
2.108232825994491577e-01
7.807687669992446899e-02
5.733353900723159313e-04
6.158421747386455536e-04
1.012591645121574402e-01
4.939608648419380188e-02
1.379719935357570648e-03
9.292047470808029175e-04
6.517881527543067932e-03
2.322355750948190689e-03
2.563217421993613243e-04
5.378328263759613037e-02
2.312029013410210609e-03
1.668501496315002441e-01
9.553655385971069336e-01
2.294316887855529785e-03
2.023250237107276917e-02
2.071167677640914917e-01
7.605981081724166870e-02
6.250993814319372177e-03
2.457000373397022486e-04
3.014710673596709967e-04
1.060178875923156738e-02
6.323194829747080803e-04
3.319839537143707275e-01
1.348135154694318771e-02
8.122316002845764160e-02
2.602495718747377396e-03
2.227072138339281082e-03
1.734787598252296448e-03
9.609743952751159668e-01
1.798296230845153332e-03
2.524248848203569651e-04
3.689421107992529869e-03
7.978070527315139771e-03
9.682147502899169922e-01
2.411593450233340263e-03
1.555851544253528118e-03
3.004882601089775562e-04
3.294904949143528938e-03
6.652526208199560642e-04
1.535735209472477436e-04
9.083277545869350433e-03
1.213986775837838650e-03
2.624471671879291534e-04
2.365833614021539688e-03
4.841332323849201202e-03
3.683269023895263672e-04
6.813879124820232391e-03
1.401383522897958755e-02
8.962781284935772419e-04
8.479195088148117065e-02
7.778847217559814453e-01
8.577466360293328762e-04
8.524865843355655670e-03
1.957335695624351501e-02
5.177195183932781219e-03
2.333448035642504692e-03
2.603959001135081053e-04
1.964338868856430054e-02
2.020043320953845978e-02
2.395190484821796417e-02
7.064425735734403133e-04
3.395211417227983475e-03
3.365582320839166641e-03
3.173517808318138123e-02
2.963057020679116249e-03
4.888183437287807465e-03
9.779420495033264160e-01
7.037982810288667679e-03
6.927697104401886463e-04
5.718084285035729408e-04
5.183746106922626495e-04
8.850684389472007751e-03
2.943856418132781982e-01
2.265561372041702271e-03
3.713535144925117493e-03
6.955852732062339783e-03
3.084334358572959900e-02
3.037812933325767517e-02
1.221397687913849950e-04
1.514233499765396118e-01
6.000341381877660751e-03
2.006904920563101768e-03
3.913433849811553955e-01
1.291546318680047989e-02
2.707203617319464684e-03
6.373216863721609116e-03
1.333683729171752930e-03
9.885596632957458496e-01
3.981731832027435303e-01
6.529294885694980621e-03
8.297703415155410767e-02
5.020647644996643066e-01
4.559386987239122391e-03
1.062828488647937775e-02
7.803209871053695679e-02
8.162735612131655216e-04
1.139336964115500450e-03
1.397975906729698181e-02
9.980747476220130920e-03
1.431561820209026337e-02
2.088507870212197304e-03
1.081532761454582214e-01
7.897324860095977783e-03
5.811845418065786362e-03
4.684183001518249512e-02
2.368451561778783798e-03
1.173552824184298515e-03
9.576136944815516472e-04
6.056397221982479095e-03
5.680778995156288147e-03
1.979181775823235512e-03
6.279086694121360779e-03
6.897750310599803925e-03
1.347514521330595016e-02
1.859066542237997055e-03
1.924346550367772579e-03
6.601530313491821289e-01
8.101378381252288818e-02
1.298673887504264712e-04
5.491205374710261822e-04
4.761306568980216980e-02
1.035205051302909851e-01
6.352803669869899750e-03
3.814982774201780558e-04
9.104087352752685547e-01
3.528517484664916992e-02
1.443910528905689716e-03
5.368200363591313362e-04
3.946295008063316345e-03
9.641334414482116699e-01
5.033816560171544552e-04
1.888285428285598755e-01
3.795962035655975342e-01
4.756913054734468460e-03
2.436232054606080055e-03
2.827687887474894524e-03
1.296005677431821823e-03
2.611737325787544250e-02
1.215297030285000801e-03
8.290785551071166992e-02
8.722589612007141113e-01
5.187636124901473522e-04
3.172316355630755424e-04
1.726803630590438843e-01
6.799990078434348106e-04
1.004460919648408890e-02
2.386897103860974312e-03
1.737189828418195248e-03
1.210101880133152008e-03
2.463997341692447662e-03
5.447858944535255432e-03
5.990762636065483093e-02
7.654931861907243729e-03
2.658578800037503242e-03
1.605251221917569637e-03
7.898610783740878105e-04
2.191138046327978373e-04
3.544737817719578743e-03
9.992302656173706055e-01
4.952837899327278137e-02
2.051262184977531433e-02
1.330232247710227966e-02
9.742145775817334652e-04
2.307511633262038231e-03
5.294861793518066406e-01
7.344610057771205902e-03
2.693287795409560204e-03
1.239514909684658051e-03
2.259152382612228394e-01
3.194544478901661932e-05
2.495385007932782173e-03
1.377072767354547977e-03
1.020841649733483791e-03
3.593984842300415039e-01
1.596708744764328003e-01
6.448273779824376106e-04
5.530085414648056030e-03
1.038958132266998291e-01
3.076163586229085922e-03
2.312989532947540283e-01
9.972846508026123047e-01
9.593285918235778809e-01
2.462826669216156006e-03
5.059781074523925781e-01
7.175552845001220703e-01
7.799105644226074219e-01
3.475099056959152222e-02
1.860434073023498058e-03
3.115985775366425514e-03
7.333403453230857849e-03
7.860985398292541504e-02
3.501052269712090492e-03
2.881156979128718376e-04
6.524172495119273663e-04
5.882747005671262741e-03
9.295019321143627167e-03
9.561103582382202148e-01
1.625554636120796204e-02
2.776613458991050720e-03
2.000697189942002296e-03
9.987486600875854492e-01
9.423497319221496582e-01
8.519397233612835407e-04
2.670924644917249680e-03
2.378235803917050362e-03
3.843847513198852539e-01
1.038869027979671955e-03
1.272539142519235611e-02
8.864905834197998047e-01
2.836875617504119873e-01
1.928996481001377106e-02
7.095250184647738934e-04
1.245831954292953014e-03
2.441806048154830933e-01
3.426048755645751953e-01
1.015252154320478439e-02
1.185691654682159424e-01
3.167771175503730774e-02
1.531001031398773193e-01
2.255678176879882812e-02
2.425334183499217033e-03
3.925322671420872211e-04
2.009190618991851807e-03
2.572976239025592804e-02
1.252025016583502293e-03
1.064421907067298889e-01
5.454702768474817276e-04
3.638131893239915371e-04
3.742645308375358582e-02
1.085888477973639965e-03
2.337643411010503769e-03
8.274937421083450317e-02
1.870149001479148865e-02
2.007703110575675964e-02
1.283586607314646244e-03
5.767840147018432617e-01
4.375370219349861145e-03
1.698313979431986809e-03
3.722347319126129150e-02
4.344283789396286011e-02
1.316646579653024673e-02
2.336405068635940552e-01
5.687058717012405396e-02
4.855501651763916016e-02
1.930022961460053921e-03
2.290596719831228256e-03
2.970086410641670227e-03
2.253869024571031332e-04
2.015550155192613602e-03
3.766460111364722252e-03
2.788050041999667883e-04
2.534348284825682640e-03
6.751867942512035370e-03
2.548226388171315193e-03
8.713325113058090210e-02
9.367140382528305054e-02
7.439120858907699585e-02
8.094704896211624146e-02
1.862845965661108494e-03
8.168436884880065918e-01
7.668545003980398178e-03
2.931096963584423065e-02
1.138047035783529282e-02
7.502566557377576828e-03
1.893398817628622055e-03
1.598359784111380577e-03
1.659256406128406525e-02
8.806947735138237476e-04
4.613036755472421646e-03
2.500326931476593018e-01
2.670899778604507446e-02
2.832440659403800964e-03
3.313212888315320015e-03
8.384932279586791992e-01
2.832835540175437927e-03
9.822836145758628845e-03
1.284470898099243641e-03
1.552109699696302414e-02
1.049843430519104004e-02
6.688287481665611267e-03
8.050833828747272491e-03
3.088556695729494095e-03
4.004283994436264038e-02
1.591601467225700617e-04
3.944066911935806274e-02
1.425313353538513184e-01
1.343278214335441589e-03
1.085634622722864151e-02
1.951065845787525177e-02
3.863114165142178535e-03
8.540178532712161541e-05
4.929780587553977966e-02
6.483620963990688324e-04
5.099857226014137268e-03
2.346703084185719490e-03
4.312993586063385010e-01
4.660301506519317627e-01
6.854009116068482399e-04
3.483174368739128113e-02
3.850031197071075439e-01
1.595441135577857494e-03
1.807646127417683601e-03
9.550355607643723488e-04
3.103029739577323198e-04
1.778631936758756638e-03
8.414511685259640217e-04
9.381478652358055115e-03
1.692761294543743134e-02
2.423125952482223511e-01
1.346956123597919941e-03
1.263752765953540802e-02
7.511978619731962681e-04
2.519756555557250977e-03
2.128379046916961670e-02
4.325772169977426529e-03
1.061440072953701019e-02
1.652009412646293640e-02
4.712738562375307083e-03
7.317300885915756226e-03
7.481590000679716468e-05
1.908063306473195553e-03
2.602243912406265736e-04
5.669568777084350586e-01
2.478080568835139275e-03
8.126263022422790527e-01
4.749184846878051758e-02
5.600611679255962372e-03
6.024395581334829330e-03
9.284188039600849152e-03
6.839890847913920879e-04
1.409799209795892239e-03
2.820853842422366142e-03
2.243040688335895538e-02
1.040280517190694809e-02
2.968924352899193764e-03
5.699630128219723701e-04
4.484136123210191727e-03
4.591064993292093277e-03
2.856630599126219749e-04
5.002862587571144104e-02
6.704657524824142456e-02
6.957722944207489491e-04
7.444541901350021362e-02
3.188965469598770142e-02
1.795055568218231201e-01
8.927410817705094814e-04
9.578409790992736816e-02
3.801376326009631157e-03
4.100161313544958830e-04
1.414437312632799149e-02
2.145497314631938934e-02
2.956875972449779510e-02
6.259961128234863281e-01
1.433329423889517784e-03
7.056731730699539185e-03
1.728528365492820740e-02
6.480456888675689697e-02
1.127261947840452194e-02
6.215382018126547337e-04
1.282736659049987793e-03
9.304261803627014160e-01
6.976703647524118423e-03
8.720881305634975433e-03
6.942416657693684101e-04
5.766540765762329102e-01
1.271745115518569946e-01
4.080110229551792145e-03
2.640742110088467598e-03
3.276146650314331055e-01
2.745426492765545845e-03
9.553255140781402588e-02
1.615492627024650574e-02
1.132959034293889999e-02
2.594368997961282730e-03
4.322268068790435791e-03
5.748030729591846466e-03
3.990818560123443604e-01
5.172893777489662170e-02
5.953999161720275879e-01
2.310243248939514160e-02
6.838801316916942596e-03
6.575226783752441406e-02
1.407678332179784775e-02
1.699781161732971668e-03
3.503888146951794624e-03
9.146591275930404663e-02
9.043924510478973389e-02
5.956456530839204788e-03
9.913477301597595215e-01
1.074889488518238068e-02
4.539613798260688782e-02
1.800001040101051331e-02
2.668386511504650116e-02
9.687328338623046875e-02
1.139307627454400063e-03
1.629961188882589340e-03
5.582394544035196304e-03
2.158708637580275536e-03
9.344892459921538830e-04
1.604648530483245850e-01
2.224718183279037476e-01
4.801548784598708153e-04
9.998831748962402344e-01
7.748956326395273209e-03
6.308162584900856018e-03
8.534980006515979767e-03
9.059220319613814354e-04
6.033379118889570236e-03
1.621412462554872036e-03
3.455386310815811157e-02
1.080355327576398849e-02
6.190888816490769386e-04
8.651518225669860840e-01
2.399293519556522369e-02
1.741325948387384415e-03
1.436372846364974976e-01
7.588268518447875977e-01
5.811032652854919434e-01
4.166455268859863281e-01
9.555314667522907257e-03
5.442359298467636108e-02
1.043474115431308746e-02
8.076082915067672729e-03
1.603238843381404877e-02
3.498231759294867516e-03
4.558250773698091507e-03
1.633624779060482979e-03
6.963505409657955170e-03
5.292171612381935120e-03
2.032885327935218811e-02
3.595950007438659668e-01
1.228150678798556328e-03
8.387714624404907227e-04
3.353755921125411987e-03
7.907005399465560913e-02
1.049719154834747314e-01
9.487034752964973450e-03
3.439460322260856628e-02
4.510377068072557449e-03
7.427671551704406738e-02
4.486735910177230835e-03
1.499276608228683472e-03
1.595769717823714018e-04
6.668363930657505989e-04
3.127685515210032463e-03
4.613159690052270889e-04
1.469735405407845974e-03
1.739092753268778324e-03
1.003133947961032391e-03
1.911769504658877850e-03
4.181540757417678833e-02
2.161885611712932587e-03
1.048573106527328491e-02
6.859075743705034256e-03
1.050046551972627640e-02
2.484510419890284538e-03
3.630239889025688171e-02
4.874774254858493805e-03
3.120205551385879517e-02
4.749431908130645752e-01
2.727749524638056755e-04
1.977042062208056450e-03
1.488060504198074341e-02
5.824826657772064209e-04
2.428532898193225265e-04
8.473057150840759277e-01
8.378025959245860577e-04
2.833288162946701050e-03
7.952497107908129692e-04
1.824761182069778442e-02
3.755690297111868858e-03
1.474555116146802902e-03
4.801843781024217606e-03
3.926298767328262329e-02
1.067896257154643536e-03
4.032935481518507004e-03
4.844647049903869629e-01
1.469479291699826717e-03
5.643813405185937881e-03
2.267437521368265152e-03
1.108102407306432724e-02
8.073171600699424744e-03
1.214732299558818340e-03
4.539009928703308105e-02
9.148479104042053223e-01
2.937175566330552101e-03
1.402198150753974915e-02
3.230669826734811068e-04
2.078796736896038055e-02
1.964590996503829956e-01
5.945826694369316101e-02
8.050403557717800140e-03
1.037673675455152988e-03
4.988639801740646362e-02
5.383617430925369263e-02
7.335159182548522949e-01
6.372640375047922134e-03
6.695674657821655273e-01
5.147812888026237488e-02
3.692887956276535988e-03
1.587917446158826351e-03
1.682790368795394897e-02
5.797158228233456612e-04
8.122169375419616699e-01
5.238163867034018040e-04
2.017677063122391701e-03
5.397157277911901474e-03
1.319127739407122135e-03
5.256732692942023277e-04
1.019260496832430363e-03
2.019745064899325371e-03
7.924012094736099243e-02
2.112045185640454292e-03
1.603759883437305689e-04
1.105326577089726925e-03
8.590384968556463718e-04
1.943426439538598061e-03
3.278111107647418976e-04
1.131245517171919346e-03
1.951735932379961014e-03
4.460192024707794189e-01
5.737640894949436188e-03
1.042713690549135208e-02
1.010111048817634583e-01
9.961089491844177246e-01
9.151654690504074097e-02
4.267707765102386475e-01
9.993223100900650024e-02
2.342388592660427094e-02
1.656868989812210202e-04
1.417498453520238400e-03
2.988577587530016899e-03
4.952507559210062027e-03
2.104089595377445221e-03
9.551573991775512695e-01
2.494337270036339760e-03
1.057930290699005127e-03
3.342724964022636414e-02
2.893267013132572174e-02
7.221320867538452148e-01
6.894484907388687134e-02
1.622008904814720154e-02
2.820534631609916687e-03
3.769918978214263916e-01
2.013062825426459312e-03
3.916687855962663889e-04
2.599088549613952637e-01
5.920381285250186920e-03
6.779357325285673141e-03
2.351090461015701294e-01
2.091118879616260529e-02
6.403923779726028442e-02
2.651095762848854065e-02
5.784935951232910156e-01
1.314474269747734070e-02
1.066370750777423382e-03
6.444523110985755920e-03
3.259445130825042725e-01
3.186842368450015783e-04
1.372174709104001522e-03
1.700638211332261562e-03
3.152227401733398438e-01
9.794192388653755188e-03
4.833939298987388611e-02
9.900984168052673340e-01
2.528690174221992493e-02
3.032545559108257294e-03
8.592596054077148438e-01
1.222984772175550461e-02
4.752577515318989754e-04
1.056856010109186172e-03
1.063902978785336018e-03
1.933024823665618896e-02
4.858613945543766022e-03
5.117192398756742477e-03
1.404212135821580887e-02
9.027872583828866482e-04
6.232442855834960938e-01
9.423770308494567871e-01
2.584017580375075340e-03
8.637134432792663574e-01
2.617792785167694092e-01
5.176480393856763840e-03
4.942474663257598877e-01
3.283317759633064270e-02
3.048598021268844604e-02
1.330192536115646362e-01
1.283572521060705185e-03
1.107324659824371338e-02
1.343421489000320435e-01
1.667403616011142731e-02
1.877109408378601074e-01
5.620031803846359253e-02
1.148059149272739887e-03
2.191047649830579758e-03
8.695318102836608887e-01
4.292401950806379318e-03
4.442607983946800232e-03
2.100290544331073761e-02
3.666370734572410583e-02
7.195346406660974026e-04
1.311314874328672886e-03
1.107328850775957108e-02
3.552699927240610123e-03
7.941829040646553040e-03
9.476513862609863281e-01
4.366662818938493729e-03
2.088954597711563110e-01
4.189860448241233826e-02
1.823437772691249847e-02
5.324088851921260357e-04
3.978090244345366955e-04
1.985059976577758789e-01
6.852991413325071335e-03
1.158178318291902542e-02
6.221018265932798386e-03
3.392379879951477051e-01
2.530972415115684271e-04
1.945721171796321869e-02
8.228022605180740356e-02
3.085815696977078915e-04
2.607542276382446289e-01
4.540502559393644333e-03
1.304300967603921890e-02
2.367228502407670021e-03
2.044601738452911377e-02
9.997411370277404785e-01
7.779078558087348938e-03
9.191603064537048340e-01
7.891960740089416504e-01
9.997481703758239746e-01
2.671173540875315666e-03
1.343697891570627689e-03
9.993620514869689941e-01
2.192523330450057983e-03
2.795279026031494141e-03
6.895533204078674316e-01
1.054867287166416645e-03
2.157532842829823494e-03
1.174893346615135670e-03
9.913376569747924805e-01
5.342303309589624405e-03
4.101762024220079184e-04
7.258814759552478790e-03
1.194416545331478119e-03
1.983847841620445251e-02
4.045972600579261780e-03
5.365622346289455891e-04
3.161597251892089844e-02
3.861980512738227844e-03
1.660302467644214630e-02
1.675538602285087109e-03
2.075473964214324951e-02
6.446697749197483063e-03
1.941911177709698677e-03
9.901790618896484375e-01
2.955558598041534424e-01
1.408576034009456635e-02
2.515360713005065918e-03
1.087605301290750504e-02
1.250059431185945868e-04
3.989759366959333420e-03
3.865058124065399170e-01
7.357981987297534943e-03
1.473211741540580988e-04
9.432110004127025604e-03
6.807337049394845963e-04
1.819448545575141907e-03
3.704044222831726074e-02
9.052969217300415039e-01
5.363336531445384026e-04
1.114047784358263016e-02
8.224053680896759033e-02
8.677097037434577942e-03
9.705972671508789062e-01
9.076271206140518188e-02
1.864251494407653809e-01
2.862035855650901794e-02
5.649886094033718109e-03
1.219853386282920837e-02
8.858756162226200104e-03
4.218674302101135254e-01
1.106339227408170700e-02
4.120870726183056831e-04
9.034263491630554199e-01
9.506779024377465248e-04
4.150553047657012939e-02
2.135793119668960571e-02
2.873332705348730087e-03
2.107032109051942825e-03
6.265236996114253998e-03
9.465276380069553852e-04
8.584917522966861725e-03
1.349391182884573936e-03
9.411029750481247902e-04
3.957156732212752104e-04
4.092741291970014572e-03
5.593831837177276611e-02
2.036048658192157745e-02
1.501308381557464600e-02
6.043190360069274902e-01
1.372489426285028458e-02
1.378062646836042404e-02
8.151613175868988037e-03
5.827220156788825989e-03
1.955806510522961617e-03
1.054816506803035736e-02
5.359464287757873535e-01
4.018579423427581787e-02
7.213572859764099121e-01
4.239518195390701294e-02
3.253393769264221191e-01
9.095413684844970703e-01
6.257273722440004349e-03
3.868593648076057434e-02
1.420962251722812653e-02
8.936505913734436035e-01
1.475034630857408047e-03
7.088308688253164291e-03
1.359210727969184518e-04
2.693029865622520447e-02
5.266911908984184265e-02
4.440289735794067383e-01
2.741540037095546722e-02
1.451671356335282326e-03
2.737448513507843018e-01
1.874429918825626373e-02
9.537793993949890137e-01
1.590054162079468369e-04
5.050860345363616943e-03
1.205883105285465717e-03
1.151005271822214127e-04
1.656428095884621143e-03
6.141749676316976547e-03
3.806081367656588554e-03
7.488390803337097168e-01
9.985119700431823730e-01
9.105938076972961426e-01
6.083637475967407227e-02
9.716274798847734928e-04
5.630462430417537689e-03
2.560980385169386864e-03
7.614509202539920807e-03
1.587059581652283669e-03
7.286739349365234375e-02
4.910836368799209595e-02
9.151989594101905823e-03
1.607023477554321289e-01
4.593123868107795715e-02
8.020920213311910629e-04
2.357800258323550224e-03
2.103996463119983673e-02
4.674085974693298340e-02
8.423075079917907715e-03
1.867682859301567078e-02
4.662806168198585510e-04
5.197402238845825195e-01
5.129492492415010929e-04
1.822978374548256397e-03
3.575733304023742676e-02
3.825237741693854332e-03
5.095487576909363270e-04
3.666744742076843977e-04
4.313276708126068115e-02
2.053607702255249023e-01
4.569715354591608047e-03
2.512228209525346756e-03
3.377727568149566650e-01
2.200277522206306458e-03
1.954221166670322418e-03
4.168968589510768652e-04
4.236277658492326736e-03
6.468851119279861450e-03
1.718861795961856842e-02
3.673587460070848465e-03
3.038635477423667908e-03
7.241594721563160419e-04
2.258683182299137115e-02
2.027247846126556396e-02
1.004645950160920620e-03
3.870095242746174335e-04
1.792685710825026035e-03
1.166713540442287922e-03
6.645265966653823853e-03
1.259255688637495041e-03
5.771272182464599609e-01
4.780287388712167740e-03
1.050978340208530426e-02
4.766195639967918396e-02
3.235972523689270020e-01
6.273173689842224121e-01
2.072061877697706223e-03
5.039250850677490234e-01
4.410608857870101929e-02
7.435957789421081543e-01
2.082393970340490341e-03
3.962387740612030029e-01
9.628444314002990723e-01
7.783379554748535156e-01
1.698088482953608036e-03
1.340511534363031387e-02
1.088470965623855591e-02
8.383758366107940674e-03
3.665046021342277527e-02
8.355972822755575180e-04
5.386120639741420746e-03
6.786701851524412632e-04
2.154295332729816437e-03
6.308044791221618652e-01
9.681707620620727539e-01
1.888370811939239502e-01
3.364163916558027267e-03
1.924793468788266182e-03
6.721995305269956589e-03
1.251756027340888977e-02
6.459474680013954639e-04
3.799756523221731186e-04
1.552854431793093681e-03
3.015530062839388847e-03
6.114603951573371887e-03
2.349630929529666901e-02
7.478209445253014565e-04
8.544645272195339203e-03
1.805858686566352844e-02
1.097140717320144176e-03
2.416930533945560455e-02
9.921557903289794922e-01
1.955317407846450806e-01
2.375913085415959358e-03
9.914034008979797363e-01
2.334771677851676941e-03
9.995430707931518555e-01
1.099442015402019024e-03
4.205828008707612753e-04
4.745535552501678467e-03
7.969174766913056374e-04
9.994076564908027649e-03
9.601367115974426270e-01
5.367075204849243164e-01
1.012820517644286156e-03
2.497256267815828323e-03
4.416755400598049164e-03
5.539023280143737793e-01
7.447067648172378540e-02
3.410040866583585739e-03
1.903877244330942631e-03
2.596359001472592354e-03
8.349720388650894165e-02
6.364987348206341267e-04
9.458396583795547485e-02
1.163899083621799946e-03
2.302050124853849411e-03
9.995024651288986206e-03
4.472257103770971298e-03
9.205237147398293018e-04
3.980896901339292526e-03
7.561460733413696289e-01
8.869538307189941406e-01
3.874380886554718018e-01
6.279958412051200867e-03
1.166738346219062805e-01
3.151292447000741959e-03
5.933778011240065098e-04
4.346185028553009033e-01
3.959285914897918701e-01
5.483797751367092133e-03
7.852659327909350395e-04
8.700979948043823242e-01
5.549862980842590332e-02
1.212920527905225754e-02
4.172860085964202881e-02
2.016079053282737732e-02
9.023254970088601112e-04
1.594094187021255493e-02
1.057188883423805237e-01
1.314399391412734985e-02
5.944643635302782059e-04
8.727990207262337208e-04
6.853322847746312618e-04
2.436143346130847931e-02
8.721144986338913441e-04
4.309299401938915253e-03
5.904918536543846130e-03
8.258647471666336060e-02
6.529510486871004105e-03
1.230287272483110428e-02
1.228466182947158813e-01
2.411045134067535400e-03
4.363042768090963364e-03
2.103229425847530365e-02
1.295187473297119141e-01
2.502936683595180511e-02
7.235746365040540695e-03
5.449770018458366394e-02
1.326274964958429337e-02
4.242260158061981201e-01
9.089922904968261719e-01
2.662492450326681137e-03
1.880142651498317719e-02
6.476804614067077637e-02
6.810408085584640503e-02
1.485703792423009872e-02
1.406653039157390594e-02
2.382486872375011444e-02
6.414341041818261147e-04
3.094429848715662956e-04
7.410104274749755859e-01
3.178232815116643906e-03
1.297240494750440121e-03
3.003385066986083984e-01
2.487691352143883705e-03
3.964280709624290466e-03
9.161980706267058849e-04
2.925190329551696777e-02
8.320750668644905090e-03
1.279971678741276264e-03
3.178087994456291199e-02
3.568529188632965088e-01
2.003429271280765533e-02
1.084878807887434959e-03
9.673440828919410706e-03
9.421015381813049316e-01
4.417430609464645386e-03
2.982141217216849327e-03
1.804641336202621460e-01
1.529854349792003632e-02
8.438411355018615723e-02
9.951365590095520020e-01
2.019288949668407440e-02
3.032678796444088221e-04
3.601694479584693909e-03
7.696298882365226746e-03
1.240694709122180939e-02
7.957852794788777828e-04
6.092027761042118073e-04
8.457375764846801758e-01
9.563553612679243088e-05
6.472458597272634506e-03
8.311261981725692749e-02
1.550913155078887939e-01
1.856578164733946323e-03
5.459585227072238922e-03
9.952345490455627441e-01
3.244709456339478493e-03
6.679429672658443451e-03
1.395509541034698486e-01
1.454289886169135571e-04
5.301026105880737305e-01
3.958525136113166809e-03
1.842440851032733917e-02
5.625496618449687958e-03
5.409244331531226635e-04
3.712479083333164454e-04
2.558611631393432617e-01
6.951774121262133121e-04
3.021867480129003525e-03
7.193069439381361008e-03
1.852568238973617554e-03
7.856101146899163723e-04
1.089992094784975052e-02
3.901334246620535851e-03
2.005278132855892181e-03
5.011592060327529907e-03
9.702833294868469238e-01
8.914462290704250336e-03
1.353024621494114399e-03
8.420714177191257477e-03
9.927510023117065430e-01
1.002381555736064911e-03
2.585249894764274359e-04
1.040847674012184143e-01
2.579581923782825470e-02
6.138401478528976440e-02
4.400495439767837524e-03
4.022554494440555573e-03
6.106350570917129517e-03
1.518654171377420425e-03
1.450150884920731187e-04
4.559247940778732300e-02
4.591688048094511032e-03
1.896154280984774232e-04
9.985289573669433594e-01
9.989143610000610352e-01
4.114503040909767151e-03
4.618147853761911392e-03
9.927664995193481445e-01
1.576621457934379578e-02
3.300674434285610914e-04
3.742930246517062187e-03
3.492092015221714973e-03
3.382132563274353743e-04
5.971143953502178192e-03
6.922134663909673691e-03
4.007707815617322922e-03
7.613188773393630981e-02
1.089096441864967346e-02
2.195115834474563599e-01
5.447313655167818069e-03
3.283348083496093750e-01
1.119953230954706669e-03
1.419726060703396797e-03
6.243259413167834282e-04
9.711088240146636963e-02
9.290045127272605896e-03
1.044199615716934204e-02
5.871466710232198238e-04
7.483923342078924179e-03
2.120907045900821686e-02
5.452780723571777344e-01
3.233445882797241211e-01
3.047959413379430771e-03
1.408887282013893127e-02
6.586618721485137939e-02
1.101745199412107468e-02
9.092331747524440289e-04
5.359009373933076859e-03
3.692496940493583679e-02
1.759294606745243073e-02
4.767123144119977951e-03
1.396415848284959793e-02
7.746379822492599487e-03
1.948604360222816467e-03
9.300668835639953613e-01
7.659451365470886230e-01
5.445425398647785187e-03
6.835710955783724785e-04
6.000477587804198265e-04
1.261146273463964462e-03
3.767393354792147875e-04
7.321589160710573196e-03
3.715330967679619789e-04
2.452976629137992859e-02
3.133320948109030724e-03
3.395558521151542664e-02
7.184401154518127441e-03
2.213860116899013519e-02
1.669809571467339993e-03
1.220986596308648586e-04
8.039898239076137543e-05
9.656327217817306519e-02
1.640311675146222115e-04
3.921359311789274216e-03
1.612289994955062866e-02
9.175429120659828186e-03
1.050541992299258709e-03
8.345153182744979858e-03
3.542766720056533813e-02
8.879252672195434570e-01
1.901867566630244255e-03
9.988094568252563477e-01
1.685680262744426727e-02
1.034038960933685303e-01
6.577247288078069687e-03
2.558527281507849693e-03
6.675125099718570709e-03
5.092163085937500000e-01
2.199124544858932495e-01
1.202914048917591572e-03
2.445258013904094696e-02
1.824028603732585907e-02
1.061175018548965454e-03
7.719247341156005859e-01
5.809584399685263634e-04
9.152344428002834320e-03
1.332646310329437256e-01
5.149143980816006660e-04
2.085762098431587219e-04
3.732434706762433052e-03
2.855701604858040810e-03
2.579422295093536377e-01
4.980005789548158646e-03
7.044697180390357971e-03
5.884365364909172058e-02
1.710371300578117371e-02
2.175710396841168404e-03
9.995473027229309082e-01
1.035291329026222229e-01
2.575187943875789642e-03
2.436139155179262161e-03
7.421392947435379028e-04
3.735961217898875475e-04
7.265982218086719513e-03
7.205147761851549149e-03
1.813681446947157383e-03
1.480961292982101440e-01
9.208056726492941380e-04
8.366896654479205608e-04
3.170113638043403625e-02
6.874510645866394043e-02
8.513367734849452972e-03
1.158857136033475399e-03
1.794665455818176270e-01
1.182088977657258511e-03
1.944707822985947132e-03
1.147881499491631985e-03
3.306346479803323746e-04
2.967380452901124954e-03
3.003127058036625385e-04
7.955823093652725220e-02
7.525902241468429565e-03
5.925700664520263672e-01
4.497776099015027285e-04
3.026915481314063072e-03
5.129357427358627319e-02
3.189771622419357300e-02
2.645093190949410200e-04
3.029098967090249062e-03
1.770519092679023743e-02
1.060142368078231812e-02
6.407198379747569561e-04
5.857250187546014786e-03
1.268752012401819229e-02
6.766004022210836411e-03
7.016024901531636715e-04
2.480021119117736816e-01
1.895059794187545776e-01
3.781901895999908447e-01
9.797223210334777832e-01
3.082846291363239288e-02
1.264786347746849060e-03
6.430871319025754929e-03
7.315981201827526093e-04
1.428304016590118408e-01
5.891310283914208412e-04
1.566864922642707825e-02
7.880642660893499851e-04
5.767963360995054245e-03
1.531020998954772949e-01
7.632036805152893066e-01
5.259951576590538025e-03
6.808379665017127991e-03
8.492628931999206543e-01
2.632084488868713379e-02
1.769371883710846305e-04
6.509565114974975586e-01
1.420898735523223877e-02
6.132670491933822632e-02
6.575721781700849533e-04
7.840617559850215912e-03
1.127039119601249695e-01
2.521455520763993263e-03
2.717767953872680664e-01
9.040505290031433105e-01
1.251292880624532700e-02
2.341605722904205322e-03
5.026796367019414902e-03
1.984794586896896362e-01
7.017776370048522949e-01
6.805182248353958130e-02
5.042009949684143066e-01
3.388438522815704346e-01
4.594746977090835571e-03
6.443414604291319847e-04
3.164334967732429504e-02
2.441948454361408949e-04
1.563165523111820221e-02
9.679317008703947067e-04
1.164765097200870514e-02
4.251355305314064026e-02
9.019416174851357937e-04
5.363873671740293503e-03
2.862187102437019348e-03
3.517416492104530334e-02
5.225751399993896484e-01
2.537207677960395813e-03
3.786548227071762085e-02
6.990948319435119629e-02
3.294950118288397789e-03
1.422598212957382202e-01
1.897785929031670094e-03
4.980699345469474792e-02
9.508730769157409668e-01
1.316424738615751266e-02
3.760967869311571121e-03
7.027919292449951172e-01
6.516282446682453156e-03
3.201194405555725098e-01
2.364274347200989723e-03
5.375228822231292725e-03
7.664539851248264313e-03
2.077887021005153656e-02
4.355510175228118896e-01
2.557405456900596619e-02
6.047868635505437851e-03
9.958904385566711426e-01
6.943719983100891113e-01
2.364538609981536865e-03
2.993052266538143158e-02
5.060891434550285339e-02
1.435889629647135735e-03
1.101838145405054092e-02
2.726920647546648979e-03
1.315974742174148560e-01
7.387375226244330406e-04
4.058623453602194786e-04
5.577218835242092609e-04
5.714941024780273438e-01
1.000634115189313889e-02
1.075251493602991104e-02
3.210951685905456543e-01
9.894767999649047852e-01
1.997571380343288183e-04
3.522964660078287125e-03
1.474678632803261280e-03
7.202731966972351074e-01
5.155589580535888672e-01
2.173418615711852908e-04
5.021847784519195557e-03
9.195549646392464638e-04
2.325003780424594879e-02
3.916668705642223358e-03
4.873382672667503357e-02
1.277976436540484428e-03
3.018579212948679924e-03
2.833546604961156845e-03
9.225668618455529213e-04
1.117741409689188004e-02
1.065406203269958496e-01
5.291172419674694538e-04
1.130321179516613483e-03
4.505342617630958557e-02
2.299932239111512899e-04
1.573209911584854126e-01
9.661093950271606445e-01
4.389574229717254639e-01
3.124912618659436703e-04
1.949010640382766724e-01
1.631212537176907063e-03
3.781915002036839724e-04
5.364313255995512009e-03
8.916219696402549744e-03
2.111866371706128120e-03
2.427636384963989258e-01
4.023292101919651031e-03
1.681028807070106268e-04
5.035638809204101562e-01
8.140944242477416992e-01
8.092524483799934387e-03
4.896006546914577484e-03
7.272775471210479736e-02
1.360295689664781094e-03
9.159282781183719635e-03
1.544326310977339745e-03
1.259015290997922421e-03
6.048574447631835938e-01
1.045906264334917068e-02
3.907738253474235535e-03
9.713222384452819824e-01
2.477210573852062225e-02
1.453429460525512695e-02
2.268519951030611992e-03
7.239172555273398757e-05
1.248697657138109207e-02
8.548435289412736893e-04
1.389741664752364159e-03
9.993801116943359375e-01
1.991394674405455589e-04
2.237387700006365776e-03
5.774291697889566422e-03
2.159743104130029678e-03
4.087587594985961914e-01
8.675788044929504395e-01
2.719112206250429153e-03
5.196265410631895065e-03
1.131217461079359055e-02
8.908827789127826691e-03
1.432364881038665771e-01
9.247966954717412591e-05
8.751726746559143066e-01
1.954604405909776688e-03
6.787114739418029785e-01
1.085569150745868683e-02
9.066175818443298340e-01
2.256049774587154388e-03
1.160665065981447697e-03
2.220556698739528656e-02
4.989038570784032345e-04
1.008393475785851479e-03
4.061360377818346024e-03
9.630134701728820801e-01
6.543136388063430786e-02
9.637590264901518822e-04
2.508955895900726318e-01
1.034653373062610626e-02
7.130461162887513638e-04
3.651469945907592773e-03
4.880585521459579468e-02
1.180888153612613678e-03
7.410562038421630859e-02
1.042755972594022751e-02
2.014322020113468170e-02
5.418771505355834961e-01
4.214371088892221451e-03
4.695442970842123032e-03
2.240288555622100830e-01
6.558262975886464119e-04
4.767288453876972198e-03
5.835426272824406624e-04
4.756536509376019239e-04
2.951788192149251699e-04
2.889362396672368050e-03
9.607024490833282471e-02
2.053672075271606445e-02
8.774446323513984680e-03
3.836388932541012764e-04
1.147570740431547165e-02
6.631326978094875813e-04
5.670799873769283295e-04
5.289338529109954834e-03
8.232764899730682373e-03
8.702827617526054382e-03
3.194067627191543579e-03
4.073167964816093445e-02
1.281123608350753784e-02
3.378365188837051392e-02
4.279550339560955763e-04
3.892371023539453745e-04
5.695525556802749634e-03
3.523783292621374130e-03
1.045901793986558914e-02
3.890442661941051483e-03
8.547047036699950695e-04
7.606506347656250000e-03
2.662759833037853241e-02
2.918157353997230530e-02
9.158993959426879883e-01
1.684716437011957169e-03
1.390486373566091061e-03
2.075009979307651520e-03
4.712812136858701706e-03
2.089684084057807922e-02
4.045934416353702545e-03
8.806473342701792717e-04
7.395432591438293457e-01
3.988683521747589111e-01
9.413349442183971405e-03
3.588039055466651917e-02
8.704014122486114502e-02
8.175607770681381226e-02
6.048756767995655537e-04
7.081647515296936035e-01
5.080487579107284546e-03
8.581951260566711426e-03
4.663914733100682497e-04
1.196711207740008831e-03
5.869247834198176861e-04
9.985672235488891602e-01
5.921243224292993546e-03
7.884204387664794922e-03
5.770917516201734543e-03
9.561217157170176506e-04
1.017499938607215881e-01
6.899725645780563354e-02
1.763921380043029785e-01
1.343857846222817898e-03
3.571454435586929321e-02
4.539399524219334126e-04
5.656740069389343262e-01
8.585332036018371582e-01
1.643974101170897484e-04
1.533682085573673248e-02
3.892229497432708740e-01
3.670885562896728516e-01
2.375765703618526459e-02
1.521504204720258713e-02
6.964263971894979477e-03
3.052282147109508514e-03
6.590361706912517548e-03
8.736673044040799141e-04
5.086876451969146729e-03
8.660247549414634705e-03
3.216729091946035624e-04
2.428676038980484009e-01
1.133603882044553757e-02
3.815554315224289894e-03
1.094578881748020649e-03
1.989183248952031136e-03
4.203740507364273071e-03
7.768963277339935303e-02
4.767688512802124023e-01
5.602676868438720703e-01
1.389852841384708881e-03
6.568906828761100769e-04
9.033022215589880943e-04
3.491262206807732582e-03
2.359923208132386208e-03
6.184171652421355247e-04
9.298289567232131958e-02
9.653015993535518646e-03
2.765957713127136230e-01
1.069415174424648285e-02
7.001724443398416042e-04
3.030553832650184631e-02
1.568116364069283009e-03
1.606827718205749989e-03
7.133645121939480305e-04
9.536025524139404297e-01
9.917925596237182617e-01
6.012643221765756607e-03
9.482600688934326172e-01
9.613988804630935192e-04
4.914353485219180584e-04
7.527170777320861816e-01
8.682090789079666138e-03
2.817104570567607880e-03
9.726161360740661621e-01
1.508644670248031616e-01
2.654081396758556366e-02
3.943421542644500732e-01
1.395513955503702164e-02
1.219763187691569328e-03
7.821877487003803253e-03
8.780205971561372280e-04
4.100867547094821930e-03
1.779029332101345062e-02
7.603299617767333984e-01
6.478574359789490700e-04
4.015433043241500854e-02
2.113777212798595428e-02
9.673851728439331055e-01
5.226246118545532227e-01
4.187398590147495270e-03
9.947118759155273438e-01
4.691404756158590317e-03
3.387822210788726807e-02
6.682018283754587173e-03
5.682096816599369049e-04
2.317345142364501953e-01
2.510272152721881866e-02
2.288775518536567688e-03
3.827621694654226303e-04
5.256931297481060028e-03
5.913134198635816574e-03
6.399183999747037888e-03
4.938690108247101307e-04
3.521791193634271622e-03
1.562117636203765869e-01
3.568063303828239441e-02
4.645010456442832947e-03
7.652907166630029678e-03
9.863404557108879089e-04
2.448452403768897057e-03
1.270831190049648285e-02
9.899175763130187988e-01
1.662445254623889923e-03
1.734095960855484009e-01
3.445375245064496994e-03
9.246126562356948853e-02
6.137870950624346733e-04
7.341877557337284088e-03
3.356955945491790771e-02
6.303197890520095825e-02
6.824794691056013107e-03
2.698044776916503906e-01
1.713568717241287231e-02
8.257358422270044684e-05
7.246102206408977509e-03
1.063638017512857914e-03
1.485424786806106567e-01
6.380401849746704102e-01
2.670489437878131866e-02
3.510390408337116241e-03
7.739275693893432617e-03
1.915466040372848511e-03
6.693770885467529297e-01
2.926724730059504509e-03
7.274892926216125488e-01
3.103052265942096710e-02
3.635159460827708244e-03
7.510192692279815674e-02
7.588262669742107391e-04
1.035109460353851318e-01
6.124949082732200623e-03
1.735381036996841431e-02
9.494304656982421875e-02
8.270510472357273102e-03
1.885700621642172337e-04
3.960193134844303131e-03
3.045087866485118866e-02
9.899333817884325981e-04
1.309027662500739098e-03
1.579378545284271240e-02
1.005728146992623806e-03
9.289585351943969727e-01
1.072422936558723450e-01
2.546582370996475220e-03
2.190668322145938873e-02
3.814526600763201714e-03
2.037048339843750000e-01
8.211018443107604980e-01
3.125722054392099380e-03
3.608136251568794250e-02
1.174574368633329868e-03
1.903933286666870117e-01
1.117486041039228439e-03
2.396612195298075676e-03
1.005950197577476501e-01
3.464348381385207176e-03
1.985970698297023773e-02
2.598376246169209480e-03
7.881213426589965820e-01
7.033370202407240868e-04
1.120617962442338467e-03
2.258858680725097656e-01
3.752070246264338493e-03
4.884543595835566521e-04
2.646672772243618965e-03
1.921370625495910645e-03
9.626471996307373047e-01
6.145337247289717197e-04
2.954171001911163330e-01
9.294854826293885708e-04
2.994686947204172611e-04
9.017912670969963074e-04
1.815105974674224854e-02
2.432900667190551758e-02
1.869964879006147385e-03
2.752331458032131195e-02
5.624280311167240143e-03
6.695247888565063477e-01
1.198297366499900818e-03
9.527422785758972168e-01
5.947615718469023705e-04
1.514332462102174759e-02
1.151581062003970146e-03
1.271721720695495605e-02
6.999548058956861496e-03
5.897184018976986408e-04
1.830682012951001525e-04
9.379655122756958008e-01
7.073989603668451309e-03
1.470269402489066124e-03
1.191074103116989136e-01
4.062963649630546570e-02
1.078967005014419556e-02
8.377345204353332520e-01
2.518013643566519022e-04
2.877817489206790924e-02
4.098436981439590454e-02
3.467319183982908726e-04
1.102130208164453506e-02
5.710105760954320431e-04
3.095891512930393219e-02
1.016223281621932983e-01
1.314598619937896729e-01
1.065570209175348282e-02
8.047779202461242676e-01
5.259684287011623383e-03
5.399351939558982849e-04
1.072047394700348377e-03
2.875172067433595657e-03
3.967217169702053070e-03
8.171119689941406250e-01
4.590187745634466410e-04
4.442854318767786026e-03
1.355288922786712646e-02
9.857519268989562988e-01
1.388114760629832745e-03
1.812505535781383514e-02
3.301877761259675026e-03
5.886016786098480225e-02
7.469790522009134293e-03
1.418304513208568096e-03
6.928489892743527889e-04
3.191686701029539108e-03
3.622934222221374512e-01
1.717670005746185780e-03
5.949100479483604431e-03
7.309774402529001236e-03
1.722534000873565674e-02
1.527698710560798645e-02
2.394420467317104340e-02
3.371522994711995125e-03
6.092169322073459625e-03
1.403218954801559448e-01
7.955617184052243829e-05
1.878671348094940186e-03
8.018689113669097424e-04
6.645181216299533844e-03
1.473368853330612183e-01
1.831201836466789246e-02
6.742740515619516373e-03
7.898064330220222473e-03
7.787206023931503296e-02
3.862174635287374258e-04
1.490068715065717697e-02
3.865468129515647888e-02
1.622746232897043228e-03
1.227619708515703678e-03
1.043191086500883102e-02
5.099032074213027954e-03
1.122873276472091675e-03
5.879426840692758560e-03
4.301728215068578720e-03
7.527252193540334702e-03
2.963774139061570168e-03
8.407881110906600952e-02
3.634692355990409851e-02
2.120597520843148232e-03
1.904229749925434589e-03
5.212709656916558743e-04
2.735533984377980232e-03
2.884248271584510803e-03
2.128111720085144043e-01
2.041042782366275787e-02
4.214826622046530247e-04
1.381193008273839951e-02
9.872063398361206055e-01
1.920029520988464355e-03
9.950616955757141113e-01
9.663316607475280762e-01
4.232072678860276937e-04
9.842809289693832397e-03
1.183641608804464340e-02
1.015502610243856907e-03
4.987331032752990723e-01
1.224567997269332409e-03
1.803622231818735600e-03
4.708072915673255920e-02
4.972245078533887863e-03
1.896837027743458748e-03
1.546488888561725616e-02
8.043286390602588654e-03
8.765893988311290741e-03
9.526696056127548218e-03
3.006322681903839111e-02
7.214098004624247551e-04
6.855180263519287109e-01
2.529205009341239929e-02
2.035091221332550049e-01
7.803979679010808468e-04
1.339517650194466114e-03
8.289317041635513306e-02
2.013697326183319092e-01
6.932608084753155708e-04
9.732343256473541260e-02
1.941874064505100250e-02
4.663785453885793686e-03
7.287640571594238281e-01
1.059920806437730789e-02
1.897860085591673851e-03
9.222571738064289093e-03
7.222024202346801758e-01
3.121354989707469940e-02
7.347242832183837891e-01
3.518508048728108406e-03
1.878798566758632660e-02
1.216619741171598434e-03
8.241969626396894455e-04
5.361780524253845215e-02
7.668513804674148560e-02
6.411867737770080566e-01
5.768707487732172012e-03
9.392333626747131348e-01
3.036771202459931374e-03
2.677403949201107025e-02
7.038127630949020386e-02
1.573646068572998047e-02
5.218642763793468475e-03
7.284719496965408325e-02
3.071652725338935852e-02
1.873934874311089516e-03
1.719578169286251068e-02
9.872000217437744141e-01
8.641568711027503014e-04
3.119992034044116735e-04
2.515249652788043022e-03
9.953252738341689110e-04
2.286338806152343750e-01
1.240235287696123123e-03
7.691162172704935074e-03
2.332022180780768394e-03
6.294553168118000031e-03
2.529035555198788643e-03
3.882156610488891602e-01
1.262626890093088150e-02
2.907665213569998741e-03
5.582777261734008789e-01
1.891625374555587769e-01
4.639747086912393570e-03
2.071275934576988220e-02
1.236736122518777847e-02
2.923375554382801056e-02
8.235984481871128082e-03
8.196358084678649902e-01
2.607395313680171967e-02
2.801106777042150497e-03
1.622480340301990509e-03
3.695803582668304443e-01
1.791152171790599823e-02
2.412877790629863739e-02
2.385986736044287682e-03
5.707465577870607376e-03
1.098174694925546646e-02
1.475731492973864079e-03
9.544218182563781738e-01
7.718011736869812012e-02
1.233841944485902786e-02
7.540580630302429199e-01
3.006409704685211182e-01
5.132007412612438202e-03
5.001752972602844238e-01
1.876414986327290535e-03
3.188055474311113358e-03
6.770709296688437462e-04
1.301227807998657227e-01
6.570203695446252823e-03
6.458550095558166504e-01
3.692001337185502052e-04
3.357433155179023743e-02
4.227767698466777802e-03
1.181006524711847305e-02
2.124539576470851898e-03
6.401355378329753876e-03
1.306186895817518234e-02
3.002872224897146225e-03
9.937060475349426270e-01
7.463420629501342773e-01
1.316370471613481641e-04
1.872047930955886841e-01
1.000539585947990417e-02
3.364587610121816397e-04
1.676746062003076077e-03
9.885700419545173645e-04
8.524671792984008789e-01
1.848394796252250671e-02
2.714075380936264992e-03
1.074300147593021393e-03
1.146606169641017914e-02
2.518870751373469830e-04
2.566469775047153234e-04
6.272876053117215633e-04
1.708939224481582642e-01
1.115207560360431671e-03
4.935160279273986816e-03
7.832798175513744354e-03
7.887152582406997681e-02
2.689483165740966797e-01
3.528071939945220947e-01
2.962385769933462143e-04
2.912464179098606110e-02
5.447303503751754761e-02
3.708558157086372375e-02
3.200161270797252655e-03
3.879840951412916183e-03
3.089860267937183380e-02
6.686884444206953049e-03
9.119504131376743317e-03
5.459241219796240330e-04
2.670946996659040451e-04
1.379821915179491043e-02
1.914581866003572941e-03
3.876909241080284119e-02
5.193578451871871948e-02
1.021923497319221497e-01
1.631963648833334446e-03
8.092887699604034424e-03
1.209480687975883484e-02
1.362273842096328735e-01
7.408291846513748169e-02
7.550870534032583237e-03
1.104988344013690948e-02
2.207969874143600464e-02
3.136310027912259102e-03
4.070205092430114746e-01
7.457850966602563858e-03
3.239296376705169678e-01
5.509791430085897446e-03
2.935362756252288818e-01
4.812286794185638428e-02
2.127661602571606636e-03
2.757913619279861450e-02
1.778708584606647491e-02
6.445032777264714241e-04
2.789129037410020828e-03
2.483313679695129395e-01
1.737614162266254425e-03
2.477692961692810059e-01
1.200341433286666870e-02
1.783613581210374832e-03
1.233579474501311779e-03
4.327199887484312057e-03
3.427156060934066772e-02
4.476814270019531250e-01
2.516853157430887222e-03
1.184404594823718071e-03
4.075517645105719566e-04
6.154908332973718643e-03
3.468837356194853783e-03
7.784551978111267090e-01
9.634474554331973195e-05
1.431039534509181976e-03
1.412841230630874634e-01
6.955286953598260880e-04
4.275772348046302795e-02
8.162936195731163025e-03
3.686066775117069483e-04
2.264863438904285431e-02
1.316324342042207718e-02
4.851957783102989197e-03
2.722542267292737961e-03
1.219648052938282490e-03
7.298223208636045456e-03
5.874872952699661255e-02
1.207960955798625946e-02
5.206647794693708420e-03
2.090228162705898285e-02
3.100815461948513985e-03
6.918111466802656651e-04
1.384859904646873474e-03
9.983139038085937500e-01
9.210724383592605591e-04
4.362458735704421997e-02
2.645198022946715355e-03
4.213897045701742172e-03
3.136818297207355499e-03
1.472441479563713074e-02
1.768247410655021667e-02
8.643585606478154659e-04
1.723707304336130619e-03
9.305782616138458252e-03
2.792359702289104462e-02
3.105826617684215307e-04
6.556852720677852631e-03
5.292324814945459366e-03
1.912244036793708801e-02
4.551609978079795837e-02
2.135694958269596100e-02
3.411062061786651611e-04
9.991165995597839355e-01
4.265548195689916611e-03
6.154437661170959473e-01
1.381341600790619850e-03
2.857740269973874092e-03
3.291361732408404350e-03
7.102048024535179138e-03
3.559197764843702316e-03
1.856297552585601807e-01
1.226932778954505920e-01
9.998003840446472168e-01
1.328019704669713974e-02
5.178331863135099411e-03
1.844523940235376358e-04
7.909849882125854492e-01
2.558609936386346817e-03
3.750498406589031219e-03
1.044514924287796021e-01
4.894870799034833908e-03
8.600729051977396011e-04
5.765456240624189377e-03
4.828596487641334534e-03
8.977734250947833061e-04
4.535760730504989624e-02
1.176494872197508812e-03
5.698190652765333652e-04
6.636069156229496002e-03
1.420287787914276123e-02
5.973755717277526855e-01
3.452973067760467529e-02
4.216475039720535278e-02
7.726261857897043228e-03
4.974033683538436890e-03
1.326827565208077431e-03
7.500160336494445801e-01
3.997128829360008240e-02
4.376102089881896973e-01
1.061692251823842525e-03
2.339237602427601814e-03
7.849614135921001434e-03
1.558920484967529774e-03
9.483674764633178711e-01
1.261660479940474033e-03
8.159555145539343357e-04
1.797232544049620628e-03
8.965036273002624512e-01
2.948126941919326782e-02
5.031793117523193359e-01
1.345162242650985718e-01
1.156278476119041443e-01
2.706624865531921387e-01
4.269825760275125504e-03
4.285824485123157501e-03
1.908115111291408539e-03
4.999945685267448425e-02
6.671708226203918457e-01
1.658379584550857544e-01
6.822798401117324829e-03
1.466672052629292011e-03
1.265383325517177582e-03
2.220506081357598305e-03
8.238505572080612183e-03
1.449286588467657566e-03
9.824464470148086548e-02
9.652987355366349220e-04
1.166710746474564075e-03
1.246667583473026752e-03
4.402100108563899994e-03
4.618072882294654846e-02
7.877619564533233643e-02
3.282656893134117126e-03
2.886388823390007019e-02
5.793329700827598572e-02
5.286113591864705086e-04
2.885061781853437424e-03
2.265685237944126129e-03
4.465579404495656490e-04
8.942693471908569336e-01
4.552442987915128469e-04
8.256149478256702423e-03
1.290092431008815765e-02
3.507686778903007507e-02
3.382355440407991409e-03
3.765850327908992767e-03
6.534387823194265366e-03
1.470072660595178604e-03
1.213037758134305477e-03
8.660325547680258751e-04
1.437405776232481003e-02
1.414169929921627045e-02
3.223861567676067352e-03
3.936317190527915955e-02
5.704614333808422089e-03
9.270355803892016411e-04
7.289121150970458984e-01
7.860650657676160336e-04
7.306092381477355957e-01
1.138270599767565727e-03
8.706955239176750183e-03
7.593512535095214844e-03
3.719061147421598434e-03
9.696989655494689941e-01
1.214476209133863449e-02
8.491210639476776123e-03
8.594390936195850372e-03
7.954289205372333527e-03
1.847092658281326294e-01
1.201918423175811768e-01
8.776697213761508465e-04
9.176591411232948303e-03
5.923866480588912964e-02
3.951135277748107910e-02
1.009762007743120193e-02
4.945233836770057678e-02
1.955072954297065735e-02
3.841490542981773615e-04
4.628586024045944214e-02
5.958577152341604233e-03
2.425383776426315308e-03
2.023287117481231689e-03
4.747116472572088242e-03
9.583529317751526833e-04
1.869481801986694336e-02
6.264732480049133301e-01
2.335947006940841675e-02
1.035735360346734524e-03
3.448924690019339323e-04
1.251469366252422333e-03
3.409670607652515173e-04
2.932174876332283020e-02
2.097777556627988815e-03
1.300852163694798946e-03
2.175344852730631828e-03
6.968409870751202106e-04
1.081148833036422729e-01
6.496974267065525055e-03
1.014834828674793243e-02
2.251419983804225922e-02
2.052572090178728104e-03
5.622262954711914062e-01
6.182471755892038345e-03
3.353989496827125549e-02
1.951627805829048157e-02
6.553781684488058090e-03
9.972922205924987793e-01
8.449434638023376465e-01
3.363294061273336411e-03
6.964665837585926056e-03
1.708372496068477631e-02
4.471159540116786957e-03
9.491900801658630371e-01
3.114562332630157471e-01
5.322141572833061218e-03
2.422633469104766846e-01
2.075480064377188683e-03
3.136476576328277588e-01
2.673528902232646942e-02
3.245826344937086105e-03
2.171125030145049095e-03
7.892738096415996552e-03
2.003758959472179413e-02
4.401450604200363159e-02
6.813454092480242252e-04
2.193043008446693420e-03
1.157985627651214600e-02
2.256343699991703033e-02
7.214809209108352661e-02
4.140868317335844040e-03
6.251634331420063972e-04
1.492097624577581882e-03
3.770391456782817841e-03
1.295691449195146561e-02
1.403952669352293015e-02
1.189002767205238342e-02
5.047047045081853867e-03
1.722270390018820763e-03
2.305436646565794945e-03
1.424904447048902512e-03
5.134997889399528503e-03
6.008439138531684875e-02
2.519200742244720459e-01
2.251063659787178040e-02
8.664700388908386230e-02
2.716135680675506592e-01
1.640367845539003611e-04
1.487831235863268375e-03
1.736570615321397781e-03
2.315854420885443687e-03
2.717239316552877426e-03
7.492088526487350464e-02
2.307031862437725067e-02
1.372749684378504753e-03
8.029206655919551849e-03
1.408271491527557373e-03
7.226149318739771843e-04
2.148893289268016815e-02
9.151129052042961121e-03
2.119266390800476074e-01
3.009811043739318848e-01
1.576187275350093842e-02
1.495030149817466736e-02
9.131836122833192348e-05
9.287099237553775311e-05
2.126449346542358398e-02
2.505610883235931396e-02
3.306677192449569702e-02
1.500201132148504257e-02
7.141185924410820007e-03
2.267074137926101685e-01
6.508976221084594727e-03
5.782783031463623047e-02
9.362084269523620605e-01
3.344444558024406433e-02
4.078080528415739536e-04
1.482868683524429798e-04
3.179771301802247763e-04
4.754983820021152496e-04
1.586900278925895691e-02
7.021569181233644485e-03
9.870209097862243652e-01
1.021717209368944168e-02
1.252606394700706005e-03
5.772649776190519333e-03
1.713927485980093479e-03
1.073263352736830711e-03
2.067575405817478895e-04
9.985559619963169098e-03
3.155945334583520889e-03
2.478283364325761795e-03
8.820759057998657227e-01
9.068031907081604004e-01
1.032807957381010056e-02
1.083435956388711929e-03
2.798625500872731209e-04
1.344386488199234009e-01
1.148303621448576450e-03
2.336418256163597107e-03
2.077464200556278229e-02
5.261153564788401127e-04
7.286215573549270630e-02
9.416066110134124756e-02
4.087446723133325577e-03
5.829745437949895859e-03
1.349631580524146557e-03
3.437528852373361588e-03
2.413342444924637675e-04
1.008551940321922302e-02
6.955586671829223633e-01
7.663581636734306812e-04
9.522912651300430298e-02
4.684774205088615417e-03
2.594413468614220619e-03
4.600422829389572144e-02
7.557100653648376465e-01
1.762942527420818806e-03
7.135103642940521240e-02
8.296044170856475830e-02
1.600141404196619987e-03
2.608790062367916107e-02
1.285348203964531422e-03
5.972506478428840637e-02
1.385008916258811951e-03
2.576349973678588867e-01
6.941362749785184860e-03
7.481976062990725040e-04
1.906158775091171265e-01
4.878126457333564758e-02
4.605657421052455902e-03
5.607368890196084976e-03
4.300912842154502869e-03
3.131063580513000488e-01
2.000404754653573036e-03
2.404525876045227051e-03
2.052373811602592468e-02
4.599346220493316650e-02
4.916495978832244873e-01
9.963114857673645020e-01
1.105437171645462513e-03
6.946899928152561188e-03
6.516525754705071449e-04
9.743122383952140808e-03
3.465606132522225380e-03
2.644518613815307617e-01
1.785305445082485676e-03
1.607408514246344566e-03
9.664034587331116199e-04
9.877724051475524902e-01
1.498745521530508995e-03
3.573492867872118950e-03
1.473048352636396885e-03
3.323514247313141823e-03
1.091188983991742134e-03
7.176157236099243164e-01
2.528065117076039314e-03
1.723340479657053947e-03
2.980823256075382233e-02
3.716775029897689819e-02
1.359050627797842026e-03
2.641341462731361389e-02
1.308959573507308960e-01
1.297701448202133179e-01
2.676818519830703735e-03
3.907326143234968185e-03
8.651166572235524654e-04
2.417009137570858002e-02
5.283856764435768127e-03
4.629447939805686474e-04
1.366779673844575882e-02
2.686713822185993195e-03
1.408578711561858654e-03
5.178924184292554855e-03
4.956963285803794861e-02
1.656269654631614685e-03
1.779652014374732971e-02
1.452250755392014980e-03
7.300137658603489399e-04
6.234948635101318359e-01
4.433519840240478516e-01
2.531796460971236229e-03
1.003085356205701828e-02
9.138833284378051758e-01
2.350636059418320656e-03
2.968201041221618652e-02
9.343454986810684204e-02
7.294275565072894096e-04
5.215619457885622978e-04
5.024928250350058079e-04
7.683077454566955566e-02
2.207227051258087158e-02
1.502254232764244080e-02
1.917515508830547333e-02
3.763739950954914093e-03
5.683710332959890366e-03
1.903870841488242149e-03
4.126993007957935333e-03
1.357252616435289383e-02
4.248105455189943314e-03
9.246682524681091309e-01
2.065284410491585732e-03
1.033865194767713547e-02
5.059810355305671692e-04
7.005387451499700546e-03
2.031612442806363106e-03
2.132157096639275551e-03
1.488693524152040482e-03
4.417392425239086151e-03
7.173726707696914673e-02
4.732823465019464493e-03
1.039386261254549026e-03
9.474111720919609070e-03
1.642471645027399063e-03
1.202418003231287003e-03
5.886834114789962769e-04
8.329844102263450623e-03
2.240068167448043823e-01
2.412836329312995076e-04
1.002287305891513824e-02
1.768108159303665161e-01
6.672393996268510818e-03
1.037727110087871552e-02
9.838786209002137184e-04
5.842722579836845398e-02
1.654789224267005920e-02
4.414734989404678345e-02
8.863654802553355694e-04
2.430970072746276855e-01
7.495160214602947235e-03
1.726344227790832520e-02
1.447189424652606249e-04
1.256753603229299188e-04
2.800534246489405632e-03
5.663305055350065231e-04
3.661419823765754700e-02
2.010499738389626145e-04
3.938943613320589066e-03
7.104821205139160156e-01
4.981973906978964806e-04
5.930432304739952087e-02
9.595864685252308846e-04
9.923719167709350586e-01
2.053956704912707210e-04
3.819424659013748169e-02
2.878315048292279243e-03
2.075057290494441986e-02
2.889259904623031616e-02
1.949711120687425137e-03
1.183475106954574585e-01
1.079812739044427872e-02
8.314844220876693726e-02
3.971112892031669617e-02
2.620755985844880342e-04
6.478488212451338768e-04
1.054376014508306980e-03
1.668016426265239716e-03
1.802338403649628162e-03
3.497254801914095879e-03
7.992125153541564941e-01
5.528441071510314941e-02
2.438006922602653503e-03
5.983414594084024429e-03
2.399252960458397865e-03
7.363026496022939682e-03
8.708689361810684204e-02
9.453905373811721802e-02
2.969155460596084595e-02
1.112845711759291589e-04
2.141238190233707428e-03
5.821668892167508602e-04
1.443744171410799026e-02
5.192981958389282227e-01
4.526066407561302185e-02
1.121718995273113251e-02
5.383607745170593262e-01
1.816436797380447388e-01
7.931704521179199219e-01
2.320548444986343384e-01
7.466295210178941488e-05
6.195938913151621819e-04
8.746475577354431152e-01
4.874327278230339289e-04
7.920780032873153687e-02
2.122053992934525013e-04
6.334118545055389404e-02
8.537649409845471382e-04
1.517338794656097889e-03
2.259250171482563019e-02
2.529830671846866608e-03
5.175510421395301819e-03
3.097992390394210815e-02
4.758511669933795929e-03
5.124555435031652451e-03
1.766243483871221542e-03
1.676989160478115082e-02
4.640033002942800522e-03
6.305428221821784973e-03
1.195983588695526123e-02
1.730844751000404358e-02
5.232176044955849648e-04
7.454643491655588150e-03
9.990873336791992188e-01
9.942567944526672363e-01
8.763673831708729267e-04
1.415665596723556519e-01
3.385888785123825073e-02
3.251661313697695732e-03
9.843924045562744141e-01
9.302273392677307129e-01
3.951666057109832764e-01
6.392735056579113007e-03
2.118633836507797241e-01
1.612920127809047699e-02
5.710388999432325363e-03
3.534808456897735596e-01
9.863096475601196289e-01
5.222778301686048508e-03
1.223527477122843266e-03
3.769712988287210464e-03
9.995567202568054199e-01
5.306825786828994751e-02
2.561628818511962891e-02
1.383083872497081757e-03
4.776326119899749756e-01
1.559008657932281494e-02
3.017724305391311646e-02
5.888022482395172119e-03
7.792914984747767448e-04
3.499506565276533365e-04
1.949570327997207642e-02
5.870046839118003845e-02
4.719405900686979294e-03
2.035593241453170776e-02
3.956405818462371826e-02
5.151320248842239380e-03
4.284563008695840836e-03
8.385584806092083454e-04
1.909928629174828529e-03
8.772425055503845215e-01
4.389446228742599487e-02
2.109444439411163330e-01
8.197175860404968262e-01
6.780367344617843628e-02
7.325985003262758255e-03
1.597353490069508553e-03
1.472427742555737495e-03
7.017151801846921444e-04
3.162468550726771355e-03
7.666794657707214355e-01
2.102667465806007385e-03
2.531194477342069149e-04
2.170691150240600109e-04
2.121818512678146362e-01
4.151545464992523193e-03
1.734505058266222477e-04
6.961886771023273468e-03
1.064462587237358093e-03
2.479376271367073059e-03
2.258065651403740048e-04
9.438510052859783173e-03
9.332318305969238281e-01
2.187719196081161499e-01
3.415847420692443848e-01
7.298369407653808594e-01
2.592002274468541145e-03
1.051493063569068909e-01
4.293610807508230209e-03
7.141818641684949398e-04
1.129719428718090057e-02
1.577579230070114136e-02
1.576027483679354191e-03
3.030749736353754997e-03
2.371835289523005486e-03
4.356813132762908936e-01
9.025628566741943359e-01
1.118859834969043732e-02
1.196398958563804626e-02
9.308756887912750244e-02
1.300591416656970978e-02
2.618700382299721241e-04
7.589234709739685059e-01
3.935768909286707640e-04
6.846286356449127197e-02
8.280601468868553638e-04
7.527647539973258972e-03
6.954654119908809662e-03
7.030995488166809082e-01
2.872797194868326187e-03
1.835090341046452522e-03
7.928042905405163765e-04
6.240395829081535339e-03
2.980066463351249695e-03
6.853383965790271759e-03
2.115173701895400882e-04
6.284200935624539852e-04
1.256539020687341690e-03
6.406658212654292583e-04
1.091867014765739441e-01
5.367179401218891144e-04
2.044714346993714571e-04
7.982714101672172546e-03
6.815622746944427490e-02
1.041243597865104675e-02
2.577666891738772392e-04
6.961986422538757324e-01
1.429844705853611231e-04
6.932335346937179565e-02
9.327387213706970215e-01
2.629158087074756622e-02
1.217693323269486427e-03
3.773292526602745056e-02
1.837854273617267609e-03
3.942664247006177902e-03
2.440188229084014893e-01
2.736079273745417595e-03
4.360644612461328506e-03
3.013186529278755188e-02
9.674713015556335449e-01
4.545824602246284485e-03
7.435027509927749634e-02
2.979167038574814796e-04
8.251520246267318726e-02
5.324921221472322941e-04
8.473456837236881256e-04
6.167553830891847610e-03
4.085067659616470337e-03
1.474461052566766739e-03
3.034865949302911758e-03
9.327290952205657959e-02
9.973939657211303711e-01
4.016251862049102783e-02
7.410276532173156738e-01
6.238242387771606445e-01
4.918118356727063656e-04
1.842880249023437500e-02
8.448404259979724884e-04
1.053719781339168549e-03
3.816031967289745808e-04
2.733049541711807251e-02
9.957194924354553223e-01
1.335626002401113510e-03
4.953786358237266541e-02
1.054653245955705643e-02
2.738903090357780457e-02
4.024855792522430420e-02
7.080818759277462959e-04
9.488659352064132690e-02
3.591559128835797310e-03
3.971990954596549273e-04
8.537188172340393066e-01
9.162193746306002140e-04
9.003029763698577881e-02
1.401303149759769440e-02
3.284994661808013916e-01
5.340090719982981682e-04
8.693949348526075482e-05
1.415428356267511845e-03
3.534580394625663757e-02
2.565178147051483393e-04
1.236210856586694717e-02
1.701425947248935699e-02
3.569226711988449097e-03
6.436501163989305496e-03
1.798926095943897963e-04
1.074253860861063004e-02
3.462977241724729538e-03
7.035526633262634277e-01
1.868590153753757477e-02
6.984019875526428223e-01
5.333498120307922363e-04
2.031529322266578674e-03
6.983347535133361816e-01
2.692574262619018555e-01
2.587990369647741318e-03
2.591812517493963242e-03
6.291654892265796661e-03
1.058017078321427107e-04
7.811646163463592529e-02
1.740462466841563582e-04
2.944807056337594986e-03
1.796373981051146984e-03
6.001618690788745880e-03
5.202325410209596157e-04
1.000833814032375813e-03
4.918336635455489159e-04
8.817453868687152863e-03
6.468257308006286621e-02
5.968125071376562119e-03
2.494562976062297821e-02
4.817843437194824219e-03
1.055969763547182083e-02
2.664086967706680298e-02
3.599070757627487183e-02
8.676425814628601074e-01
8.632723242044448853e-02
6.303357891738414764e-03
9.285158594138920307e-04
2.262219786643981934e-02
3.922191914170980453e-03
4.674304742366075516e-03
1.828868989832699299e-03
5.798551067709922791e-02
3.199652582406997681e-02
1.466532144695520401e-02
4.181456565856933594e-02
3.491298761218786240e-03
4.289745688438415527e-01
1.958033144474029541e-01
1.837912015616893768e-02
6.772483233362436295e-03
1.538024656474590302e-02
9.572217464447021484e-01
9.784639477729797363e-01
5.799452192150056362e-04
4.839611947536468506e-01
3.437200211919844151e-04
5.624627228826284409e-03
6.704282760620117188e-01
9.201876819133758545e-03
1.079741958528757095e-02
1.230331230908632278e-02
1.046806923113763332e-03
8.723688079044222832e-04
1.081944350153207779e-02
4.275999031960964203e-03
1.601610183715820312e-01
6.845065508969128132e-04
7.919970899820327759e-03
4.273298836778849363e-04
3.173123346641659737e-03
2.375961747020483017e-03
3.641914576292037964e-02
6.897042621858417988e-04
9.196894825436174870e-04
1.195478811860084534e-02
8.542085066437721252e-03
2.107212785631418228e-03
7.181678712368011475e-02
1.126076802611351013e-01
2.789992606267333031e-03
8.216308779083192348e-04
9.371667983941733837e-04
1.043608062900602818e-04
8.286960721015930176e-01
1.267186179757118225e-02
5.507831647992134094e-02
1.866634702309966087e-03
6.346669513732194901e-03
9.996086955070495605e-01
6.069274968467652798e-04
2.507453318685293198e-04
9.993939399719238281e-01
7.919072522781789303e-04
6.379451602697372437e-02
3.119665896520018578e-03
1.013881061226129532e-03
8.999371528625488281e-02
9.590440988540649414e-01
2.423799037933349609e-02
5.390574689954519272e-03
3.455631434917449951e-03
3.042779266834259033e-01
1.897331676445901394e-03
1.234876662492752075e-01
8.834676444530487061e-02
5.122387036681175232e-02
4.537102878093719482e-01
4.617882072925567627e-01
5.496732424944639206e-03
9.917833805084228516e-01
1.767191337421536446e-03
1.357029075734317303e-03
5.518438760191202164e-03
3.327303007245063782e-02
9.402176737785339355e-01
4.813956841826438904e-02
1.957655185833573341e-03
2.280952176079154015e-03
5.868253298103809357e-03
3.617087146267294884e-03
9.955368041992187500e-01
5.442981421947479248e-02
1.813462236896157265e-03
2.643808536231517792e-02
2.375878952443599701e-02
2.667734585702419281e-02
1.053944695740938187e-03
6.539402008056640625e-01
1.359620839357376099e-01
1.929946988821029663e-01
2.315192250534892082e-03
4.679356701672077179e-03
8.745118393562734127e-04
7.757460232824087143e-03
1.761261373758316040e-02
9.813807606697082520e-01
1.128819072619080544e-03
5.720230285078287125e-03
4.606531292665749788e-04
1.198926940560340881e-03
1.473145186901092529e-02
4.041605629026889801e-03
2.139596501365303993e-03
1.445289142429828644e-02
6.017023115418851376e-04
1.739847473800182343e-02
9.833327531814575195e-01
8.415162563323974609e-02
3.036665730178356171e-03
9.957188740372657776e-04
8.027807623147964478e-02
6.095177959650754929e-04
6.380764767527580261e-03
6.932877469807863235e-03
3.248297143727540970e-03
2.290143398568034172e-03
2.193524996982887387e-04
3.959347028285264969e-03
1.590785384178161621e-01
6.429994478821754456e-03
1.442393809556961060e-01
2.541581168770790100e-03
9.960468411445617676e-01
4.228221625089645386e-02
1.199369691312313080e-02
2.031282987445592880e-03
5.523810628801584244e-03
5.132667422294616699e-01
3.376633161678910255e-03
1.989991031587123871e-02
8.333350997418165207e-04
6.114419549703598022e-02
2.322194911539554596e-02
2.764787932392209768e-04
1.766967587172985077e-03
2.394345821812748909e-03
9.206396341323852539e-01
5.521422028541564941e-01
9.064860939979553223e-01
1.158574000000953674e-01
9.890422224998474121e-01
7.284689345397055149e-04
6.533060804940760136e-04
5.033521447330713272e-04
8.665108121931552887e-03
1.208313275128602982e-02
3.016061186790466309e-01
1.678134314715862274e-02
7.869384437799453735e-02
9.729702472686767578e-01
3.187443944625556469e-04
7.548112771473824978e-04
9.999105930328369141e-01
2.730233035981655121e-02
8.924916386604309082e-02
5.409664940088987350e-03
1.136882882565259933e-02
7.843957282602787018e-04
4.086024314165115356e-02
4.021278582513332367e-03
1.030779108405113220e-01
3.217493891716003418e-01
1.994536370038986206e-01
4.274575912859290838e-04
2.243748633190989494e-03
4.410360474139451981e-03
1.824004203081130981e-02
5.908390879631042480e-01
1.954633044078946114e-03
8.000631928443908691e-01
1.454783137887716293e-03
5.141556262969970703e-01
6.965401582419872284e-03
1.357947621727362275e-04
1.342530455440282822e-02
2.372727356851100922e-02
1.729945093393325806e-01
1.631887629628181458e-03
2.980511169880628586e-03
3.334323316812515259e-02
4.915020894259214401e-03
5.129670724272727966e-03
1.681116409599781036e-02
8.437201380729675293e-03
1.679573357105255127e-01
6.905773188918828964e-04
1.810285146348178387e-03
7.893093861639499664e-03
9.994070529937744141e-01
5.319481715559959412e-03
1.368433088064193726e-01
1.426780945621430874e-03
4.189851460978388786e-04
9.730428457260131836e-01
5.893739685416221619e-02
5.730480188503861427e-04
1.359701855108141899e-03
7.310504317283630371e-01
1.769873313605785370e-03
4.187325015664100647e-03
2.026781439781188965e-03
1.591112348251044750e-03
8.518077433109283447e-03
1.120925415307283401e-02
9.458051994442939758e-03
4.577013198286294937e-03
4.746891558170318604e-03
1.754271984100341797e-01
1.152560580521821976e-03
5.714669451117515564e-02
5.572510999627411366e-04
1.392019093036651611e-01
2.166379475966095924e-03
1.541167404502630234e-02
3.161496296525001526e-02
3.443252295255661011e-03
1.674525206908583641e-03
1.169458773802034557e-04
5.117596685886383057e-02
1.427393406629562378e-02
9.232765436172485352e-01
9.467012714594602585e-04
4.061999171972274780e-02
6.535520777106285095e-03
4.737873096019029617e-03
2.187689387938007712e-04
1.707905554212629795e-03
2.081055194139480591e-02
6.726623978465795517e-04
5.452482104301452637e-01
5.771957221440970898e-04
2.423839410766959190e-03
2.256570607423782349e-01
2.772172093391418457e-01
6.602120702154934406e-04
7.364279031753540039e-02
8.653773665428161621e-01
6.909084040671586990e-03
3.862404078245162964e-02
4.387447237968444824e-02
1.910350401885807514e-03
3.678426437545567751e-04
4.712947411462664604e-04
6.045258603990077972e-03
7.932468317449092865e-03
6.894870311953127384e-04
4.457382485270500183e-03
1.503315754234790802e-03
2.326999558135867119e-03
3.448517322540283203e-01
4.059989005327224731e-03
3.073923871852457523e-04
1.154518686234951019e-03
4.444046318531036377e-02
1.361982375383377075e-01
1.502080936916172504e-03
6.647757254540920258e-04
5.754141137003898621e-03
9.063886827789247036e-04
8.943399298004806042e-04
1.302490849047899246e-02
6.509846448898315430e-02
6.073928438127040863e-03
7.939578965306282043e-03
3.954485058784484863e-03
2.761482959613204002e-03
2.320740744471549988e-02
4.301311448216438293e-03
2.339617758989334106e-01
2.645359560847282410e-02
1.965744420886039734e-03
1.604582183063030243e-02
2.768889826256781816e-04
7.695315405726432800e-03
1.995525136590003967e-02
4.228545876685529947e-04
9.244366665370762348e-04
5.998410284519195557e-03
3.245582571253180504e-03
1.987856579944491386e-03
7.341314107179641724e-02
5.827461718581616879e-04
2.243007719516754150e-02
1.943951006978750229e-03
2.559469342231750488e-01
2.144034802913665771e-01
5.262891054153442383e-01
9.136325097642838955e-04
3.023600019514560699e-02
5.454985657706856728e-04
5.023437552154064178e-03
1.013537589460611343e-02
2.156894840300083160e-02
1.309375511482357979e-03
1.192725747823715210e-01
1.463614404201507568e-03
3.977925225626677275e-04
7.308873534202575684e-02
9.329099655151367188e-01
5.127120763063430786e-03
4.954466712661087513e-04
3.141251159831881523e-03
1.868350654840469360e-01
3.837620606645941734e-03
5.083554610610008240e-02
8.189997752197086811e-04
4.737829440273344517e-04
8.255533128976821899e-02
2.575857937335968018e-02
5.402592360042035580e-04
5.753510631620883942e-03
4.629350900650024414e-01
4.781194962561130524e-03
1.023811660706996918e-02
5.584564991295337677e-03
3.661897266283631325e-03
4.421120882034301758e-02
4.984066472388803959e-04
1.694052852690219879e-02
2.853179909288883209e-02
1.354514504782855511e-03
1.038664137013256550e-03
8.293115533888339996e-03
6.262025563046336174e-04
1.856103353202342987e-02
5.891380906105041504e-01
5.438532214611768723e-03
5.108307581394910812e-03
1.557326992042362690e-03
1.583847799338400364e-03
1.181993633508682251e-01
9.890050292015075684e-01
3.280701115727424622e-03
2.480534464120864868e-02
2.558127045631408691e-03
1.779667683877050877e-03
8.644990622997283936e-03
5.202236352488398552e-04
3.109651617705821991e-02
4.504759237170219421e-02
2.582105994224548340e-01
6.325203180313110352e-02
7.185707334429025650e-03
1.697642952203750610e-01
3.526971209794282913e-03
3.204590640962123871e-03
1.607812009751796722e-02
9.967189431190490723e-01
5.459295120090246201e-03
5.044584274291992188e-01
1.679794490337371826e-02
4.147731140255928040e-02
3.212198987603187561e-02
9.727051258087158203e-01
1.873858720064163208e-01
8.151679066941142082e-04
2.572663826867938042e-03
9.978163242340087891e-01
8.880578679963946342e-04
2.064605476334691048e-03
7.783784531056880951e-05
2.697891090065240860e-03
8.233739063143730164e-04
2.352140727452933788e-04
1.960215121507644653e-01
6.859226850792765617e-04
2.197613939642906189e-02
1.832436886616051197e-03
1.935022533871233463e-03
2.263845875859260559e-03
2.526945900171995163e-04
2.220616297563537955e-04
2.230652142316102982e-03
1.255001989193260670e-03
6.738991942256689072e-04
6.899578875163570046e-05
1.130358432419598103e-03
1.719299354590475559e-03
6.854329694760963321e-05
1.061942055821418762e-01
3.366769105195999146e-02
2.175590209662914276e-02
5.086300373077392578e-01
4.638633981812745333e-04
2.549694618210196495e-04
7.612098939716815948e-03
3.786611778195947409e-04
7.511552423238754272e-02
3.301580250263214111e-02
5.491518881171941757e-03
7.102505769580602646e-03
1.456681359559297562e-02
1.886610174551606178e-03
2.072767820209264755e-03
1.303965970873832703e-02
4.119876830372959375e-04
2.296051970915868878e-04
3.643133444711565971e-03
4.068871587514877319e-02
5.888957995921373367e-03
1.202027127146720886e-02
3.322699049022048712e-04
6.167512852698564529e-03
3.425069444347172976e-04
2.874565077945590019e-03
5.326517857611179352e-03
2.441475633531808853e-03
6.824369728565216064e-02
7.022810168564319611e-03
3.910831641405820847e-03
9.781333804130554199e-01
3.226330131292343140e-02
2.391076879575848579e-03
2.308306866325438023e-04
9.993474185466766357e-02
6.562310457229614258e-01
9.732183814048767090e-01
3.641252638772130013e-03
2.535334322601556778e-03
3.940749156754463911e-04
1.325390487909317017e-02
1.297571812756359577e-03
1.359920017421245575e-03
1.249038241803646088e-02
1.093585626222193241e-03
1.336822751909494400e-03
1.738861901685595512e-04
7.181773185729980469e-01
7.836977243423461914e-01
1.133618061430752277e-03
5.832994580268859863e-01
2.374037168920040131e-02
4.754452966153621674e-03
7.028021812438964844e-01
6.125771626830101013e-02
2.815923653542995453e-04
1.495136995799839497e-03
5.908210878260433674e-04
1.422548550181090832e-03
4.326684400439262390e-03
1.105972565710544586e-02
1.061393413692712784e-03
1.807774417102336884e-02
2.232545614242553711e-01
1.419688924215734005e-03
5.896709044463932514e-04
6.743494886904954910e-03
2.970166737213730812e-03
7.893893718719482422e-01
1.686431933194398880e-03
1.020245533436536789e-02
3.684208914637565613e-02
1.155824214220046997e-02
1.576969958841800690e-02
1.432175487279891968e-01
5.619132518768310547e-02
3.842310905456542969e-01
9.970211386680603027e-01
4.074233584105968475e-03
4.304939880967140198e-03
2.873260062187910080e-03
7.137518841773271561e-03
2.000323962420225143e-03
4.211059713270515203e-04
3.268011286854743958e-02
1.387330610305070877e-02
9.967648983001708984e-01
1.333061489276587963e-03
6.287406384944915771e-02
8.628354407846927643e-03
3.189370334148406982e-01
1.924186199903488159e-02
3.748904448002576828e-03
6.454068701714277267e-03
3.111751575488597155e-04
5.297546158544719219e-04
5.872721597552299500e-02
2.793341130018234253e-02
1.294269459322094917e-03
8.958943071775138378e-04
1.618926413357257843e-02
1.208979450166225433e-02
3.077693749219179153e-03
4.819030407816171646e-03
1.310795266181230545e-02
9.846336245536804199e-01
1.432799472240731120e-04
4.207752048969268799e-01
1.159231830388307571e-02
5.147430783836171031e-05
5.712501239031553268e-03
1.028284989297389984e-02
8.850700221955776215e-03
4.031517505645751953e-01
2.064744010567665100e-03
1.999536762014031410e-03
3.537363139912486076e-03
1.373660191893577576e-02
3.969024401158094406e-03
7.704932689666748047e-01
4.705277383327484131e-01
1.611794531345367432e-02
1.136690145358443260e-03
4.021167457103729248e-01
2.212122082710266113e-03
1.273873611353337765e-03
8.092386126518249512e-01
2.937898680102080107e-04
1.257593859918415546e-03
2.045409567654132843e-02
9.861478805541992188e-01
1.747111207805573940e-03
1.005247235298156738e-01
9.070231020450592041e-02
9.958208799362182617e-01
1.027268171310424805e-01
6.333417841233313084e-04
3.405663301236927509e-04
6.807125173509120941e-03
3.065243596211075783e-03
3.783474676311016083e-03
9.711888432502746582e-02
3.623666707426309586e-04
5.944518446922302246e-01
9.422945976257324219e-02
2.672713715583086014e-03
7.259485721588134766e-01
9.422000646591186523e-01
1.790761016309261322e-03
7.570055779069662094e-03
1.018091011792421341e-02
7.642206270247697830e-03
5.771888885647058487e-03
4.391750786453485489e-03
8.234354853630065918e-02
3.309652954339981079e-02
3.564366372302174568e-03
1.625301665626466274e-04
8.261709590442478657e-04
8.470319509506225586e-01
3.552073612809181213e-02
4.911873489618301392e-03
1.254315972328186035e-01
1.627643853425979614e-01
1.431689161108806729e-04
3.523021470755338669e-03
5.063382559455931187e-04
2.041122497757896781e-04
2.215149870608001947e-04
6.965725217014551163e-03
5.709106917493045330e-04
6.412255112081766129e-03
4.953101743012666702e-03
1.286032348871231079e-01
2.567927818745374680e-03
3.199618682265281677e-02
1.802804507315158844e-02
1.072343066334724426e-02
9.498015278950333595e-04
1.687327958643436432e-02
1.008939812891185284e-03
2.236451022326946259e-02
4.367111995816230774e-02
9.984382987022399902e-01
6.405866704881191254e-03
2.425009906291961670e-01
4.302460874896496534e-04
5.052877590060234070e-02
9.067090228199958801e-03
1.184212341904640198e-01
1.247496809810400009e-03
2.418737276457250118e-04
2.788198180496692657e-02
5.685072541236877441e-01
2.112781221512705088e-04
1.331491395831108093e-02
2.017037756741046906e-02
5.468213930726051331e-04
4.358583595603704453e-03
1.657678633928298950e-01
5.927145946770906448e-03
1.611138321459293365e-02
5.532196722924709320e-03
1.535494998097419739e-02
2.265896499156951904e-01
7.596876937896013260e-03
5.332703143358230591e-02
3.066298551857471466e-03
9.476282633841037750e-03
2.537498995661735535e-02
1.331810140982270241e-03
2.750208079814910889e-01
2.092248760163784027e-03
8.129944093525409698e-03
1.906927907839417458e-03
4.968067109584808350e-01
1.824839622713625431e-03
2.044907063245773315e-01
1.725575141608715057e-02
1.029467862099409103e-02
7.855956209823489189e-04
5.421505309641361237e-03
2.615435048937797546e-02
2.004762878641486168e-03
2.924007130786776543e-03
4.125767573714256287e-02
2.984566381201148033e-03
1.052740216255187988e-02
6.883852183818817139e-03
9.441297650337219238e-01
3.024647831916809082e-01
3.075095415115356445e-01
9.369831532239913940e-03
4.548457860946655273e-01
5.554751027375459671e-03
6.276526302099227905e-02
5.443547368049621582e-01
9.917806982994079590e-01
5.220982246100902557e-03
7.883402518928050995e-03
9.445681236684322357e-03
1.155073638074100018e-03
5.164714530110359192e-03
9.190526907332241535e-04
3.301499411463737488e-03
1.728760777041316032e-03
1.033796444535255432e-01
4.502329393289983273e-04
4.782256728503853083e-04
1.320028752088546753e-01
1.033317763358354568e-03
2.620447659865021706e-03
9.347739629447460175e-03
3.197484766133129597e-04
2.287344187498092651e-01
3.375532571226358414e-03
1.971888123080134392e-03
1.405484043061733246e-03
9.805853962898254395e-01
1.439874293282628059e-03
2.194121014326810837e-03
3.838803991675376892e-02
6.874636746942996979e-03
9.992364645004272461e-01
1.265304395928978920e-03
7.609545136801898479e-04
6.584844551980495453e-03
6.409821799024939537e-04
8.969047069549560547e-01
8.037742972373962402e-01
7.249386981129646301e-04
5.967482328414916992e-01
5.228174850344657898e-02
2.388700470328330994e-02
3.613547189161181450e-03
1.409708708524703979e-01
3.970161825418472290e-02
5.599968135356903076e-02
3.324092328548431396e-01
5.968592762947082520e-01
6.636524572968482971e-03
9.930016398429870605e-01
3.565402934327721596e-03
1.159323602914810181e-01
5.818308889865875244e-02
7.744847331196069717e-03
2.041113749146461487e-02
1.009254902601242065e-02
1.195888966321945190e-01
1.877845451235771179e-02
2.374514238908886909e-03
9.024547785520553589e-02
7.728630676865577698e-03
6.018491112627089024e-04
2.327822439838200808e-04
9.970610737800598145e-01
1.360678672790527344e-02
5.909188650548458099e-03
1.378725748509168625e-02
5.966747645288705826e-03
2.636947319842875004e-04
2.320593222975730896e-03
6.062120199203491211e-03
3.669864963740110397e-03
6.689938902854919434e-01
6.929226219654083252e-04
2.417121082544326782e-03
1.488750427961349487e-02
1.008379310369491577e-01
1.722196582704782486e-03
