3.503163170535117388e-04
5.620437860488891602e-01
3.582569479476660490e-04
5.416858792304992676e-01
2.130563929677009583e-02
2.784617827273905277e-04
2.832221100106835365e-03
3.519747406244277954e-04
3.002870827913284302e-03
1.682457178831100464e-01
7.658977806568145752e-02
1.957698911428451538e-02
5.817738710902631283e-04
7.468918338418006897e-04
6.917962431907653809e-02
9.789598407223820686e-04
8.225256800651550293e-01
3.972654696553945541e-03
9.466061592102050781e-01
2.662872429937124252e-03
1.691471436060965061e-03
1.869588391855359077e-03
1.844439506530761719e-01
5.800697486847639084e-03
5.924904942512512207e-01
3.315515518188476562e-01
3.165574278682470322e-03
9.898118376731872559e-01
2.366237458772957325e-04
1.063393778167665005e-03
5.418685730546712875e-03
5.801010876893997192e-03
6.833664774894714355e-01
6.339630577713251114e-03
1.709807366132736206e-01
3.389283781871199608e-03
1.935505419969558716e-01
2.598006511107087135e-03
3.088923916220664978e-02
9.408387541770935059e-02
6.249802708625793457e-01
3.974483348429203033e-03
3.483018837869167328e-03
7.627202663570642471e-03
9.146618247032165527e-01
3.796898759901523590e-03
2.641793980728834867e-04
5.135304527357220650e-04
4.250886663794517517e-02
2.149588800966739655e-02
1.735047623515129089e-02
1.440363656729459763e-02
5.049676634371280670e-03
2.414268627762794495e-02
5.178435239940881729e-03
2.233938314020633698e-03
1.682498841546475887e-03
6.498954445123672485e-02
7.657902315258979797e-03
1.157029997557401657e-03
1.868085712194442749e-01
9.785631299018859863e-01
5.184895992279052734e-01
1.061069499701261520e-02
5.118868947029113770e-01
4.033318720757961273e-03
3.971758764237165451e-03
9.990733861923217773e-01
1.480805575847625732e-01
2.731265500187873840e-03
5.177108570933341980e-03
5.372647196054458618e-03
2.288663294166326523e-03
3.844636259600520134e-03
3.092135593760758638e-04
1.778790261596441269e-03
9.726161952130496502e-04
2.190363156842067838e-04
5.205668858252465725e-04
3.078741393983364105e-02
5.296807270497083664e-03
3.231167793273925781e-01
2.874073106795549393e-03
6.822729948908090591e-03
4.483308177441358566e-03
4.027714021503925323e-03
8.769043721258640289e-03
6.714701652526855469e-02
4.697025567293167114e-02
4.612125921994447708e-03
4.153737798333168030e-03
9.798166155815124512e-01
1.287759542465209961e-01
4.609025083482265472e-03
5.758564546704292297e-02
1.342895673587918282e-03
5.546205863356590271e-02
9.942665696144104004e-01
4.775572940707206726e-02
1.201693713665008545e-02
6.654963642358779907e-02
3.722804412245750427e-02
4.719407879747450352e-04
5.213333060964941978e-04
2.529408317059278488e-03
2.729456126689910889e-01
7.428077049553394318e-03
7.514624157920479774e-04
2.885798458009958267e-03
2.288080751895904541e-02
1.199002116918563843e-01
9.579212404787540436e-03
9.945129156112670898e-01
4.564208537340164185e-02
3.178561106324195862e-02
8.393849246203899384e-03
5.618027411401271820e-03
1.299891900271177292e-02
2.234915830194950104e-02
7.066217064857482910e-02
6.304855942726135254e-01
3.181972205638885498e-01
8.595013059675693512e-03
1.397272348403930664e-01
6.389783229678869247e-03
9.573576971888542175e-03
9.339283220469951630e-03
4.329240322113037109e-01
3.892122767865657806e-03
4.852908663451671600e-03
3.043491451535373926e-04
6.136998854344710708e-05
4.120224330108612776e-04
1.149064628407359123e-03
6.971950642764568329e-04
6.422172737075015903e-05
1.321510970592498779e-02
7.767332717776298523e-04
7.631523185409605503e-04
6.292296107858419418e-03
3.511711722239851952e-03
3.261105623096227646e-03
8.725872635841369629e-01
1.489945425419136882e-04
6.230070139281451702e-04
9.258998557925224304e-03
5.220712628215551376e-04
8.323188126087188721e-02
3.217636793851852417e-02
3.373080492019653320e-02
5.166778564453125000e-01
5.609991494566202164e-04
2.449636608362197876e-01
6.012548692524433136e-03
7.591596804559230804e-04
3.098882269114255905e-03
1.233147107996046543e-03
1.433246135711669922e-01
2.002927241846919060e-03
4.255732521414756775e-03
3.089174861088395119e-03
6.166998744010925293e-01
9.668006747961044312e-02
5.282789468765258789e-02
8.125221729278564453e-01
1.543672056868672371e-03
2.587506547570228577e-03
1.282036956399679184e-02
9.199904203414916992e-01
4.376163706183433533e-03
6.641754880547523499e-03
3.906537604052573442e-04
1.593990251421928406e-02
8.436284260824322701e-04
7.112681269645690918e-01
3.374127671122550964e-03
5.715866684913635254e-01
2.202037535607814789e-02
6.869627977721393108e-04
5.264814011752605438e-03
5.509355105459690094e-03
7.158174994401633739e-04
7.214362849481403828e-04
6.749460007995367050e-03
9.877383708953857422e-03
1.654287800192832947e-02
3.650916516780853271e-01
9.981995820999145508e-01
6.689093708992004395e-01
1.750875031575560570e-03
1.009958679787814617e-03
1.605362445116043091e-01
9.397227549925446510e-04
1.019611139781773090e-03
3.189385868608951569e-03
1.903233863413333893e-02
8.922227425500750542e-04
6.380077600479125977e-01
6.562930997461080551e-03
1.180069148540496826e-02
8.380092978477478027e-01
2.520506968721747398e-03
1.853680354543030262e-03
4.694937961176037788e-04
6.226311903446912766e-03
1.410652068443596363e-03
7.963317912071943283e-04
4.048048518598079681e-03
2.628647722303867340e-02
3.330441117286682129e-01
8.189474232494831085e-03
8.764274418354034424e-03
4.019789397716522217e-03
3.885910555254667997e-04
1.098876586183905602e-03
2.186812227591872215e-03
6.939714075997471809e-04
7.160490378737449646e-03
2.076054923236370087e-03
4.905126523226499557e-03
5.536747351288795471e-02
9.474362246692180634e-03
2.970726191997528076e-01
1.597478869371116161e-03
9.776610136032104492e-01
9.714723229408264160e-01
1.360704627586528659e-04
5.326740443706512451e-03
2.406855113804340363e-02
8.726374506950378418e-01
2.880231710150837898e-03
1.961059751920402050e-04
1.180626684799790382e-03
2.256287075579166412e-02
7.589783985167741776e-03
6.003850139677524567e-04
4.385579377412796021e-03
4.018770065158605576e-03
1.805159822106361389e-02
9.046757593750953674e-03
2.975022653117775917e-03
3.205949440598487854e-02
1.046529854647815228e-03
1.230800747871398926e-01
1.000934392213821411e-01
5.974584221839904785e-01
8.450960158370435238e-04
6.563331931829452515e-03
4.896429479122161865e-01
5.596207920461893082e-04
2.240757225081324577e-03
5.805743932723999023e-01
5.775501206517219543e-02
7.120046764612197876e-03
1.820210018195211887e-03
1.458825543522834778e-03
2.153090387582778931e-02
1.351248938590288162e-03
1.812914386391639709e-02
7.844359278678894043e-01
1.380756380967795849e-03
4.664275329560041428e-04
2.485972493886947632e-01
2.984734019264578819e-03
6.615043282508850098e-01
6.545963883399963379e-01
8.741627447307109833e-03
3.387829929124563932e-04
1.315983105450868607e-02
2.891363110393285751e-04
3.764868015423417091e-03
3.872143104672431946e-03
7.687528729438781738e-01
4.940532613545656204e-03
3.142837435007095337e-03
2.826506271958351135e-03
5.622547119855880737e-03
4.826613003388047218e-04
2.560942806303501129e-02
2.280820859596133232e-03
2.891429960727691650e-01
8.157705515623092651e-02
5.802931189537048340e-01
8.312085270881652832e-02
8.992227376438677311e-04
1.415931386873126030e-03
9.395593078806996346e-04
4.193284362554550171e-02
9.397321380674839020e-03
6.518649752251803875e-04
3.013702807947993279e-03
1.358097069896757603e-03
9.650725126266479492e-01
1.304759737104177475e-02
4.930475261062383652e-04
1.521237939596176147e-01
8.617991954088211060e-02
5.296779274940490723e-01
5.440361499786376953e-01
2.176479995250701904e-02
5.477658472955226898e-03
5.548174376599490643e-04
1.060697482898831367e-03
4.480093193706125021e-04
2.870374321937561035e-01
7.131929397583007812e-01
3.086133510805666447e-04
1.881531178951263428e-01
7.851557731628417969e-01
4.791548009961843491e-03
3.495234251022338867e-02
4.669357440434396267e-04
2.154292305931448936e-03
2.789098536595702171e-03
7.626844644546508789e-01
7.742122411727905273e-01
1.475711446255445480e-02
3.382085356861352921e-03
6.952691357582807541e-03
9.579740762710571289e-01
7.125050760805606842e-04
1.247167587280273438e-03
1.252406369894742966e-02
4.398719072341918945e-01
1.339123100042343140e-01
2.800322370603680611e-03
2.546226046979427338e-02
6.901689618825912476e-02
1.151471980847418308e-03
2.224840689450502396e-03
1.184508018195629120e-02
6.425517611205577850e-03
1.953706890344619751e-02
2.052504196763038635e-02
1.739781536161899567e-02
1.276477426290512085e-01
6.394369993358850479e-04
2.315913699567317963e-02
2.118116710335016251e-03
3.254023194313049316e-02
2.320334464311599731e-01
2.408470772206783295e-02
6.163974758237600327e-03
7.623312994837760925e-03
5.557163059711456299e-02
2.733965404331684113e-02
7.283345330506563187e-03
7.561585903167724609e-01
1.795197837054729462e-03
4.263649170752614737e-04
5.144655704498291016e-03
8.662498593330383301e-01
3.490615345072001219e-04
9.961047172546386719e-01
2.976553281769156456e-03
9.915739893913269043e-01
1.991553418338298798e-02
1.796414959244430065e-03
9.674763083457946777e-01
8.373508462682366371e-04
6.472943723201751709e-02
7.401576638221740723e-01
9.107621759176254272e-02
6.726651918143033981e-03
1.193200354464352131e-03
9.929809570312500000e-01
6.851834803819656372e-02
3.981242771260440350e-04
2.189687341451644897e-01
2.350196707993745804e-03
2.132698707282543182e-02
4.721162549685686827e-04
1.085682655684649944e-03
1.025030612945556641e-01
2.501831913832575083e-04
7.248779293149709702e-04
2.019285922870039940e-03
2.534132450819015503e-03
8.858319488354027271e-04
2.320067287655547261e-04
3.782599866390228271e-01
6.522112991660833359e-03
9.090211987495422363e-02
2.972437359858304262e-04
3.563253581523895264e-02
4.570771381258964539e-02
2.449033781886100769e-03
1.604778924956917763e-03
2.978070871904492378e-03
2.806968055665493011e-03
9.142184853553771973e-01
2.448527666274458170e-04
5.962891504168510437e-03
1.904913107864558697e-03
7.548545021563768387e-03
5.009991526603698730e-01
2.728588646277785301e-03
1.099657267332077026e-03
6.031869910657405853e-03
1.467964611947536469e-03
8.808147395029664040e-04
3.794190706685185432e-03
2.140393713489174843e-03
9.626889824867248535e-01
1.719260122627019882e-03
8.274567313492298126e-03
2.133469330146908760e-03
3.179713385179638863e-03
6.995534896850585938e-01
9.980143308639526367e-01
6.171978116035461426e-01
2.619894221425056458e-03
4.440335091203451157e-03
1.399647560901939869e-03
2.434979658573865891e-03
1.421749591827392578e-03
9.022515150718390942e-04
4.158110916614532471e-02
6.406394299119710922e-03
1.151977945119142532e-02
1.044309348799288273e-03
1.516883820295333862e-01
8.272771723568439484e-03
1.039107562974095345e-03
7.641779258847236633e-03
2.357128541916608810e-03
5.372005049139261246e-03
8.310302160680294037e-03
8.316415478475391865e-04
9.168582968413829803e-03
3.360854694619774818e-03
1.359375566244125366e-01
2.376376418396830559e-03
6.403694860637187958e-04
1.300492323935031891e-03
2.421933226287364960e-03
5.077982204966247082e-04
5.988004207611083984e-01
3.558472264558076859e-03
1.076211570762097836e-03
2.793608698993921280e-03
2.803368261083960533e-04
3.706679271999746561e-04
2.691844711080193520e-03
6.414317176677286625e-04
1.774621196091175079e-02
1.154532190412282944e-02
1.891460120677947998e-01
4.991266876459121704e-02
4.350099712610244751e-02
4.813865423202514648e-01
8.491348125971853733e-04
1.199902617372572422e-03
1.063744784914888442e-04
3.132701385766267776e-03
2.078852703562006354e-04
2.933106152340769768e-03
1.628455519676208496e-02
6.028240174055099487e-02
5.794399112346582115e-05
6.130288238637149334e-04
8.863908005878329277e-04
1.365653006359934807e-04
4.653374254703521729e-01
1.261808909475803375e-03
5.374723672866821289e-02
2.460103668272495270e-02
1.128858402371406555e-01
9.787736535072326660e-01
4.193747590761631727e-04
2.000707434490323067e-03
7.373954653739929199e-01
2.369358902797102928e-03
3.032580716535449028e-04
4.690545611083507538e-03
6.454166490584611893e-03
9.677905440330505371e-01
2.047090238193050027e-04
2.582845510914921761e-03
1.585195027291774750e-02
3.075839951634407043e-02
1.159105566330254078e-03
3.786480228882282972e-04
1.184105174615979195e-03
7.436358369886875153e-03
3.808320499956607819e-03
3.552211448550224304e-02
9.871956110000610352e-01
4.581294953823089600e-03
2.711700275540351868e-03
7.595632076263427734e-01
8.096533128991723061e-04
1.930250000441446900e-04
2.988833189010620117e-01
4.521441005636006594e-04
1.545167863368988037e-01
4.708522465080022812e-03
2.545266449451446533e-01
2.175814937800168991e-03
1.492191338911652565e-03
5.361210703849792480e-01
1.747239148244261742e-03
6.687775254249572754e-01
2.586235932540148497e-04
1.052813325077295303e-02
8.580129593610763550e-03
8.717132150195538998e-04
3.108141757547855377e-02
9.976015686988830566e-01
2.434496534988284111e-03
7.879343465901911259e-04
5.841219099238514900e-04
1.231982093304395676e-02
4.422403406351804733e-03
5.845156265422701836e-04
2.494655316695570946e-03
2.870770695153623819e-04
7.748631238937377930e-01
1.010209601372480392e-02
6.632590293884277344e-02
6.318225711584091187e-02
2.122877776855602860e-04
8.236744324676692486e-04
2.429410116747021675e-03
1.135960104875266552e-03
7.248283363878726959e-03
6.897856593132019043e-01
9.931020736694335938e-01
4.216505587100982666e-02
2.368333283811807632e-03
3.868543729186058044e-02
2.242139726877212524e-01
7.831664755940437317e-03
8.057873492361977696e-05
2.725713653489947319e-03
1.276308018714189529e-02
6.147614680230617523e-03
1.611942134331911802e-04
5.150558352470397949e-01
2.942011654376983643e-01
9.343179874122142792e-03
1.859318697825074196e-03
2.021968550980091095e-02
3.248096210882067680e-03
1.016654726117849350e-02
1.926155382534489036e-04
1.968936063349246979e-03
2.800511941313743591e-02
2.107142470777034760e-03
1.091580488719046116e-03
5.486007928848266602e-01
4.745454341173171997e-02
8.990830779075622559e-01
2.760055940598249435e-03
1.297181472182273865e-02
7.827238878235220909e-04
1.335370261222124100e-02
3.147734403610229492e-01
2.203722251579165459e-03
2.765863318927586079e-04
1.033385191112756729e-02
4.367038141936063766e-03
5.447189905680716038e-04
3.826217260211706161e-03
1.817470341920852661e-01
6.011477089487016201e-04
3.128362447023391724e-02
5.110038327984511852e-04
1.152266995632089674e-04
4.337063001003116369e-04
2.024597022682428360e-03
3.104831092059612274e-02
7.918038219213485718e-02
9.950407147407531738e-01
8.044161833822727203e-03
1.169768744148313999e-03
3.300991281867027283e-02
9.979173773899674416e-04
2.156000700779259205e-04
4.008116375189274549e-04
5.642421310767531395e-04
3.357660025358200073e-04
3.876843489706516266e-03
1.364646479487419128e-03
9.861634112894535065e-03
1.926335535245016217e-04
3.370617926120758057e-01
4.249987658113241196e-03
2.514894295018166304e-04
7.201919215731322765e-04
1.281855977140367031e-03
9.856818942353129387e-04
3.198558464646339417e-03
2.002574689686298370e-02
7.181372027844190598e-03
2.100541256368160248e-03
9.415037035942077637e-01
7.891469635069370270e-03
9.389178156852722168e-01
2.859660889953374863e-04
1.393888494931161404e-03
8.675529807806015015e-02
4.123149847146123648e-04
3.318356350064277649e-03
2.659506797790527344e-01
9.296942353248596191e-01
1.280621509067714214e-04
4.222715739160776138e-03
2.033018693327903748e-02
4.762271046638488770e-02
1.724157296121120453e-02
2.729669911786913872e-03
8.149166242219507694e-04
5.327235907316207886e-03
6.931415409781038761e-04
1.642588060349225998e-03
4.615386947989463806e-03
2.252028323709964752e-03
2.832865109667181969e-03
1.726972754113376141e-03
5.716828163713216782e-04
2.750146202743053436e-03
1.727127237245440483e-03
9.826700687408447266e-01
9.827747941017150879e-01
7.522650528699159622e-03
3.265933832153677940e-03
5.270692706108093262e-01
1.968019455671310425e-02
6.236936897039413452e-03
2.775096800178289413e-03
1.502288281917572021e-01
3.112582198809832335e-04
1.060378924012184143e-02
2.150240325136110187e-04
9.996426291763782501e-03
1.055476628243923187e-02
2.092043869197368622e-03
1.663068309426307678e-03
2.267462015151977539e-02
7.631971500813961029e-03
2.438235387671738863e-04
1.602726639248430729e-03
8.013281226158142090e-02
3.344462215900421143e-01
3.912003710865974426e-03
5.744937225244939327e-04
1.587612787261605263e-03
1.357702072709798813e-03
9.729901212267577648e-04
3.745637238025665283e-01
1.398002915084362030e-02
3.664781106635928154e-04
4.997165407985448837e-03
7.029796484857797623e-03
1.509848795831203461e-02
1.177841983735561371e-02
2.516251988708972931e-04
1.117881108075380325e-02
1.848922343924641609e-03
3.202519845217466354e-03
6.018405780196189880e-02
1.679913024418056011e-03
9.555648430250585079e-04
3.084152471274137497e-03
7.441335474140942097e-04
4.288038180675357580e-04
6.171091459691524506e-03
9.813996031880378723e-03
2.839275300502777100e-01
3.180507919751107693e-04
6.334553007036447525e-03
6.527198851108551025e-02
1.180837862193584442e-02
3.329518483951687813e-03
2.263762243092060089e-02
9.934139847755432129e-01
3.271123021841049194e-02
2.864403417333960533e-03
2.360043302178382874e-02
1.759119145572185516e-02
8.417806774377822876e-02
9.386171586811542511e-04
1.018074303865432739e-01
5.570874735713005066e-02
5.254764556884765625e-01
5.189184844493865967e-02
1.960867047309875488e-01
3.402061164379119873e-01
4.699981212615966797e-02
6.946903187781572342e-03
9.986918568611145020e-01
1.169697754085063934e-02
4.627068992704153061e-03
3.399104753043502569e-04
3.583282232284545898e-01
1.398720196448266506e-03
4.514771571848541498e-04
1.054533291608095169e-03
4.853915015701204538e-04
5.518870428204536438e-03
1.119627058506011963e-02
3.617365728132426739e-04
5.561678553931415081e-04
3.699098713696002960e-03
6.950213108211755753e-03
9.410435557365417480e-01
7.045650854706764221e-04
6.606845855712890625e-01
7.315690163522958755e-03
2.951714396476745605e-01
4.796610474586486816e-01
8.351958356797695160e-03
3.152922168374061584e-02
8.029294013977050781e-02
9.554300922900438309e-04
5.770925898104906082e-03
3.990204539149999619e-03
6.190342083573341370e-02
3.079565465450286865e-01
4.176828078925609589e-03
8.340308442711830139e-03
9.868130087852478027e-01
2.415642440319061279e-01
1.364735141396522522e-02
2.471487387083470821e-04
2.904673805460333824e-03
9.973723208531737328e-04
8.922070264816284180e-03
8.768643601797521114e-04
3.080583177506923676e-03
1.052498351782560349e-03
9.861238002777099609e-01
2.865294227376580238e-03
3.128759097307920456e-03
1.792520135641098022e-01
4.789849519729614258e-01
7.693149149417877197e-02
4.258677829056978226e-03
2.543334290385246277e-02
8.218213915824890137e-02
5.177413672208786011e-02
4.238785803318023682e-02
2.652769442647695541e-03
1.942240819334983826e-02
1.991620520129799843e-03
3.173558041453361511e-02
6.454869639128446579e-03
2.185002434998750687e-03
7.483077701181173325e-03
1.728785783052444458e-02
3.815189702436327934e-04
1.891400665044784546e-02
7.561493515968322754e-01
1.877331547439098358e-02
1.259395927190780640e-01
1.877352013252675533e-03
9.039061260409653187e-04
1.793938135961070657e-04
9.187133051455020905e-03
1.664001643657684326e-01
1.178771927952766418e-01
6.460675969719886780e-03
1.112969312816858292e-02
2.925115264952182770e-02
1.002139993943274021e-03
1.823650300502777100e-02
2.921022707596421242e-03
5.499175284057855606e-03
3.124590218067169189e-02
3.400691202841699123e-04
1.061981543898582458e-02
1.143285706639289856e-01
4.070719704031944275e-03
5.098393303342163563e-04
1.274395268410444260e-02
9.877687096595764160e-01
6.724893464706838131e-04
7.023063302040100098e-01
1.385713741183280945e-02
6.755715236067771912e-03
2.339612692594528198e-02
3.211907343938946724e-03
5.912076830863952637e-01
7.938632741570472717e-03
2.540311077609658241e-03
1.618693815544247627e-03
1.805332675576210022e-02
2.110659610480070114e-03
9.056556224822998047e-01
3.023587465286254883e-01
3.906261920928955078e-02
1.005184953100979328e-03
1.859445497393608093e-02
2.785169053822755814e-03
3.925563301891088486e-03
1.029499806463718414e-03
4.191191866993904114e-03
1.061650831252336502e-02
3.473794204182922840e-04
1.909352868096902966e-04
1.330960821360349655e-02
3.130739182233810425e-02
1.318377209827303886e-03
2.440641634166240692e-02
2.286003530025482178e-02
7.600565999746322632e-02
4.291819408535957336e-03
1.951061538420617580e-03
9.290176443755626678e-03
1.460092607885599136e-02
3.851973684504628181e-03
2.375369658693671227e-03
9.195717982947826385e-03
1.501548336818814278e-03
4.426282364875078201e-03
1.320110517553985119e-03
2.686766535043716431e-02
6.581187248229980469e-03
3.013790026307106018e-02
5.114474915899336338e-04
9.846034646034240723e-01
9.467669725418090820e-01
3.864340251311659813e-04
9.241103194653987885e-03
7.117924396879971027e-04
9.761675596237182617e-01
7.319163680076599121e-01
4.039289487991482019e-04
9.923354983329772949e-01
6.816234090365469456e-04
1.526502077467739582e-03
2.340378472581505775e-03
7.714433968067169189e-02
7.694311352679505944e-05
1.002349541522562504e-03
1.590796746313571930e-02
4.883903311565518379e-04
1.697678701020777225e-03
1.584774106740951538e-01
1.929134945385158062e-03
1.862088218331336975e-02
1.517639175290241838e-04
1.607102458365261555e-03
1.385736104566603899e-04
7.865121960639953613e-01
9.985130429267883301e-01
4.936339100822806358e-04
2.581729087978601456e-03
2.874503552448004484e-04
5.670608952641487122e-02
2.534530684351921082e-02
5.863735824823379517e-02
5.096488748677074909e-04
1.126452814787626266e-02
3.006130456924438477e-03
1.462542563676834106e-01
8.700417354702949524e-03
2.435561036691069603e-03
2.796998305711895227e-04
1.996005512773990631e-02
9.732285141944885254e-01
1.853044494055211544e-03
6.196122150868177414e-03
6.444566417485475540e-03
2.278550900518894196e-02
6.979150325059890747e-02
6.147235399112105370e-04
1.518863835372030735e-03
1.082817907445132732e-03
5.592006491497159004e-04
7.803637981414794922e-01
3.785426961258053780e-03
9.958185255527496338e-04
1.349093765020370483e-02
1.490238821133971214e-03
3.490409627556800842e-02
4.296964034438133240e-02
5.266694817692041397e-03
1.040724921040236950e-03
7.698079571127891541e-03
6.613876204937696457e-03
8.971969946287572384e-04
2.174519598484039307e-01
8.715309086255729198e-04
8.002665708772838116e-04
2.005312358960509300e-03
4.557677311822772026e-04
3.424508264288306236e-03
3.399964654818177223e-03
1.081654452718794346e-03
4.752635955810546875e-02
7.938681170344352722e-03
1.127669680863618851e-02
2.269024960696697235e-03
5.480251275002956390e-04
9.667476639151573181e-03
4.234687238931655884e-02
1.534902025014162064e-03
1.592214219272136688e-03
1.123765134252607822e-03
5.554181989282369614e-03
1.284700236283242702e-03
2.072626166045665741e-02
2.932811714708805084e-02
1.631833001738414168e-04
6.311418488621711731e-03
2.838654676452279091e-03
4.738688841462135315e-02
6.874561309814453125e-01
2.452211827039718628e-02
1.948791759787127376e-05
1.279914379119873047e-02
2.026817351579666138e-01
1.780156232416629791e-02
7.799544837325811386e-04
1.561826560646295547e-03
3.638490801677107811e-03
8.000042289495468140e-03
3.365895245224237442e-04
3.757599974051117897e-03
9.966061115264892578e-01
1.011918298900127411e-03
7.228420116007328033e-03
9.199659689329564571e-04
7.743503451347351074e-01
9.803111553192138672e-01
9.971756935119628906e-01
1.882671494968235493e-04
9.630932472646236420e-03
4.952476620674133301e-01
3.576254248619079590e-01
6.478263065218925476e-03
7.323956489562988281e-02
6.314726546406745911e-03
8.878087401390075684e-01
4.947344772517681122e-03
6.459853029809892178e-04
1.155307888984680176e-02
1.740037463605403900e-03
1.676276139914989471e-02
5.822754930704832077e-03
9.955704445019364357e-04
9.988047927618026733e-02
3.319469396956264973e-04
1.157978083938360214e-02
5.829767789691686630e-03
3.337373258545994759e-03
2.133221598342061043e-03
1.541934460401535034e-01
7.860893383622169495e-03
5.194204859435558319e-04
9.653937071561813354e-03
7.361235562711954117e-03
1.216279529035091400e-02
1.410205382853746414e-03
8.899230742827057838e-04
9.104477358050644398e-04
2.126913517713546753e-03
4.740178585052490234e-03
5.417346954345703125e-03
8.227205872535705566e-01
1.502862423658370972e-01
1.934234896907582879e-04
5.731781944632530212e-03
3.642711089923977852e-03
3.645209362730383873e-03
4.687810540199279785e-01
2.707687672227621078e-03
1.337778754532337189e-03
5.216116905212402344e-01
6.640207022428512573e-03
7.490432821214199066e-03
6.966330111026763916e-02
7.287583779543638229e-03
4.014326550532132387e-04
3.654830530285835266e-02
1.563638215884566307e-03
2.353049349039793015e-04
1.890452578663825989e-03
4.440566301345825195e-01
7.822140119969844818e-03
3.455993952229619026e-03
1.104950159788131714e-02
1.951126178028061986e-04
4.357619956135749817e-02
2.790483413264155388e-04
1.920420117676258087e-02
1.745515153743326664e-03
1.108590606600046158e-02
1.263363510370254517e-01
3.360600676387548447e-03
1.092077605426311493e-02
2.017138339579105377e-02
4.868439957499504089e-02
9.087364189326763153e-03
1.135751754045486450e-01
1.820575562305748463e-03
1.722850836813449860e-03
5.744827794842422009e-04
2.163499034941196442e-02
6.100367754697799683e-04
9.698853828012943268e-03
1.773610129021108150e-03
2.867815550416707993e-03
5.151810869574546814e-02
2.478450909256935120e-02
3.134342655539512634e-02
3.720270004123449326e-03
4.195953079033643007e-04
1.786950626410543919e-03
1.520775607787072659e-03
1.401262008585035801e-03
5.296705639921128750e-04
2.507333876565098763e-03
2.029256895184516907e-03
2.615166455507278442e-02
1.746156662702560425e-01
9.101036936044692993e-03
6.856533233076334000e-03
4.584976006299257278e-03
2.938014920800924301e-03
5.189579678699374199e-04
2.640232443809509277e-03
1.595289329998195171e-03
1.866676285862922668e-02
2.766452543437480927e-02
1.908087171614170074e-03
3.581282449886202812e-03
5.748520605266094208e-03
4.164640232920646667e-02
3.614678746089339256e-03
1.640565693378448486e-03
4.324092529714107513e-03
2.368443878367543221e-03
9.480165839195251465e-01
1.211892114952206612e-03
4.461631178855895996e-03
9.005122701637446880e-04
4.146184772253036499e-03
1.709409523755311966e-03
2.212070394307374954e-03
2.003333502216264606e-04
3.975312039256095886e-02
2.280601710081100464e-01
3.826120519079267979e-04
6.285129580646753311e-03
8.414238691329956055e-03
3.824128210544586182e-02
2.504644170403480530e-02
6.698575336486101151e-03
9.703740477561950684e-01
2.522937059402465820e-01
1.794329873519018292e-04
1.862491667270660400e-02
9.445574134588241577e-03
1.713631302118301392e-02
9.955001473426818848e-01
3.865520993713289499e-04
8.045893907546997070e-01
1.996559789404273033e-03
2.902515791356563568e-02
3.535374999046325684e-01
1.784479431807994843e-02
1.325292512774467468e-03
8.520969152450561523e-01
2.908669598400592804e-02
1.632656902074813843e-02
2.988146804273128510e-02
2.169166400562971830e-04
7.429544348269701004e-04
2.474637888371944427e-02
4.179091192781925201e-04
3.451297581195831299e-01
1.538297976367175579e-03
1.150763966143131256e-02
5.118350032716989517e-03
1.380646601319313049e-03
2.653329633176326752e-03
4.039062187075614929e-02
6.750025204382836819e-04
8.081536507233977318e-04
2.957349084317684174e-02
4.690316040068864822e-03
3.970232792198657990e-03
7.820079103112220764e-03
5.174145568162202835e-03
3.298909869045019150e-03
1.129445619881153107e-02
8.734861612319946289e-01
5.700252205133438110e-02
1.053429860621690750e-02
5.628759860992431641e-01
2.154593467712402344e-01
4.582375695463269949e-04
3.706559306010603905e-03
4.935099743306636810e-03
7.694425294175744057e-04
9.962639212608337402e-01
5.565315485000610352e-01
2.220174297690391541e-03
1.545431315898895264e-01
4.409110639244318008e-03
2.726743370294570923e-02
1.639330643229186535e-03
2.387119643390178680e-02
7.630845159292221069e-02
3.549340763129293919e-04
4.729212727397680283e-03
1.452062744647264481e-02
1.957518979907035828e-03
1.156592508777976036e-03
9.261426515877246857e-03
6.377235054969787598e-02
3.681991074699908495e-04
9.472478628158569336e-01
1.275165821425616741e-03
4.261179268360137939e-02
9.873760938644409180e-01
2.312841825187206268e-02
1.295621544122695923e-01
3.579041734337806702e-02
9.991933703422546387e-01
3.216314944438636303e-04
5.167984962463378906e-01
3.749099001288414001e-02
3.347406536340713501e-02
5.060015246272087097e-04
1.191491540521383286e-02
6.742746382951736450e-02
1.202755956910550594e-03
5.302453413605690002e-03
9.461680427193641663e-03
7.207373529672622681e-02
2.635370008647441864e-02
8.929337561130523682e-02
1.094509498216211796e-03
2.204116880893707275e-01
5.301833152770996094e-02
8.720517158508300781e-01
1.104917377233505249e-02
1.652332544326782227e-01
1.679571717977523804e-01
4.170885775238275528e-03
7.289705798029899597e-03
1.086691487580537796e-02
2.038704454898834229e-01
1.083520124666392803e-03
4.766323417425155640e-02
4.264947783667594194e-04
2.559718908742070198e-03
4.748361825477331877e-04
8.548437952995300293e-01
8.391162008047103882e-02
6.387809989973902702e-04
9.102264791727066040e-02
4.793481528759002686e-02
3.785677552223205566e-01
2.600991167128086090e-03
2.091674832627177238e-04
2.123733051121234894e-02
2.202411182224750519e-02
1.861440539360046387e-01
4.567795898765325546e-03
1.180968596599996090e-03
1.057966030202805996e-03
4.833263903856277466e-02
9.799369573593139648e-01
3.122852649539709091e-03
3.696626424789428711e-02
8.807824342511594296e-04
7.000926998443901539e-04
1.896570029202848673e-04
6.845062016509473324e-04
5.029200110584497452e-04
1.316609978675842285e-01
3.699857890605926514e-01
4.642575513571500778e-03
5.078388843685388565e-03
2.548426389694213867e-01
7.457849979400634766e-01
9.065346675924956799e-04
1.273556891828775406e-02
2.905625617131590843e-03
6.401512771844863892e-02
1.125779002904891968e-03
4.285763483494520187e-03
1.403521839529275894e-02
9.258192148990929127e-04
2.461162209510803223e-02
6.756338477134704590e-01
3.189726546406745911e-02
1.284185890108346939e-02
2.165100537240505219e-02
8.598431013524532318e-03
1.673286035656929016e-02
2.543482230976223946e-03
4.479410126805305481e-02
4.369043745100498199e-03
2.126615436282008886e-04
1.665430702269077301e-02
1.053909538313746452e-03
1.908317790366709232e-03
4.337982460856437683e-02
6.209322600625455379e-04
3.131738007068634033e-01
9.175308980047702789e-03
9.424589872360229492e-01
3.208412826061248779e-01
6.772556807845830917e-03
2.403881866484880447e-03
8.121850900352001190e-03
4.953289870172739029e-03
1.639357884414494038e-03
8.459190279245376587e-02
1.397519931197166443e-02
8.760198354721069336e-01
9.170688986778259277e-01
9.945251941680908203e-01
7.737801671028137207e-01
7.478815678041428328e-05
7.810409665107727051e-01
3.185065984725952148e-01
9.308447130024433136e-03
6.076966412365436554e-03
3.386118263006210327e-02
2.162558084819465876e-04
9.350398555397987366e-03
4.189970437437295914e-03
4.041706025600433350e-02
6.088230758905410767e-02
1.251065870746970177e-03
2.809013472869992256e-03
1.242094906046986580e-03
5.920872557908296585e-03
1.479443977586925030e-03
1.377267669886350632e-02
6.407851353287696838e-03
6.455283728428184986e-04
1.181935891509056091e-03
8.521031588315963745e-02
8.281967020593583584e-04
3.944621887058019638e-03
9.825447201728820801e-01
1.656249864026904106e-03
1.243492937646806240e-03
2.963031642138957977e-03
2.473241183906793594e-04
1.766992965713143349e-03
3.069926053285598755e-03
9.820434264838695526e-03
7.716638445854187012e-01
2.486790996044874191e-03
1.145744696259498596e-03
1.496666809543967247e-03
5.677267909049987793e-01
1.184440329670906067e-01
1.924119424074888229e-03
3.410756215453147888e-02
9.415113329887390137e-01
9.542360203340649605e-04
7.626885053468868136e-05
8.711070404388010502e-05
9.563658237457275391e-01
2.221633680164813995e-03
1.061798632144927979e-02
5.291121779009699821e-04
2.533165924251079559e-02
4.100266695022583008e-01
7.455264329910278320e-01
2.992308000102639198e-03
9.023517966270446777e-01
9.992041159421205521e-04
9.727478958666324615e-03
2.034877106780186296e-04
1.200582273304462433e-02
1.313434354960918427e-02
4.110107256565243006e-04
1.107677370309829712e-01
4.346811771392822266e-01
2.415212430059909821e-02
7.749712094664573669e-03
6.687692366540431976e-04
1.765613094903528690e-03
2.834658371284604073e-03
1.610625768080353737e-03
1.317457179538905621e-03
5.165936890989542007e-03
2.238931134343147278e-02
1.606004126369953156e-02
3.005734644830226898e-02
4.807321529369801283e-04
1.874606590718030930e-03
9.669758728705346584e-04
2.993678860366344452e-02
8.762737736105918884e-03
9.560717344284057617e-01
6.552525609731674194e-02
6.985622458159923553e-03
4.382865428924560547e-01
5.604795645922422409e-03
6.622466025874018669e-04
3.917443973477929831e-04
7.788836210966110229e-02
1.646958850324153900e-02
2.851287424564361572e-01
8.548781275749206543e-01
1.938452245667576790e-03
2.859834814444184303e-03
8.883046102710068226e-04
8.840983510017395020e-01
1.868531573563814163e-03
1.199480984359979630e-02
1.122697256505489349e-03
8.126290440559387207e-01
7.280219579115509987e-04
1.436483231373131275e-03
1.522207050584256649e-03
1.396241784095764160e-02
8.111941069364547729e-02
1.943533122539520264e-01
3.787216963246464729e-03
6.418546438217163086e-01
3.332131206989288330e-01
2.038258165121078491e-01
3.955255262553691864e-03
6.182020530104637146e-02
2.650103997439146042e-04
2.000506035983562469e-02
2.000586539506912231e-01
7.082153558731079102e-01
9.967927336692810059e-01
5.779685825109481812e-02
9.872207883745431900e-04
6.634861347265541553e-04
1.200085505843162537e-03
1.111150253564119339e-02
6.577677559107542038e-04
1.671709865331649780e-02
4.517058134078979492e-01
2.964338986203074455e-03
1.991063123568892479e-03
2.103435248136520386e-02
7.004390354268252850e-04
2.876239828765392303e-03
9.001910686492919922e-03
2.547140698879957199e-03
5.655243992805480957e-01
5.353631824254989624e-02
7.489708065986633301e-01
1.990287750959396362e-01
7.414956344291567802e-04
1.136765000410377979e-03
1.466441899538040161e-02
5.493756383657455444e-02
8.689486235380172729e-02
1.306248479522764683e-03
4.083469510078430176e-03
7.945270626805722713e-04
7.473634090274572372e-03
3.607327118515968323e-02
1.897368812933564186e-03
6.473115179687738419e-03
3.113562241196632385e-03
9.790194630622863770e-01
4.204207286238670349e-02
1.474865479394793510e-03
9.658449888229370117e-01
1.479496248066425323e-03
4.876135208178311586e-04
6.314926594495773315e-02
9.822132997214794159e-04
2.230270300060510635e-03
5.705639254301786423e-03
3.308212384581565857e-03
9.695218205451965332e-01
5.802219384349882603e-04
2.155809896066784859e-03
1.072875317186117172e-02
1.359587884508073330e-03
9.256386011838912964e-02
1.084546092897653580e-03
3.252591937780380249e-03
5.549216642975807190e-03
8.245834615081548691e-04
6.180902570486068726e-02
1.172242686152458191e-02
1.272912919521331787e-01
5.915539804846048355e-03
8.652771823108196259e-03
2.459000796079635620e-02
3.073005238547921181e-03
7.811272144317626953e-01
1.380519662052392960e-02
7.613343000411987305e-02
7.227712776511907578e-04
2.631020732223987579e-03
1.739256666041910648e-03
1.833583664847537875e-04
2.860425040125846863e-02
3.391102887690067291e-03
9.189624190330505371e-01
4.561425885185599327e-04
2.477389760315418243e-02
3.466947237029671669e-04
1.278179115615785122e-03
1.763586550951004028e-01
2.040122821927070618e-02
9.848996065557003021e-03
5.762221291661262512e-03
9.524426423013210297e-04
5.376844201236963272e-04
5.374310612678527832e-01
1.207892671227455139e-01
2.883697161450982094e-03
5.463073030114173889e-02
9.362097829580307007e-02
1.114120241254568100e-03
9.948236942291259766e-01
1.331503153778612614e-04
5.212165880948305130e-03
2.602458186447620392e-02
1.222294813487678766e-04
1.862721443176269531e-01
1.561075821518898010e-02
2.490203268826007843e-02
3.020424209535121918e-02
2.144807204604148865e-02
2.905057335738092661e-04
2.829025965183973312e-03
2.388366730883717537e-03
1.595304202055558562e-04
7.230850309133529663e-02
8.592304075136780739e-04
2.080059843137860298e-03
3.068612329661846161e-02
4.563476517796516418e-02
1.129366829991340637e-02
2.908416651189327240e-02
2.474952116608619690e-02
9.214450255967676640e-04
5.906255245208740234e-01
1.329073216766119003e-03
2.308392198756337166e-03
2.971120120491832495e-04
5.542274564504623413e-03
3.133463673293590546e-03
1.597906090319156647e-02
3.965093195438385010e-01
1.082704984582960606e-03
4.081412218511104584e-03
6.823113653808832169e-04
2.459933795034885406e-02
9.474213584326207638e-04
9.888257384300231934e-01
1.277702511288225651e-03
1.450490555725991726e-03
1.029181666672229767e-02
1.601611293153837323e-04
1.885971799492835999e-02
5.132060050964355469e-01
3.240814665332436562e-03
9.489074000157415867e-04
1.531415735371410847e-03
3.514830255880951881e-03
7.744336035102605820e-04
1.292063761502504349e-02
2.926422981545329094e-03
2.681680917739868164e-01
3.016467671841382980e-03
3.845034167170524597e-02
3.672202117741107941e-03
4.546312615275382996e-03
4.561678506433963776e-04
9.907296299934387207e-01
5.982135888189077377e-03
9.045017361640930176e-01
3.264171304181218147e-03
7.954254979267716408e-04
9.782278537750244141e-01
1.089588855393230915e-03
2.731163054704666138e-02
2.137478142976760864e-01
9.839862585067749023e-03
1.159085659310221672e-03
8.166047334671020508e-01
4.421692192554473877e-01
7.017883472144603729e-03
1.076370477676391602e-03
9.939147531986236572e-02
2.517005195841193199e-03
4.957636892795562744e-01
5.520557169802486897e-04
1.830347813665866852e-02
4.665140528231859207e-03
1.307046739384531975e-03
6.550889462232589722e-02
1.417183969169855118e-02
3.968836739659309387e-02
9.589174296706914902e-04
6.684219697490334511e-04
5.217804387211799622e-02
1.741065829992294312e-02
6.923035252839326859e-03
2.879697829484939575e-03
1.394430696964263916e-01
1.754777729511260986e-01
1.137643470428884029e-03
8.563053794205188751e-03
2.897819578647613525e-01
2.248749881982803345e-01
2.427469473332166672e-03
1.896100305020809174e-02
8.190105669200420380e-03
4.334680736064910889e-03
1.741514541208744049e-02
4.942566156387329102e-04
7.989501953125000000e-01
1.259029144421219826e-03
3.323727753013372421e-03
1.446860958822071552e-03
2.964205341413617134e-03
4.076002165675163269e-03
7.683540880680084229e-02
1.933569461107254028e-02
1.725791371427476406e-04
1.537440530955791473e-02
9.964808821678161621e-01
4.924318753182888031e-03
9.384510107338428497e-03
4.227799829095602036e-03
7.570653106085956097e-04
6.820601411163806915e-03
3.251848276704549789e-03
1.040724455378949642e-03
4.082364903297275305e-04
1.478441357612609863e-01
3.849575761705636978e-03
8.065083622932434082e-01
3.900928189978003502e-03
6.190070882439613342e-03
9.375213384628295898e-01
1.201950106769800186e-02
6.975674033164978027e-01
5.626090988516807556e-02
1.400792389176785946e-03
7.782988250255584717e-03
5.477869999594986439e-04
8.725099265575408936e-03
9.628121741116046906e-03
5.442792549729347229e-02
3.413482569158077240e-03
1.319037098437547684e-02
3.128803567960858345e-03
1.188424006104469299e-01
1.440388057380914688e-02
4.094278905540704727e-03
1.097878324799239635e-03
1.359076518565416336e-02
4.483801778405904770e-03
3.143467381596565247e-02
9.276094497181475163e-04
1.271152053959667683e-03
1.581011456437408924e-03
1.881416887044906616e-02
7.589860470034182072e-04
9.676543474197387695e-01
1.456203055568039417e-03
2.676739990711212158e-01
6.909192888997495174e-04
6.472595036029815674e-02
2.607173100113868713e-02
1.455655146855860949e-04
4.147061146795749664e-03
1.826704596169292927e-03
8.510837214998900890e-04
1.748752583807799965e-05
3.818602999672293663e-04
2.481275796890258789e-01
1.591444015502929688e-02
1.308247167617082596e-02
2.595503926277160645e-01
9.536972045898437500e-01
8.238541483879089355e-01
1.007681041955947876e-01
1.369309844449162483e-03
3.612662553787231445e-01
9.426922202110290527e-01
9.208306670188903809e-01
5.415602587163448334e-03
1.541087985970079899e-04
4.398341476917266846e-02
9.009062051773071289e-01
1.373428944498300552e-02
1.385878585278987885e-02
9.509457349777221680e-01
2.476798370480537415e-03
1.272179768420755863e-03
2.032786607742309570e-03
2.039053477346897125e-02
8.907392621040344238e-01
5.027495790272951126e-03
4.881037864834070206e-03
1.468878239393234253e-02
3.897852823138237000e-02
3.774473909288644791e-03
2.208156744018197060e-03
1.064663869328796864e-03
5.588999390602111816e-02
9.585186243057250977e-01
1.363803283311426640e-03
2.753830142319202423e-02
1.577521488070487976e-02
1.012158812955021858e-03
6.832259241491556168e-03
7.064574398100376129e-03
2.625316148623824120e-03
1.573132351040840149e-03
1.044139266014099121e-03
9.013754129409790039e-01
2.687736451625823975e-01
1.079360023140907288e-03
3.686346346512436867e-03
1.148195192217826843e-02
4.751784354448318481e-02
8.507444290444254875e-04
1.183193325996398926e-01
2.167696878314018250e-02
1.032567932270467281e-03
1.492833942174911499e-01
4.772213753312826157e-03
2.778284251689910889e-03
1.325474819168448448e-03
9.711296297609806061e-03
1.139527652412652969e-02
3.686031850520521402e-04
1.977945445105433464e-03
1.906807185150682926e-03
5.254688858985900879e-01
5.878723459318280220e-04
1.984330127015709877e-03
3.886591410264372826e-03
8.745443192310631275e-04
3.575932234525680542e-02
3.743916004896163940e-02
3.157302737236022949e-02
5.960406735539436340e-02
2.542831469327211380e-03
4.917433485388755798e-02
6.637998856604099274e-03
1.425989670678973198e-03
2.470619976520538330e-03
5.789365153759717941e-03
8.807145804166793823e-02
9.989971518516540527e-01
5.969536956399679184e-03
9.320328831672668457e-01
2.296874765306711197e-03
1.536162890261039138e-04
8.436518907546997070e-01
4.634433984756469727e-02
5.078022833913564682e-03
5.695714615285396576e-03
4.074721038341522217e-02
3.495973302051424980e-03
1.442624838091433048e-03
1.059314887970685959e-02
3.472198173403739929e-02
1.249639913439750671e-01
7.873130030930042267e-03
4.413456469774246216e-02
1.124123227782547474e-03
9.545547515153884888e-02
6.507895304821431637e-04
5.321995019912719727e-01
7.494131475687026978e-02
4.073807969689369202e-03
1.070430851541459560e-03
1.375897438265383244e-03
1.657017692923545837e-02
8.280075788497924805e-01
1.392282545566558838e-03
8.501929640769958496e-01
1.176774501800537109e-03
7.465033978223800659e-02
5.509321112185716629e-03
3.696876019239425659e-02
1.660988084040582180e-03
2.384990453720092773e-03
5.052113905549049377e-03
9.016675353050231934e-01
1.223657396622002125e-03
3.217785805463790894e-02
8.772667497396469116e-03
2.004135167226195335e-03
1.066745724529027939e-03
1.692247539758682251e-01
6.986664142459630966e-03
1.060398877598345280e-03
8.251023292541503906e-01
9.535803692415356636e-04
4.962471723556518555e-01
5.451702047139406204e-03
4.367477726191282272e-03
1.165736466646194458e-01
2.314667915925383568e-03
2.035347744822502136e-03
8.624520152807235718e-02
2.778893103823065758e-03
5.857844371348619461e-03
9.904360398650169373e-03
4.542772658169269562e-03
8.419345319271087646e-02
1.716924011707305908e-01
2.928709844127297401e-03
1.913074404001235962e-03
2.688652276992797852e-01
4.016251564025878906e-01
8.249132893979549408e-03
2.485107444226741791e-02
6.541758775711059570e-03
2.212023884057998657e-01
9.733118931762874126e-04
7.344325422309339046e-04
2.074572443962097168e-02
5.889471503905951977e-04
7.107855081558227539e-01
6.403212547302246094e-01
8.698008023202419281e-03
4.266449809074401855e-01
2.635138109326362610e-03
6.497765425592660904e-04
4.749180376529693604e-02
6.129920948296785355e-03
6.703527178615331650e-04
7.732789963483810425e-03
7.349902391433715820e-01
6.384312873706221581e-04
1.345942495390772820e-03
6.686465442180633545e-02
1.959402486681938171e-02
8.057047426700592041e-02
1.719090621918439865e-03
2.215517451986670494e-04
8.259820751845836639e-04
6.977419257164001465e-01
6.762912031263113022e-03
2.668871358036994934e-02
7.809610366821289062e-01
6.173118483275175095e-03
1.084002386778593063e-02
1.538812369108200073e-01
4.304379690438508987e-03
5.969840884208679199e-01
1.032808446325361729e-03
3.778586164116859436e-02
2.054401673376560211e-02
7.214819779619574547e-04
7.819027900695800781e-01
1.402292698621749878e-01
2.219802699983119965e-03
5.484336055815219879e-03
6.599283814430236816e-01
3.456926345825195312e-02
9.710306301712989807e-03
5.220601558685302734e-01
9.994897842407226562e-01
3.409917699173092842e-04
9.264546446502208710e-03
2.458003163337707520e-02
1.552355848252773285e-02
7.261435384862124920e-04
8.998071551322937012e-01
3.400208894163370132e-03
6.155526265501976013e-03
3.441600361838936806e-03
4.910015687346458435e-02
7.009589076042175293e-01
1.691951300017535686e-03
3.781013935804367065e-02
3.338950918987393379e-04
2.461371421813964844e-01
1.361607457511126995e-03
6.597287137992680073e-04
4.147998057305812836e-03
2.577795647084712982e-03
1.126178260892629623e-02
4.906269256025552750e-03
8.654500842094421387e-01
9.409294277429580688e-02
7.057006005197763443e-03
4.306009039282798767e-03
2.320441126357764006e-04
4.813706874847412109e-01
9.415941834449768066e-01
4.730347990989685059e-01
2.030923264101147652e-03
3.745824331417679787e-03
6.578110903501510620e-02
3.991459310054779053e-01
3.287227591499686241e-04
8.587852120399475098e-01
1.247237995266914368e-02
9.986219406127929688e-01
2.762485062703490257e-03
8.188139200210571289e-01
4.063378088176250458e-03
8.965710178017616272e-03
8.630887605249881744e-03
2.550495229661464691e-02
7.001583930104970932e-03
8.970982395112514496e-03
8.156559197232127190e-04
6.480794399976730347e-02
3.278182744979858398e-01
3.688795724883675575e-03
9.737715125083923340e-01
1.372976973652839661e-02
6.906050257384777069e-04
1.480634906329214573e-03
9.009978733956813812e-03
1.122000589966773987e-01
6.363977678120136261e-03
1.862832577899098396e-03
1.491644233465194702e-01
8.507733941078186035e-01
8.855391740798950195e-01
7.022032048553228378e-03
2.742576226592063904e-02
2.477206056937575340e-03
3.956488072872161865e-01
2.761034120339900255e-04
8.182869292795658112e-03
2.723222714848816395e-04
1.028425875119864941e-03
1.105183269828557968e-03
3.859898133669048548e-04
1.853125519119203091e-03
1.807302702218294144e-03
1.805631211027503014e-03
3.410899639129638672e-02
4.968505818396806717e-04
2.880975953303277493e-04
1.034501241520047188e-03
3.491699993610382080e-01
3.323042066767811775e-03
4.555237945169210434e-03
8.483004756271839142e-03
1.590212690643966198e-03
7.528418791480362415e-04
1.984080765396356583e-03
1.492161490023136139e-02
2.323489636182785034e-03
8.447508215904235840e-01
3.581818309612572193e-04
4.079359024763107300e-02
3.332764143124222755e-03
3.762561827898025513e-03
1.621709670871496201e-03
1.540523171424865723e-01
7.252847552299499512e-01
1.490939594805240631e-02
1.098650973290205002e-03
1.138381194323301315e-03
9.830627441406250000e-01
1.489337300881743431e-03
2.510438498575240374e-04
1.505093276500701904e-01
1.989947631955146790e-02
3.262334689497947693e-02
4.615564364939928055e-03
6.087798974476754665e-04
8.541030110791325569e-04
1.958873122930526733e-03
5.356482863426208496e-01
6.408039946109056473e-03
1.585420919582247734e-03
1.488373726606369019e-01
4.104480613023042679e-04
1.968233846127986908e-02
2.319310791790485382e-03
8.555822423659265041e-04
1.027000322937965393e-02
8.308178782463073730e-01
8.890078663825988770e-01
4.348401562310755253e-04
4.848112352192401886e-03
6.822138675488531590e-04
3.011885844171047211e-02
8.882934451103210449e-01
8.579079061746597290e-03
3.097527194768190384e-03
7.445771712809801102e-03
1.803100667893886566e-02
6.786582060158252716e-03
4.507905978243798018e-04
1.012996435165405273e-01
1.108310418203473091e-03
7.838263991288840771e-04
7.292694062925875187e-04
2.766599645838141441e-03
1.337029738351702690e-03
3.694080223795026541e-04
6.683353800326585770e-03
1.228179316967725754e-03
3.795097470283508301e-01
2.946316672023385763e-04
3.815382020547986031e-03
5.108782276511192322e-02
9.010509238578379154e-04
3.071304818149656057e-04
2.219543792307376862e-02
3.333118259906768799e-01
5.812468007206916809e-03
4.383549559861421585e-03
7.152277044951915741e-03
1.642392599023878574e-03
5.926572717726230621e-03
1.775688864290714264e-02
7.115706684999167919e-04
1.008960534818470478e-03
2.309323474764823914e-02
1.427421811968088150e-03
9.972534775733947754e-01
7.724779099225997925e-02
1.894604065455496311e-03
8.020549430511891842e-04
4.298369958996772766e-02
8.341512084007263184e-02
1.264306157827377319e-02
5.890719592571258545e-03
7.742033805698156357e-03
6.694125011563301086e-03
1.563851954415440559e-03
1.012619957327842712e-02
6.477438728325068951e-04
2.096381969749927521e-02
9.788978099822998047e-01
9.622671059332787991e-04
1.747125983238220215e-01
1.235334901139140129e-03
8.455547504127025604e-03
1.430249679833650589e-02
1.722216256894171238e-03
2.259077737107872963e-03
6.565524265170097351e-03
4.842144250869750977e-01
7.004716247320175171e-02
4.470906555652618408e-01
5.378194618970155716e-03
4.580345004796981812e-03
2.626855857670307159e-03
2.969042025506496429e-02
6.007936783134937286e-03
8.430617861449718475e-03
1.256943098269402981e-03
2.291198354214429855e-03
1.369975740090012550e-03
2.913753036409616470e-03
6.338099017739295959e-03
2.367746550589799881e-03
9.631049036979675293e-01
9.948151707649230957e-01
9.951153993606567383e-01
7.982793264091014862e-03
6.917346734553575516e-03
7.505542039871215820e-02
2.312105745077133179e-01
3.379289992153644562e-04
3.309159306809306145e-03
2.644895315170288086e-01
1.239164266735315323e-03
1.395262777805328369e-02
2.785937394946813583e-03
4.392618685960769653e-02
2.275636047124862671e-01
4.398569464683532715e-03
5.726987496018409729e-03
1.699438900686800480e-03
1.228350624442100525e-01
1.232950761914253235e-02
2.882041269913315773e-03
7.005391526035964489e-04
9.941167198121547699e-03
6.637169281020760536e-04
3.708114149048924446e-03
9.307879954576492310e-03
9.996920824050903320e-01
1.556700561195611954e-03
4.000508633907884359e-04
2.086045779287815094e-02
8.330238051712512970e-03
2.263916842639446259e-02
1.066261157393455505e-02
5.444336216896772385e-03
2.360931830480694771e-03
1.329271937720477581e-03
2.963850274682044983e-03
4.536549746990203857e-02
9.443587064743041992e-01
6.720009725540876389e-03
2.761762142181396484e-01
1.055387547239661217e-03
9.781520348042249680e-04
8.184072375297546387e-01
8.522186428308486938e-03
8.874923922121524811e-03
8.016021847724914551e-01
7.426638901233673096e-02
1.179305618279613554e-04
2.542669244576245546e-04
1.086008101701736450e-01
5.273378919810056686e-04
1.887241192162036896e-02
1.803510705940425396e-03
4.071316681802272797e-03
2.732997527346014977e-03
4.168048966675996780e-03
5.673067644238471985e-04
9.996673325076699257e-04
4.385935142636299133e-03
1.334996521472930908e-02
8.167331543518230319e-05
4.165169375482946634e-04
1.286401972174644470e-02
3.270384157076478004e-03
1.908280141651630402e-02
1.369407633319497108e-03
2.510874569416046143e-01
1.137001090683043003e-03
8.955755233764648438e-01
8.209914565086364746e-01
4.559669469017535448e-04
7.400361355394124985e-04
2.891148324124515057e-04
1.124153277487494051e-04
2.047529630362987518e-02
3.966319561004638672e-02
1.231093890964984894e-03
1.644248329102993011e-02
3.504780232906341553e-01
6.008856580592691898e-04
4.280480497982352972e-04
4.108789144083857536e-04
1.373505126684904099e-02
1.203040126711130142e-02
9.705526828765869141e-01
8.770954608917236328e-02
1.431591995060443878e-02
3.879472147673368454e-03
2.911623381078243256e-02
2.015970647335052490e-02
8.320834022015333176e-04
3.727213479578495026e-04
2.052403287962079048e-03
2.074929187074303627e-03
3.805642575025558472e-02
5.141813890077173710e-04
4.715619981288909912e-02
6.819441448897123337e-03
4.227453842759132385e-02
5.736316367983818054e-02
2.046232372522354126e-01
4.290502667427062988e-01
3.305545076727867126e-02
9.723832481540739536e-04
5.341028794646263123e-03
2.442388504277914762e-04
5.590201914310455322e-02
1.546101719141006470e-01
9.983269572257995605e-01
9.904081225395202637e-01
2.239971654489636421e-03
6.742675905115902424e-04
3.217101469635963440e-02
5.336271133273839951e-03
9.320025444030761719e-01
1.466907327994704247e-03
2.995177358388900757e-02
8.746298030018806458e-03
1.777149387635290623e-03
1.406008144840598106e-03
2.085341699421405792e-02
1.798473671078681946e-02
7.009368855506181717e-04
5.426696734502911568e-04
1.728251203894615173e-02
9.334404468536376953e-01
5.279485601931810379e-03
4.657306894659996033e-02
1.096325274556875229e-02
3.530893009155988693e-03
1.311023370362818241e-03
4.460845887660980225e-01
1.204341169795952737e-04
6.287034484557807446e-04
9.843929437920451164e-04
1.431923476047813892e-03
1.427344977855682373e-04
3.031571686733514071e-04
1.857407274655997753e-03
9.976887702941894531e-01
3.950038179755210876e-02
3.153300378471612930e-03
4.458731273189187050e-04
4.308568686246871948e-02
1.958871260285377502e-02
2.017992781475186348e-03
5.653543630614876747e-04
4.558064101729542017e-04
1.303190510952845216e-04
5.371972918510437012e-02
7.928813574835658073e-04
4.152372479438781738e-01
1.165289059281349182e-02
7.902299053966999054e-03
2.265248447656631470e-01
5.300712655298411846e-04
4.388818051666021347e-03
1.518878416391089559e-04
4.453591245692223310e-04
3.903591132257133722e-04
1.798778306692838669e-03
5.411928286775946617e-04
9.107192745432257652e-04
8.799109491519629955e-04
3.604228049516677856e-02
4.633714910596609116e-03
1.947429031133651733e-02
1.650140248239040375e-02
1.052350252866744995e-01
4.558889195322990417e-03
3.609533654525876045e-03
2.242365386337041855e-03
1.605321653187274933e-02
6.194918416440486908e-03
5.713961087167263031e-03
3.850678622256964445e-04
2.618491649627685547e-01
3.239778336137533188e-03
1.417951425537467003e-03
2.407712396234273911e-03
5.616416223347187042e-03
1.833803504705429077e-01
3.163618966937065125e-02
3.695941995829343796e-03
2.326693832874298096e-01
3.657045960426330566e-02
1.050007063895463943e-03
6.545704007148742676e-01
1.181025989353656769e-03
8.322528600692749023e-01
2.395438589155673981e-02
1.060308422893285751e-03
9.561915397644042969e-01
1.225879183039069176e-03
6.296155042946338654e-03
2.046343171969056129e-03
5.480540450662374496e-03
4.469333216547966003e-04
7.629270106554031372e-02
9.496676921844482422e-02
2.058630780084058642e-04
1.058230996131896973e-01
1.041573435068130493e-01
2.427844256162643433e-01
5.737700499594211578e-03
1.584856421686708927e-03
1.133475545793771744e-02
1.220169942826032639e-02
4.003183916211128235e-03
1.069781463593244553e-02
1.721808686852455139e-02
2.116721868515014648e-02
4.650534247048199177e-04
2.470788955688476562e-01
2.196189761161804199e-02
6.747061014175415039e-02
8.681893348693847656e-03
2.443602867424488068e-02
1.808695495128631592e-02
3.088264493271708488e-04
1.233378332108259201e-02
8.253681063652038574e-01
7.091954466886818409e-04
7.720999885350465775e-03
3.607130050659179688e-02
2.652622014284133911e-02
5.014868825674057007e-02
1.292733126319944859e-03
8.139112615026533604e-04
2.866564318537712097e-03
5.512501811608672142e-04
2.458847761154174805e-01
2.494263090193271637e-02
9.056401904672384262e-04
1.049861162900924683e-01
3.364944458007812500e-02
1.283261459320783615e-02
1.696684339549392462e-04
3.214765107259154320e-03
2.339306473731994629e-02
5.303874015808105469e-01
1.594887580722570419e-04
4.165636841207742691e-03
3.506245557218790054e-04
4.344157408922910690e-03
1.763230538927018642e-03
1.767012923955917358e-01
3.219844773411750793e-03
9.025607109069824219e-01
5.629867687821388245e-02
2.094694040715694427e-02
5.552851557731628418e-01
5.467293784022331238e-03
4.342635511420667171e-04
2.662282495293766260e-04
9.948446750640869141e-01
1.622362178750336170e-03
1.495050848461687565e-03
5.424972623586654663e-03
8.453548885881900787e-03
1.131534855812788010e-02
1.743452101945877075e-01
7.250902708619832993e-03
1.234323950484395027e-03
5.063865184783935547e-01
3.213350195437669754e-03
1.209652349352836609e-01
9.969833493232727051e-01
1.552990674972534180e-01
8.267303928732872009e-03
3.456028643995523453e-03
1.084097311832010746e-03
4.524424672126770020e-03
2.105710329487919807e-03
9.619622230529785156e-01
1.458873506635427475e-03
2.226500306278467178e-03
1.309010684490203857e-01
1.669026794843375683e-03
2.141307294368743896e-02
2.102242317050695419e-03
6.588913500308990479e-03
9.773179292678833008e-01
1.409454853273928165e-03
5.212894082069396973e-01
1.397404372692108154e-01
2.730153501033782959e-04
3.311015025246888399e-04
3.952982951886951923e-04
9.658529888838529587e-04
2.960769236087799072e-01
1.598517294041812420e-03
4.535608459264039993e-03
2.360777289140969515e-04
1.154283955693244934e-01
1.265347097069025040e-02
2.516446402296423912e-04
6.570813711732625961e-03
3.886043727397918701e-01
5.922954878769814968e-04
2.607693197205662727e-03
1.244068443775177002e-01
9.961062073707580566e-01
1.694521754980087280e-01
1.042590592987835407e-03
1.346788019873201847e-03
3.906617406755685806e-03
8.594699320383369923e-04
5.370731353759765625e-01
3.321281634271144867e-03
4.567789728753268719e-04
4.348696093074977398e-04
3.795998869463801384e-03
1.805149018764495850e-02
8.103241212666034698e-03
3.569443710148334503e-03
1.023111763061024249e-04
1.128305569291114807e-01
4.939570208080112934e-04
5.748900119215250015e-03
5.012554302811622620e-02
9.421770460903644562e-03
1.837399788200855255e-02
1.462126709520816803e-02
1.388044096529483795e-03
1.688868622295558453e-03
3.326576948165893555e-01
3.255024552345275879e-03
3.864157770294696093e-04
5.384973483160138130e-04
9.030840592458844185e-04
1.223096274770796299e-03
2.516323924064636230e-01
2.043317072093486786e-03
1.466629764763638377e-04
1.248589251190423965e-03
9.363571405410766602e-01
8.774640969932079315e-03
2.605707268230617046e-04
1.499502919614315033e-02
1.176334917545318604e-02
2.386933416128158569e-01
1.951001733541488647e-01
8.913819193840026855e-01
2.669695205986499786e-02
1.068185199983417988e-03
7.807664871215820312e-01
3.207262139767408371e-03
1.092514139600098133e-03
8.655348792672157288e-03
9.387569501996040344e-03
4.221302457153797150e-03
4.197052912786602974e-04
1.036977581679821014e-02
1.536433701403439045e-03
7.150244712829589844e-02
9.593012509867548943e-04
1.016189903020858765e-02
9.236571349902078509e-05
9.820397244766354561e-04
2.633034717291593552e-03
4.377868026494979858e-03
9.274976910091936588e-04
7.626801729202270508e-02
6.331331729888916016e-01
5.332730361260473728e-04
1.382729969918727875e-02
2.874685218557715416e-03
1.204841188155114651e-03
4.805930852890014648e-01
6.799991708248853683e-03
1.259709298610687256e-01
6.657314952462911606e-05
1.768394112586975098e-01
3.249121904373168945e-01
2.021307591348886490e-03
1.843771897256374359e-02
1.282877177000045776e-01
3.599595511332154274e-03
8.481926284730434418e-03
9.281120300292968750e-01
4.719730932265520096e-03
1.532172784209251404e-03
2.431162633001804352e-03
9.789299368858337402e-01
1.043154974468052387e-03
6.242027971893548965e-03
5.495480727404356003e-04
2.689407467842102051e-01
5.263368040323257446e-02
1.249936758540570736e-03
1.038043410517275333e-03
7.657927926629781723e-04
9.748217999003827572e-04
2.583542140200734138e-03
5.641875904984772205e-04
9.429442579858005047e-04
9.157324093393981457e-04
2.653213143348693848e-01
3.904274664819240570e-03
3.573044436052441597e-03
3.020731033757328987e-03
1.898882910609245300e-03
1.726248650811612606e-03
9.517985396087169647e-03
6.172767877578735352e-01
6.862718146294355392e-03
2.866948209702968597e-02
6.231262683868408203e-01
8.055988550186157227e-01
5.926831159740686417e-03
2.375385165214538574e-02
3.385912477970123291e-01
4.290047509130090475e-04
1.903103291988372803e-01
6.420277059078216553e-04
9.996589422225952148e-01
1.130611402913928032e-03
2.562735229730606079e-03
9.164456278085708618e-04
2.927244268357753754e-02
1.673632264137268066e-01
1.570017822086811066e-02
7.224060595035552979e-02
6.136772036552429199e-01
2.638131845742464066e-04
8.760432898998260498e-02
8.517293930053710938e-01
6.986718624830245972e-02
1.077231601811945438e-03
2.861934341490268707e-02
1.940305978059768677e-01
9.632655978202819824e-01
3.426465555094182491e-04
8.154301345348358154e-02
9.107437916100025177e-03
1.648070663213729858e-02
6.397423744201660156e-01
1.523573766462504864e-03
2.348913345485925674e-03
3.421250265091657639e-03
1.112738274969160557e-03
5.747376708313822746e-04
6.435748934745788574e-01
5.177332162857055664e-01
1.159366220235824585e-02
5.637584924697875977e-01
1.305563002824783325e-02
2.942867949604988098e-02
9.567065834999084473e-01
2.868115901947021484e-03
1.060092356055974960e-02
3.231561277061700821e-03
3.192970063537359238e-03
2.223881456302478909e-04
1.493982854299247265e-03
1.721382723189890385e-03
1.576844006776809692e-01
4.891413263976573944e-04
2.727584447711706161e-03
6.909999251365661621e-01
4.216542583890259266e-04
9.408353827893733978e-03
1.274684444069862366e-02
4.372590035200119019e-02
3.039639443159103394e-03
1.700248382985591888e-02
8.127236366271972656e-01
3.438747487962245941e-03
1.487219799309968948e-02
7.657108828425407410e-03
2.991989813745021820e-02
3.032338991761207581e-02
4.189863502979278564e-01
2.945423475466668606e-04
1.452835351228713989e-01
7.854400873184204102e-01
3.231598138809204102e-01
2.382403053343296051e-02
2.163456976413726807e-01
5.741313216276466846e-04
1.549244858324527740e-03
7.974045351147651672e-03
4.097772762179374695e-03
8.791128993034362793e-01
7.945838733576238155e-04
2.955747768282890320e-03
1.013884507119655609e-02
2.378964331001043320e-03
8.887314237654209137e-03
1.611778629012405872e-03
8.973303483799099922e-04
1.380521571263670921e-03
1.406667567789554596e-02
6.810141205787658691e-01
9.115199558436870575e-03
5.721878842450678349e-04
1.193365780636668205e-03
3.851722925901412964e-02
1.040893024764955044e-03
2.351157134398818016e-03
7.099020876921713352e-04
1.220291294157505035e-02
4.603168964385986328e-01
2.254465967416763306e-01
3.091053804382681847e-04
5.808977875858545303e-03
7.811900228261947632e-03
2.265671268105506897e-03
1.318965554237365723e-01
5.860371980816125870e-03
2.996500697918236256e-04
3.304811893031001091e-03
3.678767979145050049e-01
3.399758134037256241e-03
7.408843375742435455e-03
1.651831157505512238e-02
4.416971059981733561e-04
4.229131154716014862e-03
9.893083944916725159e-03
4.046053625643253326e-03
9.573357105255126953e-01
2.696667332202196121e-03
3.801710437983274460e-03
2.591923403088003397e-04
4.920193925499916077e-03
4.193819593638181686e-03
2.853166311979293823e-03
2.618082053959369659e-02
5.376191111281514168e-04
1.105908863246440887e-02
1.304570003412663937e-03
7.274592062458395958e-04
1.128886360675096512e-03
8.785152807831764221e-03
3.039907023776322603e-04
2.194844651967287064e-03
2.539023756980895996e-02
1.124521810561418533e-02
4.177695512771606445e-02
7.977901697158813477e-01
9.909389019012451172e-01
2.310181735083460808e-03
1.149278716184198856e-03
1.325803226791322231e-03
6.066032871603965759e-02
3.528326982632279396e-03
9.962925314903259277e-01
1.797963283024728298e-03
4.298314079642295837e-02
9.051999449729919434e-02
1.821441017091274261e-02
9.753164486028254032e-04
1.516229957342147827e-01
4.068268928676843643e-03
1.475079357624053955e-02
5.737667670473456383e-04
6.149839982390403748e-02
1.062307856045663357e-03
8.838207721710205078e-01
6.880947947502136230e-01
2.393724163994193077e-03
2.170478552579879761e-01
7.214752957224845886e-03
6.178257171995937824e-04
9.513167664408683777e-03
2.217026799917221069e-02
3.534737916197627783e-04
2.450521290302276611e-01
7.925758138298988342e-03
5.825292319059371948e-03
3.393389924895018339e-04
4.786128702107816935e-04
5.235855467617511749e-03
5.979686509817838669e-03
8.266844749450683594e-01
6.406398862600326538e-02
2.192061208188533783e-02
9.211703436449170113e-04
1.049136277288198471e-02
2.406378334853798151e-04
5.244103670120239258e-01
1.069382531568408012e-03
2.644398016855120659e-03
5.661997944116592407e-02
1.172006595879793167e-03
2.052964828908443451e-02
8.056380786001682281e-03
6.455917609855532646e-04
9.215585887432098389e-03
2.416876144707202911e-03
3.171092364937067032e-03
3.672298043966293335e-03
2.921562874689698219e-03
1.393994539976119995e-01
6.059724371880292892e-03
1.391216740012168884e-02
7.697325665503740311e-03
6.656809244304895401e-03
1.011206656694412231e-01
3.484692052006721497e-02
5.207578837871551514e-02
3.009779902640730143e-04
5.290274857543408871e-04
3.798706165980547667e-04
1.494126627221703529e-04
1.143923625349998474e-01
2.225823886692523956e-02
4.953236784785985947e-04
3.701125504449009895e-03
3.537470940500497818e-03
1.916826888918876648e-02
1.273077260702848434e-02
6.130989640951156616e-04
2.964410930871963501e-03
1.571723259985446930e-02
1.833898480981588364e-03
3.174410164356231689e-01
2.139154967153444886e-04
1.737599074840545654e-02
2.990621374920010567e-03
1.655241474509239197e-02
1.883589662611484528e-02
5.358331836760044098e-04
2.892887033522129059e-02
1.047483412548899651e-03
2.926587127149105072e-03
9.678718051873147488e-04
1.005658786743879318e-02
1.107183401472866535e-03
2.922584302723407745e-02
3.796377452090382576e-03
9.079847368411719799e-04
1.460944861173629761e-02
2.571471035480499268e-03
2.063539810478687286e-03
8.992480114102363586e-03
1.468576374463737011e-03
3.425061004236340523e-04
5.483741988427937031e-04
5.454204976558685303e-03
5.402531940490007401e-03
7.100412845611572266e-01
2.147697145119309425e-03
1.645702868700027466e-01
9.973790645599365234e-01
5.434572696685791016e-02
5.916392547078430653e-04
1.462446176446974277e-03
9.994104504585266113e-03
2.916118246503174305e-04
9.983170032501220703e-01
2.070139944553375244e-01
1.459740684367716312e-03
2.279772888869047165e-03
2.544221580028533936e-01
5.546979373320937157e-04
1.294931769371032715e-02
2.012917306274175644e-03
2.684042602777481079e-02
9.297188520431518555e-01
1.057179085910320282e-02
5.706970579922199249e-03
6.947652902454137802e-03
5.874565336853265762e-03
1.719297654926776886e-02
2.435326278209686279e-01
2.344792708754539490e-03
6.545147625729441643e-04
1.228769659064710140e-03
6.019478291273117065e-02
5.098060355521738529e-04
2.054779604077339172e-02
2.862058172468096018e-04
5.651186220347881317e-04
6.041052341461181641e-01
1.003434415906667709e-02
3.895851550623774529e-03
1.013781502842903137e-01
2.457979135215282440e-03
2.540627727285027504e-03
1.473658811300992966e-02
1.265122438780963421e-03
9.908720850944519043e-01
1.842284016311168671e-02
1.184257045388221741e-01
1.594898989424109459e-03
2.587566338479518890e-02
6.806905730627477169e-04
2.560290321707725525e-02
1.119571775197982788e-01
2.166844159364700317e-01
1.753256219672039151e-04
1.382822403684258461e-03
3.574788861442357302e-04
2.517775865271687508e-04
9.997540116310119629e-01
3.176690638065338135e-02
6.086853891611099243e-02
5.054278881289064884e-04
1.147804432548582554e-03
1.773057691752910614e-02
8.662334084510803223e-01
2.524784766137599945e-02
7.208529859781265259e-02
1.772479154169559479e-03
2.025601221248507500e-03
1.307594683021306992e-02
8.554043248295783997e-03
8.147210627794265747e-02
3.916157875210046768e-04
1.185326427221298218e-01
1.940826303325593472e-03
5.505720376968383789e-01
1.024040975607931614e-04
1.203734776936471462e-03
7.524185348302125931e-03
4.961023107171058655e-03
8.078991668298840523e-04
1.054165698587894440e-02
1.684976276010274887e-03
3.211220353841781616e-02
8.062682300806045532e-02
2.708887332119047642e-04
5.975827574729919434e-03
1.796050369739532471e-01
3.313521388918161392e-03
2.518046880140900612e-03
8.311666548252105713e-03
3.583520592655986547e-04
2.228832803666591644e-03
2.573769597802311182e-04
1.835870146751403809e-01
4.512831103056669235e-03
1.021935138851404190e-02
1.911585181951522827e-01
5.845716595649719238e-01
7.511395378969609737e-04
1.667475095018744469e-03
4.357788562774658203e-01
7.439579931087791920e-04
2.549173077568411827e-03
1.659865677356719971e-02
3.601944819092750549e-02
7.895427988842129707e-04
1.640515751205384731e-03
1.456577447243034840e-03
6.394963860511779785e-01
2.007612138986587524e-01
2.363818883895874023e-01
1.334562618285417557e-02
8.243890106678009033e-02
3.955836873501539230e-04
2.702177315950393677e-02
5.960201378911733627e-03
3.734153462573885918e-03
1.118088234215974808e-02
2.865080605261027813e-04
3.510312177240848541e-03
1.015968695282936096e-01
1.210119691677391529e-03
3.612017724663019180e-03
8.052707910537719727e-01
9.193027019500732422e-01
9.722974500618875027e-04
1.349402591586112976e-04
3.928824444301426411e-04
1.602354459464550018e-02
8.099328726530075073e-02
4.509590798988938332e-04
1.416155248880386353e-01
1.321788225322961807e-02
2.717585535719990730e-03
2.897130791097879410e-03
2.197990193963050842e-03
5.201608873903751373e-04
5.557780619710683823e-03
1.803132123313844204e-03
7.130786031484603882e-02
4.800938665866851807e-01
2.308836728334426880e-01
9.954940080642700195e-01
1.861133426427841187e-02
1.254991278983652592e-03
8.221360854804515839e-03
2.264320477843284607e-02
6.405922467820346355e-04
5.724688060581684113e-03
1.077328692190349102e-03
2.759786788374185562e-03
1.023920485749840736e-03
2.466739097144454718e-04
1.365756150335073471e-02
3.103515598922967911e-03
6.156122088432312012e-01
1.554188085719943047e-03
1.179280504584312439e-01
1.247306615114212036e-01
6.389217376708984375e-01
4.163099918514490128e-03
6.531444843858480453e-03
2.913608914241194725e-03
2.282419428229331970e-02
1.870559412054717541e-03
8.819514769129455090e-04
9.931049942970275879e-01
5.767728667706251144e-03
1.394983846694231033e-02
1.050742901861667633e-02
9.131025290116667747e-04
9.944314369931817055e-04
1.088134129531681538e-03
2.114965952932834625e-02
2.601935062557458878e-03
2.739060204476118088e-03
1.757183694280683994e-03
2.575192833319306374e-03
1.423764479113742709e-04
6.955817225389182568e-04
3.464413061738014221e-02
1.537332311272621155e-02
2.694307360798120499e-03
8.064594268798828125e-01
3.506029897835105658e-04
3.509747385978698730e-01
2.144291764125227928e-03
5.004761815071105957e-01
1.487086061388254166e-03
2.415554784238338470e-02
5.158365890383720398e-02
4.931562580168247223e-03
1.354358391836285591e-03
6.503215525299310684e-03
1.649916637688875198e-03
7.476654052734375000e-01
1.487656845711171627e-04
1.102523133158683777e-01
3.313172459602355957e-01
6.433975696563720703e-02
8.405455388128757477e-03
4.647787194699048996e-03
1.104867365211248398e-02
2.010005293413996696e-03
9.740658998489379883e-01
2.200910262763500214e-02
3.340813855174928904e-04
1.413523871451616287e-02
7.313939183950424194e-02
6.336004589684307575e-04
8.577906992286443710e-04
5.577025935053825378e-03
3.213325981050729752e-03
1.178168575279414654e-03
5.913479253649711609e-02
8.524504955857992172e-04
7.374113192781805992e-04
9.395129084587097168e-01
1.180102117359638214e-03
3.814037190750241280e-03
8.826905861496925354e-03
1.886569410562515259e-01
4.728619754314422607e-02
1.128706336021423340e-02
3.730165772140026093e-03
2.476126828696578741e-04
8.001568494364619255e-04
1.256367005407810211e-02
7.914106361567974091e-03
7.603774070739746094e-01
1.442168187350034714e-02
1.963976304978132248e-03
5.182239226996898651e-03
7.377470731735229492e-01
9.469024953432381153e-04
1.438291091471910477e-02
1.681309565901756287e-02
4.462890699505805969e-02
2.749368082731962204e-03
1.760497340001165867e-03
2.141501987352967262e-03
1.838041469454765320e-03
3.354841028340160847e-04
1.936977729201316833e-03
1.837519370019435883e-02
8.637851104140281677e-03
1.011644490063190460e-03
6.028329022228717804e-03
1.517753396183252335e-02
8.835976012051105499e-03
9.873906373977661133e-01
1.306560705415904522e-03
1.182865700684487820e-03
6.166475359350442886e-03
1.806405838578939438e-03
2.170659136027097702e-03
9.451857805252075195e-01
4.483181238174438477e-02
9.483238458633422852e-01
5.487809423357248306e-03
8.949430775828659534e-04
2.372332848608493805e-03
5.790261030197143555e-01
1.421194374561309814e-01
6.726370453834533691e-01
2.120500721503049135e-04
1.980602182447910309e-02
9.446582943201065063e-02
2.392840571701526642e-03
1.007747743278741837e-02
6.727375555783510208e-03
4.861477017402648926e-01
6.278028595261275768e-04
2.069248408079147339e-01
1.021878700703382492e-02
3.335286630317568779e-03
9.716872572898864746e-01
1.683659851551055908e-03
2.220044611021876335e-03
7.412754464894533157e-03
2.978109009563922882e-02
6.717056385241448879e-04
7.264494779519736767e-04
1.051394036039710045e-03
3.638809174299240112e-02
6.464802026748657227e-01
9.966480865841731429e-05
2.736218273639678955e-02
2.892950316891074181e-03
5.292558670043945312e-02
1.408938202075660229e-03
2.689757384359836578e-02
1.979000568389892578e-01
1.114337355829775333e-03
9.990758895874023438e-01
3.404318541288375854e-02
1.916127046570181847e-03
3.372920444235205650e-03
1.474070101976394653e-01
1.400506444042548537e-04
1.696554827503859997e-03
4.199917893856763840e-03
1.289296895265579224e-03
2.524720621295273304e-04
7.328687906265258789e-01
1.509164273738861084e-01
4.770701285451650620e-03
3.520537316799163818e-01
1.650783233344554901e-03
2.299661934375762939e-02
6.095853075385093689e-02
4.101167898625135422e-03
6.899177562445402145e-03
2.169552491977810860e-03
5.735174193978309631e-02
3.266871673986315727e-03
9.447117336094379425e-04
9.772111661732196808e-03
1.330467523075640202e-03
2.421725803287699819e-04
9.168460383079946041e-04
3.547537780832499266e-04
2.468814374879002571e-03
1.814321242272853851e-02
8.357032537460327148e-01
9.773012995719909668e-01
1.130741368979215622e-02
2.340668626129627228e-02
8.234575507231056690e-04
5.166228394955396652e-03
4.443805664777755737e-03
2.375413663685321808e-03
6.447629630565643311e-02
1.128156762570142746e-02
1.488535851240158081e-02
3.713059413712471724e-04
9.682335257530212402e-01
9.473807178437709808e-03
8.192112669348716736e-03
2.178711292799562216e-04
1.719186455011367798e-02
4.620605614036321640e-03
1.999100446701049805e-01
1.972051337361335754e-03
1.177205471321940422e-03
5.177255272865295410e-01
1.438408065587282181e-02
5.022222758270800114e-04
2.680881181731820107e-03
2.767008263617753983e-04
3.627094207331538200e-03
5.243793711997568607e-04
6.675323238596320152e-04
1.560430321842432022e-02
1.279069185256958008e-01
9.016640186309814453e-01
9.881470799446105957e-01
2.211976982653141022e-02
1.502338447608053684e-03
3.901509626302868128e-04
1.119153667241334915e-02
7.263314444571733475e-03
1.307252212427556515e-03
3.855213522911071777e-03
1.434272527694702148e-02
7.994247716851532459e-04
6.035232800059020519e-04
2.537381090223789215e-02
3.451264463365077972e-03
3.867406863719224930e-03
1.083797309547662735e-03
2.586328051984310150e-02
3.401755988597869873e-01
5.747283995151519775e-02
2.367274602875113487e-03
3.558451426215469837e-04
3.417568281292915344e-02
7.422938942909240723e-03
2.276920014992356300e-03
6.916052103042602539e-01
1.120585948228836060e-03
1.691208104602992535e-03
1.613781414926052094e-02
1.277520554140210152e-03
6.014852318912744522e-03
5.590945482254028320e-03
7.639719173312187195e-03
5.124295712448656559e-04
9.111357331275939941e-01
1.284775976091623306e-02
2.829268109053373337e-03
9.764412641525268555e-01
6.334677338600158691e-02
1.145157148130238056e-03
2.201600436819717288e-04
1.131128054112195969e-03
4.725751467049121857e-03
7.893168367445468903e-03
4.612576961517333984e-02
2.424672059714794159e-02
2.140084095299243927e-02
9.853194952011108398e-01
2.148411469534039497e-03
6.430040957638993859e-05
6.954361218959093094e-03
3.927611187100410461e-02
9.268752764910459518e-04
3.147813258692622185e-03
3.982449881732463837e-03
1.104418188333511353e-03
7.604213315062224865e-04
9.888187050819396973e-01
5.354057531803846359e-03
3.583098575472831726e-02
2.117751538753509521e-02
3.124466864392161369e-03
9.752709302119910717e-04
9.216439793817698956e-04
3.361934330314397812e-03
1.804272532463073730e-01
3.740275045856833458e-03
1.955932937562465668e-02
2.107560634613037109e-03
1.122632646001875401e-03
9.600593447685241699e-01
5.240481812506914139e-03
7.671849429607391357e-02
3.649646043777465820e-01
1.623181306058540940e-04
1.120114815421402454e-03
1.585212163627147675e-02
5.079424940049648285e-03
9.778663516044616699e-01
4.410300254821777344e-01
1.276729395613074303e-03
9.988520145416259766e-01
2.793674939312040806e-04
2.906933892518281937e-03
1.064824033528566360e-02
1.128609944134950638e-02
1.078968401998281479e-03
2.216898137703537941e-03
9.950870871543884277e-01
9.983522891998291016e-01
3.904051845893263817e-03
2.025258727371692657e-04
7.607142627239227295e-02
1.666942611336708069e-03
6.201788783073425293e-03
7.473193691112101078e-04
4.088555276393890381e-01
2.636466026306152344e-01
3.331994405016303062e-03
1.093028462491929531e-03
6.528742909431457520e-01
1.333037274889647961e-03
9.966103434562683105e-01
8.321976661682128906e-02
2.140487283468246460e-01
1.098755165003240108e-03
1.127519761212170124e-03
1.306961569935083389e-02
9.779273271560668945e-01
1.503156125545501709e-02
1.506778039038181305e-02
1.248960848897695541e-03
2.042528614401817322e-02
2.843849733471870422e-02
1.406425237655639648e-01
8.750602719374001026e-04
3.888884675689041615e-04
7.363670738413929939e-04
8.364665322005748749e-03
5.084943491965532303e-03
6.055312231183052063e-02
4.853688925504684448e-02
1.959119224920868874e-03
2.211517887189984322e-03
3.715151455253362656e-03
9.526610970497131348e-01
5.587754421867430210e-04
2.440913915634155273e-01
5.368940997868776321e-03
2.887735702097415924e-02
1.625661156140267849e-03
7.048813104629516602e-01
2.894797362387180328e-04
2.021354436874389648e-01
1.368472119793295860e-03
9.756273031234741211e-02
6.373854354023933411e-03
8.677393198013305664e-03
7.128612487576901913e-04
7.329846266657114029e-03
9.326749294996261597e-02
1.145280431956052780e-03
3.078454639762639999e-03
7.162572443485260010e-02
5.601921305060386658e-02
1.774822361767292023e-02
3.466667830944061279e-01
2.066321438178420067e-03
4.403467755764722824e-04
9.805533885955810547e-01
8.952914504334330559e-04
2.045626342296600342e-01
9.668239392340183258e-03
6.647142581641674042e-03
2.113172858953475952e-01
1.536053866147994995e-01
1.467119087465107441e-03
1.487948652356863022e-02
1.248617749661207199e-02
1.082328613847494125e-03
4.250968992710113525e-02
6.115970318205654621e-04
1.699660555459558964e-03
6.880464404821395874e-02
8.897950872778892517e-03
3.512764815241098404e-04
9.593089222908020020e-01
1.081883311271667480e-01
1.829713396728038788e-02
2.656700788065791130e-03
1.323889344930648804e-01
2.344368724152445793e-03
3.782904744148254395e-01
1.807494787499308586e-03
6.686478853225708008e-03
2.449954336043447256e-04
1.046240776777267456e-01
6.062097381800413132e-04
7.777778506278991699e-01
2.146004512906074524e-02
5.281484220176935196e-03
2.680733450688421726e-04
2.803999930620193481e-03
3.677771613001823425e-02
1.269229105673730373e-03
2.405958250164985657e-03
6.813629297539591789e-04
1.322134397923946381e-03
3.996732644736766815e-03
1.042127329856157303e-02
3.154395148158073425e-02
3.623007331043481827e-03
1.859631040133535862e-03
1.821451936848461628e-03
1.859262934885919094e-03
2.692587971687316895e-01
3.247547149658203125e-02
4.710207867901772261e-04
1.057931408286094666e-02
2.174354642629623413e-01
2.415349939838051796e-03
1.678847242146730423e-03
1.095992103219032288e-01
5.007860600017011166e-04
9.100754857063293457e-01
1.282631903886795044e-01
1.699393615126609802e-03
1.194105949252843857e-03
2.251158654689788818e-01
6.310909986495971680e-03
1.303314417600631714e-02
2.554956264793872833e-02
2.381523372605443001e-03
2.749749924987554550e-03
8.930198848247528076e-03
1.477769296616315842e-02
1.881850883364677429e-03
2.457810565829277039e-02
3.512939810752868652e-01
5.963538773357868195e-03
1.303175464272499084e-03
3.554803784936666489e-03
9.201446548104286194e-03
2.239290066063404083e-02
1.192674878984689713e-02
1.174135953187942505e-01
4.216299566905945539e-04
2.440980315441265702e-04
2.152353757992386818e-03
4.092418402433395386e-02
5.986585021018981934e-01
1.709193363785743713e-02
1.264284849166870117e-01
2.969930879771709442e-03
7.495052814483642578e-01
2.872406244277954102e-01
4.112551105208694935e-04
9.988383650779724121e-01
1.275150850415229797e-02
7.764274720102548599e-03
2.701536752283573151e-02
8.402285748161375523e-04
4.494059085845947266e-01
3.378725424408912659e-02
1.020691357553005219e-03
6.029807846061885357e-04
9.848821759223937988e-01
5.743868947029113770e-01
9.887715568765997887e-04
2.863332920242100954e-04
1.174981966614723206e-01
6.527714431285858154e-03
3.307604044675827026e-02
3.161620814353227615e-03
8.200721815228462219e-03
1.941745430231094360e-01
1.964430557563900948e-03
1.324047893285751343e-02
1.356139837298542261e-04
2.010923810303211212e-03
2.633850090205669403e-03
2.093231771141290665e-03
8.272545528598129749e-04
6.389876827597618103e-03
2.165088802576065063e-01
2.786571718752384186e-02
1.342847663909196854e-02
2.923681400716304779e-02
1.053229090757668018e-03
3.037561774253845215e-01
1.624527759850025177e-02
1.180703192949295044e-02
2.026735106483101845e-03
4.128312226384878159e-03
3.455586265772581100e-04
8.425038307905197144e-02
3.442126791924238205e-03
9.600457735359668732e-03
1.099985186010599136e-02
6.984444335103034973e-03
1.427636295557022095e-02
1.033774390816688538e-02
1.499280240386724472e-02
2.394442679360508919e-03
5.343304015696048737e-03
6.322875269688665867e-04
2.161848824471235275e-03
5.659856833517551422e-03
2.335104718804359436e-02
5.292442627251148224e-03
1.182759646326303482e-03
7.862064987421035767e-03
1.172836520709097385e-03
9.195657372474670410e-01
1.289956504479050636e-03
5.357433576136827469e-03
8.834431064315140247e-04
9.844669839367270470e-04
7.990749552845954895e-03
3.774183988571166992e-02
1.070601306855678558e-02
1.491945586167275906e-03
7.042364031076431274e-02
2.772412728518247604e-03
3.977770209312438965e-01
1.212908304296433926e-03
3.315586829558014870e-03
1.367471218109130859e-01
1.813571155071258545e-01
1.726285554468631744e-03
3.261789381504058838e-01
4.206032492220401764e-03
2.130493056029081345e-03
7.982778549194335938e-02
1.452427008189260960e-03
3.433706238865852356e-02
7.713591456413269043e-01
2.187422476708889008e-02
5.555202960968017578e-01
6.210056017152965069e-04
9.675205219537019730e-04
1.853380948305130005e-01
6.964865326881408691e-02
2.209207275882363319e-03
7.942326483316719532e-04
7.821585983037948608e-02
7.238896489143371582e-01
7.660435512661933899e-03
3.811516566202044487e-03
9.131802618503570557e-02
1.473154127597808838e-02
5.116064567118883133e-04
6.900932174175977707e-03
3.385890275239944458e-03
6.596852093935012817e-03
7.515454292297363281e-02
1.007171231321990490e-03
8.642284274101257324e-01
4.915257170796394348e-02
3.387784818187355995e-04
5.777119658887386322e-04
1.122706290334463120e-02
5.538407340645790100e-02
4.400699981488287449e-04
2.341994456946849823e-02
5.660328897647559643e-04
2.094048075377941132e-02
4.763098433613777161e-02
8.777659386396408081e-04
1.625239499844610691e-03
4.437942698132246733e-04
1.124874223023653030e-03
4.936401732265949249e-03
3.257661010138690472e-04
7.897762581706047058e-03
5.284006521105766296e-02
6.954621523618698120e-03
1.150160375982522964e-02
2.013060450553894043e-01
2.268618118250742555e-04
1.871325448155403137e-02
5.672640800476074219e-01
9.283174760639667511e-03
9.723558905534446239e-04
9.050234802998602390e-04
1.803650404326617718e-03
2.714087022468447685e-03
2.474570414051413536e-03
2.319908514618873596e-02
2.562256064265966415e-03
7.058155257254838943e-03
2.918586730957031250e-01
1.612036488950252533e-02
3.160473406314849854e-01
5.646400153636932373e-02
5.898212641477584839e-02
1.289126276969909668e-01
1.047873497009277344e-01
8.124084561131894588e-04
4.819428548216819763e-03
2.071772003546357155e-03
6.836674362421035767e-02
5.430648569017648697e-03
1.942092366516590118e-02
3.847851650789380074e-03
2.241719048470258713e-03
9.974269270896911621e-01
3.429126366972923279e-02
4.063878208398818970e-03
3.768831957131624222e-03
5.687015503644943237e-02
2.874949015676975250e-03
6.182495504617691040e-03
9.917812943458557129e-01
1.567925326526165009e-03
5.963112413883209229e-02
7.479860186576843262e-01
5.761549342423677444e-03
2.014018129557371140e-03
1.720872521400451660e-01
1.593801379203796387e-01
1.380576007068157196e-02
7.906898390501737595e-04
1.083918148651719093e-03
3.121577610727399588e-04
2.039577811956405640e-03
1.128903776407241821e-02
9.276779890060424805e-01
4.211268387734889984e-03
2.840119705069810152e-04
4.026352986693382263e-02
4.310769028961658478e-03
1.356605906039476395e-03
1.850788295269012451e-02
9.963440299034118652e-01
4.923185799270868301e-03
9.835153818130493164e-02
7.147684227675199509e-04
5.450311116874217987e-03
2.953587099909782410e-03
1.504808198660612106e-03
1.824265904724597931e-02
9.185935370624065399e-03
8.974299430847167969e-01
9.299103617668151855e-01
6.830728054046630859e-01
4.471053369343280792e-03
5.344755481928586960e-04
5.060194991528987885e-03
3.458372056484222412e-01
4.105560854077339172e-02
6.479902076534926891e-04
2.139928489923477173e-01
3.444649977609515190e-03
1.070076301693916321e-01
5.461953580379486084e-02
6.955858469009399414e-01
1.145667135715484619e-01
5.989949568174779415e-04
2.567775081843137741e-03
1.140246749855577946e-03
2.226332388818264008e-02
2.359554320573806763e-01
2.041227417066693306e-04
9.958809614181518555e-01
3.923282027244567871e-03
1.943483948707580566e-04
3.670335514470934868e-03
2.293847501277923584e-03
1.363941375166177750e-02
1.139559433795511723e-03
3.361071944236755371e-01
3.128742566332221031e-03
6.096861138939857483e-02
3.123679489362984896e-04
4.664053618907928467e-01
6.311535253189504147e-04
8.279402554035186768e-02
1.171123608946800232e-02
3.542183665558695793e-03
1.679290435276925564e-04
6.532258354127407074e-03
7.458205819129943848e-01
5.049988161772489548e-03
2.656147582456469536e-03
1.281745033338665962e-03
5.335496664047241211e-01
1.926218392327427864e-03
6.738701835274696350e-03
8.780106436461210251e-04
1.125074997544288635e-01
1.225338084623217583e-03
1.390062621794641018e-03
1.135945552960038185e-03
2.021047472953796387e-01
6.381780505180358887e-01
4.511989653110504150e-03
7.983691990375518799e-03
4.495882429182529449e-03
1.646174234338104725e-03
8.012508153915405273e-01
8.462955011054873466e-04
5.896728951483964920e-03
6.838139146566390991e-02
4.449006519280374050e-04
3.060027956962585449e-01
6.974511146545410156e-01
1.736096921376883984e-03
1.341997529380023479e-03
5.180401727557182312e-02
3.925271739717572927e-04
5.071952566504478455e-02
8.875506930053234100e-03
2.418973017483949661e-03
6.930814124643802643e-04
1.442397478967905045e-03
3.448464674875140190e-03
4.756863228976726532e-03
1.843055943027138710e-04
2.028087619692087173e-03
1.276948675513267517e-02
1.097810920327901840e-03
7.245277613401412964e-02
3.748319810256361961e-03
9.891598019748926163e-04
1.752579770982265472e-02
1.316901296377182007e-02
4.308985080569982529e-04
9.928027987480163574e-01
1.087799319066107273e-03
4.261669237166643143e-03
4.921827837824821472e-02
2.141301287338137627e-03
2.303626621142029762e-03
1.090287230908870697e-02
9.960448369383811951e-04
1.840691431425511837e-03
1.632614294067025185e-04
7.186776995658874512e-01
1.515270117670297623e-02
5.633383989334106445e-03
2.145516453310847282e-03
1.077931257896125317e-03
4.837035958189517260e-04
1.278392737731337547e-03
1.432374864816665649e-02
2.989272587001323700e-03
2.539762854576110840e-01
3.431755816563963890e-03
5.584248574450612068e-04
1.741831656545400620e-03
1.137865148484706879e-02
2.541470108553767204e-03
4.823853261768817902e-03
1.792071759700775146e-02
3.882110118865966797e-02
1.490369322709739208e-03
9.391991421580314636e-03
5.730825476348400116e-03
5.444496404379606247e-03
5.786457331851124763e-04
1.963094109669327736e-03
1.091179344803094864e-02
8.210171461105346680e-01
6.639931234531104565e-04
3.373133717104792595e-03
2.962102182209491730e-03
2.036942355334758759e-02
8.555813692510128021e-04
9.192221332341432571e-04
7.312452793121337891e-02
1.494465861469507217e-03
8.060924592427909374e-04
4.625015556812286377e-01
6.632341537624597549e-04
2.632977208122611046e-03
1.879689656198024750e-02
2.127797924913465977e-04
2.604653500020503998e-02
5.198298767209053040e-02
1.031225547194480896e-03
1.491876319050788879e-02
1.989958574995398521e-03
9.990903139114379883e-01
4.322399944067001343e-02
1.882393844425678253e-03
2.913936914410442114e-04
2.410900051472708583e-04
6.194632649421691895e-01
9.982561469078063965e-01
4.931396339088678360e-03
2.578330459073185921e-04
4.199445620179176331e-02
2.794761967379599810e-04
8.296512998640537262e-03
1.472379174083471298e-02
6.360645592212677002e-02
5.307102575898170471e-03
7.756976992823183537e-04
3.289345800876617432e-01
9.669670835137367249e-04
6.859449669718742371e-03
3.577750176191329956e-02
4.429126624017953873e-03
8.831048607826232910e-01
6.246043369174003601e-02
2.948299050331115723e-02
3.269813721999526024e-03
3.073062002658843994e-01
5.898691248148679733e-03
3.054096102714538574e-01
1.063898438587784767e-03
2.962987055070698261e-04
2.628556918352842331e-03
7.328561544418334961e-01
3.271624911576509476e-03
9.940989548340439796e-04
3.524461528286337852e-03
6.053292751312255859e-01
1.005443162284791470e-03
9.897043108940124512e-01
9.721092581748962402e-01
2.972581982612609863e-01
9.291514754295349121e-01
6.961185135878622532e-04
2.930829359684139490e-04
3.598094284534454346e-01
2.331743016839027405e-04
2.959497796837240458e-04
7.356338202953338623e-03
1.506219618022441864e-03
1.297950511798262596e-03
8.037637472152709961e-01
1.505971304140985012e-04
5.145593285560607910e-01
6.834871019236743450e-04
2.612325549125671387e-02
1.048893900588154793e-03
1.070335227996110916e-02
7.650261395610868931e-04
3.779773786664009094e-02
4.247330594807863235e-03
1.385347917675971985e-03
1.616769237443804741e-03
2.802486415021121502e-04
1.135969301685690880e-03
2.199569493532180786e-01
1.166202034801244736e-02
1.706813345663249493e-03
7.854148745536804199e-01
1.111455378122627735e-03
1.601216010749340057e-02
6.134248105809092522e-04
4.308025818318128586e-04
8.561382070183753967e-03
5.008918046951293945e-02
1.059032976627349854e-03
1.982710324227809906e-03
1.581809483468532562e-03
3.367286548018455505e-02
2.920092046260833740e-01
1.993007399141788483e-02
9.990336894989013672e-01
3.924641907215118408e-01
7.305577397346496582e-02
1.474124845117330551e-02
3.091741586104035378e-03
6.051613949239253998e-03
8.766485005617141724e-02
2.750765345990657806e-02
1.114061381667852402e-02
2.069256501272320747e-03
6.202297750860452652e-03
8.288208045996725559e-04
4.071896546520292759e-04
8.162022233009338379e-01
3.568285843357443810e-03
7.281262278556823730e-01
2.730257692746818066e-04
9.596668183803558350e-03
1.021269336342811584e-02
3.158244863152503967e-02
5.979963019490242004e-02
5.931205232627689838e-04
1.175139844417572021e-02
2.088501816615462303e-03
3.410461843013763428e-01
1.120719760656356812e-01
2.982745179906487465e-03
9.027864933013916016e-01
1.882742345333099365e-01
3.500080667436122894e-03
4.647946357727050781e-01
2.523253671824932098e-02
5.215950310230255127e-03
1.020877901464700699e-02
1.899429713375866413e-03
3.081549657508730888e-04
8.100675940513610840e-01
9.680456423666328192e-05
2.633180003613233566e-03
7.930089719593524933e-03
1.229630084708333015e-03
9.299950674176216125e-03
1.628215541131794453e-03
5.887069553136825562e-02
1.347570214420557022e-02
3.170620417222380638e-03
1.210066583007574081e-02
5.498854443430900574e-03
1.173251541331410408e-03
5.342783778905868530e-02
4.794100299477577209e-02
1.771249771118164062e-01
1.933128223754465580e-03
1.425081398338079453e-02
9.258426143787801266e-04
3.024484321940690279e-04
5.579675780609250069e-04
4.768511280417442322e-02
1.575511996634304523e-03
3.958735615015029907e-02
2.087489468976855278e-03
4.735849797725677490e-04
9.683341383934020996e-01
1.137813087552785873e-03
2.925384044647216797e-01
1.292903674766421318e-03
3.975030966103076935e-03
3.189872950315475464e-04
5.911794304847717285e-01
1.381787378340959549e-02
4.175239708274602890e-03
2.561040818691253662e-01
1.095065963454544544e-03
5.076420959085226059e-03
1.508811768144369125e-02
4.567523021250963211e-03
2.814596751704812050e-03
9.993015527725219727e-01
1.139003783464431763e-03
5.734151694923639297e-03
6.193901062943041325e-04
7.400230970233678818e-04
9.463073015213012695e-01
1.207405352033674717e-03
3.124954178929328918e-03
1.192739605903625488e-02
4.777085501700639725e-03
9.999893372878432274e-04
2.403977094218134880e-03
4.503116477280855179e-03
1.855364814400672913e-02
8.585446048527956009e-04
6.677995622158050537e-02
1.518564415164291859e-03
3.923543263226747513e-04
9.686886332929134369e-04
3.423495292663574219e-01
3.625951707363128662e-02
1.446915417909622192e-02
8.687169756740331650e-04
5.040546506643295288e-02
4.538455512374639511e-03
1.424620859324932098e-03
1.387479342520236969e-02
6.954627460800111294e-04
2.955830655992031097e-03
1.518498756922781467e-03
3.025524085387587547e-03
3.582863602787256241e-03
2.798066288232803345e-02
3.123074071481823921e-03
1.018663053400814533e-03
1.418637577444314957e-02
2.600114326924085617e-03
6.231418345123529434e-03
8.495636284351348877e-03
9.221208747476339340e-04
4.560754168778657913e-04
2.201780211180448532e-03
8.213520050048828125e-02
5.048380699008703232e-04
1.980254948139190674e-01
1.771079748868942261e-02
9.989383816719055176e-01
7.154011400416493416e-04
5.143541693687438965e-01
5.540017504245042801e-03
4.314646939747035503e-04
7.892026901245117188e-01
3.851365996524691582e-03
9.857919067144393921e-03
1.288893632590770721e-03
1.082180649973452091e-03
3.438738640397787094e-04
3.634571284055709839e-02
9.436831474304199219e-01
4.659796133637428284e-03
1.577472547069191933e-03
2.159092691726982594e-04
1.401011133566498756e-03
3.024505916982889175e-03
1.515428163111209869e-02
3.585773985832929611e-03
1.190995424985885620e-02
2.142555452883243561e-02
8.164399862289428711e-02
3.906534053385257721e-03
3.973894938826560974e-02
4.879541229456663132e-04
1.576496474444866180e-02
2.237164881080389023e-04
5.957347527146339417e-02
3.118085442110896111e-03
1.869949745014309883e-03
7.066545635461807251e-02
5.001637036912143230e-04
4.148035775870084763e-03
6.253058672882616520e-04
1.995926164090633392e-02
3.879145951941609383e-03
6.530886143445968628e-02
2.411158755421638489e-03
2.823084294795989990e-01
9.189068675041198730e-01
1.288692280650138855e-02
1.855673454701900482e-02
1.164259202778339386e-02
7.748872786760330200e-02
1.655598054639995098e-03
9.674542546272277832e-01
5.183912441134452820e-02
7.200851440429687500e-01
3.119470365345478058e-02
1.560926437377929688e-03
2.123086340725421906e-02
1.438920968212187290e-03
1.153173390775918961e-03
7.648316025733947754e-02
2.709411084651947021e-02
2.393446164205670357e-03
9.103692136704921722e-04
3.018671413883566856e-03
9.601886570453643799e-02
9.727670550346374512e-01
2.612846437841653824e-03
3.802834823727607727e-02
7.918959856033325195e-02
1.785135245881974697e-04
4.160991609096527100e-01
2.011316537391394377e-04
8.118527941405773163e-03
6.792454421520233154e-02
8.160083554685115814e-03
6.434912979602813721e-02
9.899826645851135254e-01
5.013425368815660477e-03
1.768423318862915039e-01
6.596922758035361767e-04
3.635238856077194214e-03
2.215467095375061035e-01
8.379702270030975342e-02
5.876648705452680588e-03
3.899951698258519173e-04
1.840566168539226055e-03
4.813360422849655151e-02
5.634220317006111145e-03
5.596602559089660645e-01
1.887522265315055847e-02
1.489076996222138405e-03
1.576650684000924230e-04
4.709469503723084927e-04
1.133457943797111511e-02
4.927413538098335266e-02
6.611207500100135803e-03
2.591204538475722075e-04
8.487935177981853485e-03
5.303434096276760101e-03
1.272242702543735504e-02
9.725553542375564575e-02
1.440617721527814865e-03
7.257582037709653378e-04
1.014234945178031921e-01
3.204010426998138428e-03
1.898877322673797607e-03
6.768878549337387085e-03
8.856170624494552612e-02
8.706662654876708984e-01
9.614422917366027832e-03
9.524846973363310099e-05
1.838081632740795612e-03
1.466963323764503002e-03
9.970144033432006836e-01
2.567269606515765190e-03
4.734249040484428406e-02
3.629078157246112823e-03
2.387921558693051338e-03
1.920793391764163971e-02
9.804146289825439453e-01
2.029699273407459259e-03
4.006392788141965866e-03
2.282976508140563965e-01
4.813300911337137222e-03
2.935105236247181892e-03
1.027572453022003174e-01
6.968106627464294434e-01
1.261127926409244537e-02
2.861030399799346924e-01
3.577882656827569008e-03
3.241775333881378174e-01
1.417555510997772217e-01
3.440772742033004761e-02
7.028535008430480957e-03
1.038761883974075317e-01
3.034971421584486961e-03
1.210658228956162930e-03
4.165171121712774038e-04
1.465870591346174479e-04
1.806931977625936270e-04
7.372135762125253677e-03
2.532447315752506256e-02
6.249534487724304199e-01
2.812006976455450058e-03
2.370768599212169647e-02
8.458387106657028198e-03
1.155911944806575775e-02
2.012318698689341545e-03
2.764989621937274933e-02
7.746632397174835205e-02
4.596341401338577271e-03
1.079973066225647926e-03
6.240451475605368614e-04
6.733071058988571167e-02
5.045643541961908340e-03
2.173969149589538574e-02
2.221590280532836914e-02
6.681420374661684036e-03
9.400490671396255493e-03
3.125726070720702410e-04
4.615499451756477356e-02
2.431060886010527611e-03
9.965298231691122055e-04
1.270846463739871979e-03
1.921611954458057880e-03
1.719533093273639679e-02
1.090768142603337765e-03
8.855545893311500549e-03
3.748642280697822571e-03
1.599273458123207092e-02
7.018540054559707642e-02
1.296255644410848618e-02
8.074275217950344086e-03
7.065019104629755020e-03
1.439954340457916260e-01
1.479306025430560112e-03
8.686879300512373447e-04
5.321306525729596615e-04
1.517064985819160938e-03
1.255004433915019035e-03
5.125421099364757538e-03
1.703925430774688721e-02
1.571237109601497650e-02
6.022879388183355331e-03
1.248611789196729660e-02
9.748985175974667072e-04
1.012155935168266296e-01
7.258168421685695648e-03
4.014120995998382568e-01
4.057386144995689392e-02
9.897966980934143066e-01
1.320839487016201019e-02
7.830052971839904785e-01
2.536474261432886124e-03
6.988601386547088623e-02
6.984388828277587891e-02
2.984623983502388000e-02
5.427335272543132305e-04
1.261736731976270676e-02
6.225638790056109428e-04
3.377877771854400635e-01
5.444090347737073898e-03
7.241959217935800552e-03
4.646560642868280411e-03
1.368282269686460495e-02
8.193227648735046387e-01
5.084116477519273758e-03
4.812053218483924866e-02
6.666019093245267868e-03
9.976384639739990234e-01
9.505207538604736328e-01
4.112986028194427490e-01
9.088741498999297619e-04
1.369335222989320755e-03
2.674777526408433914e-03
4.036942496895790100e-03
4.263108712621033192e-04
1.417610328644514084e-02
1.750461757183074951e-03
9.685829863883554935e-04
3.802193328738212585e-02
9.051798842847347260e-03
2.976473271846771240e-01
4.252237267792224884e-04
8.932242989540100098e-01
9.994981288909912109e-01
5.587592022493481636e-04
4.547728167381137609e-04
3.891059313900768757e-04
1.957486569881439209e-01
1.677136868238449097e-02
1.526446198113262653e-03
5.814295727759599686e-04
4.194616340100765228e-03
4.142811894416809082e-02
2.454408910125494003e-03
2.553980099037289619e-03
4.821948111057281494e-01
3.469992429018020630e-02
1.217564009130001068e-02
1.058846362866461277e-03
2.744851633906364441e-02
1.128219589591026306e-01
2.304967865347862244e-02
1.430041994899511337e-02
1.459068153053522110e-04
2.727453410625457764e-02
1.161461323499679565e-01
1.092014834284782410e-01
1.008156500756740570e-02
7.085003424435853958e-03
5.696754436939954758e-03
6.596504827030003071e-04
3.340062103234231472e-04
1.924732641782611609e-04
1.825715298764407635e-03
7.937051355838775635e-03
2.441779943183064461e-03
4.489021084737032652e-04
1.466935966163873672e-03
1.272804569453001022e-02
7.274809479713439941e-02
6.326616276055574417e-03
9.244137443602085114e-03
4.316858649253845215e-01
1.648394158110022545e-03
7.487725233659148216e-04
4.803529754281044006e-02
5.586620885878801346e-03
1.748936437070369720e-02
2.375533431768417358e-02
8.564786985516548157e-03
1.517510740086436272e-03
1.431893557310104370e-02
3.191282972693443298e-03
8.862223476171493530e-04
1.501378137618303299e-03
1.001062691211700439e-01
4.234041552990674973e-03
1.747622713446617126e-02
2.126742620021104813e-03
2.415762515738606453e-03
1.099102050065994263e-01
1.681953552179038525e-03
3.568558488041162491e-03
9.480916857719421387e-01
5.924153327941894531e-02
1.153207966126501560e-03
1.662059105001389980e-03
1.635439344681799412e-03
4.196566995233297348e-03
1.035093329846858978e-02
1.000122283585369587e-03
1.205704524181783199e-03
1.592031447216868401e-03
3.134409338235855103e-02
4.229956830386072397e-04
4.113908857107162476e-03
9.079051762819290161e-02
6.458753347396850586e-01
9.212475270032882690e-04
4.289228003472089767e-03
5.530582275241613388e-04
6.143879294395446777e-01
1.001333519816398621e-01
3.223395673558115959e-03
1.241770759224891663e-02
5.976892542093992233e-03
7.402861118316650391e-02
9.921900629997253418e-01
4.120442608837038279e-04
2.593202050775289536e-03
5.086260847747325897e-03
9.789140224456787109e-01
1.733886264264583588e-02
1.046361867338418961e-02
9.679875220172107220e-04
2.278763242065906525e-02
6.415920332074165344e-03
8.211127133108675480e-04
3.908657133579254150e-01
9.161434136331081390e-03
2.099713077768683434e-03
5.657099187374114990e-03
2.545494935475289822e-04
1.028863620012998581e-02
8.888171054422855377e-03
7.523621916770935059e-01
1.057007000781595707e-03
3.418203050387091935e-05
1.053862855769693851e-03
2.964019309729337692e-03
4.699574317783117294e-03
2.478831447660923004e-04
9.686940908432006836e-02
6.730723977088928223e-01
4.901456832885742188e-02
1.833113143220543861e-03
2.914635464549064636e-03
9.669486433267593384e-03
1.332600717432796955e-03
9.958904385566711426e-01
5.581263918429613113e-03
1.492916198913007975e-04
2.621070889290422201e-04
4.682288467884063721e-01
9.370687007904052734e-01
4.042980074882507324e-02
1.452026655897498131e-03
3.629864659160375595e-03
6.176537871360778809e-01
3.029460553079843521e-03
8.872738480567932129e-01
1.752134971320629120e-02
1.874808222055435181e-03
1.512326183728873730e-03
1.371685997582972050e-03
8.609269745647907257e-03
1.034094486385583878e-02
9.093499779701232910e-01
9.981272816658020020e-01
1.278858515433967113e-03
6.710547022521495819e-03
1.600428111851215363e-02
5.905957426875829697e-03
1.359499874524772167e-03
7.542160805314779282e-03
5.785455461591482162e-03
1.519285887479782104e-02
1.116326311603188515e-03
4.323587636463344097e-04
1.477994257584214211e-03
3.716534674167633057e-01
3.013903275132179260e-03
4.518874455243349075e-03
6.980675738304853439e-03
4.310207664966583252e-01
1.596889691427350044e-03
4.349626600742340088e-03
1.174682676792144775e-01
1.315469737164676189e-03
5.147907137870788574e-02
9.898876547813415527e-01
1.332285813987255096e-03
3.370705759152770042e-03
2.703673392534255981e-02
1.814555190503597260e-02
6.575369276106357574e-03
1.298575475811958313e-02
1.117091346532106400e-02
3.844354767352342606e-03
1.026375801302492619e-03
2.878560423851013184e-01
1.403304631821811199e-03
1.238672733306884766e-01
2.162617893191054463e-04
6.471113883890211582e-04
5.299719423055648804e-02
9.945123195648193359e-01
6.050211377441883087e-03
4.398544318974018097e-03
3.075789427384734154e-03
9.591962099075317383e-01
2.795359678566455841e-02
5.665036384016275406e-03
6.870249286293983459e-03
9.146498888731002808e-02
1.899819355458021164e-03
3.404217213392257690e-02
9.810863994061946869e-03
2.143648415803909302e-01
1.707299263216555119e-03
1.508552813902497292e-03
1.149634085595607758e-02
3.575964570045471191e-01
2.692677953746169806e-04
3.126708418130874634e-02
5.828128196299076080e-04
9.398100664839148521e-04
9.612118005752563477e-01
4.899297491647303104e-04
9.330505728721618652e-01
1.605617348104715347e-03
2.163832774385809898e-03
1.679643522948026657e-03
2.358020842075347900e-01
4.781192634254693985e-03
6.260160589590668678e-04
5.056331865489482880e-04
9.661315940320491791e-03
4.163482487201690674e-01
2.071305643767118454e-03
2.529831230640411377e-01
2.002304885536432266e-03
9.828299880027770996e-01
3.463318105787038803e-03
2.659637480974197388e-03
4.000339210033416748e-01
3.143767267465591431e-02
7.548514008522033691e-01
1.274628657847642899e-02
5.470261350274085999e-02
1.320394501090049744e-02
1.207171473652124405e-03
6.552884005941450596e-04
1.235099975019693375e-02
4.892749786376953125e-01
4.198500812053680420e-01
5.484634637832641602e-02
6.740315002389252186e-04
8.167079649865627289e-03
7.151283025741577148e-01
2.978283213451504707e-03
6.659328937530517578e-03
1.867443323135375977e-01
1.657434622757136822e-03
8.448637672699987888e-04
2.679980099201202393e-01
9.943398833274841309e-01
1.065145619213581085e-02
1.057540718466043472e-02
1.001450140029191971e-02
5.953814089298248291e-02
1.964627765119075775e-03
3.528985893353819847e-03
4.899277165532112122e-02
1.003787387162446976e-03
2.025966346263885498e-02
2.457628212869167328e-02
1.763170934282243252e-03
2.560120262205600739e-02
1.924849115312099457e-02
6.235562730580568314e-03
2.590697025880217552e-03
4.489019513130187988e-03
8.402165025472640991e-03
5.611233785748481750e-02
1.368354191072285175e-03
4.081268236041069031e-02
5.886962171643972397e-03
1.230214163661003113e-02
3.723621070384979248e-01
7.697650231420993805e-03
2.036929689347743988e-02
4.860486951656639576e-04
7.103315554559230804e-03
5.857111420482397079e-03
1.051404625177383423e-01
6.668230053037405014e-03
3.369607497006654739e-03
2.298976760357618332e-03
1.016656053252518177e-03
5.443023145198822021e-02
2.823925577104091644e-03
2.029388248920440674e-01
3.381127724424004555e-03
1.818266883492469788e-02
2.485859952867031097e-02
3.401144407689571381e-03
7.287056185305118561e-03
2.551433281041681767e-04
7.627166341990232468e-03
8.300954103469848633e-02
3.521451950073242188e-01
5.071157217025756836e-01
7.612271583639085293e-04
8.340834756381809711e-04
1.093927212059497833e-02
1.047117635607719421e-03
9.869290515780448914e-03
4.820162430405616760e-03
4.959427751600742340e-03
3.876860439777374268e-01
3.651142492890357971e-02
1.323115453124046326e-02
2.841026056557893753e-03
3.115776926279067993e-03
2.526936004869639874e-04
1.403155911248177290e-04
2.690205350518226624e-03
3.214926400687545538e-04
2.590195741504430771e-03
1.640080707147717476e-03
1.215571630746126175e-02
6.893178820610046387e-01
9.548106193542480469e-01
2.188729867339134216e-02
1.483513228595256805e-02
7.932943105697631836e-01
9.090373641811311245e-04
1.815206184983253479e-02
2.474606186151504517e-01
1.094897463917732239e-01
7.239104248583316803e-03
3.389762481674551964e-03
7.719980087131261826e-03
3.461750224232673645e-02
3.039825148880481720e-02
3.670516908168792725e-01
4.406449794769287109e-01
1.261670142412185669e-02
1.149192452430725098e-02
1.098904106765985489e-02
5.960894748568534851e-02
4.152858629822731018e-03
1.582048251293599606e-03
1.074368320405483246e-02
5.816194694489240646e-03
2.388445883989334106e-01
2.540886960923671722e-02
8.169787935912609100e-03
5.133967380970716476e-03
1.951076090335845947e-01
3.142212983220815659e-03
6.021515466272830963e-03
8.060771040618419647e-03
3.490275470539927483e-03
7.751819211989641190e-04
1.107873395085334778e-03
1.444451510906219482e-01
1.246792962774634361e-03
8.421358652412891388e-03
5.639025475829839706e-03
9.994549155235290527e-01
3.132379380986094475e-03
1.571492291986942291e-02
1.846010535955429077e-01
3.604570403695106506e-03
4.329106770455837250e-03
7.970086298882961273e-04
1.286165206693112850e-03
6.737800431437790394e-04
4.686839820351451635e-04
3.745653666555881500e-03
2.284671878442168236e-03
1.169606298208236694e-02
1.535833720117807388e-02
3.510640263557434082e-01
5.963947996497154236e-02
1.171490643173456192e-02
6.059645093046128750e-04
5.257735252380371094e-01
2.999901538714766502e-03
2.304407395422458649e-02
3.894926235079765320e-02
1.600489486008882523e-03
1.296354457736015320e-03
2.465808531269431114e-03
1.112824655137956142e-03
9.793342091143131256e-03
1.928356848657131195e-02
1.109958905726671219e-02
1.834522932767868042e-01
4.281351808458566666e-03
1.571501195430755615e-01
9.047329076565802097e-04
1.881383475847542286e-03
4.912053234875202179e-03
2.499705646187067032e-03
6.055258512496948242e-01
4.402149934321641922e-03
3.310812637209892273e-02
7.504251552745699883e-04
4.983747377991676331e-03
1.852936111390590668e-02
2.727967128157615662e-02
8.081852458417415619e-03
2.902718633413314819e-02
9.527416229248046875e-01
8.232260588556528091e-04
3.124696901068091393e-03
6.476929411292076111e-04
1.714936224743723869e-03
8.488727035000920296e-04
4.611817188560962677e-03
3.093405626714229584e-03
7.793349213898181915e-04
1.446618465706706047e-03
2.672013267874717712e-02
1.181425992399454117e-03
6.824576412327587605e-04
1.056319009512662888e-02
3.360373899340629578e-03
1.731951348483562469e-02
2.229777351021766663e-02
2.560175582766532898e-02
9.866541028022766113e-01
2.288353256881237030e-02
5.779380444437265396e-04
3.721552789211273193e-01
3.274120899732224643e-05
7.482571061700582504e-03
6.085330969654023647e-04
4.974408745765686035e-01
1.565629063406959176e-04
1.456995029002428055e-03
6.358245387673377991e-03
2.231593616306781769e-02
1.092319842427968979e-02
2.447764563839882612e-04
9.635655283927917480e-01
6.102720275521278381e-02
4.220702685415744781e-04
2.364912070333957672e-03
1.880249765235930681e-04
2.255900949239730835e-02
6.349433679133653641e-04
3.009372449014335871e-04
6.498242262750864029e-03
1.369201578199863434e-03
1.791870105080306530e-03
6.027719937264919281e-03
4.573686746880412102e-04
9.290104499086737633e-04
5.080062150955200195e-01
1.853656396269798279e-02
3.462336584925651550e-02
5.039212410338222980e-04
3.878889232873916626e-02
5.802895873785018921e-02
7.430461645126342773e-01
8.325255475938320160e-04
5.003103055059909821e-03
7.537408471107482910e-01
7.731310324743390083e-04
2.216651337221264839e-03
8.617079816758632660e-03
1.387401968240737915e-01
3.446266055107116699e-03
1.315061300992965698e-01
2.331842482089996338e-02
2.706008031964302063e-03
4.138834774494171143e-01
1.717588864266872406e-03
2.251436933875083923e-03
9.668495506048202515e-03
6.532103288918733597e-03
2.171484520658850670e-03
5.385226756334304810e-02
5.432153702713549137e-04
5.380299407988786697e-03
4.913459066301584244e-03
2.314679510891437531e-02
3.501928970217704773e-02
1.032020663842558861e-03
4.243758507072925568e-03
9.915239363908767700e-02
5.256301164627075195e-01
2.233594888821244240e-03
3.491799812763929367e-03
9.221094660460948944e-04
2.000290987780317664e-04
9.769483655691146851e-02
6.869477629661560059e-01
3.712450154125690460e-03
1.677482277154922485e-01
3.154318081215023994e-03
1.454253196716308594e-01
3.414795268326997757e-03
2.372531453147530556e-04
7.406012737192213535e-04
4.257969558238983154e-02
9.552359580993652344e-03
4.257169738411903381e-02
4.927069880068302155e-03
1.036244677379727364e-03
9.832692146301269531e-01
5.170051455497741699e-01
1.326977391727268696e-03
1.391316909575834870e-04
2.889007143676280975e-02
4.929475951939821243e-03
1.129044778645038605e-02
6.327776610851287842e-02
7.968137040734291077e-03
1.482205116190016270e-03
5.202638451009988785e-03
2.316129058599472046e-01
3.460037987679243088e-03
5.994831677526235580e-03
2.445036778226494789e-03
1.867097569629549980e-03
2.972409129142761230e-04
4.526242555584758520e-04
2.152563771232962608e-03
6.142628844827413559e-03
1.203310093842446804e-03
2.272427454590797424e-02
7.699850481003522873e-03
9.979666471481323242e-01
2.497995272278785706e-03
2.941797673702239990e-02
6.358706392347812653e-03
7.495214231312274933e-04
3.121844958513975143e-03
2.679486759006977081e-03
4.854743601754307747e-04
1.481214538216590881e-03
2.375005511566996574e-03
9.124753065407276154e-03
3.715159255079925060e-04
5.191425443626940250e-04
1.179712708108127117e-03
3.455277532339096069e-02
1.120528280735015869e-01
7.387329358607530594e-03
9.696981906890869141e-01
9.614164829254150391e-01
1.974320039153099060e-03
1.413683290593326092e-03
4.783578813076019287e-01
1.117526844609528780e-04
9.970843195915222168e-01
2.751719905063509941e-03
7.924666278995573521e-04
2.978583332151174545e-03
1.978812506422400475e-03
9.974433183670043945e-01
9.502506852149963379e-01
1.923507750034332275e-01
1.497200876474380493e-02
1.773466356098651886e-02
1.754421507939696312e-03
6.421126425266265869e-03
2.216964494436979294e-03
6.397792696952819824e-01
1.725364825688302517e-03
9.995502829551696777e-01
1.938522234559059143e-02
1.201049052178859711e-02
8.187040220946073532e-04
1.833444577641785145e-03
6.227483972907066345e-02
8.798545226454734802e-03
3.878602385520935059e-02
5.817624623887240887e-04
1.712738303467631340e-03
2.568657044321298599e-03
3.054135595448315144e-04
1.742753083817660809e-03
6.943243090063333511e-03
2.203237963840365410e-03
2.689478918910026550e-03
8.025686256587505341e-03
1.883513061329722404e-03
3.734885156154632568e-02
2.192956954240798950e-02
3.451386000961065292e-03
1.218067668378353119e-02
1.607459038496017456e-02
1.664948314428329468e-01
1.773891272023320198e-03
9.346962906420230865e-03
1.228034682571887970e-02
2.341135637834668159e-03
4.664370790123939514e-04
1.174897421151399612e-02
1.018294715322554111e-03
1.188470050692558289e-02
3.016019798815250397e-02
2.444860525429248810e-02
1.798963174223899841e-03
1.498856232501566410e-03
2.267560455948114395e-03
5.433845333755016327e-03
2.671245019882917404e-04
6.315553188323974609e-01
3.051518928259611130e-03
5.875978469848632812e-01
2.603857778012752533e-03
2.377899922430515289e-02
7.048431434668600559e-04
1.994767598807811737e-02
4.098037630319595337e-02
1.141326408833265305e-02
3.957167733460664749e-03
1.956017920747399330e-03
1.552398875355720520e-02
8.939424296841025352e-04
1.819847966544330120e-04
6.667163968086242676e-01
2.218307927250862122e-02
2.127809450030326843e-03
6.969137466512620449e-04
8.201974560506641865e-04
7.844412922859191895e-01
5.753472447395324707e-03
4.965309053659439087e-03
1.897823676699772477e-04
1.679140608757734299e-03
5.368034821003675461e-03
7.021889090538024902e-03
6.741911056451499462e-04
3.552601858973503113e-02
3.624024102464318275e-04
1.395608647726476192e-03
9.163542650640010834e-03
2.169065177440643311e-03
8.408575057983398438e-01
4.302170574665069580e-01
1.216698139905929565e-01
4.194475477561354637e-04
7.989621371962130070e-04
7.144753634929656982e-02
7.923666387796401978e-03
5.926122888922691345e-03
7.090231869369745255e-03
4.407299566082656384e-04
1.727074617519974709e-03
8.096446394920349121e-01
1.143265035352669656e-04
2.681247133295983076e-04
1.696779392659664154e-03
7.318682502955198288e-03
6.267975550144910812e-04
6.738398075103759766e-01
3.240614663809537888e-03
5.258347373455762863e-03
6.407800246961414814e-04
7.936496287584304810e-03
6.099862605333328247e-02
2.181268064305186272e-03
4.944360628724098206e-02
1.496121753007173538e-03
4.266637843102216721e-03
1.807768829166889191e-02
1.081863120198249817e-01
6.176566821523010731e-04
1.688679039943963289e-04
4.803386516869068146e-03
4.492571111768484116e-03
2.868212468456476927e-04
1.918702013790607452e-02
7.465065922588109970e-03
5.029283929616212845e-04
9.915204718708992004e-04
5.985332131385803223e-01
3.751450276467949152e-04
1.519433804787695408e-03
1.121069071814417839e-03
3.065686672925949097e-03
9.990044236183166504e-01
2.357766404747962952e-02
2.168026566505432129e-02
3.102834452874958515e-04
2.251129597425460815e-03
2.498850785195827484e-02
3.717087907716631889e-03
7.844545692205429077e-02
2.330649085342884064e-02
6.462724413722753525e-03
4.408935084939002991e-03
2.088708803057670593e-02
5.833330750465393066e-02
1.911601051688194275e-03
9.503497742116451263e-03
3.418439009692519903e-04
6.577865569852292538e-04
6.059888750314712524e-02
9.880666732788085938e-01
2.399918809533119202e-02
9.117263369262218475e-03
9.509007795713841915e-04
4.470622632652521133e-03
1.461361069232225418e-03
1.417501713149249554e-03
3.529530949890613556e-03
8.311311006546020508e-01
4.342883359640836716e-03
9.933859705924987793e-01
1.565486192703247070e-03
7.037832401692867279e-03
5.043329596519470215e-01
3.794552758336067200e-04
3.237735480070114136e-03
1.013346761465072632e-02
7.664454169571399689e-04
2.956629917025566101e-02
3.210462629795074463e-02
4.006078233942389488e-04
1.823876053094863892e-02
7.823514170013368130e-04
3.069173395633697510e-01
2.002514433115720749e-03
1.405929122120141983e-02
4.418771266937255859e-01
1.003404380753636360e-03
5.612637102603912354e-02
1.954795606434345245e-02
4.170139320194721222e-03
1.750140916556119919e-03
2.751815191004425287e-04
1.794870942831039429e-02
2.653724513947963715e-03
3.582863137125968933e-04
4.612799093592911959e-04
5.654198466800153255e-04
7.264318410307168961e-04
7.443037815392017365e-03
1.826589694246649742e-03
1.027106121182441711e-01
1.986775547266006470e-03
1.508353278040885925e-03
3.936559078283607960e-04
1.046490971930325031e-03
6.398383527994155884e-03
5.265581421554088593e-04
1.047110301442444324e-03
2.158835413865745068e-04
4.214834794402122498e-02
4.016118124127388000e-03
9.421648383140563965e-01
1.043922384269535542e-03
5.081981653347611427e-04
4.698402772191911936e-04
6.329475343227386475e-02
9.139359593391418457e-01
4.391293972730636597e-03
3.110758960247039795e-03
1.004473213106393814e-02
6.744271516799926758e-01
1.561583485454320908e-03
3.578155636787414551e-01
1.280427095480263233e-03
4.533692728728055954e-03
5.467711016535758972e-04
1.779278554022312164e-02
3.964527044445276260e-03
1.388170290738344193e-03
1.851949840784072876e-02
5.309252999722957611e-03
9.304716368205845356e-04
8.341807126998901367e-02
1.740091294050216675e-02
9.960348010063171387e-01
1.040346026420593262e-01
1.455179415643215179e-03
5.304405000060796738e-03
7.427634000778198242e-01
2.473609056323766708e-03
1.568967709317803383e-04
4.840571433305740356e-02
5.048558814451098442e-04
1.013296693563461304e-01
2.643851377069950104e-02
2.459691315889358521e-01
2.321147592738270760e-03
1.849432848393917084e-02
5.482435226440429688e-03
1.553614623844623566e-03
4.942488390952348709e-03
6.760229007340967655e-04
4.722582816611975431e-04
7.943563978187739849e-04
2.448480762541294098e-02
9.836662560701370239e-03
5.552338436245918274e-03
3.327795863151550293e-02
2.030063420534133911e-03
8.373033488169312477e-04
9.986666440963745117e-01
1.261868281289935112e-03
4.420670494437217712e-02
8.612418770790100098e-01
2.994392765685915947e-03
5.099566769786179066e-04
4.487589932978153229e-03
3.011253476142883301e-01
5.532267503440380096e-03
3.395893573760986328e-01
1.182304844260215759e-01
3.893407434225082397e-02
8.246290381066501141e-04
1.309186103753745556e-03
6.167378276586532593e-03
2.708657383918762207e-01
1.358728390187025070e-03
4.798836540430784225e-03
4.984170496463775635e-01
7.626028060913085938e-01
1.847122679464519024e-03
1.329652126878499985e-02
3.778488840907812119e-03
2.758560888469219208e-02
4.463237151503562927e-02
6.433384842239320278e-04
4.575000144541263580e-03
6.563736591488122940e-03
1.504315412603318691e-03
9.687545825727283955e-04
1.867079408839344978e-04
2.745004603639245033e-04
5.316720926202833652e-04
1.663227332755923271e-03
2.628047019243240356e-03
3.106173244304955006e-04
4.674668889492750168e-03
3.395214444026350975e-03
1.433262322098016739e-02
2.904246211983263493e-04
5.504409074783325195e-01
2.867698483169078827e-02
3.394800238311290741e-03
3.578719042707234621e-04
1.727928291074931622e-03
6.093084812164306641e-02
2.244735211133956909e-01
9.929484128952026367e-01
3.056879639625549316e-01
1.792140491306781769e-02
7.517801225185394287e-02
9.650775464251637459e-04
5.403808318078517914e-03
4.305954498704522848e-04
3.851991845294833183e-03
9.990835189819335938e-01
1.251126732677221298e-02
9.864306077361106873e-03
5.894689559936523438e-01
9.509837627410888672e-01
5.951188877224922180e-02
1.138203889131546021e-01
6.276795268058776855e-01
5.735923349857330322e-02
1.490851980634033680e-03
9.833725094795227051e-01
7.066564634442329407e-03
2.903752727434039116e-03
9.493147954344749451e-04
5.394789390265941620e-03
2.184771001338958740e-04
3.463144600391387939e-02
6.781206466257572174e-03
8.571141362190246582e-01
1.180111896246671677e-02
3.364611864089965820e-01
2.018574438989162445e-02
3.934808075428009033e-02
7.620989810675382614e-03
3.953604493290185928e-03
1.919032633304595947e-01
6.671667098999023438e-02
1.620323600945994258e-04
6.313746562227606773e-04
1.757679623551666737e-03
4.265673458576202393e-03
7.629072759300470352e-03
7.855197787284851074e-01
4.133210517466068268e-03
7.198506034910678864e-03
3.048343933187425137e-04
3.450885787606239319e-02
8.807747811079025269e-02
6.574026774615049362e-03
1.308659324422478676e-03
3.096265718340873718e-03
2.679787576198577881e-03
9.942091070115566254e-03
5.032753106206655502e-03
6.245395168662071228e-03
2.671229653060436249e-03
1.539646880701184273e-03
2.327673695981502533e-02
3.928772348444908857e-04
6.450262852013111115e-03
5.074358195997774601e-04
4.278476815670728683e-03
2.365831518545746803e-03
9.610223174095153809e-01
4.431134730111807585e-04
2.829970035236328840e-04
3.774785902351140976e-03
4.459128715097904205e-03
8.572665043175220490e-03
9.486875205766409636e-05
1.739023625850677490e-02
2.738499082624912262e-03
4.974862094968557358e-03
2.458752393722534180e-01
6.082936525344848633e-01
1.640908652916550636e-03
4.745011392515152693e-04
6.568226963281631470e-02
4.997993819415569305e-04
7.468583434820175171e-02
2.095587551593780518e-03
7.589905988425016403e-03
2.245360054075717926e-03
1.059967130422592163e-01
2.504581585526466370e-03
6.478118710219860077e-03
5.586427636444568634e-03
5.812374874949455261e-02
9.098333716392517090e-01
2.524747280403971672e-03
3.785182780120521784e-04
3.314065688755363226e-04
4.364949418231844902e-04
9.976166486740112305e-01
1.151388045400381088e-03
1.675450429320335388e-02
1.061297371052205563e-03
4.957679659128189087e-03
3.923408389091491699e-01
3.329075407236814499e-04
1.476568635553121567e-02
1.555281877517700195e-01
3.972930368036031723e-03
4.453875590115785599e-04
1.267392071895301342e-04
1.960530411452054977e-03
6.833755224943161011e-02
2.111691283062100410e-03
6.077435798943042755e-03
1.185638364404439926e-03
6.169646605849266052e-02
4.594116471707820892e-03
1.827876828610897064e-02
1.015386806102469563e-04
9.997087121009826660e-01
1.105443458072841167e-03
2.591671049594879150e-02
1.001959480345249176e-02
2.881685271859169006e-03
9.347920306026935577e-03
5.769402254372835159e-03
6.556045264005661011e-03
1.072704792022705078e-02
5.194404628127813339e-03
4.116945783607661724e-04
5.020327866077423096e-02
7.945579886436462402e-01
5.902361124753952026e-03
1.892549917101860046e-02
2.038347534835338593e-03
7.865392416715621948e-02
5.369424819946289062e-03
1.133708059787750244e-01
6.982292979955673218e-02
6.265114643611013889e-04
6.957259494811296463e-03
8.538202964700758457e-04
2.087705070152878761e-03
4.464559257030487061e-03
2.284488826990127563e-02
9.127330034971237183e-02
1.458935323171317577e-03
1.754463464021682739e-02
4.006696864962577820e-02
3.635251894593238831e-02
2.138920500874519348e-02
1.203734613955020905e-02
3.881267504766583443e-03
7.008478045463562012e-02
8.289380348287522793e-04
1.980187837034463882e-03
8.138366788625717163e-02
4.844618495553731918e-03
4.500870592892169952e-03
8.882041573524475098e-01
7.169759869575500488e-01
6.583440699614584446e-04
1.430774759501218796e-02
1.284256111830472946e-03
4.704299941658973694e-02
1.716633737087249756e-01
2.007826603949069977e-02
9.316805005073547363e-01
8.344029774889349937e-04
9.780039787292480469e-01
1.962285786867141724e-01
4.416506886482238770e-01
3.772767260670661926e-03
1.045452337712049484e-02
5.792579613626003265e-03
2.803507260978221893e-02
7.045402307994663715e-04
2.361521590501070023e-03
5.831962917000055313e-03
1.285662967711687088e-02
6.277137901633977890e-03
5.951982457190752029e-04
4.807769320905208588e-03
1.698541920632123947e-03
1.067224424332380295e-03
1.591985230334103107e-03
1.510240975767374039e-02
9.629394114017486572e-02
1.072680024662986398e-04
4.154035821557044983e-03
6.709509491920471191e-01
2.401748206466436386e-04
1.184877566993236542e-02
1.098008453845977783e-02
1.104010939598083496e-01
3.623608946800231934e-01
1.121881324797868729e-02
2.384007530054077506e-04
1.313359127379953861e-03
9.733574986457824707e-01
9.998761415481567383e-01
8.657853119075298309e-03
1.999027654528617859e-02
9.791156053543090820e-01
2.449430990964174271e-03
6.983247585594654083e-03
2.478183887433260679e-04
6.695645279251039028e-04
1.018235646188259125e-02
1.157144084572792053e-03
4.131300747394561768e-02
2.804894745349884033e-02
9.401876479387283325e-02
3.541382402181625366e-02
7.352663278579711914e-01
6.250970810651779175e-02
2.569684572517871857e-02
2.425548853352665901e-03
2.260281704366207123e-03
4.757204093039035797e-03
2.564379945397377014e-03
5.238997936248779297e-02
9.283985942602157593e-03
5.051217507570981979e-03
1.049679587595164776e-03
9.704700112342834473e-01
3.583374433219432831e-03
5.695811938494443893e-03
6.589360418729484081e-04
1.326904296875000000e-01
3.921256866306066513e-03
3.467869944870471954e-03
9.983483552932739258e-01
6.304919719696044922e-02
9.116561152040958405e-03
5.438228696584701538e-02
7.640505582094192505e-02
2.021770458668470383e-03
7.654217770323157310e-04
6.063544377684593201e-02
3.135379636660218239e-03
1.172104105353355408e-02
1.026094797998666763e-02
9.970331192016601562e-01
1.333762891590595245e-02
7.786308415234088898e-04
1.658647879958152771e-02
1.075151376426219940e-03
2.473712433129549026e-03
1.110550481826066971e-02
4.341183602809906006e-02
1.215411908924579620e-02
9.080217480659484863e-01
2.219877642346546054e-04
5.654567852616310120e-03
7.636721730232238770e-01
5.706367082893848419e-03
6.085402332246303558e-03
3.990221321582794189e-01
1.478804834187030792e-02
9.074924513697624207e-03
4.143537022173404694e-03
3.403650596737861633e-03
3.137562423944473267e-02
1.616064012050628662e-01
3.174270689487457275e-01
8.788723498582839966e-04
2.692921552807092667e-03
4.409540444612503052e-02
7.341788709163665771e-02
1.133976737037301064e-03
1.469198032282292843e-03
3.889215644448995590e-03
3.063573967665433884e-03
2.191909152315929532e-04
1.102702915668487549e-01
2.048479858785867691e-03
6.241390109062194824e-02
9.363287091255187988e-01
5.433837883174419403e-03
3.659344092011451721e-02
2.119670063257217407e-01
1.931031607091426849e-02
8.921323344111442566e-03
6.164975347928702831e-04
1.203466454171575606e-04
3.506571054458618164e-02
1.392582198604941368e-03
6.641554832458496094e-02
5.104114767163991928e-03
1.691585630178451538e-01
2.549810800701379776e-03
6.580790504813194275e-04
2.326560206711292267e-03
9.745392799377441406e-01
1.595783047378063202e-03
2.994666865561157465e-04
6.179018411785364151e-03
5.924337077885866165e-03
9.710952043533325195e-01
8.569843485020101070e-04
3.108285833150148392e-03
5.754407029598951340e-04
2.434873022139072418e-03
8.234833367168903351e-04
1.502083468949422240e-04
3.780596656724810600e-03
6.998842000029981136e-04
2.392589958617463708e-04
3.684707451611757278e-03
5.462283734232187271e-03
7.129648583941161633e-04
1.529383286833763123e-02
6.759943906217813492e-03
4.989972803741693497e-04
2.351067215204238892e-01
7.015212178230285645e-01
1.173655153252184391e-03
1.242337003350257874e-02
6.944472342729568481e-02
1.924634096212685108e-03
1.211438560858368874e-03
1.404007780365645885e-03
3.631234169006347656e-02
1.197565644979476929e-01
1.194634288549423218e-02
1.806190935894846916e-03
1.739109167829155922e-03
2.981394296512007713e-03
1.821020059287548065e-02
3.637666348367929459e-03
5.103334784507751465e-03
9.500616192817687988e-01
2.698056958615779877e-02
7.933714659884572029e-04
1.517398632131516933e-03
4.454366280697286129e-04
4.192571621388196945e-03
8.610356450080871582e-01
2.106790663674473763e-03
4.357600584626197815e-03
1.863908255472779274e-03
1.205181516706943512e-02
3.123545646667480469e-02
1.727057097014039755e-04
5.229233205318450928e-02
4.872827325016260147e-03
1.070091850124299526e-03
2.793667912483215332e-01
3.131096251308917999e-03
6.701275706291198730e-04
4.488097038120031357e-03
7.206690497696399689e-04
9.727545380592346191e-01
3.591032624244689941e-01
9.366617538034915924e-03
9.834208339452743530e-02
6.293264627456665039e-01
2.653647679835557938e-03
2.356122434139251709e-02
1.918295174837112427e-01
8.445317507721483707e-04
1.499769161455333233e-03
3.999863564968109131e-02
5.308412015438079834e-03
7.714929990470409393e-03
2.423346042633056641e-03
2.888613007962703705e-02
1.039413455873727798e-02
6.247254088521003723e-03
4.907356947660446167e-02
3.254415234550833702e-03
1.849039457738399506e-03
1.922636409290134907e-03
4.728461150079965591e-03
6.031892728060483932e-03
1.596875139512121677e-03
2.515874104574322701e-03
9.680834598839282990e-03
8.141814731061458588e-03
1.609764061868190765e-03
1.879602437838912010e-03
5.653941035270690918e-01
1.463011205196380615e-01
2.059261023532599211e-04
2.868360315915197134e-04
5.689539480954408646e-03
6.206212565302848816e-02
1.541822589933872223e-02
4.454056324902921915e-04
7.715344429016113281e-01
3.622251749038696289e-02
7.459888001903891563e-04
7.028342224657535553e-04
4.994705319404602051e-03
9.546211361885070801e-01
2.905364963226020336e-04
4.183053374290466309e-01
7.279471307992935181e-02
3.951505292207002640e-03
2.050871262326836586e-03
2.059832215309143066e-03
7.509205024689435959e-04
1.110287662595510483e-02
2.222069306299090385e-03
1.245705410838127136e-01
8.492477536201477051e-01
8.078180253505706787e-04
4.014942387584596872e-04
2.046830654144287109e-01
4.599835083354264498e-04
9.693908505141735077e-03
6.909695919603109360e-03
4.066045861691236496e-03
1.042827498167753220e-03
2.890637610107660294e-03
1.302029378712177277e-02
3.586217164993286133e-01
1.980976387858390808e-02
2.302334876731038094e-03
1.634299987927079201e-03
8.655140991322696209e-04
2.780892828013747931e-04
1.921025686897337437e-03
9.978231191635131836e-01
1.014976501464843750e-01
1.203963719308376312e-02
1.582172582857310772e-03
7.937662303447723389e-04
5.821657250635325909e-04
8.008902668952941895e-01
3.884017234668135643e-03
1.635000342503190041e-03
3.776683588512241840e-04
2.408191412687301636e-01
8.732311107451096177e-05
9.178104810416698456e-04
6.617807084694504738e-04
2.115395385771989822e-03
1.162490397691726685e-01
1.881018653512001038e-02
3.656827029772102833e-04
1.657549873925745487e-03
2.452010475099086761e-02
4.014765843749046326e-03
3.004258871078491211e-01
9.956328272819519043e-01
8.985711932182312012e-01
2.657667733728885651e-03
7.261584997177124023e-01
5.313135981559753418e-01
7.418463826179504395e-01
2.395579032599925995e-02
2.952516078948974609e-03
5.031876731663942337e-03
8.178811520338058472e-03
9.660624712705612183e-02
1.186376670375466347e-03
2.298643375979736447e-04
9.217624901793897152e-04
3.384053241461515427e-03
6.906752008944749832e-03
9.935567975044250488e-01
8.091238327324390411e-03
3.695750609040260315e-03
5.462069064378738403e-03
9.816080927848815918e-01
9.371963143348693848e-01
2.063093939796090126e-03
3.921506460756063461e-03
7.674317457713186741e-04
8.985040187835693359e-01
1.082063652575016022e-03
2.845289371907711029e-02
9.533936977386474609e-01
3.162025511264801025e-01
3.832156211137771606e-02
4.324197361711412668e-04
2.043421147391200066e-03
5.590942502021789551e-01
4.085950255393981934e-01
9.205671958625316620e-03
1.316284686326980591e-01
3.452076762914657593e-02
2.634322270750999451e-02
4.214511066675186157e-02
7.634792709723114967e-04
1.195109100081026554e-03
2.175644040107727051e-03
1.730964705348014832e-02
2.040389459580183029e-03
8.684995025396347046e-02
4.159017407801002264e-04
8.236403227783739567e-04
3.828664124011993408e-02
1.756367506459355354e-03
2.903723856434226036e-03
4.217971488833427429e-02
7.781089097261428833e-02
1.254984177649021149e-02
7.188187446445226669e-03
8.654577136039733887e-01
6.965626031160354614e-03
9.893100941553711891e-04
1.453956216573715210e-02
1.396862976253032684e-02
8.370917290449142456e-03
2.305902168154716492e-02
8.853877335786819458e-02
2.829019539058208466e-02
1.349135534837841988e-03
4.289924690965563059e-04
3.955989610403776169e-03
7.449694094248116016e-04
1.983687048777937889e-03
3.004270140081644058e-03
2.504230069462209940e-04
3.180907806381583214e-03
1.940336078405380249e-03
1.761422725394368172e-03
5.793146044015884399e-02
2.235557138919830322e-02
1.082028970122337341e-01
1.783545762300491333e-01
9.394666994921863079e-04
8.300803899765014648e-01
4.317522048950195312e-03
1.724219508469104767e-02
5.279906094074249268e-03
6.083580199629068375e-03
1.287662307731807232e-03
1.095484942197799683e-03
1.102381758391857147e-02
9.868921479210257530e-04
3.499599872156977654e-03
2.286430001258850098e-01
1.536328624933958054e-02
2.865617163479328156e-03
1.844406360760331154e-03
8.206740617752075195e-01
2.385513391345739365e-03
2.221393864601850510e-03
8.153776871040463448e-04
2.207104675471782684e-02
4.704928025603294373e-03
5.637576803565025330e-03
7.524363230913877487e-03
1.802434562705457211e-03
9.714246541261672974e-02
3.531750408001244068e-04
6.348141282796859741e-02
6.909581273794174194e-02
1.665543415583670139e-03
1.015099324285984039e-02
1.953844353556632996e-02
5.387924145907163620e-03
2.222401817562058568e-04
1.312009543180465698e-01
3.698875429108738899e-03
4.948645830154418945e-03
4.312951117753982544e-03
8.576310873031616211e-01
2.658767998218536377e-01
1.180734019726514816e-03
1.323300506919622421e-02
4.926337003707885742e-01
5.645652418024837971e-04
4.801305942237377167e-03
1.123914029449224472e-03
6.589382537640631199e-04
2.172104548662900925e-03
6.407879409380257130e-04
4.198015481233596802e-02
1.844523288309574127e-02
5.733240246772766113e-01
6.150566507130861282e-03
4.749699309468269348e-02
2.007619477808475494e-03
4.446803941391408443e-04
4.956561326980590820e-02
4.621300846338272095e-03
1.848627626895904541e-02
1.181957777589559555e-03
1.708163297735154629e-03
8.928384631872177124e-03
1.696349499979987741e-04
7.923488155938684940e-04
1.668550248723477125e-04
7.087737321853637695e-01
2.227026736363768578e-03
8.946469426155090332e-01
3.385270759463310242e-02
5.144570022821426392e-03
2.701165154576301575e-02
2.378407493233680725e-02
1.087672892026603222e-03
2.568719442933797836e-03
2.575933933258056641e-03
2.125188522040843964e-02
5.505011882632970810e-03
2.983302576467394829e-03
1.166657893918454647e-03
2.562109846621751785e-03
7.388035766780376434e-03
3.676142659969627857e-04
2.803377248346805573e-02
4.017631709575653076e-02
6.593493744730949402e-04
3.921692073345184326e-02
1.859272830188274384e-02
1.624162495136260986e-01
7.341382442973554134e-04
5.190355703234672546e-02
2.128218300640583038e-03
6.140088662505149841e-04
5.482440814375877380e-02
3.825359279289841652e-03
2.207952924072742462e-02
6.378151178359985352e-01
2.166684484109282494e-03
8.656801655888557434e-03
4.150169715285301208e-02
4.745307937264442444e-02
1.277483813464641571e-02
7.092427695170044899e-04
3.380423877388238907e-03
8.827025890350341797e-01
5.158198997378349304e-03
2.031364012509584427e-03
3.102840564679354429e-04
3.796005845069885254e-01
7.895059138536453247e-02
5.829944740980863571e-03
1.992965815588831902e-03
7.852852344512939453e-02
1.023678574711084366e-03
6.203073635697364807e-02
8.918242529034614563e-03
3.451693058013916016e-02
6.830000784248113632e-03
1.478269579820334911e-03
1.081946957856416702e-02
3.214280307292938232e-01
1.271778065711259842e-02
2.493790388107299805e-01
1.294855624437332153e-01
1.407638657838106155e-03
6.381493061780929565e-03
2.362729981541633606e-02
2.057581208646297455e-03
1.151097356341779232e-03
1.230194568634033203e-01
1.814360618591308594e-01
3.816154319792985916e-03
9.983148574829101562e-01
2.834898419678211212e-03
1.931633614003658295e-02
3.003706037998199463e-02
7.632990367710590363e-03
4.217763617634773254e-02
2.185892546549439430e-03
7.694533094763755798e-03
1.190113485790789127e-03
9.015708346851170063e-04
9.276770870201289654e-04
1.940881162881851196e-01
5.555396080017089844e-01
2.924602013081312180e-04
9.999184608459472656e-01
2.219892339780926704e-03
2.017286140471696854e-03
1.109910546801984310e-03
5.635160487145185471e-04
1.261652912944555283e-02
1.578316907398402691e-03
4.651645943522453308e-02
9.229514747858047485e-03
4.260932910256087780e-04
6.625502109527587891e-01
8.127575740218162537e-03
3.753197146579623222e-03
2.625454068183898926e-01
6.261556744575500488e-01
3.329233229160308838e-01
7.400698661804199219e-01
4.102922976016998291e-03
5.491230264306068420e-02
1.092006172984838486e-02
1.141075859777629375e-03
6.915663368999958038e-03
3.160343971103429794e-03
6.612454075366258621e-03
3.065137192606925964e-03
3.935149405151605606e-03
5.163212306797504425e-03
1.400070358067750931e-02
2.580575942993164062e-01
4.450838605407625437e-04
1.023011747747659683e-03
4.866419825702905655e-03
7.761979103088378906e-02
1.827431172132492065e-01
1.447155140340328217e-03
1.364509947597980499e-02
2.798433648422360420e-03
4.437733814120292664e-02
4.541635978966951370e-03
1.533529488369822502e-03
1.814502757042646408e-04
3.005521604791283607e-03
1.928301411680877209e-03
6.825656746514141560e-04
9.474524995312094688e-04
2.777286805212497711e-03
9.494757396169006824e-04
3.767530201002955437e-03
5.358746275305747986e-02
5.583646241575479507e-03
1.265203580260276794e-02
6.457435898482799530e-03
2.837816998362541199e-02
3.750534029677510262e-03
1.537045650184154510e-02
2.113796537742018700e-03
4.360627755522727966e-02
6.648843884468078613e-01
3.650627040769904852e-04
1.654664403758943081e-03
1.749392971396446228e-02
2.786426339298486710e-04
2.008832816500216722e-04
8.560737967491149902e-01
2.729789353907108307e-03
9.438255801796913147e-03
8.323379443027079105e-04
7.005470339208841324e-03
1.817098935134708881e-03
1.298816176131367683e-03
2.428205125033855438e-02
2.887894213199615479e-02
5.523833679035305977e-04
2.362526953220367432e-03
5.160918235778808594e-01
3.646168857812881470e-03
5.641561001539230347e-03
3.821084508672356606e-03
3.506471402943134308e-03
1.445151958614587784e-02
9.846732718870043755e-04
2.063500508666038513e-02
8.315151929855346680e-01
1.243521342985332012e-03
1.122498791664838791e-02
2.771212020888924599e-03
3.229002282023429871e-02
1.631774902343750000e-01
9.755252301692962646e-02
1.554994028992950916e-03
2.298194012837484479e-04
5.032589286565780640e-02
1.258809026330709457e-02
1.953689604997634888e-01
2.723444951698184013e-03
8.936672806739807129e-01
1.484770979732275009e-02
2.230798825621604919e-03
1.478925696574151516e-03
1.481065619736909866e-02
1.206919085234403610e-03
8.484797477722167969e-01
5.093946238048374653e-04
1.798970159143209457e-03
5.866158171556890011e-04
1.316744601354002953e-03
1.067527453415095806e-03
6.280000670813024044e-04
6.494087632745504379e-03
8.751891553401947021e-02
1.516794203780591488e-03
1.916098990477621555e-04
3.832022775895893574e-04
1.042541931383311749e-03
2.561253495514392853e-03
1.403861329890787601e-03
3.990312106907367706e-03
1.241064281202852726e-03
5.086815953254699707e-01
5.905968602746725082e-03
4.692043643444776535e-03
3.223761543631553650e-02
9.918200969696044922e-01
3.353527188301086426e-02
4.676412045955657959e-01
7.581050693988800049e-02
2.117805927991867065e-02
2.266903611598536372e-04
1.469562528654932976e-03
1.120537519454956055e-02
6.579880602657794952e-03
2.577956300228834152e-03
9.240133166313171387e-01
2.533702179789543152e-03
2.106393687427043915e-03
1.508089900016784668e-02
3.040027432143688202e-02
2.937327027320861816e-01
1.031066849827766418e-01
8.356055244803428650e-03
5.987469339743256569e-04
2.758098244667053223e-01
2.729388361331075430e-04
5.451862234622240067e-04
3.922721743583679199e-02
2.340035513043403625e-03
5.951139610260725021e-03
2.362029552459716797e-01
3.971609473228454590e-02
8.290359377861022949e-02
3.196131065487861633e-02
2.442337870597839355e-01
3.715268895030021667e-02
1.459261868149042130e-03
4.708910826593637466e-03
1.862885355949401855e-01
4.603374691214412451e-04
7.911937427707016468e-04
1.381343579851090908e-03
1.501326709985733032e-01
6.247973535209894180e-03
2.375703118741512299e-02
9.911100864410400391e-01
6.046589091420173645e-02
7.818426005542278290e-03
7.668513059616088867e-01
1.924797147512435913e-02
3.269147709943354130e-04
1.298519899137318134e-03
7.474461453966796398e-04
1.731484755873680115e-02
8.060405030846595764e-03
2.507245633751153946e-03
7.584559265524148941e-03
9.347902960143983364e-04
2.706597149372100830e-01
9.850686192512512207e-01
3.999898210167884827e-03
7.893589735031127930e-01
1.481967419385910034e-01
1.458890968933701515e-03
8.159837126731872559e-01
2.419643849134445190e-02
8.814959973096847534e-02
3.727463632822036743e-02
2.963751554489135742e-03
4.101321566849946976e-03
2.885377220809459686e-02
9.952526539564132690e-03
3.019833266735076904e-01
3.940756246447563171e-02
3.504699852783232927e-04
1.568148494698107243e-03
8.654828071594238281e-01
4.426887724548578262e-03
2.299943938851356506e-03
1.013879757374525070e-02
1.072540879249572754e-02
1.351902144961059093e-03
2.017549239099025726e-03
1.499085221439599991e-03
8.301351219415664673e-03
1.475008018314838409e-02
7.376974821090698242e-01
2.967648673802614212e-03
7.428303360939025879e-02
4.214067012071609497e-03
4.665118455886840820e-02
1.022276701405644417e-03
2.598044520709663630e-04
5.693292617797851562e-01
5.904297344386577606e-03
5.032693501561880112e-03
6.660136394202709198e-03
3.141221106052398682e-01
2.756917383521795273e-04
9.254918433725833893e-03
9.807402640581130981e-02
2.455663052387535572e-04
3.309673964977264404e-01
3.904956858605146408e-03
1.409337110817432404e-02
1.825372106395661831e-03
1.935214363038539886e-02
9.997544884681701660e-01
4.988938104361295700e-03
8.147616386413574219e-01
7.219564318656921387e-01
9.997807145118713379e-01
2.490439219400286674e-03
1.333084190264344215e-03
9.978178739547729492e-01
1.408420270308852196e-03
1.629602047614753246e-03
8.959568142890930176e-01
2.033472526818513870e-03
1.065079821273684502e-03
1.799082383513450623e-03
9.906182885169982910e-01
2.385165076702833176e-03
3.208165871910750866e-04
2.757487352937459946e-03
6.070301751606166363e-04
8.239522576332092285e-03
4.710862413048744202e-03
2.954409283120185137e-04
5.281905457377433777e-02
5.551343318074941635e-03
4.281114321202039719e-03
9.793535573408007622e-04
5.228933412581682205e-03
1.542821060866117477e-02
2.503997879102826118e-03
9.834950566291809082e-01
9.213811159133911133e-02
7.759225554764270782e-03
1.375299412757158279e-03
1.770717278122901917e-02
2.199481386924162507e-04
4.337249323725700378e-03
6.112727522850036621e-01
4.180282354354858398e-03
1.341646711807698011e-04
5.960297305136919022e-03
3.245826344937086105e-03
1.503043109551072121e-03
1.022676751017570496e-02
8.262321949005126953e-01
2.535938750952482224e-03
7.422827184200286865e-03
4.620642215013504028e-02
1.726194657385349274e-02
9.924341440200805664e-01
1.971261762082576752e-02
5.631465837359428406e-02
3.053735941648483276e-02
2.230221405625343323e-03
4.658257123082876205e-03
1.427978649735450745e-02
2.571671307086944580e-01
2.296441048383712769e-02
4.013811703771352768e-04
9.001524448394775391e-01
1.559022814035415649e-03
1.566463336348533630e-02
5.645443685352802277e-03
1.391756930388510227e-03
7.380304858088493347e-03
1.358512789011001587e-02
1.051028491929173470e-03
2.019855007529258728e-02
1.260085380636155605e-03
2.493134466931223869e-03
2.646533539518713951e-04
1.142050232738256454e-02
1.444862596690654755e-02
2.722443826496601105e-02
2.212291210889816284e-02
6.193835735321044922e-01
1.363469380885362625e-02
1.298320740461349487e-01
1.121903583407402039e-02
2.726574195548892021e-03
1.389352721162140369e-03
4.824654664844274521e-03
6.325515508651733398e-01
8.815874345600605011e-03
4.690039157867431641e-01
2.117770723998546600e-02
4.838564693927764893e-01
9.558242559432983398e-01
8.068942464888095856e-03
6.339951884001493454e-03
3.842724114656448364e-02
7.280195355415344238e-01
2.017366699874401093e-03
9.627589955925941467e-03
4.126847779843956232e-04
2.546679414808750153e-02
8.077010512351989746e-02
3.101638257503509521e-01
7.271298021078109741e-02
6.878084503114223480e-03
7.231984287500381470e-02
4.795244429260492325e-03
9.692494869232177734e-01
2.042857086053118110e-04
2.764867432415485382e-02
1.937860972248017788e-03
4.811245598830282688e-04
1.860347227193415165e-03
9.808279573917388916e-03
1.214813324622809887e-03
6.510521769523620605e-01
9.851686954498291016e-01
8.268573284149169922e-01
3.406643867492675781e-02
4.090067930519580841e-03
6.743612699210643768e-03
3.147310577332973480e-03
9.432295919395983219e-04
8.151791989803314209e-04
1.796383783221244812e-02
7.993831299245357513e-03
3.226005937904119492e-03
1.524893194437026978e-01
9.357927367091178894e-03
1.146811991930007935e-03
2.402295358479022980e-03
8.486194536089897156e-03
3.341654315590858459e-02
5.425769835710525513e-03
3.580226004123687744e-02
2.296575403306633234e-04
4.746204018592834473e-01
1.503386069089174271e-03
1.709588454104959965e-03
3.584300354123115540e-02
4.287210293114185333e-03
7.922695949673652649e-04
1.735625119181349874e-04
4.007862508296966553e-02
1.344560533761978149e-01
9.519391693174839020e-03
2.275268547236919403e-03
8.457997441291809082e-02
1.191509189084172249e-03
1.424869755282998085e-03
1.801649690605700016e-03
4.053529351949691772e-03
6.563481409102678299e-03
7.050443440675735474e-03
9.428377263247966766e-03
5.672242026776075363e-03
8.040997199714183807e-04
5.923396348953247070e-02
7.772944867610931396e-03
7.509534480050206184e-04
4.024225054308772087e-04
6.281425594352185726e-04
8.533517247997224331e-04
6.043330300599336624e-03
1.677373424172401428e-03
6.640664339065551758e-01
2.363272244110703468e-03
1.161401718854904175e-02
2.065012417733669281e-02
3.609812259674072266e-01
8.718652725219726562e-01
3.184122266247868538e-03
5.524334311485290527e-01
8.351996541023254395e-02
5.656673908233642578e-01
3.580372314900159836e-03
6.511266827583312988e-01
9.171930551528930664e-01
5.649755001068115234e-01
2.402449492365121841e-03
6.099437829107046127e-03
1.275279838591814041e-02
1.175300497561693192e-02
1.246904395520687103e-02
5.132529768161475658e-04
7.178295403718948364e-03
4.328146169427782297e-04
2.710393164306879044e-03
3.201396167278289795e-01
9.598401188850402832e-01
4.911606311798095703e-01
3.355865133926272392e-03
3.566038096323609352e-03
1.783230807632207870e-03
1.152794342488050461e-02
4.663677245844155550e-04
1.187846064567565918e-03
4.162273369729518890e-03
1.430427073501050472e-03
1.482314337044954300e-02
2.200738340616226196e-02
2.157417824491858482e-03
2.743286546319723129e-03
1.922833174467086792e-02
5.837081116624176502e-04
5.305071827024221420e-03
9.946328401565551758e-01
1.887792646884918213e-01
2.560945227742195129e-03
9.774053692817687988e-01
1.529205241240561008e-03
9.990670084953308105e-01
9.755303035490214825e-04
2.525796880945563316e-04
3.295686561614274979e-03
2.856789389625191689e-03
9.558713063597679138e-03
9.514154195785522461e-01
2.666263580322265625e-01
1.368346391245722771e-03
5.663631600327789783e-04
4.468780942261219025e-03
4.032871723175048828e-01
1.708066016435623169e-01
3.309503430500626564e-03
4.045865498483181000e-03
2.844674279913306236e-03
4.263436049222946167e-02
5.053751519881188869e-04
1.824803054332733154e-01
8.601724985055625439e-04
9.033267269842326641e-04
9.359581395983695984e-03
3.366482676938176155e-03
3.556323354132473469e-04
1.242014113813638687e-02
7.922335863113403320e-01
8.863380551338195801e-01
9.374105930328369141e-01
4.972754977643489838e-03
2.932043671607971191e-01
1.755348755978047848e-03
1.710792537778615952e-03
3.539594411849975586e-01
4.288952648639678955e-01
9.418824687600135803e-03
3.862519282847642899e-03
8.888837099075317383e-01
1.618004143238067627e-01
1.542332023382186890e-02
2.141684480011463165e-02
2.869425155222415924e-02
7.480222266167402267e-04
1.005277689546346664e-02
1.968102157115936279e-01
8.973488584160804749e-03
2.735187299549579620e-04
2.355595119297504425e-03
4.264957970008254051e-04
1.137310732156038284e-02
4.534346226137131453e-04
2.234303858131170273e-03
5.397448781877756119e-03
2.039749175310134888e-01
2.754994435235857964e-03
2.285205759108066559e-02
3.240603208541870117e-02
4.404512234032154083e-03
3.746685804799199104e-03
5.446828156709671021e-02
1.917253434658050537e-01
6.121014244854450226e-03
1.625684439204633236e-03
1.613957434892654419e-01
3.159493207931518555e-02
2.163583934307098389e-01
9.111090302467346191e-01
1.905106357298791409e-03
2.859381027519702911e-02
4.909715056419372559e-02
2.946324832737445831e-02
5.348450969904661179e-03
5.180503707379102707e-03
6.027536839246749878e-02
8.784566307440400124e-04
2.619657025206834078e-04
8.585940599441528320e-01
8.689226582646369934e-03
2.373919123783707619e-03
2.436643093824386597e-01
9.609559783712029457e-04
1.033634296618402004e-03
3.828707849606871605e-03
1.319865323603153229e-02
2.019031718373298645e-02
3.117836546152830124e-03
5.113705620169639587e-02
2.885607182979583740e-01
1.570418104529380798e-02
3.377753542736172676e-03
2.062994055449962616e-02
7.669855952262878418e-01
6.905123125761747360e-03
9.309544693678617477e-04
1.170425191521644592e-01
1.015434041619300842e-01
4.016973450779914856e-02
9.907931685447692871e-01
3.284473344683647156e-02
1.768523507053032517e-04
2.415146678686141968e-03
2.983234589919447899e-03
1.968039758503437042e-02
7.824859931133687496e-04
2.551299694459885359e-04
9.556367397308349609e-01
1.856748713180422783e-04
1.169866416603326797e-02
1.012925207614898682e-01
1.923228204250335693e-01
3.339829156175255775e-03
1.241489895619452000e-03
9.970462918281555176e-01
4.669575486332178116e-03
2.029868587851524353e-02
1.312319636344909668e-01
2.533797232899814844e-04
5.474309325218200684e-01
5.716082639992237091e-03
1.735115540213882923e-03
1.312585361301898956e-02
1.485624699853360653e-03
5.297291208989918232e-04
2.638251781463623047e-01
1.046012504957616329e-03
1.857799827121198177e-03
2.952841576188802719e-03
1.962075941264629364e-03
8.303606882691383362e-04
8.272928185760974884e-03
8.680078317411243916e-04
4.348934628069400787e-03
1.449392875656485558e-03
9.651921987533569336e-01
5.753753241151571274e-03
5.457688122987747192e-03
2.922377083450555801e-03
9.853053689002990723e-01
1.726962742395699024e-03
1.033458509482443333e-03
1.419768929481506348e-01
2.799033373594284058e-02
1.336408592760562897e-02
1.530267484486103058e-02
5.278962198644876480e-03
4.344101529568433762e-03
4.907084163278341293e-03
3.272237663622945547e-04
4.598361905664205551e-03
2.815675688907504082e-03
8.409246220253407955e-04
9.978808760643005371e-01
9.984546899795532227e-01
2.716358006000518799e-02
9.676250629127025604e-03
9.808542728424072266e-01
5.725409463047981262e-02
2.785661490634083748e-04
4.078474827110767365e-03
7.379339658655226231e-04
5.815282347612082958e-04
7.198063656687736511e-03
5.579327233135700226e-03
1.597842387855052948e-02
9.220328181982040405e-02
4.948419984430074692e-03
2.429431676864624023e-01
2.503919182345271111e-03
1.395802944898605347e-01
3.956815344281494617e-04
1.586533850058913231e-03
1.160564366728067398e-03
1.298554688692092896e-01
4.154953174293041229e-03
1.274295058101415634e-02
5.695106810890138149e-04
3.699179273098707199e-03
2.994142845273017883e-02
9.225627779960632324e-01
2.618742883205413818e-01
3.076264867559075356e-03
2.736415714025497437e-02
1.450914982706308365e-02
2.431652974337339401e-03
3.133812220767140388e-03
4.470520652830600739e-03
3.578813001513481140e-02
2.880434878170490265e-02
3.701927140355110168e-03
1.083781011402606964e-02
1.427785214036703110e-02
2.488065278157591820e-03
9.490262269973754883e-01
8.230398297309875488e-01
4.873058293014764786e-03
1.386166084557771683e-03
1.549047185108065605e-03
4.412808921188116074e-04
3.169417323078960180e-04
4.157003946602344513e-03
1.516067888587713242e-03
8.761139214038848877e-02
1.453623292036354542e-03
7.373975217342376709e-02
1.498043630272150040e-02
1.229056529700756073e-02
1.744061009958386421e-03
3.569968394003808498e-04
1.807591906981542706e-04
3.306946158409118652e-02
2.579781285021454096e-04
9.373190812766551971e-03
2.985441498458385468e-02
1.728521846234798431e-02
7.377055007964372635e-04
4.633453208953142166e-03
7.919728755950927734e-02
7.488703727722167969e-01
6.876450497657060623e-04
9.991391897201538086e-01
1.167588494718074799e-02
3.367542475461959839e-02
7.835911237634718418e-04
6.628950126469135284e-03
1.099617965519428253e-02
5.198020339012145996e-01
3.376289308071136475e-01
1.191884977743029594e-03
5.347634665668010712e-03
2.196303568780422211e-02
7.529516005888581276e-04
8.984299302101135254e-01
3.410640929359942675e-04
3.344354219734668732e-03
9.960879385471343994e-02
5.504164146259427071e-04
1.849590771598741412e-04
1.718016690574586391e-03
2.824939554557204247e-03
1.933330446481704712e-01
4.432056564837694168e-03
1.912567391991615295e-02
3.027951158583164215e-02
9.388513863086700439e-03
9.852729272097349167e-04
9.996317625045776367e-01
1.336071491241455078e-01
1.219614408910274506e-03
6.020339205861091614e-03
7.396304281428456306e-04
5.748732946813106537e-04
3.518335754051804543e-03
3.142080269753932953e-03
1.515841926448047161e-03
8.076070249080657959e-02
7.026982493698596954e-04
2.814777544699609280e-04
1.140564307570457458e-02
1.396652311086654663e-01
1.577742956578731537e-02
4.174030909780412912e-04
1.254537850618362427e-01
9.442411246709525585e-04
2.957147778943181038e-03
7.917284383438527584e-04
4.973082686774432659e-04
7.513478398323059082e-03
7.490308489650487900e-04
4.194967448711395264e-02
4.687531851232051849e-03
4.972900152206420898e-01
1.762737170793116093e-03
2.235805382952094078e-03
1.577281579375267029e-02
4.062810167670249939e-02
6.750526954419910908e-04
5.395112093538045883e-03
8.963553234934806824e-03
6.150860805064439774e-03
7.311183144338428974e-04
4.208835773169994354e-03
5.177673418074846268e-03
5.706188734620809555e-03
5.010273889638483524e-04
2.178791314363479614e-01
4.619424417614936829e-02
1.314308047294616699e-01
9.612944126129150391e-01
4.189124796539545059e-03
4.784324555657804012e-04
1.744023640640079975e-03
1.237717573530972004e-03
1.951926499605178833e-01
1.000229385681450367e-03
2.103365585207939148e-02
3.861347446218132973e-03
2.022533444687724113e-03
4.298892617225646973e-02
9.086714982986450195e-01
1.891212188638746738e-03
1.384934596717357635e-02
8.487555980682373047e-01
5.362069234251976013e-02
1.047388504957780242e-04
5.492240190505981445e-01
1.427128445357084274e-02
2.530366554856300354e-02
9.453195380046963692e-04
5.444547627121210098e-03
1.135975942015647888e-01
4.271074663847684860e-03
7.357645779848098755e-02
8.869290947914123535e-01
1.264875940978527069e-02
1.076639164239168167e-02
1.139947096817195415e-03
9.909818321466445923e-02
7.105094194412231445e-01
2.071569412946701050e-01
3.706384897232055664e-01
5.150305032730102539e-01
1.328957383520901203e-03
8.415626944042742252e-04
5.777764692902565002e-02
4.997791256755590439e-04
8.195596188306808472e-02
7.364425691775977612e-04
2.775185927748680115e-02
6.807786412537097931e-03
3.575627692043781281e-03
8.964566513895988464e-03
1.107459887862205505e-02
1.005534920841455460e-02
1.722421944141387939e-01
1.686183968558907509e-03
8.345140516757965088e-02
2.409206926822662354e-01
1.027444144710898399e-03
4.165683314204216003e-02
6.090512615628540516e-04
9.151528030633926392e-02
8.232015371322631836e-01
1.161760371178388596e-02
7.773070828989148140e-04
4.356460273265838623e-01
7.477862294763326645e-03
1.783920526504516602e-01
1.209191628731787205e-03
5.516070872545242310e-03
4.303985275328159332e-03
7.558733969926834106e-02
1.440856754779815674e-01
8.566139265894889832e-03
4.881123546510934830e-03
9.827001094818115234e-01
5.253009796142578125e-01
5.470613483339548111e-03
9.393331594765186310e-03
2.256435714662075043e-02
1.013467204757034779e-03
1.643151417374610901e-02
1.536690397188067436e-03
1.126586943864822388e-01
1.816325820982456207e-03
2.329119015485048294e-04
4.205565492156893015e-04
3.741050064563751221e-01
1.979574188590049744e-02
8.763819001615047455e-03
1.617021709680557251e-01
9.853323101997375488e-01
3.340281837154179811e-04
7.986328564584255219e-03
4.909035749733448029e-03
6.732608675956726074e-01
2.425048649311065674e-01
4.297566483728587627e-04
6.242956733331084251e-04
1.710662269033491611e-03
4.808255471289157867e-03
1.144917868077754974e-02
7.600196450948715210e-02
1.652133069001138210e-03
2.919728634878993034e-03
2.914967015385627747e-03
4.960148944519460201e-04
2.726981043815612793e-02
7.688722759485244751e-02
3.966438584029674530e-03
8.869948796927928925e-04
2.769893221557140350e-02
9.434972162125632167e-05
3.846430405974388123e-02
9.816610813140869141e-01
5.431649684906005859e-01
2.534773375373333693e-04
2.263429909944534302e-01
1.399640925228595734e-03
6.937227444723248482e-04
3.789282636716961861e-03
2.199898473918437958e-02
6.045292830094695091e-04
4.320759773254394531e-01
1.410253159701824188e-02
1.934487518155947328e-04
1.368473321199417114e-01
6.603885293006896973e-01
2.630515256896615028e-03
1.202186942100524902e-02
7.617807015776634216e-03
2.893577795475721359e-03
1.684661209583282471e-02
1.389093347825109959e-03
2.495516790077090263e-03
4.715180695056915283e-01
5.996364634484052658e-04
7.554613985121250153e-04
9.409183859825134277e-01
2.474957890808582306e-02
1.998355053365230560e-02
2.645561704412102699e-03
1.207135064760223031e-04
4.925520159304141998e-03
2.410329645499587059e-03
1.283449702896177769e-03
9.988222718238830566e-01
4.667862085625529289e-04
3.225385211408138275e-03
2.723515033721923828e-03
2.835816470906138420e-03
4.712443351745605469e-01
8.902394771575927734e-01
1.618101377971470356e-03
3.014472080394625664e-03
1.007344480603933334e-02
2.202315814793109894e-02
2.139333933591842651e-01
2.500410482753068209e-04
8.273684978485107422e-01
1.019730698317289352e-03
5.916916131973266602e-01
6.671180948615074158e-03
9.312238693237304688e-01
1.164130750112235546e-03
9.118805173784494400e-04
1.199520565569400787e-02
7.835366413928568363e-04
1.008667284622788429e-03
1.493720989674329758e-02
9.819352626800537109e-01
2.490701340138912201e-02
7.897790637798607349e-04
1.151082515716552734e-01
9.047133848071098328e-03
6.207035621628165245e-04
4.737486597150564194e-03
1.764276996254920959e-02
1.594627159647643566e-03
2.809703648090362549e-01
5.681977607309818268e-03
5.472473334521055222e-03
7.165958881378173828e-01
3.311106702312827110e-03
2.863943111151456833e-03
2.593837976455688477e-01
4.091649316251277924e-04
2.850157674401998520e-03
2.463669516146183014e-04
1.214799354784190655e-03
8.423340041190385818e-04
3.467143047600984573e-03
5.417532101273536682e-02
4.808207508176565170e-03
1.222247257828712463e-03
2.395950141362845898e-04
5.156180821359157562e-03
8.329322445206344128e-04
1.490421127527952194e-03
3.893868299201130867e-03
6.868118420243263245e-03
4.979490302503108978e-03
1.694062841124832630e-03
1.504210531711578369e-01
1.080775819718837738e-02
2.946470491588115692e-02
1.441743108443915844e-03
3.930958337150514126e-04
1.430903933942317963e-02
1.207617693580687046e-03
4.279579967260360718e-03
3.605387406423687935e-03
1.116319443099200726e-03
8.406043052673339844e-03
3.191833570599555969e-02
2.241017855703830719e-02
9.657194614410400391e-01
1.903349068015813828e-03
1.292717061005532742e-03
1.764294225722551346e-03
4.235372412949800491e-03
1.102989073842763901e-02
1.326002646237611771e-03
5.159380845725536346e-03
7.083486318588256836e-01
4.190471768379211426e-01
1.236483361572027206e-02
6.573257595300674438e-02
9.453872591257095337e-02
7.914411276578903198e-02
1.174370758235454559e-03
5.541263222694396973e-01
2.843378810212016106e-03
4.452538269106298685e-04
4.860091430600732565e-04
2.250023651868104935e-03
7.657256210222840309e-04
9.978979825973510742e-01
1.116559933871030807e-02
9.786684997379779816e-03
4.434287548065185547e-03
4.604785935953259468e-04
1.071063876152038574e-01
1.417949646711349487e-01
2.185602188110351562e-01
6.085156928747892380e-04
3.033611923456192017e-02
4.096797201782464981e-04
5.633968114852905273e-01
9.061332941055297852e-01
2.019820676650851965e-04
2.544394508004188538e-02
5.626950263977050781e-01
2.102859169244766235e-01
1.189594995230436325e-02
1.587519980967044830e-02
2.741021336987614632e-03
2.251438098028302193e-03
2.077694423496723175e-02
5.345669924281537533e-04
2.550656441599130630e-03
3.181790560483932495e-02
6.281805108301341534e-04
3.211710155010223389e-01
2.018420584499835968e-02
8.079180843196809292e-04
1.075197593308985233e-03
2.120142569765448570e-03
1.484400825574994087e-03
6.514261662960052490e-02
4.371692538261413574e-01
1.782463937997817993e-01
4.095050971955060959e-03
7.983742398209869862e-04
1.636317116208374500e-03
1.645225565880537033e-03
4.032726865261793137e-03
1.037535723298788071e-03
1.743423640727996826e-01
6.021398119628429413e-03
4.444293677806854248e-01
6.908897776156663895e-03
7.580695091746747494e-04
5.176539067178964615e-03
9.907721541821956635e-04
6.428153719753026962e-04
1.743552973493933678e-03
9.630112648010253906e-01
9.968593120574951172e-01
2.515478059649467468e-03
9.653473496437072754e-01
3.081593895331025124e-04
6.134359282441437244e-04
3.552551269531250000e-01
6.590024568140506744e-03
1.851513865403831005e-03
9.460452795028686523e-01
2.240299582481384277e-01
4.505085200071334839e-02
2.586375176906585693e-01
1.395840547047555447e-03
2.971919719129800797e-03
1.029802020639181137e-03
1.287805847823619843e-03
4.226324614137411118e-03
6.887334864586591721e-03
3.996357917785644531e-01
6.875286926515400410e-04
5.746070295572280884e-02
6.210279185324907303e-03
9.425346255302429199e-01
4.293178617954254150e-01
1.449837442487478256e-02
9.967384934425354004e-01
4.072577692568302155e-03
3.899564221501350403e-02
7.633615285158157349e-03
5.824313266202807426e-04
1.031289547681808472e-01
1.841819658875465393e-02
1.096229185350239277e-03
7.238013786263763905e-04
2.551714424043893814e-03
2.156496979296207428e-02
1.048643887042999268e-02
5.773717421106994152e-04
7.566975429654121399e-03
3.328305482864379883e-01
1.610885187983512878e-02
3.899115696549415588e-02
4.064557142555713654e-03
2.167982747778296471e-03
2.502450020983815193e-03
2.354366704821586609e-02
9.945408701896667480e-01
1.613073633052408695e-03
9.041596204042434692e-02
3.207435598596930504e-03
1.330307126045227051e-01
5.830239388160407543e-04
2.804531948640942574e-03
1.608833670616149902e-02
3.552852943539619446e-02
3.092294326052069664e-03
4.147185385227203369e-02
2.087604627013206482e-02
6.731738540111109614e-05
1.571219414472579956e-02
8.855568012222647667e-04
1.232758089900016785e-01
4.129508733749389648e-01
8.351670578122138977e-03
2.307540038600564003e-03
2.120659220963716507e-03
1.886868732981383801e-03
7.754551172256469727e-01
1.634069718420505524e-03
7.194225788116455078e-01
1.348996721208095551e-02
5.442148540169000626e-04
6.495980918407440186e-02
5.040862597525119781e-04
1.237622201442718506e-01
2.175693865865468979e-03
2.443755045533180237e-02
3.192658126354217529e-01
9.251647628843784332e-03
1.927935809362679720e-04
5.354047752916812897e-03
9.959618560969829559e-03
2.751909662038087845e-03
1.784726162441074848e-03
4.961202386766672134e-03
1.977541716769337654e-03
9.387195110321044922e-01
6.132445111870765686e-02
2.587853698059916496e-03
2.503109909594058990e-02
2.534281695261597633e-03
6.109000444412231445e-01
6.881237626075744629e-01
2.151781693100929260e-02
5.911298841238021851e-02
4.782851785421371460e-03
9.736508131027221680e-02
1.983255846425890923e-03
2.235458698123693466e-03
4.063166975975036621e-01
2.582458779215812683e-03
1.111593097448348999e-02
2.438711002469062805e-03
8.492706418037414551e-01
7.909984560683369637e-04
4.275217652320861816e-03
5.596712827682495117e-01
2.196668647229671478e-03
3.421881992835551500e-04
1.817584969103336334e-03
1.601244905032217503e-03
9.090541601181030273e-01
2.558446431066840887e-04
3.682692646980285645e-01
2.812387247104197741e-04
4.523001261986792088e-04
1.370089245028793812e-03
2.046342194080352783e-02
2.967467159032821655e-02
4.429388500284403563e-04
3.763648495078086853e-02
7.745015900582075119e-03
3.791093230247497559e-01
5.868104053661227226e-04
9.705286622047424316e-01
6.023325840942561626e-04
1.490999106317758560e-02
7.357165450230240822e-04
4.208384081721305847e-03
1.377105712890625000e-02
1.721363805700093508e-04
1.133668338297866285e-04
9.499028325080871582e-01
1.871500536799430847e-02
5.667017539963126183e-04
3.670349717140197754e-02
2.274262756109237671e-01
7.313179783523082733e-03
8.995797038078308105e-01
6.792480708099901676e-04
1.831217668950557709e-02
2.478129044175148010e-02
1.616023364476859570e-04
6.696339230984449387e-03
6.091194809414446354e-04
2.339125797152519226e-02
9.935983270406723022e-02
3.175136446952819824e-02
3.725862130522727966e-03
4.068827927112579346e-01
9.276024997234344482e-03
2.518548863008618355e-04
8.066999725997447968e-03
7.735721883364021778e-04
4.232276696711778641e-03
6.854876279830932617e-01
7.469626725651323795e-04
8.717044256627559662e-03
1.990746706724166870e-02
9.673073291778564453e-01
4.653274547308683395e-03
4.801378399133682251e-02
1.155917299911379814e-03
1.413603592664003372e-02
8.910128846764564514e-03
1.560346805490553379e-03
2.208995574619621038e-04
1.600025570951402187e-03
4.517450928688049316e-01
1.885357894934713840e-03
1.077110040932893753e-02
9.326714091002941132e-03
6.889481563121080399e-03
1.724951900541782379e-02
7.039520889520645142e-02
1.503774709999561310e-02
8.497359231114387512e-03
4.447173699736595154e-02
3.280036617070436478e-04
2.008390612900257111e-03
6.517786532640457153e-04
3.414126811549067497e-03
1.969258338212966919e-01
4.377419501543045044e-02
4.952629562467336655e-03
3.098013345152139664e-03
1.570803225040435791e-01
1.084579154849052429e-03
5.898148939013481140e-02
9.529308974742889404e-02
2.195599721744656563e-03
1.166290719993412495e-03
2.581962384283542633e-03
4.168725572526454926e-03
1.559390337206423283e-03
1.206139568239450455e-02
1.284532016143202782e-03
1.451450958847999573e-02
7.198230363428592682e-03
4.288765788078308105e-02
3.871080651879310608e-02
1.196517888456583023e-02
2.241897163912653923e-03
8.730024565011262894e-04
2.270689001306891441e-03
4.948500078171491623e-03
8.263806998729705811e-02
2.059824019670486450e-02
6.279051885940134525e-04
1.422340888530015945e-02
9.928423166275024414e-01
5.232066847383975983e-03
9.917750358581542969e-01
9.829747080802917480e-01
3.626336110755801201e-04
6.902207154780626297e-03
1.654140464961528778e-02
9.292371105402708054e-04
8.098949193954467773e-01
3.363006748259067535e-03
1.920636394061148167e-03
3.417588770389556885e-02
1.953753409907221794e-03
1.529993955045938492e-03
9.896601550281047821e-03
8.537189569324254990e-04
3.688620030879974365e-02
3.968313802033662796e-03
3.800166398286819458e-02
5.719951586797833443e-04
3.820989429950714111e-01
3.718889132142066956e-02
3.824866563081741333e-02
4.691356734838336706e-04
4.086378961801528931e-03
2.684375047683715820e-01
4.610838368535041809e-02
4.982456448487937450e-04
1.697410196065902710e-01
2.119514159858226776e-03
1.612177584320306778e-03
9.284438490867614746e-01
2.862025052309036255e-03
1.681322697550058365e-03
7.763943821191787720e-02
6.531600356101989746e-01
1.226766407489776611e-02
5.584596395492553711e-01
4.761524964123964310e-03
7.329037878662347794e-03
8.984353626146912575e-04
6.587727693840861320e-04
8.090431243181228638e-02
6.038940325379371643e-02
7.434867024421691895e-01
5.046934355050325394e-03
9.699718952178955078e-01
3.391328500583767891e-03
2.391160093247890472e-02
2.986128814518451691e-02
3.431499004364013672e-02
2.189708640798926353e-03
3.206516802310943604e-02
1.096482947468757629e-02
1.260054181329905987e-03
1.329199317842721939e-02
9.793087840080261230e-01
1.182465697638690472e-03
3.086039214394986629e-04
7.687173201702535152e-04
7.983372779563069344e-04
1.187197193503379822e-01
1.943591050803661346e-03
2.432751003652811050e-03
9.270943119190633297e-04
1.087701227515935898e-02
2.593690529465675354e-03
3.069591820240020752e-01
1.921466737985610962e-02
2.642008243128657341e-03
7.879881262779235840e-01
3.091771006584167480e-01
8.411738090217113495e-04
9.710929356515407562e-03
4.219124559313058853e-03
1.736357361078262329e-01
3.356078872457146645e-03
8.340947031974792480e-01
4.066737741231918335e-02
7.398225832730531693e-03
1.081579714082181454e-03
4.139345884323120117e-02
1.408247649669647217e-02
1.784338057041168213e-02
3.294662339612841606e-03
3.847681684419512749e-03
1.389754191040992737e-02
1.524625346064567566e-03
9.702742695808410645e-01
1.756314933300018311e-01
2.555968239903450012e-03
7.591903209686279297e-01
1.416875720024108887e-01
5.526129622012376785e-03
5.221247076988220215e-01
7.228173781186342239e-03
7.749113719910383224e-03
9.897905401885509491e-04
1.437513083219528198e-01
2.094095572829246521e-03
5.925592184066772461e-01
5.291817942634224892e-04
3.978589549660682678e-02
2.892523771151900291e-03
2.993227913975715637e-02
1.036040834151208401e-03
2.043945249170064926e-03
4.984837491065263748e-03
1.223539654165506363e-02
9.966519474983215332e-01
6.706924438476562500e-01
2.432277397019788623e-04
2.142744511365890503e-01
3.347181482240557671e-03
2.627275825943797827e-04
3.359176451340317726e-03
5.511534982360899448e-04
6.225219368934631348e-01
2.035673856735229492e-01
5.231811664998531342e-04
7.601492688991129398e-04
4.639777354896068573e-03
5.563186714425683022e-04
1.624100841581821442e-04
3.089103556703776121e-04
2.623237967491149902e-01
2.002303954213857651e-03
2.252628561109304428e-03
6.000472232699394226e-03
3.415240049362182617e-01
4.083894193172454834e-01
3.682643473148345947e-01
5.289954715408384800e-04
7.133877370506525040e-03
3.527069836854934692e-02
1.980679109692573547e-02
4.478190559893846512e-03
3.337461967021226883e-03
6.820155773311853409e-03
1.933499425649642944e-02
4.085348919034004211e-03
4.032873839605599642e-04
4.027028335258364677e-04
6.335945799946784973e-03
2.346357097849249840e-03
6.090303137898445129e-02
3.349361568689346313e-02
8.487106114625930786e-02
1.836245297454297543e-03
1.067081838846206665e-02
7.053388282656669617e-03
4.415650665760040283e-02
1.956147253513336182e-01
1.224735379219055176e-02
1.888410421088337898e-03
2.128234878182411194e-02
1.464835833758115768e-03
4.099689722061157227e-01
5.572059657424688339e-03
1.714556962251663208e-01
4.657730925828218460e-03
4.295002818107604980e-01
3.467667847871780396e-02
2.272814046591520309e-03
6.148095428943634033e-02
5.563162267208099365e-03
9.319920209236443043e-04
2.386188600212335587e-03
3.377233743667602539e-01
2.645369153469800949e-03
2.367890179157257080e-01
2.261270070448517799e-03
8.305462542921304703e-04
1.069358084350824356e-03
1.310133957304060459e-03
7.113025058060884476e-03
6.624912619590759277e-01
6.900670472532510757e-03
7.745635695755481720e-03
8.652844699099659920e-04
2.285718917846679688e-03
2.522924169898033142e-02
8.485002517700195312e-01
2.307248360011726618e-04
7.731524528935551643e-04
1.197292134165763855e-01
2.031916374107822776e-04
2.025337219238281250e-01
4.876567516475915909e-03
4.232828796375542879e-04
3.704781457781791687e-02
9.870382025837898254e-03
1.179325394332408905e-02
6.360581028275191784e-04
1.030630315653979778e-03
8.691333234310150146e-03
3.763490170240402222e-02
2.024441212415695190e-02
1.997694605961441994e-03
9.408798068761825562e-03
1.813066890463232994e-03
3.212634474039077759e-04
2.198822796344757080e-03
9.968170523643493652e-01
8.026318391785025597e-04
3.011190705001354218e-02
3.896395443007349968e-03
2.539681736379861832e-03
3.585377242416143417e-03
6.527581252157688141e-03
1.360630057752132416e-02
4.593871417455375195e-04
6.996248266659677029e-04
4.221344832330942154e-03
1.696283183991909027e-02
5.149111966602504253e-04
3.147991141304373741e-03
1.532600261270999908e-03
2.358206175267696381e-02
2.854138799011707306e-02
2.502610348165035248e-02
5.284237558953464031e-04
9.973266124725341797e-01
1.827461877837777138e-03
8.206107616424560547e-01
2.016205573454499245e-03
2.793519757688045502e-03
1.653230004012584686e-02
1.961033046245574951e-02
7.288383203558623791e-04
5.892851576209068298e-02
4.810774326324462891e-02
9.998912811279296875e-01
9.136841632425785065e-03
4.868688061833381653e-03
2.514029038138687611e-04
5.530289411544799805e-01
2.317447913810610771e-03
1.404552021995186806e-03
2.279792912304401398e-02
2.591522876173257828e-03
8.732595015317201614e-04
2.467867918312549591e-03
5.097522865980863571e-03
1.565711339935660362e-03
1.785448193550109863e-02
1.191714080050587654e-03
1.452431315556168556e-03
6.714327726513147354e-03
1.179382670670747757e-02
3.369874954223632812e-01
6.415802985429763794e-02
2.783137746155261993e-02
4.486254416406154633e-03
1.486928481608629227e-02
7.348200306296348572e-04
4.502680301666259766e-01
2.609238401055335999e-02
4.597741961479187012e-01
2.494333777576684952e-03
1.479041879065334797e-03
6.108535919338464737e-03
1.684277667663991451e-03
9.009981155395507812e-01
1.891961204819381237e-03
1.290617743507027626e-03
2.650231122970581055e-03
9.794862270355224609e-01
4.128841310739517212e-02
3.322695791721343994e-01
3.799807131290435791e-01
7.171618938446044922e-02
3.477668464183807373e-01
1.049844920635223389e-02
1.564070396125316620e-02
3.243076847866177559e-03
4.382364079356193542e-02
3.207249641418457031e-01
1.404761672019958496e-01
5.883209872990846634e-03
7.495325407944619656e-04
1.685756142251193523e-03
2.419887809082865715e-03
7.031760178506374359e-03
2.172382548451423645e-03
5.288499593734741211e-02
9.607761166989803314e-04
9.868305642157793045e-04
1.032517291605472565e-03
2.772113541141152382e-03
8.077137917280197144e-02
4.972754791378974915e-02
3.269542008638381958e-03
6.072805449366569519e-02
1.433675456792116165e-02
9.955031564459204674e-04
3.513364354148507118e-03
1.802536658942699432e-03
4.802601470146328211e-04
9.662196636199951172e-01
1.864499790826812387e-04
8.815254084765911102e-03
7.258745841681957245e-03
1.663012057542800903e-01
4.251317586749792099e-03
5.488678347319364548e-03
2.955389209091663361e-02
1.534721464850008488e-03
1.029202248901128769e-03
4.167827311903238297e-03
5.226225592195987701e-03
1.425073295831680298e-02
7.241907995194196701e-03
3.102030791342258453e-02
1.307208277285099030e-02
2.245318377390503883e-03
7.158221602439880371e-01
1.110529759898781776e-03
7.192261815071105957e-01
4.392866045236587524e-03
2.480138838291168213e-02
2.542731119319796562e-03
8.055652491748332977e-03
9.801029562950134277e-01
3.088707663118839264e-02
9.115208871662616730e-03
9.000034071505069733e-03
3.244187682867050171e-02
1.080777794122695923e-01
1.501532644033432007e-01
1.456732861697673798e-03
4.996494390070438385e-03
7.588636130094528198e-02
8.074497431516647339e-02
2.604143694043159485e-03
1.504564657807350159e-02
1.409962028264999390e-02
6.836493266746401787e-04
5.317791551351547241e-02
9.850786067545413971e-03
1.419243519194424152e-03
2.558202482759952545e-03
6.605335045605897903e-03
4.652793868444859982e-04
9.014667943120002747e-03
5.712314248085021973e-01
2.502556703984737396e-02
5.641359603032469749e-04
2.441317774355411530e-04
3.813504707068204880e-03
3.285072161816060543e-04
4.632094129920005798e-02
1.130069838836789131e-03
1.387800090014934540e-03
4.277396015822887421e-03
2.593060256913304329e-03
2.089499682188034058e-01
4.101089667528867722e-03
4.342498630285263062e-02
2.327712066471576691e-02
1.679145498201251030e-03
7.750444412231445312e-01
4.491163883358240128e-03
1.501817535609006882e-02
3.218497335910797119e-02
2.087742649018764496e-02
9.946573376655578613e-01
6.120643615722656250e-01
4.702786915004253387e-03
6.908315233886241913e-03
3.573042806237936020e-03
1.122108660638332367e-03
8.802605867385864258e-01
3.824600279331207275e-01
2.482950920239090919e-03
3.628746569156646729e-01
1.451481250114738941e-03
7.802992314100265503e-02
3.598848357796669006e-02
2.428801031783223152e-03
4.268894903361797333e-03
9.906445629894733429e-03
8.222033269703388214e-03
6.036794558167457581e-02
1.487216446548700333e-03
8.651319891214370728e-03
8.619043044745922089e-03
3.126376122236251831e-02
1.780368983745574951e-01
2.483710413798689842e-03
1.406959723681211472e-03
2.613093820400536060e-04
4.032364580780267715e-03
1.431061234325170517e-02
9.205363690853118896e-03
1.041619479656219482e-02
6.968311499804258347e-03
2.707652980461716652e-03
2.627293346449732780e-03
1.345491269603371620e-03
1.844407990574836731e-02
2.136893123388290405e-01
3.419482707977294922e-01
4.396790638566017151e-03
3.746221959590911865e-02
4.984488710761070251e-02
1.826779625844210386e-04
1.090525533072650433e-03
7.249863701872527599e-04
1.940726768225431442e-03
2.950342604890465736e-03
6.133404374122619629e-02
1.705597713589668274e-02
8.317409665323793888e-04
2.221790142357349396e-03
9.374730871059000492e-04
7.667095051147043705e-04
2.037358842790126801e-02
1.438250578939914703e-02
5.576252937316894531e-02
9.754452854394912720e-02
3.523399308323860168e-02
1.232315134257078171e-02
1.067877863533794880e-03
2.465459983795881271e-04
1.464075781404972076e-02
1.385365426540374756e-01
3.799628466367721558e-02
5.197650194168090820e-02
4.193075001239776611e-03
3.272578120231628418e-01
6.421972066164016724e-03
7.858261466026306152e-02
9.275864958763122559e-01
6.005271803587675095e-03
7.275669486261904240e-04
1.801274047465994954e-04
1.779487938620150089e-04
7.150392048060894012e-04
4.261177498847246170e-03
6.456695497035980225e-03
9.465597271919250488e-01
4.070168826729059219e-03
7.014012662693858147e-04
1.826194114983081818e-02
7.013865397311747074e-04
1.404739334248006344e-03
8.174523100024089217e-05
1.086783781647682190e-02
2.703012432903051376e-03
9.100075694732367992e-04
6.522462368011474609e-01
6.172472834587097168e-01
4.324273206293582916e-03
1.269827014766633511e-03
1.399574684910476208e-04
2.254108786582946777e-01
5.749469622969627380e-03
5.053391680121421814e-03
1.433391030877828598e-02
5.695878062397241592e-04
4.171591252088546753e-02
9.764399379491806030e-02
4.100877325981855392e-03
9.386323392391204834e-03
5.551023059524595737e-04
3.382522845640778542e-03
3.683202085085213184e-04
3.963585942983627319e-03
6.366361379623413086e-01
6.777252419851720333e-04
3.434945270419120789e-02
2.215980552136898041e-03
1.515028066933155060e-03
1.568758338689804077e-01
4.796304404735565186e-01
1.552927657030522823e-03
3.234627842903137207e-02
9.736455976963043213e-02
1.842888188548386097e-03
1.918527483940124512e-02
1.263775397092103958e-03
9.790820628404617310e-02
9.420691640116274357e-04
3.908999636769294739e-02
6.596030201762914658e-03
9.178887121379375458e-04
4.132658839225769043e-01
1.823802292346954346e-02
1.814265036955475807e-03
2.594262827187776566e-03
2.198631409555673599e-03
3.055890500545501709e-01
7.787636481225490570e-03
2.002249704673886299e-03
9.412922896444797516e-03
9.300327301025390625e-02
8.246723413467407227e-01
9.944286346435546875e-01
2.237257780507206917e-03
4.666836466640233994e-03
1.323807635344564915e-03
1.402797549962997437e-02
2.866057213395833969e-03
1.286399513483047485e-01
2.877239836379885674e-03
8.656167774461209774e-04
1.003269106149673462e-03
9.735672473907470703e-01
1.615462009795010090e-03
2.871562493965029716e-03
3.802544670179486275e-04
7.278447505086660385e-03
9.708266006782650948e-04
6.473965048789978027e-01
1.134266844019293785e-03
6.639027502387762070e-03
4.647153243422508240e-02
6.875254679471254349e-03
9.045963524840772152e-04
4.825854673981666565e-03
1.708819270133972168e-01
1.219498217105865479e-01
1.427752198651432991e-03
1.161431241780519485e-02
3.278032643720507622e-03
7.242786139249801636e-02
6.947133690118789673e-03
5.609123036265373230e-04
1.673335395753383636e-02
2.112467307597398758e-03
1.081956899724900723e-03
2.076105447486042976e-03
7.858267985284328461e-03
4.033931531012058258e-03
2.098652347922325134e-02
1.561271958053112030e-03
1.205210224725306034e-03
4.965246915817260742e-01
4.868359565734863281e-01
1.434416393749415874e-03
2.136866748332977295e-02
8.928190469741821289e-01
2.643787069246172905e-03
1.438017785549163818e-01
9.102018177509307861e-02
6.972837727516889572e-04
6.018138374201953411e-04
1.010900130495429039e-03
1.055547595024108887e-01
8.210221305489540100e-03
3.011531196534633636e-02
1.966139487922191620e-02
3.628628095611929893e-03
3.968422766774892807e-03
3.688256023451685905e-03
1.726901275105774403e-03
2.238649316132068634e-02
2.537529915571212769e-03
8.475053310394287109e-01
6.753246299922466278e-03
4.122125916182994843e-03
9.769523749127984047e-04
1.093414612114429474e-02
9.199173073284327984e-04
1.266787061467766762e-03
2.992451889440417290e-03
2.349162707105278969e-03
3.414759039878845215e-02
6.254362408071756363e-03
1.082684379070997238e-03
5.250525847077369690e-02
1.211184775456786156e-03
8.732178830541670322e-04
2.700892800930887461e-04
1.017833501100540161e-02
2.538783252239227295e-01
3.994447470176964998e-04
3.582822857424616814e-03
7.674282789230346680e-01
1.324199256487190723e-03
8.838298730552196503e-03
2.403114922344684601e-03
2.170751243829727173e-02
4.929946362972259521e-02
3.487007692456245422e-02
7.873192662373185158e-04
1.960597038269042969e-01
4.598073661327362061e-03
1.869203709065914154e-02
1.497852645115926862e-04
1.241159479832276702e-04
1.870345673523843288e-03
5.423844559118151665e-04
1.018689479678869247e-02
2.167749917134642601e-04
2.526414580643177032e-03
5.101581215858459473e-01
4.998244112357497215e-04
5.540358647704124451e-02
4.465430509299039841e-03
9.587594270706176758e-01
8.940754923969507217e-05
8.450600318610668182e-03
8.716969750821590424e-04
2.811663597822189331e-02
1.200794428586959839e-02
3.603599732741713524e-03
3.983727395534515381e-01
9.534509852528572083e-03
3.757413476705551147e-02
4.105798527598381042e-02
9.759542881511151791e-04
6.946628564037382603e-04
1.363019691780209541e-03
2.646110253408551216e-03
2.329355338588356972e-03
1.390026882290840149e-03
6.583549976348876953e-01
4.098392650485038757e-02
6.403038278222084045e-03
5.308938212692737579e-03
2.560142660513520241e-03
6.901255808770656586e-03
2.892798781394958496e-01
1.899916529655456543e-01
2.785811573266983032e-02
8.941189298639073968e-05
2.008763374760746956e-03
2.834933402482420206e-04
8.293190039694309235e-03
3.071219027042388916e-01
2.831481583416461945e-02
1.348774600774049759e-02
5.206123590469360352e-01
7.172899693250656128e-02
5.435327887535095215e-01
1.863302439451217651e-01
5.274881550576537848e-05
5.515652592293918133e-04
9.631918072700500488e-01
3.358585236128419638e-04
4.401822108775377274e-03
1.708043564576655626e-04
2.303558401763439178e-02
1.003655372187495232e-03
1.294099958613514900e-03
9.657465852797031403e-03
1.016612048260867596e-03
1.165002305060625076e-02
2.708573453128337860e-02
1.962660579010844231e-03
2.213471569120883942e-03
5.783686414361000061e-03
1.663037203252315521e-02
7.606131955981254578e-03
4.121695645153522491e-03
8.059875108301639557e-03
2.271202951669692993e-02
4.912678850814700127e-04
1.041704509407281876e-02
9.972660541534423828e-01
9.872554540634155273e-01
3.099060617387294769e-03
3.060808591544628143e-02
3.084491193294525146e-02
3.747348207980394363e-03
9.915680289268493652e-01
9.568048715591430664e-01
1.975405961275100708e-01
2.258833497762680054e-03
2.105658054351806641e-01
1.520103588700294495e-02
6.564094219356775284e-03
3.064994812011718750e-01
9.735838770866394043e-01
1.870473963208496571e-03
3.003966063261032104e-03
1.895147934556007385e-02
9.993053674697875977e-01
7.625870406627655029e-03
5.760060250759124756e-02
1.891045598313212395e-03
6.335014104843139648e-01
1.157691515982151031e-02
2.327190712094306946e-02
1.815298385918140411e-02
1.229688175953924656e-03
8.388501737499609590e-05
2.542080590501427650e-03
1.092600077390670776e-02
1.566947088576853275e-03
3.522815881296992302e-03
7.781611289829015732e-03
3.037435235455632210e-03
2.180137205868959427e-03
1.538495765998959541e-03
1.162915490567684174e-03
9.531774520874023438e-01
2.423223294317722321e-02
1.340845823287963867e-01
9.105055928230285645e-01
1.220311969518661499e-02
6.593774538487195969e-03
1.247471198439598083e-03
4.026351089123636484e-04
1.027783378958702087e-03
4.528954159468412399e-03
6.112553477287292480e-01
3.662441624328494072e-03
1.763483596732839942e-04
8.658960723550990224e-05
1.834620982408523560e-01
1.078122761100530624e-03
2.255986619275063276e-04
3.433259902521967888e-03
7.752805831842124462e-04
1.149008865468204021e-03
4.921119543723762035e-04
2.637442434206604958e-03
9.713601469993591309e-01
2.346034348011016846e-01
1.816496402025222778e-01
8.409916758537292480e-01
9.602719219401478767e-04
1.788487657904624939e-02
1.733817509375512600e-03
7.298179552890360355e-04
4.669874534010887146e-02
1.143039111047983170e-02
3.348675556480884552e-03
2.160880016162991524e-03
1.240120152942836285e-03
3.945283889770507812e-01
8.041954636573791504e-01
9.116862900555133820e-03
4.731597006320953369e-02
8.110801875591278076e-02
4.856981802731752396e-03
1.752967073116451502e-04
7.904785871505737305e-01
8.380827493965625763e-04
2.862612307071685791e-01
2.668461529538035393e-03
3.209136053919792175e-02
5.173115059733390808e-03
4.246426224708557129e-01
1.237066462635993958e-02
2.547478768974542618e-03
4.005089402198791504e-03
1.081469934433698654e-03
1.650762744247913361e-03
3.329112380743026733e-02
9.809802286326885223e-04
1.726141897961497307e-03
2.711438573896884918e-03
7.031949935480952263e-04
8.158520609140396118e-02
5.025574937462806702e-04
1.724328903947025537e-04
6.843881215900182724e-03
2.246093191206455231e-02
7.411933038383722305e-03
3.216713666915893555e-04
4.182606041431427002e-01
1.301522599533200264e-03
8.188824169337749481e-03
8.275437951087951660e-01
1.394766103476285934e-02
2.032138640061020851e-03
1.487647369503974915e-02
2.435257658362388611e-03
3.954285755753517151e-03
4.388623535633087158e-01
3.349834354594349861e-03
1.224934961646795273e-02
3.306589648127555847e-02
9.570837020874023438e-01
3.574611910153180361e-04
3.307155072689056396e-01
2.591446682345122099e-04
7.544156908988952637e-02
6.587520474568009377e-04
5.777400219812989235e-04
5.282348487526178360e-03
2.105285413563251495e-03
2.583720255643129349e-03
6.855783052742481232e-03
4.734640568494796753e-02
9.928586483001708984e-01
2.057932317256927490e-02
7.244468927383422852e-01
6.040598750114440918e-01
1.658688066527247429e-03
1.577468961477279663e-02
9.986768709495663643e-04
1.079888199456036091e-03
2.542843867558985949e-04
4.703083634376525879e-02
9.949914813041687012e-01
8.693367126397788525e-04
2.095819711685180664e-01
1.739881746470928192e-02
3.026263555511832237e-03
1.883707381784915924e-02
3.430632408708333969e-03
2.624452114105224609e-01
1.391548779793083668e-03
3.108451201114803553e-04
8.029929399490356445e-01
1.219573197886347771e-03
4.224842786788940430e-02
1.834663003683090210e-02
6.447603702545166016e-01
1.498333178460597992e-03
2.145885810023173690e-04
2.334255259484052658e-03
1.823194883763790131e-02
5.723144276998937130e-04
6.324817892163991928e-03
2.224814333021640778e-02
3.603938501328229904e-03
1.975593622773885727e-03
4.259377310518175364e-04
5.388335790485143661e-03
2.241575159132480621e-03
6.323847174644470215e-01
1.881380751729011536e-02
8.816000819206237793e-01
4.328635113779455423e-04
4.064939450472593307e-03
6.438860297203063965e-01
2.398698627948760986e-01
1.065594842657446861e-03
4.435430280864238739e-03
6.610287353396415710e-03
3.120033652521669865e-04
1.783132851123809814e-01
9.578869503457099199e-05
4.374604206532239914e-03
1.555900438688695431e-03
5.314574111253023148e-03
6.645137909799814224e-04
1.190739334560930729e-03
6.584325456060469151e-04
1.304309722036123276e-02
4.785732030868530273e-01
2.336164936423301697e-03
1.741406880319118500e-02
8.245560340583324432e-03
1.973746530711650848e-02
9.005247056484222412e-02
9.710828773677349091e-03
5.512543916702270508e-01
1.255707293748855591e-01
1.379038090817630291e-03
3.095775609835982323e-04
1.612565293908119202e-02
1.216572243720293045e-03
6.035656202584505081e-03
2.117575844749808311e-03
7.517434656620025635e-02
2.523178756237030029e-01
1.222114078700542450e-02
8.792392164468765259e-02
3.538454184308648109e-03
2.943902611732482910e-01
2.134774774312973022e-01
4.773466382175683975e-03
2.004616893827915192e-03
5.561050027608871460e-02
8.384695649147033691e-01
9.604853391647338867e-01
8.122764993458986282e-04
5.385825037956237793e-01
2.600960200652480125e-03
1.097495388239622116e-02
6.669458746910095215e-01
2.357186935842037201e-02
5.185049492865800858e-03
3.839803393930196762e-03
4.702585574705153704e-04
4.748569917865097523e-04
8.548537269234657288e-03
1.500765513628721237e-02
8.631777763366699219e-02
7.579881930723786354e-04
5.969638936221599579e-03
7.030110573396086693e-04
3.070371225476264954e-03
1.661681802943348885e-03
2.282102964818477631e-02
4.975567571818828583e-04
5.355319008231163025e-04
5.819920916110277176e-03
3.916453104466199875e-03
1.534365699626505375e-03
1.284000929445028305e-02
6.047172844409942627e-02
8.080529980361461639e-03
3.503366897348314524e-04
8.597836713306605816e-04
6.456101546064019203e-04
8.410839438438415527e-01
2.069695666432380676e-02
9.671004116535186768e-02
1.264530350454151630e-03
5.905375350266695023e-03
9.997988343238830566e-01
1.563779660500586033e-03
8.435698109678924084e-04
9.993479847908020020e-01
2.669556997716426849e-04
1.791681051254272461e-01
2.792728133499622345e-03
1.961981644853949547e-03
1.754301600158214569e-02
9.398500323295593262e-01
2.964724972844123840e-02
8.861863985657691956e-03
2.234560204669833183e-03
4.959459304809570312e-01
1.886722282506525517e-03
2.026623487472534180e-01
5.595806986093521118e-02
4.229730740189552307e-02
2.475939542055130005e-01
4.524587094783782959e-01
3.789491252973675728e-03
9.965375661849975586e-01
9.587100357748568058e-04
4.885274684056639671e-04
4.714651033282279968e-03
2.095782198011875153e-02
9.210451245307922363e-01
1.439623907208442688e-02
4.100600723177194595e-03
7.047399994917213917e-04
7.458256557583808899e-03
1.207464840263128281e-02
9.911929965019226074e-01
3.676450252532958984e-02
7.783551700413227081e-04
9.516554884612560272e-03
3.159178420901298523e-03
4.403425380587577820e-02
4.108352295588701963e-04
5.792099237442016602e-01
2.404808625578880310e-02
1.298792511224746704e-01
6.232635583728551865e-03
8.400103077292442322e-03
1.000065123662352562e-03
1.285158284008502960e-02
3.704908117651939392e-02
9.871411323547363281e-01
1.587790437042713165e-03
3.965018782764673233e-03
2.243524068035185337e-04
8.331564604304730892e-04
7.677106186747550964e-03
5.195050034672021866e-03
2.239251276478171349e-03
4.664003476500511169e-02
1.811568508855998516e-03
1.870409399271011353e-02
9.841547012329101562e-01
2.292844504117965698e-01
3.614780027419328690e-03
8.470389293506741524e-04
9.344410151243209839e-02
6.773091154173016548e-04
6.942516192793846130e-03
1.535809971392154694e-02
2.625718247145414352e-03
2.811103360727429390e-03
1.927573903230950236e-04
3.867911640554666519e-03
3.112882971763610840e-01
6.619267165660858154e-03
6.605567783117294312e-02
1.351440674625337124e-03
9.984157085418701172e-01
1.778014004230499268e-02
1.274910662323236465e-02
3.153501311317086220e-03
1.915181637741625309e-03
5.621503591537475586e-01
4.605933092534542084e-03
7.510403636842966080e-03
3.524461644701659679e-04
2.122778259217739105e-02
2.827816829085350037e-02
1.382863847538828850e-04
3.797760931774973869e-03
2.491527004167437553e-03
8.747398257255554199e-01
2.157594859600067139e-01
4.744327068328857422e-01
7.406388223171234131e-02
9.828604459762573242e-01
8.280672482214868069e-04
5.020169774070382118e-04
1.090674544684588909e-03
9.070294909179210663e-03
4.496520385146141052e-03
8.412019163370132446e-02
1.743406057357788086e-02
1.741530150175094604e-01
9.776565432548522949e-01
6.186792161315679550e-04
2.763064578175544739e-03
9.999163150787353516e-01
3.994848113507032394e-03
3.857397288084030151e-02
2.552113728597760201e-03
6.071349605917930603e-03
6.382353603839874268e-04
4.010931029915809631e-02
3.033282235264778137e-03
3.880792558193206787e-01
5.300478935241699219e-01
9.595611691474914551e-02
1.282001030631363392e-04
2.671359106898307800e-03
1.492416602559387684e-03
6.489428691565990448e-03
9.263538122177124023e-01
8.803884848020970821e-04
7.600004673004150391e-01
6.304982234723865986e-04
7.327927350997924805e-01
6.496337242424488068e-03
2.096294920193031430e-04
2.796023711562156677e-02
2.389113791286945343e-02
1.116628721356391907e-01
6.850978243164718151e-04
5.755909951403737068e-04
1.009652167558670044e-01
2.549026394262909889e-03
1.062086783349514008e-02
6.632863543927669525e-03
3.742228029295802116e-03
2.666998468339443207e-02
4.190698382444679737e-04
2.171107567846775055e-03
3.217369783669710159e-03
9.991858601570129395e-01
1.903625391423702240e-02
9.905943274497985840e-02
1.677774358540773392e-03
1.064709620550274849e-03
9.600167274475097656e-01
4.260964319109916687e-02
2.742653014138340950e-04
2.285555703565478325e-03
8.185280561447143555e-01
3.448752686381340027e-03
1.971833640709519386e-03
1.531352195888757706e-02
1.513839699327945709e-03
1.662571728229522705e-02
4.865175113081932068e-03
1.028314139693975449e-02
2.871449338272213936e-03
1.591840572655200958e-02
2.738951444625854492e-01
2.888357266783714294e-03
5.821717157959938049e-02
9.175455779768526554e-04
9.977551549673080444e-02
2.875556005164980888e-03
2.050275169312953949e-02
2.933476865291595459e-02
4.372490104287862778e-03
1.285434002056717873e-03
2.564752358011901379e-04
5.128971114754676819e-02
2.244955860078334808e-02
7.734142541885375977e-01
1.419726875610649586e-03
2.107365243136882782e-02
4.461369011551141739e-03
6.308126728981733322e-03
6.988035165704786777e-04
2.513961400836706161e-03
8.248469792306423187e-03
1.308135339058935642e-03
2.795001864433288574e-01
2.171506785089150071e-04
9.259382495656609535e-04
1.962436288595199585e-01
5.005685985088348389e-02
3.588176914490759373e-04
1.427383348345756531e-02
8.903945088386535645e-01
3.533516312018036842e-03
1.616469025611877441e-02
1.397631596773862839e-02
2.496262313798069954e-03
6.045137415640056133e-04
1.757615362294018269e-03
2.981258090585470200e-03
1.812700182199478149e-03
8.637576247565448284e-04
7.551350165158510208e-03
1.191741903312504292e-03
1.195989898405969143e-03
2.873053550720214844e-01
1.866820384748280048e-03
3.536173899192363024e-04
4.391631518956273794e-04
2.566569298505783081e-02
7.715688645839691162e-02
4.297861363738775253e-03
3.568561223801225424e-04
9.859086945652961731e-03
1.805731910280883312e-03
1.832929847296327353e-04
8.984737098217010498e-03
5.622305721044540405e-02
1.739194500260055065e-03
4.087770823389291763e-03
2.243450609967112541e-03
9.012200171127915382e-04
3.530426695942878723e-02
1.418048981577157974e-02
1.058807820081710815e-01
7.084089517593383789e-02
2.125169383361935616e-03
5.891331471502780914e-03
5.216029821895062923e-04
4.494074732065200806e-03
6.819724291563034058e-02
5.564419552683830261e-04
1.962631708011031151e-03
2.814576728269457817e-03
1.509356079623103142e-03
4.358272999525070190e-03
1.392718963325023651e-02
6.089107482694089413e-04
8.589065633714199066e-03
1.386814517900347710e-03
1.638685017824172974e-01
4.458287358283996582e-01
5.208405256271362305e-01
6.852702354080975056e-04
3.387727588415145874e-02
1.265662373043596745e-03
2.338702324777841568e-03
3.528037108480930328e-03
1.527949888259172440e-02
2.103736158460378647e-03
3.249102234840393066e-01
7.094066590070724487e-03
1.219397759996354580e-03
9.001313149929046631e-02
9.309741854667663574e-01
2.349339425563812256e-03
2.135326853021979332e-03
1.962854992598295212e-03
4.007488489151000977e-02
4.687596578150987625e-03
4.577898979187011719e-02
9.058417635969817638e-04
7.194225909188389778e-04
1.644910871982574463e-01
9.631164371967315674e-03
5.966679309494793415e-04
1.490901783108711243e-02
3.663143217563629150e-01
2.419774187728762627e-03
4.788061138242483139e-03
4.826381336897611618e-03
5.391388549469411373e-04
2.582174725830554962e-02
1.142706372775137424e-03
6.160636432468891144e-03
7.908429205417633057e-02
2.167545491829514503e-03
6.823630537837743759e-04
2.982199005782604218e-02
1.169055234640836716e-03
9.135063737630844116e-03
3.930411040782928467e-01
4.094125237315893173e-03
2.907908521592617035e-03
2.352025359869003296e-03
6.589771364815533161e-04
8.421744406223297119e-02
9.829002022743225098e-01
3.435846650972962379e-03
1.859880983829498291e-02
4.309009294956922531e-03
9.753505000844597816e-04
4.519056528806686401e-03
4.066587716806679964e-04
2.262273617088794708e-02
1.026838272809982300e-01
5.431753396987915039e-02
6.961417943239212036e-02
4.817992448806762695e-03
2.728264629840850830e-01
6.185501813888549805e-03
2.561454428359866142e-03
2.064637839794158936e-02
9.966083765029907227e-01
6.492577493190765381e-03
6.707786321640014648e-01
4.632324911653995514e-03
5.490783974528312683e-02
2.580501884222030640e-02
9.481031298637390137e-01
4.660827815532684326e-01
4.337028076406568289e-04
1.392016652971506119e-03
9.993447661399841309e-01
7.038876065053045750e-04
2.864952199161052704e-03
1.427674287697300315e-04
5.693983752280473709e-03
5.639598821289837360e-04
4.228908801451325417e-04
2.442959249019622803e-01
4.535141342785209417e-04
7.639255840331315994e-03
2.500947099179029465e-03
1.048927311785519123e-03
7.068069535307586193e-04
3.004195168614387512e-04
2.278125029988586903e-04
1.242239843122661114e-03
1.208051922731101513e-03
2.080607227981090546e-03
4.775495835929177701e-05
5.837690550833940506e-04
1.222872058860957623e-03
6.053203105693683028e-05
1.112833321094512939e-01
9.432912617921829224e-02
2.451607771217823029e-02
8.083878159523010254e-01
4.719072894658893347e-04
3.616088361013680696e-04
7.015923503786325455e-03
1.806509972084313631e-04
1.580411382019519806e-02
1.632460765540599823e-02
1.913679577410221100e-02
1.394572760909795761e-02
6.421923637390136719e-03
1.992764649912714958e-03
4.110058303922414780e-03
1.786144822835922241e-02
5.340121570043265820e-04
2.978874545078724623e-04
1.568794483318924904e-03
7.610645145177841187e-02
4.170299973338842392e-03
1.051769126206636429e-02
2.877983206417411566e-04
1.023239176720380783e-02
1.461754291085526347e-04
1.094432431273162365e-03
1.451961882412433624e-02
2.733536995947360992e-03
2.127990685403347015e-02
5.178165156394243240e-03
1.826276769861578941e-03
9.155799746513366699e-01
4.880139231681823730e-02
1.809148932807147503e-03
3.025992773473262787e-04
5.482516437768936157e-02
1.723595410585403442e-01
9.479584097862243652e-01
3.821607213467359543e-03
4.485049867071211338e-04
2.004986454267054796e-04
1.252951938658952713e-02
1.968275522813200951e-03
3.756312886252999306e-03
1.280772592872381210e-02
5.157007835805416107e-04
1.211290340870618820e-02
1.298235583817586303e-04
9.438753128051757812e-01
5.759259462356567383e-01
1.653476036153733730e-03
7.884191870689392090e-01
2.910869568586349487e-02
1.215517055243253708e-03
9.036669135093688965e-01
7.608257234096527100e-02
3.966780495829880238e-04
2.264010719954967499e-03
4.561230598483234644e-04
1.398391905240714550e-03
8.230958133935928345e-03
8.550881408154964447e-03
8.605348411947488785e-04
4.938170313835144043e-03
1.580252200365066528e-01
1.506433240137994289e-03
3.041530435439199209e-04
5.706302472390234470e-04
2.782778115943074226e-03
7.712936401367187500e-01
1.887880149297416210e-03
3.939903900027275085e-02
5.858558043837547302e-02
7.079709321260452271e-03
2.455960400402545929e-02
6.968855392187833786e-03
2.970304340124130249e-02
3.069532811641693115e-01
9.899502992630004883e-01
4.447260405868291855e-03
2.047478919848799706e-03
4.504223819822072983e-03
6.033004610799252987e-04
4.323363769799470901e-03
4.502917290665209293e-04
4.046506807208061218e-02
7.429624907672405243e-03
9.938819408416748047e-01
3.833076916635036469e-04
1.541942209005355835e-01
1.328550372272729874e-02
2.339865565299987793e-01
3.671498969197273254e-02
6.253906525671482086e-03
6.316812243312597275e-03
7.496510515920817852e-04
4.712271329481154680e-04
2.409085072576999664e-02
5.994207784533500671e-02
1.045776763930916786e-03
5.237564910203218460e-04
1.062157843261957169e-02
7.050353102385997772e-03
3.255795163568109274e-04
1.697997096925973892e-03
2.015496976673603058e-02
9.915629625320434570e-01
5.966139142401516438e-04
5.587288737297058105e-01
3.060980001464486122e-03
1.345583877991884947e-04
6.924455054104328156e-03
1.410809438675642014e-02
1.526345731690526009e-03
2.239088267087936401e-01
7.629999890923500061e-03
6.917880382388830185e-04
7.440575398504734039e-03
6.282565649598836899e-03
1.114905928261578083e-03
8.523117899894714355e-01
2.137154787778854370e-01
1.999755389988422394e-02
9.848267072811722755e-04
2.185086458921432495e-01
5.570255219936370850e-03
9.557300363667309284e-04
9.007725119590759277e-01
1.997605577344074845e-04
7.831913535483181477e-04
9.985450655221939087e-03
9.852806925773620605e-01
2.256141975522041321e-03
1.979648694396018982e-02
9.129529446363449097e-02
9.931933283805847168e-01
2.956404164433479309e-02
9.935564594343304634e-04
1.135705853812396526e-03
5.940116941928863525e-03
1.106357784010469913e-03
5.304211750626564026e-03
1.173768863081932068e-01
4.853566060774028301e-04
1.527803987264633179e-01
8.008405566215515137e-03
3.979810047894716263e-03
8.813793063163757324e-01
8.393777012825012207e-01
2.195202978327870369e-03
2.120668301358819008e-03
1.404119841754436493e-02
2.268266165629029274e-03
7.155586499720811844e-03
2.792947227135300636e-03
1.250534132122993469e-02
4.246536642313003540e-02
3.922035451978445053e-03
2.459526876918971539e-04
1.276939758099615574e-03
6.144280359148979187e-02
4.327105358242988586e-02
5.649082362651824951e-03
9.321823716163635254e-02
2.811169326305389404e-01
3.017295675817877054e-04
4.073422867804765701e-03
7.437535678036510944e-04
2.351295552216470242e-04
2.383173268754035234e-04
1.561749959364533424e-03
5.645737983286380768e-04
6.934275850653648376e-03
2.207812154665589333e-03
1.482450366020202637e-01
4.037768580019474030e-03
3.511056303977966309e-03
5.883957259356975555e-03
1.361753605306148529e-02
9.786688024178147316e-04
8.701976388692855835e-03
1.099205925129354000e-03
4.002436622977256775e-02
1.357156224548816681e-02
9.964419007301330566e-01
1.070451270788908005e-02
3.347624242305755615e-01
7.936621550470590591e-04
7.972136139869689941e-03
2.720125019550323486e-02
1.474567949771881104e-01
7.936383481137454510e-04
2.182000316679477692e-04
2.823622711002826691e-02
2.569073736667633057e-01
2.415971539448946714e-04
5.858301743865013123e-02
9.132568724453449249e-03
5.483425338752567768e-04
7.167303003370761871e-03
1.448315531015396118e-01
2.023072680458426476e-03
9.784125722944736481e-03
3.079634392634034157e-03
4.903424158692359924e-02
2.164336889982223511e-01
6.593015510588884354e-03
3.106826730072498322e-02
3.548087552189826965e-03
2.561730705201625824e-02
9.226039052009582520e-02
6.366993766278028488e-03
3.203779458999633789e-01
8.239382295869290829e-04
2.484694309532642365e-02
9.377871174365282059e-04
2.698775231838226318e-01
2.183585893362760544e-03
4.191807284951210022e-02
7.964063435792922974e-03
1.729088486172258854e-03
1.530775800347328186e-03
8.514110231772065163e-04
1.862995140254497528e-02
2.977084135636687279e-03
9.160187095403671265e-03
2.617597021162509918e-02
3.948400728404521942e-03
2.644287422299385071e-03
7.466694805771112442e-03
9.613720774650573730e-01
4.276526719331741333e-02
6.812740564346313477e-01
6.237743888050317764e-03
3.326149880886077881e-01
1.090980134904384613e-02
4.851327091455459595e-02
6.183919310569763184e-01
9.684543013572692871e-01
8.843859657645225525e-03
1.528311520814895630e-02
2.393641974776983261e-03
2.060608705505728722e-03
2.849008655175566673e-03
2.501242561265826225e-04
1.036188914440572262e-03
1.906767138279974461e-03
1.252301782369613647e-01
1.653672807151451707e-04
4.858879547100514174e-04
2.205256074666976929e-01
8.028816082514822483e-04
9.653011336922645569e-03
5.656648427248001099e-03
8.924768771976232529e-04
3.147200345993041992e-01
1.978161977604031563e-03
6.394757074303925037e-04
2.955884207040071487e-03
9.856976270675659180e-01
1.410322845913469791e-03
5.440526641905307770e-03
3.816603682935237885e-03
5.233094561845064163e-03
9.996641874313354492e-01
7.299685967154800892e-04
5.879757227376103401e-04
1.745304651558399200e-02
6.747947190888226032e-04
8.017350435256958008e-01
8.104279041290283203e-01
1.016532070934772491e-03
7.989885807037353516e-01
7.044975459575653076e-02
5.956508964300155640e-02
1.634602667763829231e-03
7.134548574686050415e-02
9.269651770591735840e-02
2.176580950617790222e-02
3.227134943008422852e-01
6.517140865325927734e-01
8.472713525407016277e-04
9.894835352897644043e-01
2.391013316810131073e-03
9.068146347999572754e-02
1.017397362738847733e-02
2.875766949728131294e-03
2.584331668913364410e-02
3.962529823184013367e-03
2.768194116652011871e-02
1.072830334305763245e-02
1.038642483763396740e-03
1.195145249366760254e-01
2.229799050837755203e-03
5.389690049923956394e-04
1.861290074884891510e-04
9.983506202697753906e-01
1.007988024502992630e-02
4.968598950654268265e-03
1.421742606908082962e-02
4.144523292779922485e-03
8.652192773297429085e-04
7.310758228413760662e-04
6.784238852560520172e-03
1.641146140173077583e-03
8.895735144615173340e-01
4.899150226265192032e-04
1.695155864581465721e-03
8.735101670026779175e-03
2.547304332256317139e-01
3.639849601313471794e-03
