1.169433307647705078e+01
1.195635986328125000e+01
1.129357433319091797e+01
1.131370067596435547e+01
1.142154502868652344e+01
1.154196643829345703e+01
1.165183830261230469e+01
1.053691005706787109e+01
1.134420871734619141e+01
1.168063735961914062e+01
1.185095500946044922e+01
1.154553604125976562e+01
1.148198890686035156e+01
1.124015617370605469e+01
1.144500732421875000e+01
1.139104366302490234e+01
1.243086528778076172e+01
1.133308124542236328e+01
1.275166511535644531e+01
1.146399879455566406e+01
1.158838748931884766e+01
1.166763973236083984e+01
1.190897560119628906e+01
1.173598480224609375e+01
1.221282577514648438e+01
1.194798946380615234e+01
1.175881290435791016e+01
1.283704471588134766e+01
1.029686737060546875e+01
1.147860336303710938e+01
1.179220390319824219e+01
1.155544281005859375e+01
1.226573467254638672e+01
1.162284660339355469e+01
1.176496601104736328e+01
1.155681037902832031e+01
1.188009452819824219e+01
1.131479930877685547e+01
1.144303989410400391e+01
1.155412673950195312e+01
1.201928710937500000e+01
1.119905757904052734e+01
1.121174335479736328e+01
1.175919342041015625e+01
1.216299057006835938e+01
1.137166213989257812e+01
1.144129276275634766e+01
1.069389343261718750e+01
1.173896789550781250e+01
1.146422958374023438e+01
1.166325283050537109e+01
1.091984939575195312e+01
1.181819057464599609e+01
1.175707244873046875e+01
1.140252113342285156e+01
1.157748699188232422e+01
1.169820785522460938e+01
1.154842853546142578e+01
1.162383174896240234e+01
1.159954929351806641e+01
1.141220855712890625e+01
1.232776546478271484e+01
1.216464042663574219e+01
1.129076099395751953e+01
1.156741046905517578e+01
1.136007690429687500e+01
1.125368404388427734e+01
1.301542377471923828e+01
1.234510135650634766e+01
1.161638641357421875e+01
1.156476306915283203e+01
1.144792938232421875e+01
1.126681041717529297e+01
1.167085456848144531e+01
1.140946292877197266e+01
1.132517910003662109e+01
1.177663230895996094e+01
1.064701938629150391e+01
1.138736820220947266e+01
1.095662307739257812e+01
1.131923675537109375e+01
1.206532955169677734e+01
1.117988681793212891e+01
1.167960166931152344e+01
1.166495418548583984e+01
1.152135276794433594e+01
1.186687564849853516e+01
1.195933246612548828e+01
1.162673377990722656e+01
1.121004390716552734e+01
1.155444622039794922e+01
1.290593242645263672e+01
1.155273532867431641e+01
1.090418052673339844e+01
1.171688270568847656e+01
1.121957778930664062e+01
1.133770084381103516e+01
1.300423812866210938e+01
1.204888153076171875e+01
1.175028896331787109e+01
1.147850036621093750e+01
1.141959667205810547e+01
1.135311985015869141e+01
1.126059627532958984e+01
1.136002445220947266e+01
1.188789367675781250e+01
1.125327396392822266e+01
1.179381275177001953e+01
1.110444641113281250e+01
1.125936126708984375e+01
1.175216865539550781e+01
1.163968849182128906e+01
1.322583007812500000e+01
1.145131778717041016e+01
1.149143123626708984e+01
1.169543933868408203e+01
1.128250694274902344e+01
1.146184253692626953e+01
1.152668762207031250e+01
1.143043994903564453e+01
1.222306251525878906e+01
1.200459957122802734e+01
1.134525775909423828e+01
1.166183376312255859e+01
1.179543018341064453e+01
1.146545982360839844e+01
1.034895610809326172e+01
1.230725669860839844e+01
1.052627086639404297e+01
1.104008674621582031e+01
1.090955066680908203e+01
1.158762836456298828e+01
1.100552463531494141e+01
1.101996707916259766e+01
1.124486637115478516e+01
1.131622695922851562e+01
1.167428779602050781e+01
1.178529453277587891e+01
1.146726989746093750e+01
1.150063610076904297e+01
1.157274627685546875e+01
1.163267230987548828e+01
1.183106517791748047e+01
1.157666683197021484e+01
1.115112400054931641e+01
1.172687625885009766e+01
1.116304779052734375e+01
1.050764751434326172e+01
1.174152374267578125e+01
1.164384651184082031e+01
1.218999481201171875e+01
1.130502891540527344e+01
1.204319572448730469e+01
1.160569095611572266e+01
1.111000061035156250e+01
1.106443119049072266e+01
1.131120872497558594e+01
1.152590179443359375e+01
1.186872768402099609e+01
1.162262058258056641e+01
1.071801567077636719e+01
1.203859233856201172e+01
1.172918605804443359e+01
1.111279964447021484e+01
1.203410053253173828e+01
1.135595607757568359e+01
1.120792961120605469e+01
1.146999549865722656e+01
1.197385406494140625e+01
1.161481666564941406e+01
1.158539485931396484e+01
1.105928707122802734e+01
1.112670898437500000e+01
1.053597831726074219e+01
1.232937431335449219e+01
1.139123153686523438e+01
1.219406986236572266e+01
1.155836772918701172e+01
1.172344493865966797e+01
1.184379291534423828e+01
1.167297935485839844e+01
1.163306427001953125e+01
1.149046707153320312e+01
1.169190692901611328e+01
1.186355400085449219e+01
1.158707714080810547e+01
1.179156017303466797e+01
1.350266075134277344e+01
1.108032798767089844e+01
1.148513698577880859e+01
1.155668735504150391e+01
1.153252506256103516e+01
1.163498687744140625e+01
1.121798324584960938e+01
1.107701969146728516e+01
1.171476459503173828e+01
1.164066505432128906e+01
1.185949420928955078e+01
1.161804866790771484e+01
1.093133354187011719e+01
1.221379470825195312e+01
1.186221408843994141e+01
1.140973758697509766e+01
1.117732429504394531e+01
1.163414001464843750e+01
1.132124137878417969e+01
1.098388862609863281e+01
1.149824810028076172e+01
1.201648330688476562e+01
1.187886810302734375e+01
1.165065479278564453e+01
1.165844345092773438e+01
1.129729652404785156e+01
1.127390956878662109e+01
1.118198680877685547e+01
1.150893211364746094e+01
1.102222061157226562e+01
1.153111362457275391e+01
1.145134258270263672e+01
1.172081089019775391e+01
1.197936248779296875e+01
1.174330139160156250e+01
1.178856086730957031e+01
1.114937496185302734e+01
1.278901863098144531e+01
1.266029739379882812e+01
1.159289169311523438e+01
1.189154815673828125e+01
1.153466033935546875e+01
1.213626956939697266e+01
1.156341266632080078e+01
1.152693271636962891e+01
1.169567203521728516e+01
1.151568508148193359e+01
1.125926780700683594e+01
1.111262989044189453e+01
1.135950660705566406e+01
1.172734832763671875e+01
1.166712951660156250e+01
1.148091697692871094e+01
1.127623939514160156e+01
1.173459148406982422e+01
1.108010673522949219e+01
1.151587772369384766e+01
1.192238807678222656e+01
1.202703952789306641e+01
1.083672332763671875e+01
1.059831047058105469e+01
1.180526924133300781e+01
1.170865726470947266e+01
1.156710052490234375e+01
1.194539165496826172e+01
1.173027229309082031e+01
1.130864620208740234e+01
1.143392658233642578e+01
1.163850212097167969e+01
1.181911373138427734e+01
1.109098148345947266e+01
1.197929096221923828e+01
1.212048339843750000e+01
1.152266883850097656e+01
1.143969058990478516e+01
1.166852951049804688e+01
1.162298870086669922e+01
1.237948799133300781e+01
1.248036384582519531e+01
1.244923591613769531e+01
1.079339313507080078e+01
1.126480865478515625e+01
1.123715591430664062e+01
1.176104736328125000e+01
1.153288078308105469e+01
1.161950492858886719e+01
1.101287746429443359e+01
1.138452148437500000e+01
1.125450515747070312e+01
1.131876850128173828e+01
1.129933261871337891e+01
1.155762386322021484e+01
1.124359798431396484e+01
1.207160472869873047e+01
1.171875381469726562e+01
1.202071762084960938e+01
1.186178016662597656e+01
1.151059627532958984e+01
1.125498390197753906e+01
1.149355125427246094e+01
1.186617088317871094e+01
1.135094356536865234e+01
1.108285903930664062e+01
1.121154212951660156e+01
1.147456169128417969e+01
1.219514083862304688e+01
1.027017116546630859e+01
1.109757900238037109e+01
1.202996826171875000e+01
1.153190231323242188e+01
1.221107578277587891e+01
1.170763587951660156e+01
1.148891639709472656e+01
1.136658954620361328e+01
1.122693729400634766e+01
1.143063449859619141e+01
1.131179332733154297e+01
1.191517734527587891e+01
1.187294960021972656e+01
1.139420795440673828e+01
1.147198009490966797e+01
1.182769775390625000e+01
1.121163845062255859e+01
1.106223106384277344e+01
1.151541900634765625e+01
1.103583431243896484e+01
1.158366012573242188e+01
1.179564476013183594e+01
1.230782604217529297e+01
1.130733871459960938e+01
1.158543682098388672e+01
1.123349380493164062e+01
1.216198444366455078e+01
1.142461299896240234e+01
1.135047912597656250e+01
1.153408527374267578e+01
1.202841472625732422e+01
1.164049053192138672e+01
1.106875133514404297e+01
1.157652187347412109e+01
1.144803142547607422e+01
1.132047462463378906e+01
1.126239681243896484e+01
1.191378307342529297e+01
1.144010639190673828e+01
1.180032444000244141e+01
1.192181777954101562e+01
1.164846801757812500e+01
1.194831943511962891e+01
1.119029617309570312e+01
1.125314617156982422e+01
1.146129035949707031e+01
1.194275283813476562e+01
1.266028976440429688e+01
1.165600585937500000e+01
1.098391532897949219e+01
1.160690307617187500e+01
1.173254299163818359e+01
1.049800682067871094e+01
1.176501274108886719e+01
1.198538303375244141e+01
1.122278308868408203e+01
1.104944229125976562e+01
1.182178306579589844e+01
1.213689041137695312e+01
1.119451522827148438e+01
1.307112503051757812e+01
1.134596824645996094e+01
1.213055706024169922e+01
1.178542709350585938e+01
1.145021152496337891e+01
1.258990955352783203e+01
1.122304153442382812e+01
1.195160675048828125e+01
1.219915008544921875e+01
1.177031612396240234e+01
1.033981609344482422e+01
1.103975486755371094e+01
1.400801372528076172e+01
1.180983734130859375e+01
1.141498088836669922e+01
1.182130050659179688e+01
1.146547794342041016e+01
1.172774791717529297e+01
1.153486537933349609e+01
1.133344936370849609e+01
1.275390338897705078e+01
1.143484973907470703e+01
1.178802013397216797e+01
1.146841144561767578e+01
1.165099334716796875e+01
1.148710441589355469e+01
1.132923412322998047e+01
1.235816001892089844e+01
1.139220905303955078e+01
1.190497779846191406e+01
1.152367782592773438e+01
1.147641468048095703e+01
1.158199405670166016e+01
1.172972393035888672e+01
1.146466159820556641e+01
1.155284214019775391e+01
1.159784317016601562e+01
1.278208827972412109e+01
1.167070770263671875e+01
1.159075355529785156e+01
1.112542438507080078e+01
1.155399799346923828e+01
1.216279315948486328e+01
1.074879741668701172e+01
1.151076412200927734e+01
1.128712272644042969e+01
1.121264553070068359e+01
1.144887924194335938e+01
1.134278774261474609e+01
1.155725860595703125e+01
1.231586837768554688e+01
1.163464260101318359e+01
1.130303478240966797e+01
1.115006637573242188e+01
1.048558521270751953e+01
1.244717597961425781e+01
1.174020957946777344e+01
1.202993679046630859e+01
1.094991970062255859e+01
1.152321910858154297e+01
1.132853889465332031e+01
1.151048374176025391e+01
1.098679733276367188e+01
1.117722892761230469e+01
1.130367946624755859e+01
1.140146923065185547e+01
1.106388473510742188e+01
1.167067623138427734e+01
1.195901203155517578e+01
1.123944568634033203e+01
1.145487117767333984e+01
1.165861034393310547e+01
1.117661857604980469e+01
1.170418643951416016e+01
1.151770019531250000e+01
1.157919692993164062e+01
1.097075080871582031e+01
1.144866275787353516e+01
1.148727607727050781e+01
1.137151527404785156e+01
1.117268371582031250e+01
1.134521102905273438e+01
1.171252918243408203e+01
1.121305370330810547e+01
1.176398181915283203e+01
1.153358459472656250e+01
1.152027702331542969e+01
1.109333610534667969e+01
1.138564109802246094e+01
1.148626422882080078e+01
1.138802814483642578e+01
1.152219867706298828e+01
1.186625003814697266e+01
1.176330566406250000e+01
1.160849666595458984e+01
1.158180236816406250e+01
1.189445495605468750e+01
1.184696960449218750e+01
1.191067123413085938e+01
1.149256896972656250e+01
1.127593421936035156e+01
1.162473487854003906e+01
1.121654224395751953e+01
1.145530509948730469e+01
1.155888175964355469e+01
1.168316841125488281e+01
1.124933433532714844e+01
1.148294448852539062e+01
1.108037281036376953e+01
1.134512901306152344e+01
1.195094776153564453e+01
1.144256877899169922e+01
1.143664646148681641e+01
1.099327373504638672e+01
1.166406154632568359e+01
1.338806056976318359e+01
1.131211757659912109e+01
1.122645092010498047e+01
1.220888519287109375e+01
1.146441745758056641e+01
1.135263919830322266e+01
1.125377368927001953e+01
1.164788436889648438e+01
1.233425521850585938e+01
1.156809425354003906e+01
1.133215808868408203e+01
1.164681148529052734e+01
1.195795154571533203e+01
1.151033401489257812e+01
1.131316852569580078e+01
1.147522258758544922e+01
1.159870243072509766e+01
1.171624279022216797e+01
1.193229770660400391e+01
1.213045597076416016e+01
1.162022209167480469e+01
1.143429851531982422e+01
1.213584709167480469e+01
1.144684505462646484e+01
1.133945178985595703e+01
1.211250400543212891e+01
1.145815944671630859e+01
1.170310878753662109e+01
1.157420349121093750e+01
1.162271308898925781e+01
1.102820777893066406e+01
1.134073543548583984e+01
1.242354583740234375e+01
1.058163547515869141e+01
1.192031097412109375e+01
1.127768039703369141e+01
1.168454360961914062e+01
1.186734008789062500e+01
1.123670482635498047e+01
1.137247753143310547e+01
1.330609607696533203e+01
1.103236865997314453e+01
1.141031074523925781e+01
1.132306766510009766e+01
1.143143367767333984e+01
1.133281135559082031e+01
1.152233028411865234e+01
1.141967201232910156e+01
1.143475627899169922e+01
1.252066802978515625e+01
1.139428234100341797e+01
1.178066062927246094e+01
1.165849876403808594e+01
1.126897239685058594e+01
1.133943843841552734e+01
1.181411457061767578e+01
1.140340709686279297e+01
1.171542263031005859e+01
1.227526664733886719e+01
1.255985355377197266e+01
1.145296096801757812e+01
1.129040050506591797e+01
1.176234436035156250e+01
1.199740886688232422e+01
1.124048900604248047e+01
1.137768745422363281e+01
1.109577083587646484e+01
1.190151691436767578e+01
1.090755271911621094e+01
1.161570072174072266e+01
1.206759738922119141e+01
1.180008983612060547e+01
1.120096492767333984e+01
1.113863086700439453e+01
1.135209655761718750e+01
1.172028350830078125e+01
1.158182716369628906e+01
1.141787433624267578e+01
1.139599418640136719e+01
1.137950229644775391e+01
1.109141731262207031e+01
1.094109535217285156e+01
1.197944450378417969e+01
1.213867473602294922e+01
1.214292526245117188e+01
1.152237701416015625e+01
1.163971042633056641e+01
1.074856376647949219e+01
1.113568687438964844e+01
1.185200119018554688e+01
1.157037544250488281e+01
1.099150657653808594e+01
1.153092765808105469e+01
1.109598255157470703e+01
1.126702880859375000e+01
1.143679904937744141e+01
1.167120170593261719e+01
1.107833766937255859e+01
1.174489498138427734e+01
1.122125339508056641e+01
1.136591053009033203e+01
1.107895469665527344e+01
1.108453369140625000e+01
1.135133934020996094e+01
1.187779045104980469e+01
1.287904262542724609e+01
1.126750850677490234e+01
1.162813472747802734e+01
1.186124324798583984e+01
1.136612415313720703e+01
1.159299182891845703e+01
1.130905532836914062e+01
1.173494052886962891e+01
1.088391017913818359e+01
1.136204051971435547e+01
1.044492816925048828e+01
1.154912662506103516e+01
1.158915328979492188e+01
1.195841503143310547e+01
1.158933162689208984e+01
1.133141040802001953e+01
1.145244503021240234e+01
1.134151363372802734e+01
1.089369297027587891e+01
1.104412460327148438e+01
1.169157886505126953e+01
1.196016216278076172e+01
1.102120018005371094e+01
1.187983703613281250e+01
1.169821834564208984e+01
1.263970851898193359e+01
1.127829360961914062e+01
1.117837524414062500e+01
1.185239601135253906e+01
1.128235244750976562e+01
1.114309501647949219e+01
1.174347686767578125e+01
1.347500133514404297e+01
1.142763900756835938e+01
1.136666107177734375e+01
1.154375553131103516e+01
1.149986553192138672e+01
1.160932731628417969e+01
1.150683307647705078e+01
1.170435905456542969e+01
1.083992481231689453e+01
1.105068302154541016e+01
1.149465751647949219e+01
1.110052299499511719e+01
1.148286819458007812e+01
1.169135475158691406e+01
1.133802413940429688e+01
1.134510993957519531e+01
1.143405914306640625e+01
1.169519996643066406e+01
1.289822483062744141e+01
1.215360641479492188e+01
1.125545406341552734e+01
1.101613044738769531e+01
1.178420448303222656e+01
1.185872268676757812e+01
1.174390029907226562e+01
1.161589241027832031e+01
1.180078697204589844e+01
1.125646972656250000e+01
1.171259307861328125e+01
1.144569778442382812e+01
1.177866935729980469e+01
1.116114616394042969e+01
1.097921180725097656e+01
1.147209835052490234e+01
1.121222591400146484e+01
1.135491466522216797e+01
1.142978572845458984e+01
1.201976299285888672e+01
1.160223007202148438e+01
1.229280567169189453e+01
1.155951976776123047e+01
1.155797863006591797e+01
1.165219020843505859e+01
1.162032318115234375e+01
1.163043117523193359e+01
1.163590908050537109e+01
1.178057384490966797e+01
1.143169784545898438e+01
1.177114200592041016e+01
1.098036956787109375e+01
1.112669944763183594e+01
1.176628875732421875e+01
1.143475914001464844e+01
1.186063671112060547e+01
1.113836669921875000e+01
1.139724349975585938e+01
1.180824947357177734e+01
1.141390705108642578e+01
1.171329021453857422e+01
1.036471843719482422e+01
1.154093551635742188e+01
1.157245922088623047e+01
1.195295715332031250e+01
1.137920856475830078e+01
1.242087841033935547e+01
1.133213520050048828e+01
1.137657356262207031e+01
1.119358158111572266e+01
1.052905273437500000e+01
1.165966224670410156e+01
1.204447269439697266e+01
1.316049957275390625e+01
1.131944561004638672e+01
1.042843341827392578e+01
1.163340282440185547e+01
1.187806034088134766e+01
1.153391170501708984e+01
1.117177391052246094e+01
1.193109321594238281e+01
1.151449871063232422e+01
1.174407577514648438e+01
1.193356132507324219e+01
1.183672714233398438e+01
1.183410263061523438e+01
1.126706790924072266e+01
1.130406951904296875e+01
1.343620300292968750e+01
1.135456943511962891e+01
1.156189632415771484e+01
1.107407379150390625e+01
1.177459716796875000e+01
1.132160758972167969e+01
1.120897006988525391e+01
1.157537269592285156e+01
1.138460445404052734e+01
1.162689971923828125e+01
1.116571044921875000e+01
1.123021507263183594e+01
1.116616535186767578e+01
1.155181217193603516e+01
1.112239456176757812e+01
1.227029609680175781e+01
1.114872360229492188e+01
1.170035266876220703e+01
1.095493125915527344e+01
1.162409687042236328e+01
1.211172485351562500e+01
1.147280502319335938e+01
1.176572036743164062e+01
1.135231685638427734e+01
1.142825698852539062e+01
1.148312187194824219e+01
1.148542690277099609e+01
1.168896579742431641e+01
1.181320571899414062e+01
1.113683795928955078e+01
1.158776950836181641e+01
1.232498168945312500e+01
1.155554962158203125e+01
1.139953517913818359e+01
1.109464073181152344e+01
1.169790554046630859e+01
1.165619373321533203e+01
1.150212001800537109e+01
1.189645767211914062e+01
1.116050148010253906e+01
1.120779228210449219e+01
1.246856021881103516e+01
1.171532249450683594e+01
1.047592544555664062e+01
1.159398269653320312e+01
1.184617424011230469e+01
1.151846790313720703e+01
1.160009574890136719e+01
1.195117187500000000e+01
1.166299343109130859e+01
1.177899265289306641e+01
1.154412937164306641e+01
1.179210472106933594e+01
1.147595882415771484e+01
1.148353576660156250e+01
1.141995716094970703e+01
1.069202041625976562e+01
1.111320972442626953e+01
1.109651374816894531e+01
1.114610004425048828e+01
1.069904518127441406e+01
1.119737911224365234e+01
1.231012535095214844e+01
1.155899238586425781e+01
1.176577568054199219e+01
1.153696060180664062e+01
1.119732093811035156e+01
1.107312107086181641e+01
1.118013572692871094e+01
1.202964210510253906e+01
1.165003013610839844e+01
1.184145164489746094e+01
1.176146221160888672e+01
1.153084373474121094e+01
1.114461708068847656e+01
1.168720054626464844e+01
1.103693866729736328e+01
1.088380050659179688e+01
1.139056301116943359e+01
1.118512058258056641e+01
1.130790710449218750e+01
1.165712547302246094e+01
1.094228458404541016e+01
1.127975082397460938e+01
1.168650531768798828e+01
1.212987899780273438e+01
1.120984172821044922e+01
1.205853652954101562e+01
1.161151218414306641e+01
1.129626178741455078e+01
1.187708568572998047e+01
1.133198165893554688e+01
1.276040649414062500e+01
1.174318313598632812e+01
1.192498683929443359e+01
1.159238433837890625e+01
1.260485553741455078e+01
1.163048076629638672e+01
1.253625774383544922e+01
1.201748847961425781e+01
1.111979770660400391e+01
1.100684070587158203e+01
1.103787517547607422e+01
1.130334377288818359e+01
1.141349029541015625e+01
1.163183212280273438e+01
1.156453514099121094e+01
1.147427558898925781e+01
1.181280517578125000e+01
1.148832130432128906e+01
1.110745620727539062e+01
1.106833362579345703e+01
1.140103721618652344e+01
1.135499858856201172e+01
1.141716384887695312e+01
1.138727092742919922e+01
1.170470523834228516e+01
1.087451934814453125e+01
1.122634029388427734e+01
1.163463687896728516e+01
1.098125934600830078e+01
1.119031620025634766e+01
1.090884780883789062e+01
1.176939010620117188e+01
1.126552391052246094e+01
1.111883926391601562e+01
1.178418445587158203e+01
1.136047172546386719e+01
1.159272003173828125e+01
1.161547279357910156e+01
1.376391887664794922e+01
1.284105110168457031e+01
1.161239624023437500e+01
1.154055500030517578e+01
1.145881080627441406e+01
1.321956253051757812e+01
1.157628917694091797e+01
1.096925544738769531e+01
1.247511672973632812e+01
1.132260417938232422e+01
1.108956432342529297e+01
1.138566207885742188e+01
1.046705341339111328e+01
1.164603710174560547e+01
1.071638393402099609e+01
1.187110614776611328e+01
1.085920333862304688e+01
1.115897464752197266e+01
1.233860397338867188e+01
1.155451488494873047e+01
1.137261295318603516e+01
1.115818977355957031e+01
1.031775856018066406e+01
1.101578521728515625e+01
1.217029857635498047e+01
1.336002349853515625e+01
1.172091770172119141e+01
1.129962444305419922e+01
1.095443630218505859e+01
1.130486774444580078e+01
1.193255996704101562e+01
1.287884140014648438e+01
1.157401752471923828e+01
1.125503253936767578e+01
1.121276569366455078e+01
1.144896411895751953e+01
1.141781139373779297e+01
1.109292697906494141e+01
1.081663036346435547e+01
1.118735790252685547e+01
1.208735275268554688e+01
1.158375549316406250e+01
1.068760681152343750e+01
1.172215938568115234e+01
1.167500972747802734e+01
1.166404151916503906e+01
1.096773242950439453e+01
1.172721576690673828e+01
1.153582859039306641e+01
1.113873672485351562e+01
1.189823532104492188e+01
1.121477031707763672e+01
1.081318473815917969e+01
1.117829132080078125e+01
1.109750843048095703e+01
1.124961566925048828e+01
1.184212493896484375e+01
1.155318260192871094e+01
1.108434867858886719e+01
1.197633075714111328e+01
1.131090831756591797e+01
1.134536361694335938e+01
1.207600498199462891e+01
1.166874504089355469e+01
1.152181529998779297e+01
1.159895801544189453e+01
1.172277355194091797e+01
1.159094524383544922e+01
1.172796916961669922e+01
1.155630016326904297e+01
1.133865737915039062e+01
1.147596168518066406e+01
1.148181152343750000e+01
1.151021766662597656e+01
1.167483615875244141e+01
1.137384700775146484e+01
1.163257884979248047e+01
1.165814876556396484e+01
1.115767955780029297e+01
1.114579010009765625e+01
1.127119541168212891e+01
1.126283645629882812e+01
1.172097206115722656e+01
1.143921089172363281e+01
1.157158756256103516e+01
1.128010940551757812e+01
1.179848670959472656e+01
1.158815956115722656e+01
1.231926918029785156e+01
1.209123992919921875e+01
1.142990875244140625e+01
1.133989715576171875e+01
1.226303958892822266e+01
1.133584308624267578e+01
1.170548343658447266e+01
1.153840637207031250e+01
1.111828136444091797e+01
1.173837471008300781e+01
1.166698837280273438e+01
1.173002719879150391e+01
1.291876697540283203e+01
1.158800888061523438e+01
1.133272647857666016e+01
1.109116554260253906e+01
1.249520015716552734e+01
1.246435260772705078e+01
1.349833869934082031e+01
1.118488025665283203e+01
1.117837524414062500e+01
1.172644138336181641e+01
1.197802543640136719e+01
1.141088771820068359e+01
1.172169589996337891e+01
1.119663906097412109e+01
1.270433616638183594e+01
1.153172683715820312e+01
1.110264682769775391e+01
1.162951183319091797e+01
1.174066257476806641e+01
1.210401725769042969e+01
1.127330875396728516e+01
1.125898075103759766e+01
1.167428207397460938e+01
1.107942390441894531e+01
1.014749336242675781e+01
1.108565330505371094e+01
1.167145729064941406e+01
1.124999618530273438e+01
1.134200763702392578e+01
1.186233043670654297e+01
1.142580032348632812e+01
1.152543449401855469e+01
1.111244392395019531e+01
1.162816715240478516e+01
1.163467502593994141e+01
1.115996932983398438e+01
1.081725978851318359e+01
1.185982036590576172e+01
1.145203018188476562e+01
1.133690261840820312e+01
1.206686115264892578e+01
1.193981552124023438e+01
1.172720527648925781e+01
1.147675991058349609e+01
1.081055736541748047e+01
1.133942127227783203e+01
1.190937423706054688e+01
1.178179454803466797e+01
1.170105838775634766e+01
1.170458793640136719e+01
1.085575866699218750e+01
1.122950172424316406e+01
1.119215774536132812e+01
1.134790802001953125e+01
1.151101016998291016e+01
1.146517944335937500e+01
1.139794731140136719e+01
1.083827495574951172e+01
1.168309879302978516e+01
1.232086563110351562e+01
1.179169368743896484e+01
1.111090564727783203e+01
1.125461101531982422e+01
1.104426956176757812e+01
1.155414581298828125e+01
1.164080238342285156e+01
1.140826416015625000e+01
1.084584140777587891e+01
1.138888931274414062e+01
1.193927478790283203e+01
1.182310295104980469e+01
1.173507404327392578e+01
1.136239719390869141e+01
1.142130184173583984e+01
1.143927288055419922e+01
1.180271530151367188e+01
1.184342288970947266e+01
1.136262702941894531e+01
1.118715667724609375e+01
1.186996173858642578e+01
1.065189170837402344e+01
1.103063869476318359e+01
1.125755882263183594e+01
1.124465274810791016e+01
1.165369701385498047e+01
1.173139667510986328e+01
1.168404483795166016e+01
9.988134384155273438e+00
1.092514133453369141e+01
1.126348209381103516e+01
1.176727962493896484e+01
1.173274803161621094e+01
1.138719558715820312e+01
1.133666896820068359e+01
1.116328620910644531e+01
1.181344699859619141e+01
1.185053443908691406e+01
1.137979888916015625e+01
1.155858230590820312e+01
1.107575607299804688e+01
1.117152786254882812e+01
1.029396057128906250e+01
1.158992958068847656e+01
1.128769874572753906e+01
1.125666618347167969e+01
1.165683555603027344e+01
1.059261131286621094e+01
1.162113571166992188e+01
1.189218425750732422e+01
1.146445465087890625e+01
1.148573780059814453e+01
1.132153034210205078e+01
1.183642196655273438e+01
1.164422225952148438e+01
1.326353740692138672e+01
1.176677703857421875e+01
1.109601688385009766e+01
1.105777835845947266e+01
1.161855792999267578e+01
1.148599052429199219e+01
1.111016178131103516e+01
1.079244613647460938e+01
1.129378414154052734e+01
1.136979579925537109e+01
1.164435958862304688e+01
1.101945686340332031e+01
1.119211673736572266e+01
1.147613239288330078e+01
1.142377567291259766e+01
1.126843261718750000e+01
1.262433052062988281e+01
1.206378555297851562e+01
1.148800659179687500e+01
1.158614730834960938e+01
1.157913970947265625e+01
1.146067619323730469e+01
1.351782226562500000e+01
1.130981826782226562e+01
1.299451446533203125e+01
1.150668334960937500e+01
1.172059822082519531e+01
1.264185333251953125e+01
1.148062610626220703e+01
1.140844535827636719e+01
1.242635250091552734e+01
1.162652683258056641e+01
1.151701736450195312e+01
1.161798095703125000e+01
1.156286811828613281e+01
1.119693279266357422e+01
1.105560684204101562e+01
1.138322257995605469e+01
1.178822898864746094e+01
1.164566898345947266e+01
1.170338344573974609e+01
1.150022697448730469e+01
1.066392421722412109e+01
1.133570098876953125e+01
1.125301170349121094e+01
1.124448394775390625e+01
1.099805641174316406e+01
1.175949954986572266e+01
1.113752651214599609e+01
1.154493904113769531e+01
1.152785301208496094e+01
1.150810623168945312e+01
1.171519279479980469e+01
1.180665206909179688e+01
1.214317607879638672e+01
1.243706893920898438e+01
1.161489963531494141e+01
1.220974445343017578e+01
1.184874629974365234e+01
1.151657676696777344e+01
1.156943702697753906e+01
1.171032142639160156e+01
1.059814357757568359e+01
1.268039703369140625e+01
1.181196594238281250e+01
1.123752593994140625e+01
1.185566425323486328e+01
1.157092475891113281e+01
1.151215171813964844e+01
1.142454338073730469e+01
1.085844230651855469e+01
1.144629192352294922e+01
1.126982498168945312e+01
1.119395446777343750e+01
1.140394592285156250e+01
1.119020366668701172e+01
1.136773681640625000e+01
1.165632057189941406e+01
1.183548164367675781e+01
1.081673908233642578e+01
1.249520969390869141e+01
1.126861572265625000e+01
1.150812053680419922e+01
1.283961486816406250e+01
1.173570251464843750e+01
1.170671081542968750e+01
1.145648479461669922e+01
1.287935543060302734e+01
1.139978408813476562e+01
1.196424961090087891e+01
1.232613945007324219e+01
1.158389472961425781e+01
1.102383041381835938e+01
1.143423557281494141e+01
1.137950706481933594e+01
1.165923690795898438e+01
1.045002746582031250e+01
1.183299636840820312e+01
1.154968166351318359e+01
1.142452526092529297e+01
1.188002967834472656e+01
1.047968006134033203e+01
1.134524345397949219e+01
1.160485267639160156e+01
1.279403400421142578e+01
1.163710117340087891e+01
1.198389148712158203e+01
1.143388748168945312e+01
1.115361690521240234e+01
1.130681514739990234e+01
1.139109706878662109e+01
1.195055675506591797e+01
1.118668651580810547e+01
1.184258365631103516e+01
1.123315334320068359e+01
1.113541412353515625e+01
1.145152187347412109e+01
1.210191822052001953e+01
1.149731254577636719e+01
1.164331817626953125e+01
1.190618991851806641e+01
1.193998241424560547e+01
1.231863498687744141e+01
1.134803199768066406e+01
1.007659435272216797e+01
1.146844100952148438e+01
1.067803764343261719e+01
1.139189147949218750e+01
1.123388671875000000e+01
1.152377128601074219e+01
1.151538276672363281e+01
1.177346038818359375e+01
1.271547889709472656e+01
1.170086193084716797e+01
1.148377895355224609e+01
1.152869224548339844e+01
1.149944400787353516e+01
1.167841529846191406e+01
1.141123867034912109e+01
1.166336631774902344e+01
1.177104187011718750e+01
1.200038814544677734e+01
1.174845409393310547e+01
1.142104625701904297e+01
1.181080913543701172e+01
1.184125518798828125e+01
1.175950622558593750e+01
1.169651412963867188e+01
1.150995349884033203e+01
1.141479015350341797e+01
1.125163364410400391e+01
1.181696224212646484e+01
1.132732868194580078e+01
1.158991718292236328e+01
1.174596977233886719e+01
1.332340908050537109e+01
1.141304302215576172e+01
1.098396205902099609e+01
1.162213993072509766e+01
1.070745182037353516e+01
1.206836318969726562e+01
1.178221988677978516e+01
1.174169254302978516e+01
1.116819953918457031e+01
1.143389225006103516e+01
1.094594669342041016e+01
1.099321174621582031e+01
1.113742637634277344e+01
1.181184196472167969e+01
1.110424804687500000e+01
1.218186950683593750e+01
1.109324550628662109e+01
1.276606273651123047e+01
1.171976852416992188e+01
1.136864566802978516e+01
1.137266445159912109e+01
1.165094375610351562e+01
1.163290691375732422e+01
1.134703922271728516e+01
1.182311820983886719e+01
1.142389774322509766e+01
1.278902435302734375e+01
1.295184135437011719e+01
1.310813331604003906e+01
1.253566360473632812e+01
1.104294776916503906e+01
1.257876682281494141e+01
1.046856403350830078e+01
1.126824283599853516e+01
1.186587047576904297e+01
1.178316307067871094e+01
1.118923664093017578e+01
1.144067859649658203e+01
1.141314697265625000e+01
1.198559570312500000e+01
1.176447677612304688e+01
1.158020210266113281e+01
1.157672500610351562e+01
1.156074714660644531e+01
1.154518699645996094e+01
1.183551692962646484e+01
1.137850475311279297e+01
1.152377605438232422e+01
1.158460426330566406e+01
1.169067287445068359e+01
1.148393535614013672e+01
1.066599750518798828e+01
1.136289882659912109e+01
1.307690620422363281e+01
1.171006584167480469e+01
1.071842288970947266e+01
1.123895263671875000e+01
1.108273410797119141e+01
1.120646858215332031e+01
1.131276130676269531e+01
1.135176086425781250e+01
1.222651863098144531e+01
1.122543525695800781e+01
1.112214756011962891e+01
1.102928352355957031e+01
1.194199562072753906e+01
1.141799545288085938e+01
1.130619144439697266e+01
1.142977619171142578e+01
1.246786403656005859e+01
1.120479869842529297e+01
1.144512748718261719e+01
1.109815692901611328e+01
1.227636146545410156e+01
1.153190612792968750e+01
1.154828548431396484e+01
1.166376495361328125e+01
1.176218032836914062e+01
1.191338729858398438e+01
1.199922561645507812e+01
1.164251232147216797e+01
1.288892459869384766e+01
1.064365863800048828e+01
1.129333305358886719e+01
1.150556087493896484e+01
1.126310729980468750e+01
1.175449943542480469e+01
1.066110324859619141e+01
1.134579372406005859e+01
1.202678871154785156e+01
1.166052150726318359e+01
1.101579093933105469e+01
1.125986862182617188e+01
1.170447635650634766e+01
1.153807163238525391e+01
1.148594379425048828e+01
1.111209487915039062e+01
1.163838291168212891e+01
1.126971817016601562e+01
1.125060558319091797e+01
1.163802242279052734e+01
1.137106895446777344e+01
1.163677978515625000e+01
1.117213916778564453e+01
1.100835132598876953e+01
1.103267574310302734e+01
1.250739097595214844e+01
1.206055736541748047e+01
1.086003589630126953e+01
1.247731304168701172e+01
1.186260795593261719e+01
1.155650234222412109e+01
1.089062118530273438e+01
1.212158298492431641e+01
1.158334922790527344e+01
1.249190044403076172e+01
1.267894172668457031e+01
1.155955410003662109e+01
1.144523715972900391e+01
1.148230266571044922e+01
1.200298118591308594e+01
1.181412601470947266e+01
1.127905464172363281e+01
1.099264526367187500e+01
1.198764610290527344e+01
1.052336883544921875e+01
1.163902759552001953e+01
1.187945461273193359e+01
1.138525772094726562e+01
1.205241489410400391e+01
1.216284465789794922e+01
1.120336818695068359e+01
1.226865100860595703e+01
1.246484947204589844e+01
1.188620090484619141e+01
1.172650432586669922e+01
1.132879829406738281e+01
1.177384471893310547e+01
1.144990348815917969e+01
1.180893707275390625e+01
1.180055904388427734e+01
1.304591560363769531e+01
1.141565704345703125e+01
1.137888240814208984e+01
1.160572433471679688e+01
1.178170967102050781e+01
1.111001968383789062e+01
1.070048141479492188e+01
1.161154079437255859e+01
1.155648994445800781e+01
1.169955921173095703e+01
1.110319232940673828e+01
1.067553901672363281e+01
1.150836181640625000e+01
1.176935768127441406e+01
1.170301818847656250e+01
1.106981182098388672e+01
1.190965938568115234e+01
1.159809780120849609e+01
1.207104778289794922e+01
1.171269416809082031e+01
1.149472808837890625e+01
1.169375419616699219e+01
1.160939502716064453e+01
1.182887172698974609e+01
1.136701679229736328e+01
1.111364269256591797e+01
1.149151325225830078e+01
1.086090850830078125e+01
1.149730396270751953e+01
1.169215488433837891e+01
1.109696674346923828e+01
1.175563430786132812e+01
1.131441402435302734e+01
1.251862049102783203e+01
1.177296829223632812e+01
1.142668724060058594e+01
1.237559986114501953e+01
1.178023529052734375e+01
1.169277667999267578e+01
1.211690425872802734e+01
1.108340740203857422e+01
1.123523616790771484e+01
1.101477909088134766e+01
1.105711460113525391e+01
1.282617855072021484e+01
1.137839984893798828e+01
1.148819065093994141e+01
1.162006664276123047e+01
1.137714481353759766e+01
1.163239288330078125e+01
1.163094902038574219e+01
1.159390068054199219e+01
1.184430694580078125e+01
1.043035221099853516e+01
1.153352260589599609e+01
1.157446098327636719e+01
1.199332046508789062e+01
1.042346096038818359e+01
1.164440631866455078e+01
1.133587169647216797e+01
1.137741947174072266e+01
1.165011501312255859e+01
1.185369682312011719e+01
1.136414527893066406e+01
1.124942970275878906e+01
1.153578472137451172e+01
1.162883758544921875e+01
1.144669151306152344e+01
1.152743625640869141e+01
1.068990516662597656e+01
1.264268016815185547e+01
1.126866245269775391e+01
1.168587303161621094e+01
1.130631256103515625e+01
1.110478401184082031e+01
1.199994659423828125e+01
1.168477821350097656e+01
1.025893115997314453e+01
1.118040943145751953e+01
1.141057682037353516e+01
1.158863544464111328e+01
1.232394313812255859e+01
1.200529384613037109e+01
1.101193046569824219e+01
1.175160503387451172e+01
1.150623226165771484e+01
1.148759555816650391e+01
1.303356647491455078e+01
1.182298851013183594e+01
1.177807331085205078e+01
1.124869060516357422e+01
1.150538158416748047e+01
1.174961948394775391e+01
1.133392524719238281e+01
1.136924266815185547e+01
1.198391723632812500e+01
1.071210956573486328e+01
1.140915489196777344e+01
1.087606811523437500e+01
1.153476524353027344e+01
1.172315406799316406e+01
1.173634433746337891e+01
1.160053253173828125e+01
1.173910236358642578e+01
1.178425121307373047e+01
1.087506103515625000e+01
1.124930763244628906e+01
1.179228591918945312e+01
1.167525291442871094e+01
1.122375679016113281e+01
1.140047740936279297e+01
1.143238925933837891e+01
1.100172805786132812e+01
1.119676589965820312e+01
1.168007850646972656e+01
1.168738746643066406e+01
1.182167243957519531e+01
1.169476604461669922e+01
1.087777423858642578e+01
1.116883754730224609e+01
1.137995719909667969e+01
1.190120315551757812e+01
1.155960273742675781e+01
1.274267005920410156e+01
1.126218700408935547e+01
1.117074203491210938e+01
1.178966617584228516e+01
1.018587684631347656e+01
1.172343158721923828e+01
1.210109806060791016e+01
1.131408309936523438e+01
1.108431529998779297e+01
1.141143798828125000e+01
1.095996570587158203e+01
1.130482864379882812e+01
1.178352165222167969e+01
1.140387058258056641e+01
1.225134468078613281e+01
1.156113052368164062e+01
1.178069210052490234e+01
1.113440227508544922e+01
1.128471183776855469e+01
1.129215240478515625e+01
1.225675392150878906e+01
1.098826408386230469e+01
1.207497692108154297e+01
1.170221900939941406e+01
1.103549289703369141e+01
1.290625476837158203e+01
1.107782554626464844e+01
1.146460628509521484e+01
1.203507518768310547e+01
1.135948657989501953e+01
1.147653198242187500e+01
1.266518592834472656e+01
1.217515468597412109e+01
1.085642528533935547e+01
1.093385028839111328e+01
1.196920967102050781e+01
1.106637287139892578e+01
1.206492805480957031e+01
1.149416542053222656e+01
1.200085926055908203e+01
1.155257415771484375e+01
1.158917045593261719e+01
1.204575824737548828e+01
1.187047958374023438e+01
1.183829116821289062e+01
1.082224941253662109e+01
1.129169654846191406e+01
1.178043842315673828e+01
1.160430145263671875e+01
1.053490161895751953e+01
1.170382595062255859e+01
1.276572513580322266e+01
1.127220630645751953e+01
1.159039211273193359e+01
1.181433582305908203e+01
1.170414638519287109e+01
1.167414855957031250e+01
1.125017833709716797e+01
1.015430927276611328e+01
1.146274948120117188e+01
1.147401142120361328e+01
1.172776031494140625e+01
1.154758071899414062e+01
1.234178638458251953e+01
1.133067321777343750e+01
1.162787818908691406e+01
1.112753868103027344e+01
1.150018024444580078e+01
1.192423534393310547e+01
1.132588005065917969e+01
1.164296627044677734e+01
1.120405006408691406e+01
1.092807197570800781e+01
1.345888614654541016e+01
1.084379577636718750e+01
1.151390647888183594e+01
1.145571708679199219e+01
1.118224239349365234e+01
1.186041355133056641e+01
1.099726104736328125e+01
1.114521598815917969e+01
1.125454616546630859e+01
1.211764144897460938e+01
1.123768329620361328e+01
1.193747997283935547e+01
1.169309997558593750e+01
1.147478294372558594e+01
1.231089210510253906e+01
1.133562755584716797e+01
1.209935665130615234e+01
1.145159339904785156e+01
1.140894508361816406e+01
1.105511474609375000e+01
1.117178249359130859e+01
1.158804607391357422e+01
1.160487079620361328e+01
1.203285694122314453e+01
1.057576751708984375e+01
1.195661830902099609e+01
1.155500221252441406e+01
1.220307826995849609e+01
1.189124488830566406e+01
1.113850975036621094e+01
1.126823902130126953e+01
9.833797454833984375e+00
1.110157871246337891e+01
1.197871875762939453e+01
1.186272621154785156e+01
1.129397678375244141e+01
1.072465229034423828e+01
1.147007083892822266e+01
1.143208694458007812e+01
1.249182224273681641e+01
1.161153221130371094e+01
1.186050701141357422e+01
1.077072906494140625e+01
1.158915424346923828e+01
1.166110229492187500e+01
1.132167911529541016e+01
1.134308433532714844e+01
1.170389080047607422e+01
1.138676929473876953e+01
1.091559123992919922e+01
1.129269790649414062e+01
1.218940353393554688e+01
1.152281188964843750e+01
1.173580932617187500e+01
1.154283714294433594e+01
1.208703708648681641e+01
1.199228572845458984e+01
1.187239074707031250e+01
1.160528564453125000e+01
1.195204639434814453e+01
1.225040340423583984e+01
1.232743835449218750e+01
1.089363861083984375e+01
1.095473194122314453e+01
1.107599925994873047e+01
1.263659000396728516e+01
1.128062438964843750e+01
1.140226840972900391e+01
1.247942733764648438e+01
1.155340194702148438e+01
1.141424465179443359e+01
1.133211421966552734e+01
1.191466999053955078e+01
1.200676536560058594e+01
1.167921161651611328e+01
1.169092655181884766e+01
1.173860263824462891e+01
1.187574100494384766e+01
1.106182575225830078e+01
1.154090023040771484e+01
1.117895412445068359e+01
1.164638042449951172e+01
1.232256031036376953e+01
1.156246471405029297e+01
1.197366714477539062e+01
1.188429927825927734e+01
1.110633850097656250e+01
1.171127891540527344e+01
1.105836486816406250e+01
1.177787399291992188e+01
1.143290901184082031e+01
1.164352703094482422e+01
1.230550765991210938e+01
1.243591308593750000e+01
1.110661888122558594e+01
1.118208503723144531e+01
1.126587963104248047e+01
1.152994918823242188e+01
1.120386791229248047e+01
1.194543743133544922e+01
1.191560363769531250e+01
1.125003242492675781e+01
1.205843448638916016e+01
1.134861564636230469e+01
1.169901752471923828e+01
1.124461174011230469e+01
1.143182182312011719e+01
1.131695938110351562e+01
1.115527343750000000e+01
1.169952201843261719e+01
1.111707973480224609e+01
1.169094467163085938e+01
1.119189071655273438e+01
1.131847000122070312e+01
1.096695995330810547e+01
1.158135128021240234e+01
1.168296337127685547e+01
1.163757324218750000e+01
1.165244102478027344e+01
1.156237411499023438e+01
1.112102413177490234e+01
1.141415023803710938e+01
1.108315086364746094e+01
1.148143672943115234e+01
1.035353183746337891e+01
1.137637042999267578e+01
1.167882537841796875e+01
1.215517330169677734e+01
1.176620101928710938e+01
1.202900218963623047e+01
1.135990905761718750e+01
1.163617610931396484e+01
1.188438892364501953e+01
1.175270366668701172e+01
1.176604461669921875e+01
1.136103248596191406e+01
1.141827011108398438e+01
1.140557956695556641e+01
1.125460815429687500e+01
1.186159610748291016e+01
1.162508583068847656e+01
1.196594333648681641e+01
1.160039806365966797e+01
1.188262081146240234e+01
1.153913593292236328e+01
1.236627960205078125e+01
1.169063377380371094e+01
1.234786128997802734e+01
1.134604072570800781e+01
1.123986530303955078e+01
1.137552261352539062e+01
1.171940898895263672e+01
1.123275566101074219e+01
1.299088096618652344e+01
1.123125553131103516e+01
1.252041816711425781e+01
1.131391048431396484e+01
1.151003074645996094e+01
1.125269603729248047e+01
1.168758010864257812e+01
1.141633796691894531e+01
1.099956035614013672e+01
1.156966495513916016e+01
1.285469532012939453e+01
1.152961540222167969e+01
1.149321269989013672e+01
1.101569938659667969e+01
1.120344638824462891e+01
1.150229263305664062e+01
1.155753517150878906e+01
1.170372581481933594e+01
1.127721977233886719e+01
1.225207996368408203e+01
1.132489585876464844e+01
1.215409183502197266e+01
1.163981437683105469e+01
1.116119194030761719e+01
1.193751716613769531e+01
1.157485198974609375e+01
1.129779148101806641e+01
1.129415130615234375e+01
1.099398708343505859e+01
1.151728057861328125e+01
1.127750873565673828e+01
1.096578788757324219e+01
1.185493278503417969e+01
1.171131992340087891e+01
1.136531734466552734e+01
1.094240283966064453e+01
1.179344081878662109e+01
1.145851707458496094e+01
1.154576301574707031e+01
1.136974334716796875e+01
1.113591289520263672e+01
1.149548625946044922e+01
1.158312511444091797e+01
1.105833816528320312e+01
1.178011989593505859e+01
1.163206005096435547e+01
1.195112133026123047e+01
1.184363555908203125e+01
1.146039676666259766e+01
1.162841796875000000e+01
1.118284130096435547e+01
1.175614643096923828e+01
1.189066123962402344e+01
1.133635330200195312e+01
1.109471035003662109e+01
1.153001499176025391e+01
1.267294311523437500e+01
1.062258338928222656e+01
1.174185276031494141e+01
1.154280853271484375e+01
1.184154415130615234e+01
1.191882705688476562e+01
1.113733386993408203e+01
1.148186016082763672e+01
1.127117824554443359e+01
1.258084869384765625e+01
1.188926315307617188e+01
1.157946109771728516e+01
1.202784252166748047e+01
1.156681728363037109e+01
1.170182800292968750e+01
1.147910022735595703e+01
1.142991924285888672e+01
1.228269481658935547e+01
1.097360897064208984e+01
1.145897769927978516e+01
1.198579406738281250e+01
1.145246601104736328e+01
1.281331825256347656e+01
1.224026966094970703e+01
1.137609291076660156e+01
1.166899967193603516e+01
1.192055320739746094e+01
1.161573696136474609e+01
1.114938068389892578e+01
1.207452106475830078e+01
1.331315231323242188e+01
1.106307983398437500e+01
1.145508861541748047e+01
1.163625431060791016e+01
1.092560005187988281e+01
1.169739913940429688e+01
1.220070171356201172e+01
1.118359661102294922e+01
1.148809337615966797e+01
1.146486949920654297e+01
1.162446308135986328e+01
1.212220001220703125e+01
1.063348674774169922e+01
1.177266216278076172e+01
1.163516998291015625e+01
1.185546588897705078e+01
1.104979324340820312e+01
1.111077785491943359e+01
1.152734851837158203e+01
1.168460178375244141e+01
1.174966239929199219e+01
1.124915981292724609e+01
1.325438594818115234e+01
1.168074893951416016e+01
1.169543933868408203e+01
1.184959220886230469e+01
1.133812046051025391e+01
1.233758354187011719e+01
1.326624584197998047e+01
1.179369354248046875e+01
1.173210430145263672e+01
1.143951416015625000e+01
1.134474563598632812e+01
1.144777297973632812e+01
1.166315841674804688e+01
1.267031383514404297e+01
1.161625671386718750e+01
1.363499546051025391e+01
1.121781730651855469e+01
1.184066772460937500e+01
1.155482769012451172e+01
1.151691055297851562e+01
1.157663917541503906e+01
1.193248748779296875e+01
1.134449100494384766e+01
1.081904220581054688e+01
1.150697803497314453e+01
1.152460670471191406e+01
1.211735439300537109e+01
1.187424659729003906e+01
1.278108787536621094e+01
1.177976512908935547e+01
1.118565464019775391e+01
1.170206356048583984e+01
1.191728782653808594e+01
1.166879653930664062e+01
1.144085121154785156e+01
1.069888019561767578e+01
1.171833896636962891e+01
1.257842922210693359e+01
1.236098575592041016e+01
1.135239982604980469e+01
1.169020366668701172e+01
1.112479972839355469e+01
1.272746562957763672e+01
1.171382617950439453e+01
1.085254669189453125e+01
1.147978973388671875e+01
1.147006893157958984e+01
1.129921054840087891e+01
1.105657577514648438e+01
1.128261566162109375e+01
1.154205131530761719e+01
1.155177021026611328e+01
1.200124168395996094e+01
1.091019821166992188e+01
1.153925800323486328e+01
1.123113632202148438e+01
1.299527359008789062e+01
1.188477993011474609e+01
1.145911407470703125e+01
1.126162147521972656e+01
1.143837356567382812e+01
1.094752025604248047e+01
1.136197566986083984e+01
1.202523136138916016e+01
1.119701957702636719e+01
1.235351181030273438e+01
1.174393081665039062e+01
1.131245422363281250e+01
1.130612945556640625e+01
1.140279769897460938e+01
1.164520645141601562e+01
1.169481945037841797e+01
1.281467437744140625e+01
1.099259281158447266e+01
1.148974418640136719e+01
1.114218330383300781e+01
1.392935180664062500e+01
1.156126689910888672e+01
1.168303108215332031e+01
1.160356807708740234e+01
1.163394737243652344e+01
1.143877124786376953e+01
1.157042980194091797e+01
1.160095405578613281e+01
1.137137317657470703e+01
1.104611873626708984e+01
1.215263557434082031e+01
1.100228881835937500e+01
1.152147483825683594e+01
1.137528228759765625e+01
1.170659828186035156e+01
1.152810764312744141e+01
1.138840770721435547e+01
1.151710891723632812e+01
1.151695823669433594e+01
1.211526107788085938e+01
1.276223468780517578e+01
1.162856388092041016e+01
1.133910751342773438e+01
1.164504623413085938e+01
1.157741165161132812e+01
1.253891086578369141e+01
1.154449558258056641e+01
1.114085960388183594e+01
1.155592727661132812e+01
1.157032966613769531e+01
1.156545543670654297e+01
1.129025173187255859e+01
1.226428413391113281e+01
1.107909011840820312e+01
1.151363945007324219e+01
1.116661930084228516e+01
1.124571418762207031e+01
1.145668792724609375e+01
1.141247558593750000e+01
1.133616256713867188e+01
1.092219352722167969e+01
1.159960746765136719e+01
1.165054607391357422e+01
1.173211383819580078e+01
1.173552417755126953e+01
1.108911514282226562e+01
1.111151027679443359e+01
1.203571987152099609e+01
1.172710418701171875e+01
1.100187206268310547e+01
1.097942352294921875e+01
1.150825881958007812e+01
1.145552921295166016e+01
1.158703994750976562e+01
1.173474788665771484e+01
1.102981853485107422e+01
1.158759784698486328e+01
1.142807865142822266e+01
1.150060272216796875e+01
1.302976131439208984e+01
1.189721488952636719e+01
1.154465961456298828e+01
1.114878177642822266e+01
1.146918582916259766e+01
1.139108657836914062e+01
1.171576499938964844e+01
1.113603782653808594e+01
1.114665699005126953e+01
1.147580337524414062e+01
1.074537658691406250e+01
1.118997097015380859e+01
1.096030139923095703e+01
1.125798225402832031e+01
1.291756916046142578e+01
1.120808982849121094e+01
1.172342109680175781e+01
1.135106849670410156e+01
1.128235149383544922e+01
1.198402214050292969e+01
1.124278736114501953e+01
1.028844451904296875e+01
1.163530445098876953e+01
1.262723731994628906e+01
1.119043159484863281e+01
1.146374130249023438e+01
1.106055450439453125e+01
1.144720649719238281e+01
1.152622890472412109e+01
1.192260742187500000e+01
1.152199745178222656e+01
1.203289794921875000e+01
1.110397624969482422e+01
1.121108627319335938e+01
1.152224826812744141e+01
1.184461975097656250e+01
1.143887424468994141e+01
1.123248195648193359e+01
1.236989593505859375e+01
1.264427661895751953e+01
1.253375244140625000e+01
1.110887622833251953e+01
1.076742744445800781e+01
1.200414276123046875e+01
1.188063526153564453e+01
1.144168949127197266e+01
1.160095310211181641e+01
1.176357841491699219e+01
1.179922294616699219e+01
1.146589374542236328e+01
1.172841072082519531e+01
1.150786113739013672e+01
1.163545036315917969e+01
1.126519489288330078e+01
1.152130126953125000e+01
1.133903503417968750e+01
1.171479034423828125e+01
1.073879337310791016e+01
1.134500217437744141e+01
1.160226058959960938e+01
1.180290508270263672e+01
1.124706554412841797e+01
1.159281539916992188e+01
1.136779212951660156e+01
1.289105033874511719e+01
1.149498844146728516e+01
1.040182495117187500e+01
1.181809616088867188e+01
1.088255882263183594e+01
1.160623455047607422e+01
1.121273136138916016e+01
1.137002563476562500e+01
1.138553905487060547e+01
1.148160266876220703e+01
1.146293830871582031e+01
1.156658172607421875e+01
1.262903690338134766e+01
1.131688117980957031e+01
1.187367248535156250e+01
1.141760349273681641e+01
1.154731559753417969e+01
1.237416839599609375e+01
1.124989891052246094e+01
1.118554592132568359e+01
1.212656688690185547e+01
1.174492931365966797e+01
1.118094348907470703e+01
1.125096321105957031e+01
1.196628952026367188e+01
1.103104400634765625e+01
1.151333904266357422e+01
1.171160507202148438e+01
1.139461708068847656e+01
1.129022979736328125e+01
1.164584159851074219e+01
1.164292716979980469e+01
1.142706489562988281e+01
1.173411750793457031e+01
1.163158512115478516e+01
1.127192211151123047e+01
1.117971897125244141e+01
1.031699657440185547e+01
1.129373645782470703e+01
1.088751029968261719e+01
1.156841754913330078e+01
1.198122215270996094e+01
1.138631057739257812e+01
1.206378364562988281e+01
1.219257736206054688e+01
1.190088748931884766e+01
1.125036334991455078e+01
1.141696643829345703e+01
1.128014564514160156e+01
1.156063175201416016e+01
1.197586536407470703e+01
1.098104476928710938e+01
1.173798561096191406e+01
1.195905780792236328e+01
1.121532726287841797e+01
1.117435836791992188e+01
1.132956695556640625e+01
1.154016971588134766e+01
1.165979290008544922e+01
1.224830627441406250e+01
1.150305843353271484e+01
1.107212257385253906e+01
1.158210754394531250e+01
1.133824729919433594e+01
1.148624324798583984e+01
1.171977710723876953e+01
1.141569995880126953e+01
1.145624732971191406e+01
1.132604122161865234e+01
1.143966770172119141e+01
1.138807582855224609e+01
1.147198390960693359e+01
1.105577373504638672e+01
1.195508956909179688e+01
1.147765445709228516e+01
1.120823669433593750e+01
1.199476146697998047e+01
1.177780723571777344e+01
1.156840324401855469e+01
1.178137493133544922e+01
1.166042137145996094e+01
1.158483886718750000e+01
1.184252166748046875e+01
1.290149116516113281e+01
1.303179073333740234e+01
1.084582710266113281e+01
1.154560756683349609e+01
1.167341423034667969e+01
1.187315273284912109e+01
1.186227703094482422e+01
1.083756828308105469e+01
1.172419071197509766e+01
1.061708927154541016e+01
1.145553779602050781e+01
1.143461704254150391e+01
1.153984069824218750e+01
1.149782466888427734e+01
1.114789199829101562e+01
1.116607475280761719e+01
1.097728252410888672e+01
1.228340244293212891e+01
1.132699394226074219e+01
1.150069904327392578e+01
1.086440563201904297e+01
1.177374267578125000e+01
1.150039386749267578e+01
1.207366275787353516e+01
1.100501441955566406e+01
1.119155120849609375e+01
1.131372070312500000e+01
1.128369712829589844e+01
1.106122970581054688e+01
1.139748668670654297e+01
1.117880344390869141e+01
1.270210552215576172e+01
1.197520828247070312e+01
1.163088893890380859e+01
1.135772323608398438e+01
1.164696693420410156e+01
1.210667324066162109e+01
1.094579219818115234e+01
1.152233791351318359e+01
1.004314136505126953e+01
1.108087730407714844e+01
1.157650089263916016e+01
1.027136516571044922e+01
1.165371417999267578e+01
1.141742706298828125e+01
1.144702434539794922e+01
1.174597454071044922e+01
1.112629795074462891e+01
1.162201309204101562e+01
1.148769378662109375e+01
1.151088428497314453e+01
1.106264114379882812e+01
1.164716148376464844e+01
1.143641281127929688e+01
1.122653675079345703e+01
1.123166370391845703e+01
1.136878681182861328e+01
1.147646808624267578e+01
1.181088638305664062e+01
1.186076641082763672e+01
1.201665115356445312e+01
1.057128715515136719e+01
1.124219894409179688e+01
1.146990394592285156e+01
1.125218772888183594e+01
1.111312007904052734e+01
1.198798942565917969e+01
1.136728858947753906e+01
1.209163665771484375e+01
1.161917495727539062e+01
1.088670349121093750e+01
1.121677780151367188e+01
1.176629257202148438e+01
1.207128429412841797e+01
1.169491958618164062e+01
1.022324848175048828e+01
1.135567951202392578e+01
1.137126159667968750e+01
1.151740550994873047e+01
1.189885139465332031e+01
1.065489959716796875e+01
1.214503860473632812e+01
1.201905822753906250e+01
1.133982658386230469e+01
1.223785305023193359e+01
1.067649745941162109e+01
1.149996185302734375e+01
1.008525943756103516e+01
1.129821777343750000e+01
1.174583911895751953e+01
1.171697807312011719e+01
1.183758258819580078e+01
1.163879108428955078e+01
1.069921398162841797e+01
1.148898220062255859e+01
1.198578071594238281e+01
1.075479030609130859e+01
1.066220855712890625e+01
1.178831195831298828e+01
1.173689079284667969e+01
1.211724281311035156e+01
1.128065490722656250e+01
1.165861320495605469e+01
1.206084346771240234e+01
1.135258960723876953e+01
1.163011074066162109e+01
1.148140621185302734e+01
1.174554538726806641e+01
1.167379665374755859e+01
1.145365047454833984e+01
1.184835910797119141e+01
1.191974544525146484e+01
1.149346923828125000e+01
1.233859539031982422e+01
1.147402954101562500e+01
1.160814094543457031e+01
1.176971054077148438e+01
1.179789161682128906e+01
1.183767127990722656e+01
1.099439048767089844e+01
1.127379226684570312e+01
1.149830245971679688e+01
1.099878311157226562e+01
1.165865898132324219e+01
1.186955451965332031e+01
1.098765850067138672e+01
1.143064785003662109e+01
1.134183788299560547e+01
1.151410293579101562e+01
1.113665390014648438e+01
1.036585521697998047e+01
1.211814689636230469e+01
1.213151073455810547e+01
1.116177940368652344e+01
1.142050457000732422e+01
1.112079429626464844e+01
1.086194229125976562e+01
1.004489231109619141e+01
1.208372497558593750e+01
1.163012027740478516e+01
1.244778728485107422e+01
1.189422702789306641e+01
1.106887054443359375e+01
1.223588371276855469e+01
1.169275760650634766e+01
1.174864959716796875e+01
1.078525924682617188e+01
1.276906681060791016e+01
1.170385551452636719e+01
1.164393520355224609e+01
1.149237442016601562e+01
1.083547782897949219e+01
1.155252075195312500e+01
1.196479034423828125e+01
1.132294750213623047e+01
1.102751064300537109e+01
1.193275070190429688e+01
1.178568363189697266e+01
1.228101539611816406e+01
1.272550964355468750e+01
1.161450958251953125e+01
1.144276332855224609e+01
1.181589794158935547e+01
1.117328453063964844e+01
1.160071372985839844e+01
1.165356922149658203e+01
1.190353775024414062e+01
1.121121788024902344e+01
1.146476745605468750e+01
1.149686336517333984e+01
1.154956817626953125e+01
1.123561763763427734e+01
1.142526054382324219e+01
1.135804557800292969e+01
1.257224655151367188e+01
1.143215751647949219e+01
1.213494300842285156e+01
1.209021282196044922e+01
1.152089977264404297e+01
1.051959419250488281e+01
1.102755546569824219e+01
1.126577663421630859e+01
1.245381450653076172e+01
1.109552860260009766e+01
1.121128082275390625e+01
1.154330062866210938e+01
1.147826576232910156e+01
1.141160964965820312e+01
1.165860748291015625e+01
1.175179862976074219e+01
1.205068683624267578e+01
1.140720939636230469e+01
1.167426586151123047e+01
1.174497604370117188e+01
1.267010784149169922e+01
1.154852390289306641e+01
1.148859119415283203e+01
1.080750465393066406e+01
1.166801166534423828e+01
1.112848758697509766e+01
1.173480224609375000e+01
1.142779254913330078e+01
1.142988967895507812e+01
1.151280212402343750e+01
1.161771011352539062e+01
1.161596679687500000e+01
1.139585018157958984e+01
1.178818225860595703e+01
1.146681118011474609e+01
1.193068599700927734e+01
1.128263378143310547e+01
1.165954494476318359e+01
1.161213302612304688e+01
1.134691905975341797e+01
1.151092910766601562e+01
1.150452327728271484e+01
1.129869842529296875e+01
1.121551322937011719e+01
1.185663223266601562e+01
1.096349906921386719e+01
1.095366477966308594e+01
1.096121406555175781e+01
1.106613445281982422e+01
1.156944942474365234e+01
1.155933475494384766e+01
1.181518077850341797e+01
1.176623153686523438e+01
1.116209602355957031e+01
1.226291942596435547e+01
1.160283851623535156e+01
1.167825222015380859e+01
1.111149501800537109e+01
1.131669807434082031e+01
1.215578937530517578e+01
1.170269680023193359e+01
1.279364967346191406e+01
1.121030616760253906e+01
1.151472187042236328e+01
1.208590126037597656e+01
1.148140907287597656e+01
1.138430976867675781e+01
1.163997745513916016e+01
1.157575225830078125e+01
1.107089138031005859e+01
1.149326229095458984e+01
1.149277400970458984e+01
1.136184310913085938e+01
1.197501564025878906e+01
1.143688964843750000e+01
1.162412929534912109e+01
1.120551013946533203e+01
1.120031356811523438e+01
1.163151741027832031e+01
1.126701641082763672e+01
1.163894748687744141e+01
1.198161220550537109e+01
1.294129657745361328e+01
1.081421947479248047e+01
1.129131031036376953e+01
1.163734054565429688e+01
1.180321216583251953e+01
1.210177516937255859e+01
1.107907962799072266e+01
1.139709186553955078e+01
1.080955982208251953e+01
1.214749050140380859e+01
1.162271595001220703e+01
1.142831516265869141e+01
1.131244850158691406e+01
1.156746196746826172e+01
1.118837070465087891e+01
1.143565177917480469e+01
1.198741245269775391e+01
1.185881519317626953e+01
1.143056011199951172e+01
1.139440822601318359e+01
1.254018878936767578e+01
1.136985969543457031e+01
1.147697448730468750e+01
1.140046215057373047e+01
1.173391819000244141e+01
1.185442256927490234e+01
1.091632652282714844e+01
1.153645038604736328e+01
1.141871929168701172e+01
1.161043739318847656e+01
1.190693569183349609e+01
1.132419776916503906e+01
1.104443645477294922e+01
1.143035793304443359e+01
1.195189476013183594e+01
1.158598518371582031e+01
1.138636589050292969e+01
1.175953769683837891e+01
1.057468605041503906e+01
1.135908794403076172e+01
1.113294506072998047e+01
1.223610115051269531e+01
1.163851928710937500e+01
1.194944763183593750e+01
1.158915233612060547e+01
1.212926197052001953e+01
1.109459114074707031e+01
1.140721702575683594e+01
1.208124256134033203e+01
1.114619636535644531e+01
1.180770301818847656e+01
1.107898616790771484e+01
1.328198814392089844e+01
1.139921188354492188e+01
1.155450248718261719e+01
1.180185317993164062e+01
1.181269836425781250e+01
1.172448539733886719e+01
1.146748161315917969e+01
1.083708381652832031e+01
1.271028995513916016e+01
1.123534393310546875e+01
1.212181377410888672e+01
1.227453899383544922e+01
1.148878669738769531e+01
1.172484016418457031e+01
1.173539352416992188e+01
1.223661231994628906e+01
1.177326011657714844e+01
1.116446971893310547e+01
1.139925575256347656e+01
1.124536323547363281e+01
1.117417716979980469e+01
1.206691360473632812e+01
1.127123451232910156e+01
1.123367118835449219e+01
1.137200927734375000e+01
1.160526943206787109e+01
1.055645275115966797e+01
1.144372749328613281e+01
1.207596683502197266e+01
1.180367469787597656e+01
1.200380134582519531e+01
1.140589618682861328e+01
1.181022548675537109e+01
1.220715141296386719e+01
1.085222625732421875e+01
1.116676330566406250e+01
1.164731693267822266e+01
1.118381977081298828e+01
1.131019496917724609e+01
1.161217212677001953e+01
1.156877708435058594e+01
1.179394149780273438e+01
1.167342281341552734e+01
1.131072711944580078e+01
1.220854282379150391e+01
1.127258682250976562e+01
1.179511451721191406e+01
1.145712280273437500e+01
1.133622837066650391e+01
1.195877742767333984e+01
1.176783847808837891e+01
1.222206020355224609e+01
1.169547653198242188e+01
1.173954868316650391e+01
1.154682350158691406e+01
1.170165824890136719e+01
1.162535381317138672e+01
1.197121524810791016e+01
1.105786991119384766e+01
1.190212821960449219e+01
1.259934520721435547e+01
1.223241138458251953e+01
1.155049133300781250e+01
1.274608039855957031e+01
1.140923213958740234e+01
1.158612823486328125e+01
1.180078411102294922e+01
1.143633365631103516e+01
1.248212718963623047e+01
1.140927219390869141e+01
1.201570892333984375e+01
1.168145847320556641e+01
1.133532428741455078e+01
1.171933364868164062e+01
1.087380218505859375e+01
1.145820522308349609e+01
1.141376113891601562e+01
1.148652839660644531e+01
1.151628494262695312e+01
1.182353973388671875e+01
1.122423458099365234e+01
1.155946159362792969e+01
1.206058311462402344e+01
1.109206199645996094e+01
1.138532924652099609e+01
1.169781303405761719e+01
1.135903263092041016e+01
1.196559047698974609e+01
1.225451374053955078e+01
1.167563629150390625e+01
1.155553817749023438e+01
1.145049953460693359e+01
1.174645996093750000e+01
1.286703300476074219e+01
1.126811981201171875e+01
1.129200744628906250e+01
1.140869235992431641e+01
1.218709564208984375e+01
1.149984741210937500e+01
1.128696537017822266e+01
1.153077983856201172e+01
1.097670173645019531e+01
1.117981529235839844e+01
1.128269958496093750e+01
1.164545345306396484e+01
1.187298297882080078e+01
1.141478061676025391e+01
1.159883308410644531e+01
1.156316280364990234e+01
1.108037281036376953e+01
1.167460727691650391e+01
1.150902271270751953e+01
1.046362209320068359e+01
1.160169887542724609e+01
1.168994045257568359e+01
1.141273021697998047e+01
1.122242259979248047e+01
1.123691654205322266e+01
1.156888389587402344e+01
1.096972179412841797e+01
1.160911560058593750e+01
1.143056488037109375e+01
1.120807075500488281e+01
1.142732620239257812e+01
1.198272800445556641e+01
1.290761089324951172e+01
1.133413410186767578e+01
1.164658546447753906e+01
1.147120571136474609e+01
1.197259998321533203e+01
1.145034503936767578e+01
1.311916351318359375e+01
1.165529155731201172e+01
1.165518379211425781e+01
1.196069049835205078e+01
1.182122898101806641e+01
1.145761013031005859e+01
1.198166561126708984e+01
1.080602455139160156e+01
1.182487487792968750e+01
1.158231067657470703e+01
1.160872364044189453e+01
1.166666030883789062e+01
1.201439285278320312e+01
1.235120868682861328e+01
1.097902870178222656e+01
1.160758304595947266e+01
1.144964408874511719e+01
1.077250385284423828e+01
1.153060531616210938e+01
1.205729198455810547e+01
1.104440975189208984e+01
1.176662158966064453e+01
1.178874683380126953e+01
1.167367935180664062e+01
1.131041049957275391e+01
1.116712570190429688e+01
1.131062507629394531e+01
1.128319358825683594e+01
1.242590522766113281e+01
1.135226821899414062e+01
1.159382343292236328e+01
1.149144363403320312e+01
1.129410076141357422e+01
1.157065963745117188e+01
1.181383323669433594e+01
1.169485664367675781e+01
1.137246704101562500e+01
1.166050624847412109e+01
1.181575107574462891e+01
1.165307426452636719e+01
1.158331012725830078e+01
1.129873847961425781e+01
1.172224712371826172e+01
1.157059001922607422e+01
1.174271869659423828e+01
1.130222225189208984e+01
1.173001575469970703e+01
1.191310310363769531e+01
1.118626976013183594e+01
1.123461627960205078e+01
1.178176307678222656e+01
1.142934131622314453e+01
1.165568447113037109e+01
1.170438766479492188e+01
1.163781261444091797e+01
1.077343177795410156e+01
1.111033916473388672e+01
1.097852420806884766e+01
1.048825454711914062e+01
1.161728763580322266e+01
1.142086124420166016e+01
1.137410926818847656e+01
1.045346164703369141e+01
1.133128356933593750e+01
1.049049949645996094e+01
1.089953899383544922e+01
1.143455028533935547e+01
1.175773715972900391e+01
1.158624744415283203e+01
1.138949966430664062e+01
1.193751335144042969e+01
1.108295726776123047e+01
1.161236763000488281e+01
1.040365695953369141e+01
1.130243110656738281e+01
1.126146984100341797e+01
1.158624362945556641e+01
1.151858329772949219e+01
1.144086551666259766e+01
1.132530212402343750e+01
1.163982677459716797e+01
1.151483440399169922e+01
1.168560218811035156e+01
1.122696971893310547e+01
1.111699581146240234e+01
1.086898612976074219e+01
1.128019428253173828e+01
1.154189205169677734e+01
1.153711605072021484e+01
1.156800556182861328e+01
1.106847286224365234e+01
1.126522064208984375e+01
1.138784694671630859e+01
1.133355045318603516e+01
1.121781635284423828e+01
1.198959159851074219e+01
1.143618869781494141e+01
1.252334213256835938e+01
1.280273437500000000e+01
1.172020816802978516e+01
1.138872241973876953e+01
1.105757522583007812e+01
1.183410930633544922e+01
1.046559810638427734e+01
1.269120025634765625e+01
1.201911926269531250e+01
1.172350215911865234e+01
1.116244411468505859e+01
1.196652603149414062e+01
1.160486221313476562e+01
1.173498153686523438e+01
1.111779975891113281e+01
1.133176136016845703e+01
1.268198013305664062e+01
1.168058300018310547e+01
1.158462905883789062e+01
1.123082923889160156e+01
1.191073322296142578e+01
1.175926971435546875e+01
1.157861614227294922e+01
1.158857059478759766e+01
1.113386058807373047e+01
1.121878623962402344e+01
1.161943435668945312e+01
1.161192989349365234e+01
1.181407165527343750e+01
1.106895351409912109e+01
1.146563148498535156e+01
1.246202468872070312e+01
1.157475376129150391e+01
1.172148418426513672e+01
1.170952033996582031e+01
1.132811450958251953e+01
1.176048088073730469e+01
1.158046531677246094e+01
1.122266483306884766e+01
1.344347953796386719e+01
1.162882232666015625e+01
1.135356330871582031e+01
1.137642288208007812e+01
1.181537723541259766e+01
1.168670272827148438e+01
1.196784496307373047e+01
1.195107650756835938e+01
1.176458835601806641e+01
1.114000606536865234e+01
1.151639747619628906e+01
1.129964828491210938e+01
1.149382591247558594e+01
1.357476806640625000e+01
1.172434902191162109e+01
1.149141502380371094e+01
1.156803607940673828e+01
1.101890087127685547e+01
1.140859317779541016e+01
1.180280780792236328e+01
1.151486301422119141e+01
1.167377662658691406e+01
1.118519115447998047e+01
1.110223674774169922e+01
1.117047786712646484e+01
1.168273830413818359e+01
1.202083206176757812e+01
1.157524585723876953e+01
1.191214656829833984e+01
1.179289245605468750e+01
1.207427310943603516e+01
1.109211158752441406e+01
1.138885688781738281e+01
1.158518028259277344e+01
1.191033267974853516e+01
1.163649940490722656e+01
1.134460544586181641e+01
1.159148406982421875e+01
1.178073883056640625e+01
1.188164901733398438e+01
1.148404884338378906e+01
1.153577613830566406e+01
1.172865295410156250e+01
1.116583156585693359e+01
1.026562976837158203e+01
1.191963386535644531e+01
1.131486797332763672e+01
1.120040225982666016e+01
1.118110656738281250e+01
1.185230636596679688e+01
1.173356246948242188e+01
1.120699405670166016e+01
1.187188529968261719e+01
1.178138160705566406e+01
1.111431026458740234e+01
1.103493785858154297e+01
1.237172794342041016e+01
1.177628326416015625e+01
1.152458286285400391e+01
1.217262268066406250e+01
1.155558490753173828e+01
1.114869499206542969e+01
1.131214141845703125e+01
1.120840072631835938e+01
1.189345169067382812e+01
1.197956371307373047e+01
1.204548358917236328e+01
1.151209545135498047e+01
1.200790119171142578e+01
1.148736953735351562e+01
1.145306682586669922e+01
1.161974620819091797e+01
1.161866855621337891e+01
1.120388221740722656e+01
1.093285369873046875e+01
1.138429546356201172e+01
1.180127334594726562e+01
1.163136386871337891e+01
1.108880138397216797e+01
1.187212944030761719e+01
1.250741863250732422e+01
1.128720855712890625e+01
1.152233505249023438e+01
1.096712684631347656e+01
1.162953662872314453e+01
1.194258689880371094e+01
1.160609531402587891e+01
1.170942401885986328e+01
1.132964134216308594e+01
1.133810615539550781e+01
1.123115634918212891e+01
1.123603343963623047e+01
1.128070735931396484e+01
1.132829666137695312e+01
1.108718872070312500e+01
1.147017574310302734e+01
1.188858699798583984e+01
1.174921894073486328e+01
1.250740337371826172e+01
1.177061271667480469e+01
1.157634544372558594e+01
1.127680873870849609e+01
1.190094470977783203e+01
1.118622112274169922e+01
1.166415405273437500e+01
1.147711563110351562e+01
1.111051368713378906e+01
1.157089519500732422e+01
1.118852329254150391e+01
1.188281726837158203e+01
1.178518962860107422e+01
1.144407844543457031e+01
1.117157936096191406e+01
1.196046924591064453e+01
1.195429897308349609e+01
1.182264900207519531e+01
1.176147460937500000e+01
1.147542381286621094e+01
1.113085079193115234e+01
1.137234783172607422e+01
1.153289222717285156e+01
1.143192958831787109e+01
1.299898815155029297e+01
1.129524898529052734e+01
1.127146339416503906e+01
1.167125606536865234e+01
1.144869422912597656e+01
1.128750705718994141e+01
1.157595443725585938e+01
1.138310813903808594e+01
1.150876140594482422e+01
1.098464488983154297e+01
1.172166633605957031e+01
1.067679786682128906e+01
1.137032127380371094e+01
1.147085857391357422e+01
1.209221172332763672e+01
1.180488681793212891e+01
1.095206737518310547e+01
1.158978748321533203e+01
1.171297931671142578e+01
1.152079200744628906e+01
1.124029731750488281e+01
1.248534202575683594e+01
1.140626430511474609e+01
1.154993534088134766e+01
1.108125495910644531e+01
1.118960762023925781e+01
1.172720432281494141e+01
1.162821006774902344e+01
1.162685203552246094e+01
1.235383224487304688e+01
1.140525627136230469e+01
1.215594577789306641e+01
1.228421211242675781e+01
1.184798431396484375e+01
1.122476482391357422e+01
1.165319824218750000e+01
1.165313625335693359e+01
1.112983131408691406e+01
1.256159973144531250e+01
1.153674697875976562e+01
1.130385494232177734e+01
1.159631633758544922e+01
1.162749671936035156e+01
1.115533828735351562e+01
1.138626194000244141e+01
1.103907299041748047e+01
1.156628704071044922e+01
1.110146427154541016e+01
1.160441207885742188e+01
1.076093769073486328e+01
1.085406017303466797e+01
1.245962715148925781e+01
1.145610809326171875e+01
1.124561214447021484e+01
1.135588073730468750e+01
1.179036998748779297e+01
1.122800350189208984e+01
1.157574081420898438e+01
1.161864376068115234e+01
1.108139419555664062e+01
1.130600261688232422e+01
1.147437858581542969e+01
1.191547012329101562e+01
1.237091350555419922e+01
1.117597675323486328e+01
1.113530254364013672e+01
1.122755146026611328e+01
1.185858917236328125e+01
1.118430328369140625e+01
1.165154552459716797e+01
1.051118278503417969e+01
1.177601814270019531e+01
1.177171421051025391e+01
1.153191566467285156e+01
1.164493370056152344e+01
1.144050598144531250e+01
1.120835685729980469e+01
1.160621166229248047e+01
1.162725639343261719e+01
1.193395328521728516e+01
1.159677600860595703e+01
1.135131168365478516e+01
1.142927360534667969e+01
1.156100177764892578e+01
1.299498748779296875e+01
1.135445308685302734e+01
1.145257186889648438e+01
1.082373142242431641e+01
1.131045913696289062e+01
1.161216354370117188e+01
1.222372436523437500e+01
1.155397796630859375e+01
1.217619991302490234e+01
1.111444664001464844e+01
1.134901046752929688e+01
1.140588760375976562e+01
1.222915458679199219e+01
1.188876056671142578e+01
1.157784938812255859e+01
1.122285270690917969e+01
1.181568336486816406e+01
1.177138042449951172e+01
1.123250675201416016e+01
1.108755683898925781e+01
1.119166851043701172e+01
1.233305263519287109e+01
1.086358833312988281e+01
1.187610912322998047e+01
1.176339244842529297e+01
1.179232788085937500e+01
1.226954364776611328e+01
1.154873943328857422e+01
1.152973175048828125e+01
1.125659179687500000e+01
1.148070812225341797e+01
1.114736270904541016e+01
1.073235702514648438e+01
1.104521846771240234e+01
1.187202548980712891e+01
1.131437110900878906e+01
1.112843894958496094e+01
1.198008155822753906e+01
1.111388874053955078e+01
1.151592636108398438e+01
1.108742046356201172e+01
1.175305175781250000e+01
1.203146171569824219e+01
1.030253314971923828e+01
1.236536598205566406e+01
1.162529563903808594e+01
1.108094596862792969e+01
1.110687637329101562e+01
1.173286056518554688e+01
1.155755996704101562e+01
1.100513267517089844e+01
1.115666770935058594e+01
1.125125694274902344e+01
1.120874118804931641e+01
1.234631538391113281e+01
1.166620159149169922e+01
1.129045104980468750e+01
1.248222732543945312e+01
1.076707458496093750e+01
1.047410774230957031e+01
1.147105789184570312e+01
1.144841480255126953e+01
1.161963653564453125e+01
1.116990184783935547e+01
1.114195346832275391e+01
1.144888782501220703e+01
1.143188762664794922e+01
1.116353321075439453e+01
1.126340198516845703e+01
1.107022571563720703e+01
1.147867584228515625e+01
1.135152626037597656e+01
1.123029327392578125e+01
1.131833744049072266e+01
1.234626102447509766e+01
1.318959426879882812e+01
1.014422893524169922e+01
1.184051418304443359e+01
1.129036712646484375e+01
1.169256877899169922e+01
1.130762958526611328e+01
1.123715591430664062e+01
9.258513450622558594e+00
1.116869354248046875e+01
1.142030429840087891e+01
1.157536411285400391e+01
1.247574329376220703e+01
1.160981178283691406e+01
1.128704833984375000e+01
1.134937191009521484e+01
1.178819561004638672e+01
1.206778907775878906e+01
1.232312583923339844e+01
1.149247646331787109e+01
1.114921379089355469e+01
1.221003818511962891e+01
1.096833896636962891e+01
1.148825645446777344e+01
1.170251655578613281e+01
1.035634326934814453e+01
1.157188320159912109e+01
1.096453285217285156e+01
1.115127086639404297e+01
1.182349586486816406e+01
1.146786022186279297e+01
1.222606754302978516e+01
1.317781639099121094e+01
1.181718826293945312e+01
1.119714546203613281e+01
1.076263046264648438e+01
1.138834762573242188e+01
1.150121116638183594e+01
1.165694618225097656e+01
1.132422161102294922e+01
1.135590553283691406e+01
1.161389827728271484e+01
1.152689456939697266e+01
1.163223552703857422e+01
1.133670425415039062e+01
1.072922515869140625e+01
1.107961273193359375e+01
1.180340766906738281e+01
1.169384860992431641e+01
1.147999954223632812e+01
1.148981285095214844e+01
1.137096786499023438e+01
1.142508602142333984e+01
1.124349784851074219e+01
1.134123039245605469e+01
1.239598178863525391e+01
1.115805625915527344e+01
1.148180866241455078e+01
1.122841072082519531e+01
1.098439598083496094e+01
1.162804698944091797e+01
1.122722244262695312e+01
1.164254474639892578e+01
1.118812847137451172e+01
1.212699413299560547e+01
1.128030776977539062e+01
1.121029376983642578e+01
1.246998500823974609e+01
1.124473857879638672e+01
1.132461261749267578e+01
1.144948005676269531e+01
1.146357059478759766e+01
1.085737991333007812e+01
1.138312625885009766e+01
1.200267887115478516e+01
1.074048328399658203e+01
1.059846401214599609e+01
1.276789569854736328e+01
1.139944458007812500e+01
1.055492401123046875e+01
1.176470470428466797e+01
1.214865589141845703e+01
1.074414825439453125e+01
1.108419036865234375e+01
1.147222518920898438e+01
1.144740486145019531e+01
1.125815677642822266e+01
1.269650840759277344e+01
1.167910480499267578e+01
1.152829074859619141e+01
1.160460186004638672e+01
1.141223621368408203e+01
1.064323425292968750e+01
1.163907909393310547e+01
1.060493469238281250e+01
1.195568180084228516e+01
1.076263427734375000e+01
1.149414634704589844e+01
1.123956203460693359e+01
1.132467842102050781e+01
1.234218502044677734e+01
1.074888420104980469e+01
1.215866851806640625e+01
1.176611614227294922e+01
1.145070171356201172e+01
1.135058784484863281e+01
1.158004474639892578e+01
1.151612949371337891e+01
1.297265148162841797e+01
1.175467777252197266e+01
1.120874500274658203e+01
1.248200035095214844e+01
1.139848995208740234e+01
1.060886287689208984e+01
1.121020793914794922e+01
1.164381599426269531e+01
1.130038642883300781e+01
1.140826892852783203e+01
1.346520137786865234e+01
1.406044101715087891e+01
1.159487438201904297e+01
1.103501796722412109e+01
1.185013675689697266e+01
1.134913921356201172e+01
1.116703796386718750e+01
1.132132911682128906e+01
1.199816226959228516e+01
1.248413276672363281e+01
1.166547679901123047e+01
1.178097629547119141e+01
1.251379108428955078e+01
1.080314731597900391e+01
1.311311531066894531e+01
1.178359222412109375e+01
1.222588062286376953e+01
1.085605621337890625e+01
1.082712078094482422e+01
1.172311973571777344e+01
1.257112693786621094e+01
1.143638896942138672e+01
1.017431735992431641e+01
1.158456420898437500e+01
1.168674373626708984e+01
1.155340766906738281e+01
1.182653713226318359e+01
1.107844543457031250e+01
1.161199665069580078e+01
1.149290752410888672e+01
1.178232192993164062e+01
1.150505256652832031e+01
1.179666900634765625e+01
1.166002941131591797e+01
1.083471298217773438e+01
1.118058872222900391e+01
1.168135452270507812e+01
1.215280818939208984e+01
1.145441150665283203e+01
1.174446582794189453e+01
1.141107273101806641e+01
1.164107227325439453e+01
1.132066440582275391e+01
1.169063758850097656e+01
1.089691257476806641e+01
1.221091461181640625e+01
1.167091274261474609e+01
1.206074047088623047e+01
1.155731010437011719e+01
1.151542472839355469e+01
1.149067592620849609e+01
1.133492279052734375e+01
1.184688472747802734e+01
1.198599243164062500e+01
1.136835575103759766e+01
1.189528179168701172e+01
1.148717498779296875e+01
1.118932342529296875e+01
1.200789833068847656e+01
1.114851093292236328e+01
1.120162010192871094e+01
1.177160644531250000e+01
1.146982288360595703e+01
1.187493038177490234e+01
1.020545387268066406e+01
1.138353061676025391e+01
1.154430866241455078e+01
1.200581169128417969e+01
1.133911228179931641e+01
1.150962543487548828e+01
1.174794387817382812e+01
1.111534309387207031e+01
1.228917217254638672e+01
9.934835433959960938e+00
1.150670528411865234e+01
1.166718864440917969e+01
1.176103591918945312e+01
1.132410144805908203e+01
1.283132743835449219e+01
1.124270153045654297e+01
1.210698413848876953e+01
1.130993270874023438e+01
1.176086330413818359e+01
1.176829719543457031e+01
1.167901802062988281e+01
1.154101085662841797e+01
1.052065658569335938e+01
1.124528312683105469e+01
1.188154029846191406e+01
1.110768222808837891e+01
1.218213462829589844e+01
1.187570953369140625e+01
1.170886135101318359e+01
1.128704833984375000e+01
1.152456855773925781e+01
1.139510917663574219e+01
1.097708988189697266e+01
1.126625823974609375e+01
1.169339656829833984e+01
1.156401062011718750e+01
1.126880931854248047e+01
1.173004913330078125e+01
1.170751190185546875e+01
1.120540142059326172e+01
1.200631141662597656e+01
1.112507343292236328e+01
1.116788196563720703e+01
1.175021839141845703e+01
1.124567508697509766e+01
1.111998081207275391e+01
1.168538761138916016e+01
1.145370292663574219e+01
1.109033679962158203e+01
1.173219013214111328e+01
1.167087173461914062e+01
1.141426467895507812e+01
1.272824287414550781e+01
1.180662822723388672e+01
1.168650531768798828e+01
1.094965171813964844e+01
1.193066883087158203e+01
1.180624675750732422e+01
1.180924224853515625e+01
1.172155189514160156e+01
1.144912719726562500e+01
1.038324546813964844e+01
1.164727878570556641e+01
1.183399009704589844e+01
1.111168766021728516e+01
1.083715057373046875e+01
1.210367584228515625e+01
1.159494209289550781e+01
1.105067062377929688e+01
1.060898017883300781e+01
1.186515140533447266e+01
1.122957515716552734e+01
1.126058387756347656e+01
1.230339908599853516e+01
1.114202499389648438e+01
1.138157176971435547e+01
1.146705913543701172e+01
1.166063499450683594e+01
1.191973686218261719e+01
1.124067306518554688e+01
1.199306011199951172e+01
1.154637527465820312e+01
1.170635032653808594e+01
1.171553421020507812e+01
1.112052631378173828e+01
1.235782337188720703e+01
1.133240318298339844e+01
1.166535377502441406e+01
1.181430625915527344e+01
1.143382740020751953e+01
1.257826328277587891e+01
1.153034019470214844e+01
1.137541961669921875e+01
1.145414161682128906e+01
1.258414268493652344e+01
1.178106498718261719e+01
1.079398250579833984e+01
1.171917057037353516e+01
1.149925041198730469e+01
1.150384521484375000e+01
1.113026618957519531e+01
1.155622196197509766e+01
1.161820507049560547e+01
1.221403121948242188e+01
1.148185253143310547e+01
1.179181385040283203e+01
1.153031253814697266e+01
1.103945827484130859e+01
1.105041599273681641e+01
1.113411998748779297e+01
1.132776260375976562e+01
1.122511482238769531e+01
1.189250469207763672e+01
1.152399921417236328e+01
1.118124294281005859e+01
1.161021137237548828e+01
1.104551696777343750e+01
1.355453109741210938e+01
1.183336067199707031e+01
1.130420875549316406e+01
1.091571807861328125e+01
1.148304939270019531e+01
1.149169158935546875e+01
1.191467380523681641e+01
1.145325946807861328e+01
1.113407802581787109e+01
1.152424430847167969e+01
1.117462348937988281e+01
1.175628089904785156e+01
1.139662837982177734e+01
1.130417537689208984e+01
1.159799194335937500e+01
1.138489151000976562e+01
1.089006137847900391e+01
1.174128723144531250e+01
1.163313484191894531e+01
1.190943622589111328e+01
1.030700206756591797e+01
1.120748710632324219e+01
1.167627239227294922e+01
1.098195838928222656e+01
1.245948123931884766e+01
1.126547908782958984e+01
1.207251167297363281e+01
1.140049457550048828e+01
1.146729564666748047e+01
1.164581966400146484e+01
1.189324283599853516e+01
1.152861022949218750e+01
1.145058536529541016e+01
1.180580902099609375e+01
1.128646469116210938e+01
1.247826480865478516e+01
1.104538345336914062e+01
1.140343952178955078e+01
1.148421669006347656e+01
1.148733139038085938e+01
1.120972537994384766e+01
1.208766841888427734e+01
1.175456142425537109e+01
1.149415588378906250e+01
1.191610908508300781e+01
1.165776443481445312e+01
1.256989669799804688e+01
1.283812141418457031e+01
1.144271087646484375e+01
1.233180999755859375e+01
1.123814487457275391e+01
1.127302646636962891e+01
1.189078617095947266e+01
1.143565845489501953e+01
1.132223129272460938e+01
1.119008636474609375e+01
1.146561431884765625e+01
1.185979080200195312e+01
1.192384624481201172e+01
1.113208389282226562e+01
1.151754665374755859e+01
1.153780174255371094e+01
1.164683151245117188e+01
1.146541786193847656e+01
1.156858634948730469e+01
1.175952434539794922e+01
1.131442070007324219e+01
1.109355068206787109e+01
1.216016578674316406e+01
1.065114974975585938e+01
1.174714660644531250e+01
1.147103691101074219e+01
1.140800857543945312e+01
1.161790275573730469e+01
1.132370853424072266e+01
1.140513992309570312e+01
1.110201644897460938e+01
1.164919853210449219e+01
1.192444133758544922e+01
1.097125148773193359e+01
1.117523384094238281e+01
1.140134429931640625e+01
1.072982501983642578e+01
1.111617088317871094e+01
1.094941806793212891e+01
1.112026119232177734e+01
1.150544834136962891e+01
1.148335552215576172e+01
1.166703319549560547e+01
1.131575012207031250e+01
1.148869228363037109e+01
1.169785022735595703e+01
1.204161834716796875e+01
1.150345134735107422e+01
1.149475288391113281e+01
1.145596504211425781e+01
1.159643173217773438e+01
1.102700519561767578e+01
1.154693222045898438e+01
1.137458419799804688e+01
1.148000431060791016e+01
1.144863319396972656e+01
1.181549549102783203e+01
1.132155418395996094e+01
1.161634826660156250e+01
1.161486148834228516e+01
1.153641891479492188e+01
1.152832031250000000e+01
1.161646652221679688e+01
1.155718517303466797e+01
1.157146263122558594e+01
1.157820606231689453e+01
1.175437641143798828e+01
1.108103370666503906e+01
1.159012031555175781e+01
1.171475219726562500e+01
1.105178546905517578e+01
1.187275505065917969e+01
1.150738430023193359e+01
1.129403877258300781e+01
1.144693279266357422e+01
1.142808532714843750e+01
1.181694793701171875e+01
1.178635883331298828e+01
1.260015964508056641e+01
1.156207370758056641e+01
1.189690876007080078e+01
1.256772232055664062e+01
1.152003288269042969e+01
1.169229793548583984e+01
1.157210636138916016e+01
1.163379859924316406e+01
1.138894557952880859e+01
1.183688926696777344e+01
1.154130554199218750e+01
1.034500885009765625e+01
1.166959381103515625e+01
1.063754940032958984e+01
1.231304359436035156e+01
1.162616252899169922e+01
1.139455699920654297e+01
1.200125789642333984e+01
1.185045146942138672e+01
1.138190746307373047e+01
1.072999286651611328e+01
1.214531040191650391e+01
1.130166244506835938e+01
1.203757667541503906e+01
1.135844993591308594e+01
1.065492725372314453e+01
1.125856971740722656e+01
1.163919162750244141e+01
1.208492851257324219e+01
1.130419254302978516e+01
1.255174255371093750e+01
1.280188655853271484e+01
1.161932277679443359e+01
1.189177417755126953e+01
1.110220146179199219e+01
1.144772911071777344e+01
1.194935417175292969e+01
1.177374076843261719e+01
1.147449588775634766e+01
1.211009502410888672e+01
1.157967758178710938e+01
1.177974224090576172e+01
1.201182079315185547e+01
1.239240169525146484e+01
1.198137283325195312e+01
1.119332885742187500e+01
1.150159358978271484e+01
1.132304096221923828e+01
1.156875228881835938e+01
1.153946495056152344e+01
1.136669254302978516e+01
1.279252624511718750e+01
1.142611503601074219e+01
1.138766098022460938e+01
1.179138660430908203e+01
1.158141231536865234e+01
1.101530456542968750e+01
1.160951042175292969e+01
1.223350715637207031e+01
1.145912075042724609e+01
1.179327678680419922e+01
1.003734397888183594e+01
1.198527622222900391e+01
1.154703998565673828e+01
1.178096199035644531e+01
1.136102581024169922e+01
1.063025379180908203e+01
1.112740898132324219e+01
1.134857940673828125e+01
1.205481433868408203e+01
1.134414291381835938e+01
1.118904972076416016e+01
1.145534992218017578e+01
1.222127819061279297e+01
1.183464527130126953e+01
1.151388168334960938e+01
1.162160110473632812e+01
1.194922256469726562e+01
1.142790699005126953e+01
1.068296432495117188e+01
1.101432323455810547e+01
1.164607334136962891e+01
1.218521022796630859e+01
1.169370365142822266e+01
1.164114475250244141e+01
1.170728588104248047e+01
1.146979522705078125e+01
1.202333927154541016e+01
1.136267852783203125e+01
1.106851291656494141e+01
1.141425132751464844e+01
1.142593765258789062e+01
1.184418964385986328e+01
1.156455421447753906e+01
1.122781372070312500e+01
1.151908397674560547e+01
1.182370471954345703e+01
1.125825786590576172e+01
1.137489128112792969e+01
1.185896778106689453e+01
1.126986503601074219e+01
1.158722686767578125e+01
1.131812095642089844e+01
1.155223560333251953e+01
1.147992706298828125e+01
1.152794265747070312e+01
1.169562244415283203e+01
1.139455986022949219e+01
1.150517749786376953e+01
1.146561241149902344e+01
1.087503814697265625e+01
1.114986705780029297e+01
1.190913105010986328e+01
1.163439083099365234e+01
1.101662540435791016e+01
1.298763751983642578e+01
1.112588500976562500e+01
1.167921638488769531e+01
1.165002822875976562e+01
1.159564685821533203e+01
1.189373207092285156e+01
1.087490272521972656e+01
1.144822502136230469e+01
1.172485637664794922e+01
1.172848224639892578e+01
1.264707279205322266e+01
1.054698944091796875e+01
1.101594543457031250e+01
1.141465854644775391e+01
1.159318828582763672e+01
1.157089519500732422e+01
1.121256732940673828e+01
1.117902946472167969e+01
9.213401794433593750e+00
1.220812511444091797e+01
1.165016174316406250e+01
1.150266170501708984e+01
1.148078536987304688e+01
1.175120925903320312e+01
1.149118041992187500e+01
1.129156112670898438e+01
1.115964126586914062e+01
1.161425304412841797e+01
1.156686305999755859e+01
1.161055183410644531e+01
1.165005683898925781e+01
1.132947158813476562e+01
1.133935737609863281e+01
1.174269390106201172e+01
1.187925338745117188e+01
1.180908298492431641e+01
1.110687255859375000e+01
1.152536296844482422e+01
1.107752513885498047e+01
1.161153411865234375e+01
1.106215095520019531e+01
1.173302555084228516e+01
1.153389739990234375e+01
1.162372112274169922e+01
1.140818023681640625e+01
1.217689609527587891e+01
1.144169330596923828e+01
1.151543235778808594e+01
1.200695228576660156e+01
1.131474971771240234e+01
1.180210494995117188e+01
1.138309288024902344e+01
1.111169433593750000e+01
1.161056709289550781e+01
1.111188411712646484e+01
1.335914611816406250e+01
1.172982692718505859e+01
1.144736957550048828e+01
1.162585163116455078e+01
1.109450340270996094e+01
1.223988723754882812e+01
1.414612102508544922e+01
1.169969844818115234e+01
1.099676036834716797e+01
1.183709621429443359e+01
1.121625900268554688e+01
1.137876510620117188e+01
1.153643894195556641e+01
1.190854835510253906e+01
1.163156890869140625e+01
1.156235599517822266e+01
1.195322418212890625e+01
1.108275413513183594e+01
1.181181144714355469e+01
1.174197769165039062e+01
1.159650421142578125e+01
1.249241924285888672e+01
1.210269737243652344e+01
1.185725975036621094e+01
1.169622611999511719e+01
1.162214279174804688e+01
1.184398460388183594e+01
1.205803012847900391e+01
1.109426021575927734e+01
1.070051574707031250e+01
1.149307537078857422e+01
1.189219093322753906e+01
1.151658439636230469e+01
1.109042930603027344e+01
1.133710384368896484e+01
1.156564998626708984e+01
1.147808074951171875e+01
1.283102798461914062e+01
1.235031414031982422e+01
1.190272331237792969e+01
1.225087070465087891e+01
1.149387645721435547e+01
1.144267654418945312e+01
1.206854915618896484e+01
1.172243785858154297e+01
1.153743553161621094e+01
1.159505081176757812e+01
1.142798519134521484e+01
1.104191017150878906e+01
1.245671367645263672e+01
1.143666648864746094e+01
1.171566677093505859e+01
1.141365051269531250e+01
1.156398010253906250e+01
1.166022014617919922e+01
1.106975650787353516e+01
1.130984306335449219e+01
1.153896236419677734e+01
1.122152519226074219e+01
1.136234474182128906e+01
1.129122161865234375e+01
1.145277595520019531e+01
1.118335819244384766e+01
1.159141731262207031e+01
1.172418212890625000e+01
1.160250759124755859e+01
1.257487201690673828e+01
1.098662757873535156e+01
1.186154556274414062e+01
1.154835700988769531e+01
1.150871849060058594e+01
1.165184020996093750e+01
1.201301288604736328e+01
1.087332153320312500e+01
1.068708992004394531e+01
1.109480762481689453e+01
1.155747413635253906e+01
1.238420295715332031e+01
1.122230911254882812e+01
1.310772418975830078e+01
1.171621799468994141e+01
1.157158088684082031e+01
1.117587852478027344e+01
1.151211166381835938e+01
1.159379005432128906e+01
1.158872127532958984e+01
1.164356899261474609e+01
9.747352600097656250e+00
1.145985984802246094e+01
1.145823478698730469e+01
1.170450782775878906e+01
1.176938533782958984e+01
1.200025939941406250e+01
1.163007736206054688e+01
1.241917800903320312e+01
1.114875411987304688e+01
1.106202507019042969e+01
1.094335460662841797e+01
1.183791446685791016e+01
1.163385868072509766e+01
1.170049476623535156e+01
1.182938003540039062e+01
1.154814338684082031e+01
1.190918254852294922e+01
1.173659133911132812e+01
1.168316841125488281e+01
1.170907783508300781e+01
1.195293235778808594e+01
1.163153839111328125e+01
1.197109222412109375e+01
1.198933887481689453e+01
1.117759799957275391e+01
1.134738636016845703e+01
1.128504467010498047e+01
1.120847892761230469e+01
1.191941070556640625e+01
1.119615840911865234e+01
1.111022853851318359e+01
1.149795150756835938e+01
1.114018630981445312e+01
1.150930213928222656e+01
1.127274703979492188e+01
1.223348045349121094e+01
1.161654376983642578e+01
1.078160476684570312e+01
1.130564022064208984e+01
1.131323337554931641e+01
1.137596225738525391e+01
1.167637634277343750e+01
1.174111080169677734e+01
1.196140289306640625e+01
1.149975490570068359e+01
1.170229816436767578e+01
1.117310428619384766e+01
1.152608776092529297e+01
1.129969120025634766e+01
1.088749217987060547e+01
1.149816513061523438e+01
1.179839611053466797e+01
1.129906940460205078e+01
1.123969554901123047e+01
1.247127246856689453e+01
1.116301918029785156e+01
1.188685417175292969e+01
1.148242282867431641e+01
1.118876743316650391e+01
1.147455787658691406e+01
1.195014286041259766e+01
1.090317344665527344e+01
1.071696472167968750e+01
1.192322158813476562e+01
1.135165596008300781e+01
1.128869819641113281e+01
1.087078285217285156e+01
1.071174430847167969e+01
1.126191425323486328e+01
1.319634628295898438e+01
1.147555160522460938e+01
1.172279453277587891e+01
1.175582218170166016e+01
1.162269306182861328e+01
1.232669067382812500e+01
1.167885017395019531e+01
1.172764682769775391e+01
1.175510406494140625e+01
1.170312881469726562e+01
1.101231575012207031e+01
1.154382038116455078e+01
1.159158706665039062e+01
1.152144908905029297e+01
1.146866703033447266e+01
1.134736633300781250e+01
1.118048286437988281e+01
1.144346523284912109e+01
1.108475208282470703e+01
1.174988746643066406e+01
1.149599075317382812e+01
1.086798286437988281e+01
1.136284542083740234e+01
1.147873973846435547e+01
1.144485378265380859e+01
1.128627681732177734e+01
1.149769115447998047e+01
1.142718696594238281e+01
1.195425128936767578e+01
1.193755912780761719e+01
1.156571769714355469e+01
1.123946762084960938e+01
1.137604045867919922e+01
1.145290946960449219e+01
1.127557849884033203e+01
1.121762561798095703e+01
1.123654556274414062e+01
1.145990467071533203e+01
1.196450901031494141e+01
1.127534961700439453e+01
1.165768337249755859e+01
1.125277423858642578e+01
1.175700378417968750e+01
1.105470180511474609e+01
1.175276756286621094e+01
1.109064674377441406e+01
1.268537807464599609e+01
1.128772449493408203e+01
1.191213798522949219e+01
1.088602352142333984e+01
1.139044570922851562e+01
1.231307601928710938e+01
1.132463741302490234e+01
1.116528987884521484e+01
1.161541175842285156e+01
1.114886283874511719e+01
1.127131366729736328e+01
1.178755855560302734e+01
1.219267559051513672e+01
1.160515880584716797e+01
1.156720924377441406e+01
1.082026863098144531e+01
1.069046115875244141e+01
1.158081340789794922e+01
1.060617256164550781e+01
1.154999160766601562e+01
1.149222850799560547e+01
1.111207199096679688e+01
1.196450710296630859e+01
1.157846164703369141e+01
1.190352725982666016e+01
1.069074249267578125e+01
1.122384452819824219e+01
1.108160018920898438e+01
1.200075531005859375e+01
1.178656768798828125e+01
1.159472751617431641e+01
1.162778854370117188e+01
1.137609481811523438e+01
1.120207214355468750e+01
1.152096080780029297e+01
1.189303112030029297e+01
1.149650478363037109e+01
1.161387538909912109e+01
1.121312427520751953e+01
1.181005287170410156e+01
1.266756534576416016e+01
1.115334129333496094e+01
1.157105255126953125e+01
1.171029567718505859e+01
1.194030570983886719e+01
1.124024486541748047e+01
1.285006523132324219e+01
1.133611297607421875e+01
1.171866893768310547e+01
1.184189319610595703e+01
1.158118247985839844e+01
1.158428096771240234e+01
1.133566188812255859e+01
1.163978385925292969e+01
1.167700958251953125e+01
1.179502296447753906e+01
1.153196620941162109e+01
1.109517860412597656e+01
1.171259784698486328e+01
1.192253971099853516e+01
1.216022300720214844e+01
1.138621425628662109e+01
1.126199436187744141e+01
1.169221210479736328e+01
1.104386997222900391e+01
1.192267513275146484e+01
1.165461921691894531e+01
1.166711807250976562e+01
1.143912506103515625e+01
1.093452835083007812e+01
1.135037803649902344e+01
1.328590106964111328e+01
1.043248558044433594e+01
1.181657505035400391e+01
1.093395519256591797e+01
1.163652229309082031e+01
1.146295166015625000e+01
1.272205829620361328e+01
1.142518234252929688e+01
1.087015056610107422e+01
1.140789985656738281e+01
1.211888790130615234e+01
1.086273765563964844e+01
1.217979812622070312e+01
1.148773956298828125e+01
1.174094676971435547e+01
1.089670085906982422e+01
1.133893203735351562e+01
1.161653709411621094e+01
1.151323699951171875e+01
1.135827827453613281e+01
1.129849338531494141e+01
1.183637523651123047e+01
1.209302711486816406e+01
1.107199859619140625e+01
1.197920608520507812e+01
1.133642292022705078e+01
1.128861141204833984e+01
1.188731479644775391e+01
1.142041015625000000e+01
1.075589084625244141e+01
1.140956783294677734e+01
1.163173103332519531e+01
1.218618488311767578e+01
1.163458347320556641e+01
1.101463985443115234e+01
1.162191009521484375e+01
1.067238426208496094e+01
1.388970279693603516e+01
1.120041084289550781e+01
1.207419872283935547e+01
1.099689960479736328e+01
1.137039947509765625e+01
1.156138992309570312e+01
1.355377674102783203e+01
1.132231616973876953e+01
1.114014911651611328e+01
1.175121974945068359e+01
1.132589626312255859e+01
1.173971462249755859e+01
1.190305233001708984e+01
1.223866748809814453e+01
1.202667713165283203e+01
1.215947532653808594e+01
1.148765659332275391e+01
1.193345355987548828e+01
1.171529960632324219e+01
1.205606174468994141e+01
1.064895439147949219e+01
1.129593753814697266e+01
1.071427059173583984e+01
1.116685676574707031e+01
1.120805740356445312e+01
1.176684856414794922e+01
1.139935588836669922e+01
1.179900836944580078e+01
1.174393844604492188e+01
1.190118026733398438e+01
1.162656307220458984e+01
1.107397937774658203e+01
1.155189609527587891e+01
1.191159534454345703e+01
1.137915611267089844e+01
1.093240833282470703e+01
1.155466461181640625e+01
1.104506683349609375e+01
1.160471439361572266e+01
1.146689605712890625e+01
1.159098815917968750e+01
1.173392868041992188e+01
1.132016563415527344e+01
1.134036445617675781e+01
1.150050830841064453e+01
1.178586101531982422e+01
1.173009967803955078e+01
1.087831306457519531e+01
1.185051822662353516e+01
1.153916263580322266e+01
1.129666614532470703e+01
1.158042621612548828e+01
1.006774711608886719e+01
1.158957004547119141e+01
1.124954032897949219e+01
1.076163482666015625e+01
1.116153049468994141e+01
1.189237213134765625e+01
1.168564510345458984e+01
1.143886375427246094e+01
1.159553050994873047e+01
1.180580997467041016e+01
1.122309589385986328e+01
1.110967159271240234e+01
1.104355812072753906e+01
1.155179023742675781e+01
1.163705730438232422e+01
1.158126544952392578e+01
1.148566246032714844e+01
1.209715366363525391e+01
1.159095287322998047e+01
1.143933773040771484e+01
1.137858295440673828e+01
1.184512424468994141e+01
1.153773975372314453e+01
1.158840751647949219e+01
1.143829441070556641e+01
1.217760276794433594e+01
1.154319286346435547e+01
1.242292499542236328e+01
1.154885387420654297e+01
1.171775627136230469e+01
1.184529304504394531e+01
1.227136707305908203e+01
1.110132884979248047e+01
1.150591087341308594e+01
1.139317512512207031e+01
1.269800186157226562e+01
1.122534656524658203e+01
1.167390441894531250e+01
1.149173069000244141e+01
1.095742034912109375e+01
1.246758365631103516e+01
1.168563175201416016e+01
1.144851016998291016e+01
1.180795097351074219e+01
1.199938297271728516e+01
1.225830268859863281e+01
1.182949638366699219e+01
1.159286975860595703e+01
1.147097492218017578e+01
1.156531238555908203e+01
1.144777965545654297e+01
1.117707538604736328e+01
1.014785766601562500e+01
1.156351947784423828e+01
1.151491546630859375e+01
1.184026718139648438e+01
1.187758731842041016e+01
1.153641510009765625e+01
1.149915409088134766e+01
1.220975017547607422e+01
1.269009590148925781e+01
1.159093475341796875e+01
1.100389480590820312e+01
1.126798629760742188e+01
1.196779060363769531e+01
1.116451835632324219e+01
1.146848297119140625e+01
1.108516788482666016e+01
1.106613063812255859e+01
1.177189159393310547e+01
1.121103668212890625e+01
1.165144729614257812e+01
1.179526901245117188e+01
1.137675094604492188e+01
1.153036785125732422e+01
1.148441314697265625e+01
1.131941604614257812e+01
1.178470993041992188e+01
1.123861122131347656e+01
1.111088657379150391e+01
1.102597427368164062e+01
1.136748313903808594e+01
1.214070034027099609e+01
1.155807304382324219e+01
1.129379940032958984e+01
1.168285560607910156e+01
1.131020641326904297e+01
1.150332641601562500e+01
1.152556228637695312e+01
1.169592761993408203e+01
1.180710315704345703e+01
1.128667736053466797e+01
1.110127449035644531e+01
1.067266368865966797e+01
1.108492851257324219e+01
1.132659530639648438e+01
1.215208339691162109e+01
1.134053516387939453e+01
1.135029125213623047e+01
1.189666652679443359e+01
1.130058574676513672e+01
1.144631481170654297e+01
1.168935298919677734e+01
1.113408946990966797e+01
1.182199001312255859e+01
1.175534725189208984e+01
1.173256587982177734e+01
1.106311988830566406e+01
1.166181087493896484e+01
1.156846237182617188e+01
1.142595863342285156e+01
1.142343330383300781e+01
1.183281040191650391e+01
1.136218070983886719e+01
1.068757629394531250e+01
1.107548141479492188e+01
1.130740642547607422e+01
1.157949638366699219e+01
1.115162181854248047e+01
1.149845314025878906e+01
1.233618736267089844e+01
1.212499904632568359e+01
1.128402614593505859e+01
1.164811897277832031e+01
1.157627773284912109e+01
1.121475315093994141e+01
1.131949615478515625e+01
1.098901271820068359e+01
1.159648895263671875e+01
1.134717273712158203e+01
1.127055835723876953e+01
1.083791065216064453e+01
1.156097602844238281e+01
1.137221050262451172e+01
1.276536273956298828e+01
1.146559715270996094e+01
1.128073692321777344e+01
1.136485481262207031e+01
1.266604328155517578e+01
1.169429874420166016e+01
1.129253673553466797e+01
1.154141712188720703e+01
1.144196414947509766e+01
1.216292667388916016e+01
1.268493843078613281e+01
1.149864768981933594e+01
1.129950714111328125e+01
1.191896057128906250e+01
1.194274711608886719e+01
1.126184558868408203e+01
1.161330127716064453e+01
1.155044746398925781e+01
1.120232391357421875e+01
1.159195995330810547e+01
1.172780513763427734e+01
1.215744495391845703e+01
1.168901538848876953e+01
1.170455741882324219e+01
1.114423370361328125e+01
1.122329330444335938e+01
1.186069393157958984e+01
1.155660533905029297e+01
1.255747985839843750e+01
1.175410079956054688e+01
1.129274845123291016e+01
1.153492546081542969e+01
1.168953609466552734e+01
1.124390220642089844e+01
1.097663497924804688e+01
1.170465087890625000e+01
1.350871467590332031e+01
1.170408439636230469e+01
1.136304569244384766e+01
1.178351783752441406e+01
1.181873798370361328e+01
1.120515155792236328e+01
1.294788932800292969e+01
1.149511814117431641e+01
1.149628353118896484e+01
1.107042121887207031e+01
1.153659057617187500e+01
1.257603836059570312e+01
1.203116893768310547e+01
1.112526321411132812e+01
1.182842063903808594e+01
1.234403705596923828e+01
1.132072734832763672e+01
1.172038841247558594e+01
1.167284965515136719e+01
1.175696754455566406e+01
1.142513561248779297e+01
1.057988929748535156e+01
1.144801616668701172e+01
1.172712612152099609e+01
1.227950954437255859e+01
1.284219264984130859e+01
9.942404747009277344e+00
1.125851917266845703e+01
1.180131435394287109e+01
1.129741954803466797e+01
1.103824138641357422e+01
1.157489776611328125e+01
1.081143760681152344e+01
1.165990352630615234e+01
1.114866256713867188e+01
1.153730392456054688e+01
1.116322422027587891e+01
1.194614982604980469e+01
1.117006969451904297e+01
1.177255916595458984e+01
1.136170578002929688e+01
1.180612564086914062e+01
1.170338916778564453e+01
1.190078449249267578e+01
1.191226768493652344e+01
1.124290943145751953e+01
1.163695716857910156e+01
1.228864669799804688e+01
1.115039157867431641e+01
1.067087936401367188e+01
1.181618881225585938e+01
1.158284759521484375e+01
1.109399890899658203e+01
1.158652782440185547e+01
1.167080307006835938e+01
1.140699386596679688e+01
1.141866397857666016e+01
1.169118785858154297e+01
1.108243560791015625e+01
1.247482109069824219e+01
1.134904766082763672e+01
1.115944766998291016e+01
9.495900154113769531e+00
1.419332981109619141e+01
1.122271537780761719e+01
1.070218849182128906e+01
1.127895355224609375e+01
1.262436008453369141e+01
1.222220230102539062e+01
1.141780853271484375e+01
1.120459651947021484e+01
1.183028221130371094e+01
1.132777690887451172e+01
1.200092506408691406e+01
1.144353866577148438e+01
1.221037864685058594e+01
1.153561305999755859e+01
1.135449409484863281e+01
1.181462001800537109e+01
1.230247020721435547e+01
1.094205665588378906e+01
1.165821266174316406e+01
1.116518592834472656e+01
1.166441631317138672e+01
1.207792186737060547e+01
1.128123378753662109e+01
1.251274776458740234e+01
1.157074832916259766e+01
1.152565956115722656e+01
1.164252853393554688e+01
1.122826766967773438e+01
1.167427921295166016e+01
1.093774509429931641e+01
1.135667324066162109e+01
1.126029491424560547e+01
1.195545387268066406e+01
1.145887565612792969e+01
1.196699047088623047e+01
1.149366760253906250e+01
1.359778881072998047e+01
1.115926647186279297e+01
1.149441719055175781e+01
1.198013114929199219e+01
1.216913700103759766e+01
1.197552013397216797e+01
1.165563488006591797e+01
1.184343624114990234e+01
1.148296928405761719e+01
1.121015453338623047e+01
1.157771396636962891e+01
1.178942394256591797e+01
1.206256008148193359e+01
1.168374443054199219e+01
1.164603996276855469e+01
1.117519664764404297e+01
1.108935451507568359e+01
1.187409210205078125e+01
1.152546596527099609e+01
1.200493240356445312e+01
1.207023429870605469e+01
1.154733562469482422e+01
1.132253456115722656e+01
1.174606513977050781e+01
1.294370651245117188e+01
1.162337684631347656e+01
1.148709774017333984e+01
1.225574684143066406e+01
1.191561126708984375e+01
1.167276096343994141e+01
1.168353843688964844e+01
1.177955627441406250e+01
1.130809211730957031e+01
1.149880599975585938e+01
1.167967891693115234e+01
1.160840415954589844e+01
1.166430473327636719e+01
1.188810348510742188e+01
1.033628177642822266e+01
1.117064094543457031e+01
1.125101184844970703e+01
1.190601825714111328e+01
1.159555530548095703e+01
1.124572467803955078e+01
1.137124156951904297e+01
1.176942062377929688e+01
1.064761257171630859e+01
1.184952545166015625e+01
1.191087150573730469e+01
1.189773559570312500e+01
1.139113140106201172e+01
1.136213874816894531e+01
1.134359931945800781e+01
1.203744602203369141e+01
1.178123664855957031e+01
1.107364368438720703e+01
1.128899860382080078e+01
1.122420597076416016e+01
1.169930934906005859e+01
1.160309219360351562e+01
1.184079742431640625e+01
1.086566257476806641e+01
1.168606090545654297e+01
1.169860267639160156e+01
1.066206359863281250e+01
1.137573909759521484e+01
1.147692871093750000e+01
1.138443660736083984e+01
1.198388004302978516e+01
1.162323951721191406e+01
1.202969074249267578e+01
1.094959068298339844e+01
1.165951156616210938e+01
1.169794559478759766e+01
1.153112030029296875e+01
1.143606472015380859e+01
1.146213626861572266e+01
1.104701614379882812e+01
1.176654338836669922e+01
1.183837318420410156e+01
1.176254177093505859e+01
1.146600437164306641e+01
1.140025424957275391e+01
1.133935165405273438e+01
1.134407520294189453e+01
1.178138446807861328e+01
1.114423465728759766e+01
1.111844921112060547e+01
1.120973777770996094e+01
1.160685157775878906e+01
1.197410202026367188e+01
1.200908756256103516e+01
1.153746032714843750e+01
1.097838020324707031e+01
1.321143627166748047e+01
1.125841808319091797e+01
1.162538909912109375e+01
1.138402843475341797e+01
1.184554672241210938e+01
1.079050445556640625e+01
1.096317577362060547e+01
1.168177890777587891e+01
1.123604106903076172e+01
1.126811408996582031e+01
1.142850112915039062e+01
1.175121974945068359e+01
1.182120990753173828e+01
1.172277832031250000e+01
1.153834152221679688e+01
1.160092067718505859e+01
1.147590541839599609e+01
1.164042186737060547e+01
1.126277160644531250e+01
1.176333427429199219e+01
1.182305908203125000e+01
1.143172264099121094e+01
1.170345592498779297e+01
1.146368598937988281e+01
1.168096637725830078e+01
1.177962017059326172e+01
1.137591934204101562e+01
1.180641460418701172e+01
1.145459365844726562e+01
1.113517284393310547e+01
1.100058460235595703e+01
1.252949714660644531e+01
1.181189060211181641e+01
1.126592063903808594e+01
1.174384784698486328e+01
1.335046386718750000e+01
1.169286251068115234e+01
1.164514923095703125e+01
1.223910617828369141e+01
1.162629508972167969e+01
1.160625648498535156e+01
1.113533592224121094e+01
1.190281772613525391e+01
1.145677661895751953e+01
1.107275962829589844e+01
1.158943462371826172e+01
1.150308227539062500e+01
1.161470699310302734e+01
1.166838073730468750e+01
1.199822425842285156e+01
1.189445877075195312e+01
1.162297439575195312e+01
1.130012798309326172e+01
1.173412990570068359e+01
1.151472377777099609e+01
1.148197937011718750e+01
1.156376552581787109e+01
1.145412731170654297e+01
1.119809627532958984e+01
1.162759113311767578e+01
1.156370067596435547e+01
1.131994056701660156e+01
1.084199619293212891e+01
1.142431068420410156e+01
1.173699092864990234e+01
1.151590061187744141e+01
1.192396450042724609e+01
1.123114299774169922e+01
1.158487510681152344e+01
1.185980415344238281e+01
1.155627441406250000e+01
1.188852882385253906e+01
1.122224330902099609e+01
1.172764873504638672e+01
1.170490455627441406e+01
1.123934650421142578e+01
1.186344432830810547e+01
1.182884788513183594e+01
1.088498210906982422e+01
1.173329925537109375e+01
1.206676387786865234e+01
1.116304588317871094e+01
1.148658561706542969e+01
1.147303485870361328e+01
1.147580242156982422e+01
1.162201404571533203e+01
1.141992568969726562e+01
1.146605682373046875e+01
1.098893070220947266e+01
1.149515819549560547e+01
1.177356815338134766e+01
1.135418033599853516e+01
1.118811511993408203e+01
1.154337978363037109e+01
1.104326534271240234e+01
1.135470676422119141e+01
1.176129245758056641e+01
1.101693820953369141e+01
1.266802501678466797e+01
1.173970222473144531e+01
1.075597190856933594e+01
1.208969402313232422e+01
1.097834205627441406e+01
1.141421604156494141e+01
1.143156242370605469e+01
1.215627002716064453e+01
1.162394428253173828e+01
1.146798801422119141e+01
1.139201831817626953e+01
1.183707141876220703e+01
1.165227127075195312e+01
1.114217567443847656e+01
1.224532890319824219e+01
1.156030750274658203e+01
1.163730907440185547e+01
1.193173599243164062e+01
1.103968906402587891e+01
1.197976303100585938e+01
1.147478580474853516e+01
1.087443161010742188e+01
1.179629802703857422e+01
1.145918941497802734e+01
1.116876983642578125e+01
1.164032363891601562e+01
1.101641845703125000e+01
1.047168254852294922e+01
1.183897590637207031e+01
1.147100257873535156e+01
1.137966537475585938e+01
1.165407466888427734e+01
1.129240226745605469e+01
1.125519180297851562e+01
1.229231262207031250e+01
1.144166183471679688e+01
1.149608039855957031e+01
1.251976013183593750e+01
1.129421043395996094e+01
1.131345844268798828e+01
1.125851345062255859e+01
1.215107917785644531e+01
1.131557655334472656e+01
1.120342350006103516e+01
1.146280670166015625e+01
1.152004623413085938e+01
1.193786621093750000e+01
1.155483341217041016e+01
1.164730072021484375e+01
1.153561973571777344e+01
1.154950809478759766e+01
1.114618587493896484e+01
1.148157882690429688e+01
1.169218063354492188e+01
1.169327831268310547e+01
1.157756233215332031e+01
1.173588085174560547e+01
1.167003822326660156e+01
1.124954509735107422e+01
1.182681083679199219e+01
1.143638038635253906e+01
1.196231842041015625e+01
1.134174346923828125e+01
1.128811550140380859e+01
1.107233715057373047e+01
1.108625984191894531e+01
1.178743934631347656e+01
1.143966007232666016e+01
1.109305477142333984e+01
1.127937984466552734e+01
1.187505722045898438e+01
1.148818016052246094e+01
1.104450130462646484e+01
1.150929260253906250e+01
1.118623542785644531e+01
1.197260189056396484e+01
1.114478492736816406e+01
1.199186992645263672e+01
1.115010929107666016e+01
1.128123950958251953e+01
1.182211685180664062e+01
1.247184944152832031e+01
1.160747051239013672e+01
1.086962890625000000e+01
1.142466163635253906e+01
1.180374908447265625e+01
1.174847412109375000e+01
1.195964717864990234e+01
1.158058834075927734e+01
1.133373832702636719e+01
1.124522686004638672e+01
1.220032787322998047e+01
1.139562702178955078e+01
1.153487968444824219e+01
1.129950904846191406e+01
1.150265693664550781e+01
1.167329597473144531e+01
1.153459739685058594e+01
1.158601379394531250e+01
1.161849403381347656e+01
1.122096633911132812e+01
1.114023113250732422e+01
1.142992019653320312e+01
1.272213172912597656e+01
1.156012344360351562e+01
1.152632904052734375e+01
1.151349735260009766e+01
1.148463821411132812e+01
1.158976459503173828e+01
1.095455646514892578e+01
1.104527378082275391e+01
1.062684917449951172e+01
1.145278644561767578e+01
1.182609558105468750e+01
1.156960678100585938e+01
1.137724494934082031e+01
1.144954776763916016e+01
1.156932735443115234e+01
1.151626396179199219e+01
1.130820369720458984e+01
1.223853588104248047e+01
1.278003883361816406e+01
1.124028682708740234e+01
1.157896041870117188e+01
1.193031597137451172e+01
1.096289539337158203e+01
1.329544830322265625e+01
1.133857917785644531e+01
1.124066257476806641e+01
1.147707176208496094e+01
1.153948402404785156e+01
1.291660499572753906e+01
1.227629184722900391e+01
1.137694454193115234e+01
1.143706989288330078e+01
1.175799465179443359e+01
1.169776725769042969e+01
1.141284942626953125e+01
1.167929744720458984e+01
1.160029315948486328e+01
1.133493328094482422e+01
1.272993278503417969e+01
1.182153034210205078e+01
1.138574504852294922e+01
1.067091464996337891e+01
1.126409053802490234e+01
1.184039211273193359e+01
1.072576904296875000e+01
1.180130863189697266e+01
1.154808044433593750e+01
1.150581455230712891e+01
1.173708629608154297e+01
1.172184181213378906e+01
1.121337413787841797e+01
1.128566265106201172e+01
1.103505134582519531e+01
1.086069011688232422e+01
1.141116809844970703e+01
1.127973175048828125e+01
1.150821208953857422e+01
1.191745185852050781e+01
1.132345962524414062e+01
1.176720142364501953e+01
1.150344753265380859e+01
1.170343494415283203e+01
1.095391750335693359e+01
1.180116271972656250e+01
1.180039501190185547e+01
1.122037696838378906e+01
1.122165203094482422e+01
1.155499458312988281e+01
1.167018795013427734e+01
1.119361972808837891e+01
1.163143730163574219e+01
1.138807487487792969e+01
1.148118686676025391e+01
1.095744132995605469e+01
1.044474411010742188e+01
1.166013145446777344e+01
1.142835903167724609e+01
1.219728183746337891e+01
1.140006637573242188e+01
1.147200393676757812e+01
1.121650886535644531e+01
1.143783092498779297e+01
1.169083404541015625e+01
1.128766059875488281e+01
1.147145557403564453e+01
1.128931903839111328e+01
1.103460311889648438e+01
1.144749450683593750e+01
1.145413208007812500e+01
1.153833770751953125e+01
1.125176334381103516e+01
1.260815143585205078e+01
1.177297496795654297e+01
1.148825263977050781e+01
1.182816219329833984e+01
1.182193946838378906e+01
1.175378322601318359e+01
1.155187034606933594e+01
1.136425781250000000e+01
1.139652442932128906e+01
1.162025928497314453e+01
1.136106300354003906e+01
1.131189346313476562e+01
1.154624748229980469e+01
1.161742401123046875e+01
1.117423057556152344e+01
1.043332767486572266e+01
1.146136188507080078e+01
1.156497859954833984e+01
1.282371616363525391e+01
1.176001930236816406e+01
1.181462383270263672e+01
1.163787460327148438e+01
1.148153209686279297e+01
1.190364265441894531e+01
1.126564216613769531e+01
1.146836662292480469e+01
1.164337158203125000e+01
1.143961811065673828e+01
1.104701137542724609e+01
1.300977993011474609e+01
1.110885047912597656e+01
1.151372623443603516e+01
1.130918121337890625e+01
1.131045341491699219e+01
1.124324607849121094e+01
1.252863025665283203e+01
1.122326850891113281e+01
1.131961536407470703e+01
1.133281135559082031e+01
1.179952049255371094e+01
1.178640747070312500e+01
1.145131015777587891e+01
1.192504692077636719e+01
1.121182918548583984e+01
1.119938755035400391e+01
1.158880805969238281e+01
1.151090908050537109e+01
1.066559600830078125e+01
1.156497287750244141e+01
1.125089168548583984e+01
1.111583042144775391e+01
1.066296672821044922e+01
1.151356601715087891e+01
1.173224639892578125e+01
1.128727340698242188e+01
1.140542793273925781e+01
1.204510211944580078e+01
1.146366977691650391e+01
1.148318767547607422e+01
1.125479030609130859e+01
1.106394386291503906e+01
1.211845779418945312e+01
1.176418685913085938e+01
1.153696727752685547e+01
1.112834835052490234e+01
1.160701751708984375e+01
1.160685443878173828e+01
1.119623851776123047e+01
1.142160987854003906e+01
1.060619831085205078e+01
1.181258487701416016e+01
1.167698478698730469e+01
1.130463695526123047e+01
1.157860183715820312e+01
1.141423416137695312e+01
1.089075183868408203e+01
1.098561859130859375e+01
1.138619518280029297e+01
1.169730186462402344e+01
1.209271240234375000e+01
1.135401248931884766e+01
1.195729827880859375e+01
1.160223579406738281e+01
1.131388854980468750e+01
1.181423473358154297e+01
1.121885967254638672e+01
1.180429553985595703e+01
1.258909320831298828e+01
1.151325988769531250e+01
1.299038410186767578e+01
1.146897411346435547e+01
1.163667583465576172e+01
1.183881568908691406e+01
1.170547103881835938e+01
1.164970302581787109e+01
1.146718597412109375e+01
1.157395553588867188e+01
1.159019851684570312e+01
1.181663036346435547e+01
1.100982570648193359e+01
1.169476127624511719e+01
1.146466064453125000e+01
1.224709796905517578e+01
1.143478202819824219e+01
1.157432460784912109e+01
1.075945568084716797e+01
1.100656890869140625e+01
1.097560691833496094e+01
1.109934711456298828e+01
1.161132526397705078e+01
1.108350563049316406e+01
1.168290805816650391e+01
1.096145534515380859e+01
1.141790390014648438e+01
1.123171138763427734e+01
1.146735191345214844e+01
1.164275455474853516e+01
1.153048801422119141e+01
1.123195552825927734e+01
1.115779495239257812e+01
1.164929676055908203e+01
1.069686412811279297e+01
1.140663909912109375e+01
1.168861770629882812e+01
1.061433696746826172e+01
1.129990100860595703e+01
1.177316093444824219e+01
1.093146419525146484e+01
1.112585830688476562e+01
1.169639396667480469e+01
1.041204071044921875e+01
1.256824302673339844e+01
1.110442352294921875e+01
1.138517570495605469e+01
1.137669467926025391e+01
1.181053161621093750e+01
1.236808967590332031e+01
1.170994567871093750e+01
1.159984397888183594e+01
1.155889034271240234e+01
1.176431655883789062e+01
1.162924003601074219e+01
1.193511772155761719e+01
1.160222625732421875e+01
1.148489761352539062e+01
1.104740619659423828e+01
1.134765243530273438e+01
1.144857120513916016e+01
1.165220832824707031e+01
1.151920127868652344e+01
1.164616775512695312e+01
1.155277633666992188e+01
1.164899063110351562e+01
1.195393371582031250e+01
1.279203128814697266e+01
1.173935985565185547e+01
1.086383152008056641e+01
1.169741249084472656e+01
1.209941673278808594e+01
1.139700603485107422e+01
1.154712772369384766e+01
1.165809249877929688e+01
1.175087547302246094e+01
1.184265041351318359e+01
1.170850563049316406e+01
1.136611270904541016e+01
1.073134803771972656e+01
1.102401447296142578e+01
1.117877674102783203e+01
1.125551509857177734e+01
1.156782245635986328e+01
1.128164482116699219e+01
1.140498256683349609e+01
1.171592998504638672e+01
1.195704174041748047e+01
1.119756793975830078e+01
1.149527168273925781e+01
1.171791172027587891e+01
1.147854328155517578e+01
1.146832847595214844e+01
1.294346237182617188e+01
1.152176856994628906e+01
1.116382694244384766e+01
1.197406291961669922e+01
1.113125038146972656e+01
1.115554141998291016e+01
1.102445793151855469e+01
1.185212993621826172e+01
1.121603202819824219e+01
1.190172004699707031e+01
1.168870925903320312e+01
1.197715377807617188e+01
1.072942066192626953e+01
1.191165065765380859e+01
1.146874523162841797e+01
1.199057292938232422e+01
1.132305908203125000e+01
1.153741931915283203e+01
1.187020111083984375e+01
1.235536670684814453e+01
1.160554885864257812e+01
1.183311939239501953e+01
1.046472644805908203e+01
1.184721565246582031e+01
1.123692226409912109e+01
1.165817928314208984e+01
1.154382133483886719e+01
1.195544624328613281e+01
1.162262535095214844e+01
1.132353019714355469e+01
1.137569141387939453e+01
1.117888450622558594e+01
1.104627227783203125e+01
1.106336021423339844e+01
1.119172477722167969e+01
1.000416374206542969e+01
1.159389686584472656e+01
1.146510601043701172e+01
1.155054473876953125e+01
1.143421268463134766e+01
1.218937969207763672e+01
1.168650436401367188e+01
1.155811023712158203e+01
1.129360389709472656e+01
1.072342872619628906e+01
1.164951992034912109e+01
1.207593441009521484e+01
1.306091594696044922e+01
1.193271160125732422e+01
1.138461971282958984e+01
1.169191837310791016e+01
1.144198417663574219e+01
1.175599575042724609e+01
1.078023529052734375e+01
1.166515064239501953e+01
1.328065586090087891e+01
1.193249320983886719e+01
1.154925346374511719e+01
1.220669651031494141e+01
1.204379558563232422e+01
1.146186637878417969e+01
1.221351623535156250e+01
1.273979663848876953e+01
1.155693149566650391e+01
1.078328800201416016e+01
1.236641025543212891e+01
1.133385181427001953e+01
1.159920215606689453e+01
1.115604782104492188e+01
1.131801509857177734e+01
1.116119384765625000e+01
1.164528083801269531e+01
1.163648223876953125e+01
1.251703929901123047e+01
1.087325286865234375e+01
1.240862941741943359e+01
1.152306079864501953e+01
1.131183147430419922e+01
1.109442424774169922e+01
1.148115539550781250e+01
1.166009998321533203e+01
1.148033905029296875e+01
1.116503429412841797e+01
1.160024356842041016e+01
1.133820915222167969e+01
1.175837326049804688e+01
1.043008041381835938e+01
1.244936752319335938e+01
1.118715953826904297e+01
1.145720005035400391e+01
1.143867397308349609e+01
1.153223800659179688e+01
1.241566658020019531e+01
1.080527019500732422e+01
1.138117122650146484e+01
1.210234737396240234e+01
1.121407794952392578e+01
1.131260299682617188e+01
1.136056232452392578e+01
1.120023345947265625e+01
1.105715274810791016e+01
1.118719387054443359e+01
1.143884468078613281e+01
1.124009990692138672e+01
1.155393505096435547e+01
1.112245845794677734e+01
1.151989078521728516e+01
1.162119197845458984e+01
1.261207389831542969e+01
1.170970058441162109e+01
1.146760177612304688e+01
1.128807544708251953e+01
1.164576530456542969e+01
1.127793502807617188e+01
1.170231342315673828e+01
1.157465934753417969e+01
1.119834709167480469e+01
1.167318725585937500e+01
1.165221881866455078e+01
1.169608974456787109e+01
1.156487941741943359e+01
1.162074089050292969e+01
1.179966163635253906e+01
1.148034572601318359e+01
1.167220973968505859e+01
1.157082748413085938e+01
1.199172115325927734e+01
1.084230422973632812e+01
1.166911983489990234e+01
1.159027099609375000e+01
1.138285446166992188e+01
1.143811321258544922e+01
1.149124050140380859e+01
1.200414562225341797e+01
1.143972015380859375e+01
1.139888191223144531e+01
1.078967952728271484e+01
1.161721611022949219e+01
1.339444828033447266e+01
1.101391315460205078e+01
1.143818569183349609e+01
1.139946365356445312e+01
1.150559139251708984e+01
1.168767452239990234e+01
1.133822059631347656e+01
1.145899963378906250e+01
1.192379188537597656e+01
1.146920490264892578e+01
1.118930435180664062e+01
1.177588653564453125e+01
1.129384422302246094e+01
1.167227935791015625e+01
1.136673927307128906e+01
1.138787364959716797e+01
1.042752742767333984e+01
1.216217899322509766e+01
1.175379848480224609e+01
1.120708847045898438e+01
1.097172641754150391e+01
1.213607120513916016e+01
1.127669715881347656e+01
1.169575309753417969e+01
1.046569442749023438e+01
1.121889591217041016e+01
1.158039760589599609e+01
1.146786117553710938e+01
1.160474967956542969e+01
1.111303329467773438e+01
1.197980785369873047e+01
1.135550689697265625e+01
1.172723102569580078e+01
1.238077163696289062e+01
1.121085166931152344e+01
1.122057819366455078e+01
1.111398601531982422e+01
1.144456386566162109e+01
1.150746440887451172e+01
1.155997943878173828e+01
1.136947727203369141e+01
1.152280902862548828e+01
1.173227977752685547e+01
1.146455574035644531e+01
1.085034465789794922e+01
1.152618980407714844e+01
1.102603435516357422e+01
1.195813655853271484e+01
1.163799953460693359e+01
1.107412624359130859e+01
1.166516780853271484e+01
1.169906902313232422e+01
1.136929130554199219e+01
1.131211471557617188e+01
1.133221530914306641e+01
1.160266208648681641e+01
1.147586727142333984e+01
1.176873779296875000e+01
1.188870429992675781e+01
1.156324863433837891e+01
1.144453811645507812e+01
1.227275753021240234e+01
1.227371883392333984e+01
1.097429656982421875e+01
1.178490734100341797e+01
1.141415119171142578e+01
1.165394115447998047e+01
1.209215736389160156e+01
1.133586025238037109e+01
1.226464271545410156e+01
1.147539043426513672e+01
1.248386573791503906e+01
1.187956809997558594e+01
1.160695075988769531e+01
1.165158653259277344e+01
1.134983634948730469e+01
1.021166515350341797e+01
1.173967361450195312e+01
1.139844608306884766e+01
1.141230773925781250e+01
1.160790157318115234e+01
1.169033622741699219e+01
1.155565452575683594e+01
1.106151294708251953e+01
1.123316001892089844e+01
1.123598003387451172e+01
1.145596790313720703e+01
1.153483390808105469e+01
1.121654510498046875e+01
1.189903640747070312e+01
1.166944217681884766e+01
1.159208488464355469e+01
1.211157035827636719e+01
1.161291790008544922e+01
1.175784206390380859e+01
1.157113361358642578e+01
1.207937335968017578e+01
1.215121364593505859e+01
1.156565856933593750e+01
1.110239696502685547e+01
1.121544551849365234e+01
1.182245349884033203e+01
1.252627372741699219e+01
1.170361328125000000e+01
1.106733417510986328e+01
1.255660152435302734e+01
1.121676540374755859e+01
1.137276268005371094e+01
1.120100021362304688e+01
1.082743740081787109e+01
1.090893554687500000e+01
1.138147258758544922e+01
1.197171974182128906e+01
1.183715915679931641e+01
1.140106010437011719e+01
1.172156524658203125e+01
1.231209945678710938e+01
1.143631172180175781e+01
1.153696060180664062e+01
1.147993946075439453e+01
1.160834598541259766e+01
1.162148284912109375e+01
1.110501289367675781e+01
1.197322082519531250e+01
1.152294540405273438e+01
1.144914722442626953e+01
1.139949703216552734e+01
1.236610889434814453e+01
1.137083911895751953e+01
1.149954509735107422e+01
1.157710742950439453e+01
1.198480319976806641e+01
1.151349067687988281e+01
1.133784294128417969e+01
1.257040691375732422e+01
1.168902301788330078e+01
1.110542964935302734e+01
1.237672901153564453e+01
1.220219039916992188e+01
1.096243476867675781e+01
1.007679939270019531e+01
1.142682266235351562e+01
1.177972126007080078e+01
1.159344577789306641e+01
1.150873565673828125e+01
1.326772880554199219e+01
1.104386329650878906e+01
1.094731712341308594e+01
1.170770835876464844e+01
1.166462612152099609e+01
1.119451999664306641e+01
1.160895442962646484e+01
1.198302173614501953e+01
1.133007144927978516e+01
1.313348865509033203e+01
1.157952499389648438e+01
1.122281837463378906e+01
1.208521461486816406e+01
1.133463191986083984e+01
1.157310199737548828e+01
1.232215785980224609e+01
1.164022445678710938e+01
1.183833885192871094e+01
1.174180316925048828e+01
1.121527767181396484e+01
1.187439823150634766e+01
1.179290771484375000e+01
1.178214073181152344e+01
1.148211574554443359e+01
1.098464965820312500e+01
1.128610897064208984e+01
1.167974472045898438e+01
1.118197536468505859e+01
1.136347293853759766e+01
1.065863704681396484e+01
1.092185211181640625e+01
1.139855098724365234e+01
1.189683341979980469e+01
1.166357326507568359e+01
1.181194972991943359e+01
1.220927143096923828e+01
1.150656795501708984e+01
1.129946327209472656e+01
1.212757682800292969e+01
1.164747810363769531e+01
1.129039764404296875e+01
1.106451511383056641e+01
1.132866764068603516e+01
1.151752090454101562e+01
1.098471164703369141e+01
1.178269100189208984e+01
1.177543735504150391e+01
1.166330051422119141e+01
1.107989978790283203e+01
1.113421154022216797e+01
1.017664337158203125e+01
1.274802780151367188e+01
1.108629608154296875e+01
1.099010848999023438e+01
1.084917163848876953e+01
1.101300239562988281e+01
1.207744407653808594e+01
1.186289024353027344e+01
1.125994300842285156e+01
1.168542289733886719e+01
1.162374782562255859e+01
1.113933086395263672e+01
1.154544639587402344e+01
1.136559295654296875e+01
1.161915111541748047e+01
1.104059314727783203e+01
1.124865436553955078e+01
1.081204795837402344e+01
1.161712932586669922e+01
1.185080432891845703e+01
1.173691177368164062e+01
1.127503681182861328e+01
1.197519874572753906e+01
1.259318923950195312e+01
1.146201133728027344e+01
1.161574459075927734e+01
1.126416397094726562e+01
1.129101562500000000e+01
1.127762317657470703e+01
1.118013191223144531e+01
1.154478263854980469e+01
1.161246299743652344e+01
1.177619075775146484e+01
1.162890148162841797e+01
1.198233509063720703e+01
1.178338432312011719e+01
1.159322738647460938e+01
1.108613586425781250e+01
1.190358543395996094e+01
1.233312797546386719e+01
1.128009510040283203e+01
1.131201839447021484e+01
1.119703388214111328e+01
1.163033580780029297e+01
1.123214721679687500e+01
1.226978206634521484e+01
1.111945343017578125e+01
1.145687389373779297e+01
1.094182300567626953e+01
1.163413238525390625e+01
1.192539596557617188e+01
1.126144218444824219e+01
1.190585231781005859e+01
1.150154876708984375e+01
1.113157749176025391e+01
1.204661655426025391e+01
1.133057594299316406e+01
1.160135078430175781e+01
1.110717868804931641e+01
1.148171329498291016e+01
1.285628700256347656e+01
1.181732940673828125e+01
1.126028823852539062e+01
1.195662593841552734e+01
1.190180110931396484e+01
1.124246406555175781e+01
1.160858440399169922e+01
1.185348510742187500e+01
1.156501293182373047e+01
1.148901462554931641e+01
1.163280773162841797e+01
1.141350936889648438e+01
1.156297874450683594e+01
1.083895111083984375e+01
1.147265720367431641e+01
1.183181858062744141e+01
1.149059104919433594e+01
1.149152374267578125e+01
1.135345840454101562e+01
1.174398136138916016e+01
1.164531421661376953e+01
1.182591724395751953e+01
1.113089752197265625e+01
1.092484855651855469e+01
1.129686927795410156e+01
1.172519683837890625e+01
1.155784225463867188e+01
1.052880382537841797e+01
1.168629741668701172e+01
1.190628719329833984e+01
1.165290641784667969e+01
1.143444728851318359e+01
1.154392147064208984e+01
1.112493038177490234e+01
1.135042572021484375e+01
1.143007946014404297e+01
1.108660793304443359e+01
1.131990623474121094e+01
1.080221271514892578e+01
1.161407947540283203e+01
1.169433307647705078e+01
1.127290630340576172e+01
1.232298278808593750e+01
1.121332836151123047e+01
1.159603977203369141e+01
1.143076324462890625e+01
1.157239818572998047e+01
1.109179973602294922e+01
1.151913642883300781e+01
1.149249458312988281e+01
1.135105323791503906e+01
1.121114349365234375e+01
1.182180786132812500e+01
1.306064319610595703e+01
1.106301689147949219e+01
1.150275707244873047e+01
1.182544040679931641e+01
1.153884792327880859e+01
1.131576728820800781e+01
1.145384597778320312e+01
1.151879215240478516e+01
1.146585273742675781e+01
1.192401599884033203e+01
1.143771648406982422e+01
1.149726104736328125e+01
1.166455745697021484e+01
1.133601474761962891e+01
1.084892368316650391e+01
1.120808029174804688e+01
1.130680942535400391e+01
1.169841098785400391e+01
1.317308521270751953e+01
1.181320381164550781e+01
1.153968715667724609e+01
1.152944374084472656e+01
1.145189380645751953e+01
1.115404510498046875e+01
1.183880424499511719e+01
1.172973155975341797e+01
1.128033161163330078e+01
1.131539535522460938e+01
1.208880329132080078e+01
1.117399978637695312e+01
1.147743606567382812e+01
1.134665107727050781e+01
1.122797584533691406e+01
1.178874111175537109e+01
1.141375350952148438e+01
1.100951480865478516e+01
1.154043388366699219e+01
1.198193454742431641e+01
1.117563533782958984e+01
1.187588691711425781e+01
1.233347988128662109e+01
1.235499191284179688e+01
1.146975803375244141e+01
1.196276378631591797e+01
1.235267448425292969e+01
1.252968120574951172e+01
1.195068740844726562e+01
1.111643409729003906e+01
1.158167171478271484e+01
1.137460422515869141e+01
1.135430526733398438e+01
1.154488086700439453e+01
1.103596401214599609e+01
1.117388057708740234e+01
1.126964187622070312e+01
1.171899890899658203e+01
1.373097705841064453e+01
1.107085418701171875e+01
1.158605957031250000e+01
1.166351795196533203e+01
1.355479431152343750e+01
1.249950790405273438e+01
1.147347831726074219e+01
1.078071308135986328e+01
1.153825283050537109e+01
1.173063850402832031e+01
1.129047870635986328e+01
1.138922882080078125e+01
1.252131080627441406e+01
1.184191799163818359e+01
1.159839439392089844e+01
1.156932163238525391e+01
1.168162631988525391e+01
1.153938961029052734e+01
1.154830455780029297e+01
1.180053615570068359e+01
1.168779563903808594e+01
1.180520915985107422e+01
1.140883636474609375e+01
1.142514514923095703e+01
1.158626556396484375e+01
1.018124866485595703e+01
1.181347560882568359e+01
1.142651939392089844e+01
1.078530502319335938e+01
1.113255691528320312e+01
1.151667308807373047e+01
1.170309925079345703e+01
1.156251811981201172e+01
1.125008964538574219e+01
1.148124313354492188e+01
1.171443080902099609e+01
1.144230747222900391e+01
1.127453136444091797e+01
1.132294464111328125e+01
1.214589691162109375e+01
1.127682113647460938e+01
1.141532707214355469e+01
1.128612041473388672e+01
1.204446125030517578e+01
1.141790580749511719e+01
1.164202785491943359e+01
1.148303890228271484e+01
1.154374313354492188e+01
1.135678291320800781e+01
1.124189186096191406e+01
1.156333541870117188e+01
1.114072132110595703e+01
1.173293495178222656e+01
1.130761814117431641e+01
1.143918800354003906e+01
1.187782573699951172e+01
1.142629814147949219e+01
1.182581329345703125e+01
1.172315025329589844e+01
1.161785411834716797e+01
1.146885013580322266e+01
1.196552944183349609e+01
1.148351860046386719e+01
1.231885623931884766e+01
1.172832965850830078e+01
1.195044040679931641e+01
1.172952842712402344e+01
1.151141262054443359e+01
1.114287948608398438e+01
1.121395969390869141e+01
1.189012050628662109e+01
1.112023162841796875e+01
1.121006774902343750e+01
1.226220035552978516e+01
1.135711479187011719e+01
1.110490703582763672e+01
1.178874397277832031e+01
1.263234806060791016e+01
1.161130905151367188e+01
1.156608104705810547e+01
1.142747497558593750e+01
1.162920570373535156e+01
1.123305225372314453e+01
1.177009677886962891e+01
1.148792457580566406e+01
1.146690082550048828e+01
1.177467441558837891e+01
1.058023738861083984e+01
1.201572799682617188e+01
1.129825592041015625e+01
1.126356029510498047e+01
1.145115661621093750e+01
1.181155204772949219e+01
1.132853031158447266e+01
1.022410202026367188e+01
1.177323627471923828e+01
1.106391239166259766e+01
1.185238742828369141e+01
1.116350364685058594e+01
1.174095153808593750e+01
1.227034664154052734e+01
1.155403518676757812e+01
1.156404304504394531e+01
1.190996742248535156e+01
1.136946296691894531e+01
1.111784744262695312e+01
1.115362930297851562e+01
1.139299201965332031e+01
1.045503330230712891e+01
1.122062587738037109e+01
1.140858078002929688e+01
1.144515037536621094e+01
1.154445171356201172e+01
1.132688903808593750e+01
1.184811687469482422e+01
1.068252086639404297e+01
1.149197387695312500e+01
1.005845737457275391e+01
1.206228256225585938e+01
1.135555934906005859e+01
1.123563003540039062e+01
1.103817844390869141e+01
1.107190799713134766e+01
1.109296226501464844e+01
1.111553382873535156e+01
1.127161026000976562e+01
1.211273670196533203e+01
1.081436824798583984e+01
1.253291893005371094e+01
1.141245555877685547e+01
1.165497589111328125e+01
1.181918907165527344e+01
1.132807350158691406e+01
1.130932331085205078e+01
1.067758369445800781e+01
1.130835723876953125e+01
1.135706233978271484e+01
1.163271522521972656e+01
1.124892044067382812e+01
1.133141517639160156e+01
1.119124603271484375e+01
1.115596008300781250e+01
1.133333396911621094e+01
1.175725173950195312e+01
1.169477748870849609e+01
1.065128135681152344e+01
1.175244808197021484e+01
1.166462516784667969e+01
1.228262996673583984e+01
1.099800014495849609e+01
1.173234558105468750e+01
1.146733570098876953e+01
1.162268638610839844e+01
1.142595291137695312e+01
1.121051311492919922e+01
1.172101116180419922e+01
1.224998855590820312e+01
1.191510200500488281e+01
1.124172115325927734e+01
1.124324798583984375e+01
1.175625133514404297e+01
1.135641384124755859e+01
1.158015251159667969e+01
1.140281486511230469e+01
1.229443073272705078e+01
1.160515022277832031e+01
1.115421867370605469e+01
1.152678489685058594e+01
1.177472400665283203e+01
1.135734081268310547e+01
1.094644641876220703e+01
1.183689498901367188e+01
1.175648498535156250e+01
1.126066875457763672e+01
1.167797374725341797e+01
1.169888877868652344e+01
1.179910469055175781e+01
1.158092117309570312e+01
1.122673130035400391e+01
1.173395919799804688e+01
1.185096549987792969e+01
1.179784774780273438e+01
1.163535118103027344e+01
1.146766662597656250e+01
1.134050941467285156e+01
1.190813541412353516e+01
1.208293724060058594e+01
1.171557617187500000e+01
1.148651981353759766e+01
1.207978534698486328e+01
1.113100337982177734e+01
1.159807968139648438e+01
1.272740840911865234e+01
1.186868953704833984e+01
1.124610805511474609e+01
1.149083328247070312e+01
1.113458633422851562e+01
1.163270568847656250e+01
1.099776077270507812e+01
1.148409366607666016e+01
1.180602836608886719e+01
1.120457267761230469e+01
1.115950489044189453e+01
1.146845722198486328e+01
1.133820724487304688e+01
1.079492568969726562e+01
1.365298080444335938e+01
1.158112621307373047e+01
1.081421566009521484e+01
1.161720561981201172e+01
1.128341293334960938e+01
1.166982173919677734e+01
1.154619979858398438e+01
1.157626533508300781e+01
1.152260589599609375e+01
1.157296276092529297e+01
1.199748420715332031e+01
1.179868316650390625e+01
1.158147716522216797e+01
1.140880298614501953e+01
1.260515213012695312e+01
1.186549949645996094e+01
1.189236736297607422e+01
1.185751533508300781e+01
1.206138896942138672e+01
1.158945941925048828e+01
1.160119342803955078e+01
1.156685829162597656e+01
1.153403282165527344e+01
1.152157688140869141e+01
1.154929161071777344e+01
1.094118022918701172e+01
1.041118335723876953e+01
1.154675960540771484e+01
1.170774936676025391e+01
1.161915111541748047e+01
1.177311038970947266e+01
1.129009342193603516e+01
1.170365047454833984e+01
1.212252044677734375e+01
1.143677139282226562e+01
1.171034431457519531e+01
1.006340885162353516e+01
1.212633800506591797e+01
1.091849136352539062e+01
1.177916717529296875e+01
1.104835891723632812e+01
1.168037414550781250e+01
1.150346088409423828e+01
1.069107151031494141e+01
1.084348487854003906e+01
1.143582248687744141e+01
1.120355129241943359e+01
1.188424777984619141e+01
1.151161861419677734e+01
1.132752609252929688e+01
1.146976566314697266e+01
1.148649692535400391e+01
1.127934646606445312e+01
1.138982295989990234e+01
1.165565109252929688e+01
1.111929512023925781e+01
1.188349246978759766e+01
1.211906623840332031e+01
1.142208003997802734e+01
1.163345432281494141e+01
1.183588600158691406e+01
1.159405899047851562e+01
1.161397171020507812e+01
1.232222843170166016e+01
1.118516731262207031e+01
1.185392093658447266e+01
1.101346397399902344e+01
1.166884613037109375e+01
1.131545543670654297e+01
1.124146461486816406e+01
1.141985988616943359e+01
1.102829074859619141e+01
1.126504325866699219e+01
1.141162204742431641e+01
1.174670791625976562e+01
1.165462017059326172e+01
1.140585899353027344e+01
1.024482250213623047e+01
1.139058399200439453e+01
1.131545734405517578e+01
1.107388210296630859e+01
1.217348575592041016e+01
1.226228618621826172e+01
1.145844459533691406e+01
1.114477348327636719e+01
1.097310447692871094e+01
1.149196052551269531e+01
1.182025909423828125e+01
1.203379154205322266e+01
1.150984668731689453e+01
1.145966720581054688e+01
1.179980278015136719e+01
1.137888240814208984e+01
1.203592300415039062e+01
1.129829120635986328e+01
1.209446620941162109e+01
1.144944381713867188e+01
1.177242660522460938e+01
1.141286659240722656e+01
1.133514118194580078e+01
1.086405849456787109e+01
1.175929641723632812e+01
1.114377975463867188e+01
1.042565917968750000e+01
1.139850711822509766e+01
1.149408245086669922e+01
1.160777091979980469e+01
1.073180580139160156e+01
1.159254264831542969e+01
1.124950408935546875e+01
1.148463249206542969e+01
1.115335083007812500e+01
1.188338184356689453e+01
1.146938228607177734e+01
1.125911140441894531e+01
1.127279663085937500e+01
1.108813190460205078e+01
1.148774814605712891e+01
1.194497013092041016e+01
1.110753059387207031e+01
1.108322715759277344e+01
1.173971366882324219e+01
1.233162689208984375e+01
1.145571422576904297e+01
1.162679100036621094e+01
1.188830089569091797e+01
1.132670879364013672e+01
1.120073413848876953e+01
1.156857776641845703e+01
1.145870876312255859e+01
9.865321159362792969e+00
1.155070400238037109e+01
1.214424800872802734e+01
1.144816780090332031e+01
1.160178470611572266e+01
1.193300151824951172e+01
1.192332077026367188e+01
1.213391590118408203e+01
1.224011039733886719e+01
1.133121871948242188e+01
1.149508762359619141e+01
1.152032089233398438e+01
1.144948101043701172e+01
1.127042961120605469e+01
1.171625995635986328e+01
1.144099712371826172e+01
1.135829734802246094e+01
1.179510211944580078e+01
1.172527313232421875e+01
1.189032459259033203e+01
1.172356128692626953e+01
1.191656970977783203e+01
1.155670833587646484e+01
1.116943264007568359e+01
1.161938762664794922e+01
1.153944015502929688e+01
1.125008583068847656e+01
1.157073402404785156e+01
1.133863830566406250e+01
1.232703971862792969e+01
1.112336349487304688e+01
1.135986518859863281e+01
1.246046829223632812e+01
1.141498756408691406e+01
1.066601848602294922e+01
1.241397380828857422e+01
1.159767913818359375e+01
1.153231525421142578e+01
1.145018959045410156e+01
1.137805080413818359e+01
1.175310230255126953e+01
1.119094371795654297e+01
1.186638355255126953e+01
1.174037456512451172e+01
1.135159683227539062e+01
1.162908744812011719e+01
1.289724254608154297e+01
1.079129505157470703e+01
1.269971466064453125e+01
1.150743484497070312e+01
1.143451213836669922e+01
1.153434944152832031e+01
1.171678829193115234e+01
1.178835296630859375e+01
1.154729080200195312e+01
1.164363956451416016e+01
1.129381465911865234e+01
1.165733051300048828e+01
1.155215930938720703e+01
1.166250896453857422e+01
1.127272415161132812e+01
1.138889789581298828e+01
1.033424186706542969e+01
1.281733512878417969e+01
1.141866588592529297e+01
1.078631782531738281e+01
1.096463108062744141e+01
1.130667972564697266e+01
1.119430828094482422e+01
1.149153041839599609e+01
1.124828433990478516e+01
1.120945262908935547e+01
1.117670536041259766e+01
1.228536987304687500e+01
1.175714206695556641e+01
1.184772205352783203e+01
1.145627212524414062e+01
1.168941307067871094e+01
1.091492843627929688e+01
1.144670486450195312e+01
1.157059574127197266e+01
1.111168956756591797e+01
1.071942806243896484e+01
1.124505424499511719e+01
1.169786643981933594e+01
1.158968734741210938e+01
1.171133995056152344e+01
1.205202102661132812e+01
1.129376125335693359e+01
1.182948112487792969e+01
1.146119594573974609e+01
1.140122032165527344e+01
1.146182537078857422e+01
1.128813648223876953e+01
1.346590995788574219e+01
1.194935226440429688e+01
1.317582988739013672e+01
1.189094638824462891e+01
1.296189785003662109e+01
1.113447856903076172e+01
1.138971614837646484e+01
1.255058383941650391e+01
1.137225341796875000e+01
1.148148250579833984e+01
1.180225563049316406e+01
1.087077236175537109e+01
1.174974155426025391e+01
1.118786334991455078e+01
1.311784839630126953e+01
1.142070293426513672e+01
1.104181671142578125e+01
1.169172191619873047e+01
1.104362297058105469e+01
1.120130920410156250e+01
1.122528743743896484e+01
1.124373626708984375e+01
1.166075229644775391e+01
1.105795097351074219e+01
1.095714282989501953e+01
1.144618797302246094e+01
1.117444705963134766e+01
1.170702362060546875e+01
1.125093364715576172e+01
1.265993690490722656e+01
1.159405136108398438e+01
1.124272155761718750e+01
1.138148117065429688e+01
1.174034309387207031e+01
1.168987560272216797e+01
1.062405967712402344e+01
1.215393638610839844e+01
1.121950817108154297e+01
1.172713184356689453e+01
1.144907569885253906e+01
1.132123565673828125e+01
1.093447971343994141e+01
1.220819377899169922e+01
1.251921463012695312e+01
1.110089302062988281e+01
1.189903926849365234e+01
1.169355678558349609e+01
1.180697822570800781e+01
1.208841705322265625e+01
1.182721233367919922e+01
1.202200126647949219e+01
1.182252502441406250e+01
1.155324554443359375e+01
1.175117397308349609e+01
1.170210838317871094e+01
1.164726734161376953e+01
1.160584545135498047e+01
1.132197856903076172e+01
1.253849315643310547e+01
1.179173278808593750e+01
1.183438682556152344e+01
1.120991516113281250e+01
1.153502368927001953e+01
1.108800697326660156e+01
1.169030570983886719e+01
1.131298923492431641e+01
1.179774284362792969e+01
1.116169452667236328e+01
1.164083003997802734e+01
1.188049221038818359e+01
1.171834182739257812e+01
1.178412818908691406e+01
1.192122554779052734e+01
1.178674507141113281e+01
1.207155704498291016e+01
1.177126598358154297e+01
1.122788619995117188e+01
1.096509552001953125e+01
1.177071666717529297e+01
1.144891834259033203e+01
1.150066375732421875e+01
1.171534538269042969e+01
1.149713420867919922e+01
1.197059726715087891e+01
1.139242267608642578e+01
1.198394298553466797e+01
1.218538379669189453e+01
1.104315757751464844e+01
1.126922798156738281e+01
1.163667011260986328e+01
1.180026054382324219e+01
1.122723293304443359e+01
9.935524940490722656e+00
1.112053203582763672e+01
1.141395664215087891e+01
1.168517589569091797e+01
1.176367759704589844e+01
1.113807964324951172e+01
1.134640407562255859e+01
1.168451118469238281e+01
1.173661327362060547e+01
1.320604991912841797e+01
1.105689048767089844e+01
1.167548751831054688e+01
1.147817230224609375e+01
1.171778202056884766e+01
1.147146606445312500e+01
1.113667774200439453e+01
1.135371303558349609e+01
1.220314311981201172e+01
1.340048980712890625e+01
1.197487258911132812e+01
1.176514816284179688e+01
1.114797687530517578e+01
1.125959968566894531e+01
1.154602146148681641e+01
1.147647285461425781e+01
1.142051219940185547e+01
1.114639663696289062e+01
1.161438846588134766e+01
1.117867374420166016e+01
1.160975456237792969e+01
1.200786685943603516e+01
1.115829944610595703e+01
1.163604736328125000e+01
1.162472248077392578e+01
1.194442462921142578e+01
1.147741317749023438e+01
1.133337020874023438e+01
1.145614910125732422e+01
1.171791648864746094e+01
1.111485481262207031e+01
1.143546772003173828e+01
1.156040191650390625e+01
1.101112842559814453e+01
1.161272621154785156e+01
1.154534530639648438e+01
1.168545246124267578e+01
1.210451221466064453e+01
1.178581333160400391e+01
1.129750823974609375e+01
1.183830738067626953e+01
1.149779415130615234e+01
1.007990550994873047e+01
1.154793834686279297e+01
1.171839332580566406e+01
1.121211242675781250e+01
1.161058139801025391e+01
1.117876815795898438e+01
1.177168369293212891e+01
1.145007801055908203e+01
1.128894329071044922e+01
1.107027530670166016e+01
1.095607471466064453e+01
1.147063350677490234e+01
1.153879642486572266e+01
1.108129596710205078e+01
1.189030361175537109e+01
1.111789989471435547e+01
1.139929962158203125e+01
1.108713150024414062e+01
1.129296970367431641e+01
1.117161083221435547e+01
1.153603935241699219e+01
1.222924709320068359e+01
1.180275917053222656e+01
1.210219573974609375e+01
1.187199115753173828e+01
1.199714469909667969e+01
1.053338336944580078e+01
1.184779453277587891e+01
1.304169368743896484e+01
1.250951480865478516e+01
1.155316162109375000e+01
1.146193027496337891e+01
1.167105579376220703e+01
1.171647071838378906e+01
1.143420028686523438e+01
1.160150814056396484e+01
1.144085693359375000e+01
1.166905117034912109e+01
1.162084388732910156e+01
1.168166923522949219e+01
1.196365547180175781e+01
1.211162281036376953e+01
1.180032157897949219e+01
1.083492183685302734e+01
1.194448375701904297e+01
1.134162044525146484e+01
1.131422138214111328e+01
1.114727497100830078e+01
1.104781436920166016e+01
1.165070438385009766e+01
1.109771251678466797e+01
1.166693305969238281e+01
1.113594150543212891e+01
1.131581783294677734e+01
1.136943817138671875e+01
1.153990745544433594e+01
1.187488651275634766e+01
1.257393360137939453e+01
1.247451591491699219e+01
1.153646469116210938e+01
1.355522537231445312e+01
1.152974033355712891e+01
1.272683048248291016e+01
1.121823883056640625e+01
1.120051097869873047e+01
1.129917907714843750e+01
1.150112628936767578e+01
1.169464778900146484e+01
1.217879581451416016e+01
1.174881553649902344e+01
1.160800266265869141e+01
1.129419422149658203e+01
1.135872650146484375e+01
1.174944686889648438e+01
1.160599803924560547e+01
1.197963237762451172e+01
1.120547580718994141e+01
1.161374378204345703e+01
1.140854644775390625e+01
1.130640029907226562e+01
1.175305366516113281e+01
1.158355617523193359e+01
1.139135169982910156e+01
1.170830535888671875e+01
1.157925128936767578e+01
1.077029895782470703e+01
1.120831012725830078e+01
1.159660243988037109e+01
1.316589736938476562e+01
1.182302570343017578e+01
1.159320735931396484e+01
1.235106182098388672e+01
1.060810470581054688e+01
1.160765457153320312e+01
1.207550048828125000e+01
1.174070167541503906e+01
1.134804916381835938e+01
1.119548225402832031e+01
1.205087184906005859e+01
1.177584457397460938e+01
1.040065479278564453e+01
1.170271778106689453e+01
1.187410926818847656e+01
1.118989658355712891e+01
1.144166469573974609e+01
1.199176216125488281e+01
1.166822242736816406e+01
1.109578990936279297e+01
1.058458042144775391e+01
1.113749885559082031e+01
1.164949607849121094e+01
1.137997627258300781e+01
1.165001678466796875e+01
1.134468269348144531e+01
1.178430271148681641e+01
1.077122592926025391e+01
1.046930313110351562e+01
1.174587821960449219e+01
1.165557193756103516e+01
1.130756092071533203e+01
1.155050277709960938e+01
1.166236209869384766e+01
1.136959266662597656e+01
1.141085624694824219e+01
1.189677238464355469e+01
1.111500263214111328e+01
1.209883785247802734e+01
1.237545299530029297e+01
1.156284332275390625e+01
1.173451137542724609e+01
1.140569019317626953e+01
1.185806465148925781e+01
1.162343215942382812e+01
1.153603839874267578e+01
1.154753494262695312e+01
1.081780719757080078e+01
1.118813323974609375e+01
1.264064788818359375e+01
1.175467872619628906e+01
1.126740360260009766e+01
1.209900379180908203e+01
1.142832183837890625e+01
1.138851070404052734e+01
1.149336624145507812e+01
1.186509132385253906e+01
1.150553512573242188e+01
1.171643161773681641e+01
1.170033740997314453e+01
1.234246730804443359e+01
1.172899150848388672e+01
1.185690498352050781e+01
1.148906993865966797e+01
1.230723762512207031e+01
1.129724407196044922e+01
1.166606235504150391e+01
1.188155078887939453e+01
1.148193740844726562e+01
1.158826637268066406e+01
1.239379596710205078e+01
1.140382194519042969e+01
1.108669471740722656e+01
1.110790920257568359e+01
1.154863452911376953e+01
1.152754020690917969e+01
1.086698246002197266e+01
1.174398517608642578e+01
1.195595550537109375e+01
1.154020214080810547e+01
1.177217388153076172e+01
1.215212726593017578e+01
1.153117656707763672e+01
1.154295349121093750e+01
1.144176578521728516e+01
1.289312553405761719e+01
1.129682445526123047e+01
1.162739181518554688e+01
1.183874797821044922e+01
1.176185035705566406e+01
1.191808128356933594e+01
1.165272235870361328e+01
1.152024173736572266e+01
1.152767276763916016e+01
1.132630443572998047e+01
1.147177219390869141e+01
1.221147632598876953e+01
1.070894432067871094e+01
1.160417842864990234e+01
1.193369007110595703e+01
1.117260551452636719e+01
1.157009220123291016e+01
1.154973030090332031e+01
1.086779880523681641e+01
1.164739418029785156e+01
1.155512142181396484e+01
1.200645351409912109e+01
1.155598545074462891e+01
1.156357669830322266e+01
1.114196491241455078e+01
1.327459144592285156e+01
1.125277996063232422e+01
1.108967018127441406e+01
1.143062591552734375e+01
1.188220214843750000e+01
1.140096187591552734e+01
1.150218486785888672e+01
1.111036300659179688e+01
1.161599540710449219e+01
1.107760429382324219e+01
1.115748691558837891e+01
1.135061454772949219e+01
9.369131088256835938e+00
1.043249130249023438e+01
1.282895660400390625e+01
1.316385459899902344e+01
1.163606166839599609e+01
1.122045707702636719e+01
1.263056945800781250e+01
1.164570140838623047e+01
1.118531036376953125e+01
1.158230209350585938e+01
1.147186279296875000e+01
1.144057178497314453e+01
1.164348983764648438e+01
1.187106227874755859e+01
1.121334362030029297e+01
1.142972850799560547e+01
1.121175861358642578e+01
1.199416351318359375e+01
1.135725688934326172e+01
1.152595043182373047e+01
1.128384113311767578e+01
1.093916034698486328e+01
1.151751708984375000e+01
1.152019023895263672e+01
1.114626216888427734e+01
1.136290645599365234e+01
1.104601669311523438e+01
1.140971183776855469e+01
1.128293895721435547e+01
1.214587593078613281e+01
1.196101188659667969e+01
1.133932399749755859e+01
1.133908081054687500e+01
1.150760555267333984e+01
1.124459171295166016e+01
1.110492229461669922e+01
1.192329406738281250e+01
1.191082000732421875e+01
1.190906906127929688e+01
1.140869235992431641e+01
1.179202079772949219e+01
1.153778934478759766e+01
1.167552852630615234e+01
1.196173858642578125e+01
1.157501888275146484e+01
1.168056201934814453e+01
1.131909847259521484e+01
1.111677742004394531e+01
1.132711505889892578e+01
1.130822658538818359e+01
1.162943458557128906e+01
1.185318279266357422e+01
1.137998199462890625e+01
1.126990795135498047e+01
1.152758121490478516e+01
1.188249969482421875e+01
1.136894893646240234e+01
1.161817646026611328e+01
1.086862087249755859e+01
1.109283256530761719e+01
1.165798282623291016e+01
1.117910957336425781e+01
1.108658790588378906e+01
1.186240482330322266e+01
1.151213932037353516e+01
1.169380664825439453e+01
1.122419357299804688e+01
1.168944549560546875e+01
1.190868949890136719e+01
1.102029800415039062e+01
1.347718906402587891e+01
1.133387756347656250e+01
1.143662261962890625e+01
1.070531845092773438e+01
1.167025470733642578e+01
1.180863857269287109e+01
1.220281410217285156e+01
1.118908500671386719e+01
1.148571205139160156e+01
1.160544490814208984e+01
1.171249961853027344e+01
1.158064556121826172e+01
1.306293582916259766e+01
1.149590492248535156e+01
1.190709495544433594e+01
1.136164379119873047e+01
1.121594524383544922e+01
1.170611381530761719e+01
1.138874626159667969e+01
1.109503364562988281e+01
1.189718151092529297e+01
1.177602958679199219e+01
1.125856781005859375e+01
1.162887001037597656e+01
1.174815177917480469e+01
1.166040515899658203e+01
1.305253124237060547e+01
1.164064025878906250e+01
1.153317451477050781e+01
1.170680236816406250e+01
1.112462997436523438e+01
1.118129920959472656e+01
1.129157924652099609e+01
1.108335399627685547e+01
1.123732566833496094e+01
1.141525459289550781e+01
1.140944766998291016e+01
1.180825519561767578e+01
1.148703002929687500e+01
1.174030590057373047e+01
1.118929386138916016e+01
1.125208282470703125e+01
1.214614295959472656e+01
1.103269958496093750e+01
1.101077461242675781e+01
1.111751556396484375e+01
1.153740119934082031e+01
1.132070446014404297e+01
1.145849514007568359e+01
1.149860191345214844e+01
1.152681732177734375e+01
1.192550468444824219e+01
1.039838886260986328e+01
1.163498210906982422e+01
1.134530448913574219e+01
1.145799446105957031e+01
1.156938171386718750e+01
1.190083026885986328e+01
1.073194599151611328e+01
1.138883781433105469e+01
1.168350315093994141e+01
1.142359161376953125e+01
9.840368270874023438e+00
1.155625247955322266e+01
1.155847358703613281e+01
1.169098758697509766e+01
1.201613712310791016e+01
1.177259731292724609e+01
1.231998825073242188e+01
1.170366096496582031e+01
1.153947544097900391e+01
1.051541328430175781e+01
1.095865154266357422e+01
1.184564781188964844e+01
1.120742607116699219e+01
1.128248023986816406e+01
1.115799713134765625e+01
1.111847114562988281e+01
1.179010677337646484e+01
1.261621284484863281e+01
1.141134262084960938e+01
1.146802997589111328e+01
1.199965190887451172e+01
1.150709819793701172e+01
1.103120994567871094e+01
1.194215869903564453e+01
1.138298034667968750e+01
1.144412326812744141e+01
1.140792465209960938e+01
1.142321205139160156e+01
1.181355285644531250e+01
1.036208820343017578e+01
1.198641395568847656e+01
1.222263240814208984e+01
1.168844890594482422e+01
1.179561233520507812e+01
1.113140773773193359e+01
1.183232879638671875e+01
1.220893955230712891e+01
1.220596981048583984e+01
1.241044712066650391e+01
1.178269481658935547e+01
1.146742057800292969e+01
1.154529380798339844e+01
1.111022949218750000e+01
1.128264617919921875e+01
1.155228519439697266e+01
1.154962921142578125e+01
1.172617626190185547e+01
1.159247207641601562e+01
1.117761707305908203e+01
1.167249584197998047e+01
1.158316230773925781e+01
1.133941745758056641e+01
1.206151771545410156e+01
1.039974498748779297e+01
1.158581638336181641e+01
1.185072612762451172e+01
1.150995349884033203e+01
1.129907417297363281e+01
1.141078090667724609e+01
1.167901420593261719e+01
1.261734676361083984e+01
1.148087882995605469e+01
1.169555091857910156e+01
1.194919013977050781e+01
1.144560527801513672e+01
1.172570514678955078e+01
1.162529468536376953e+01
1.199723625183105469e+01
1.061976242065429688e+01
1.146024608612060547e+01
1.197667312622070312e+01
1.145865535736083984e+01
1.162444591522216797e+01
1.258039665222167969e+01
1.150612163543701172e+01
1.150780963897705078e+01
1.123858642578125000e+01
1.124752235412597656e+01
1.146239376068115234e+01
1.120972061157226562e+01
1.146453762054443359e+01
1.120870494842529297e+01
1.172225761413574219e+01
1.088254642486572266e+01
1.112842750549316406e+01
1.246310520172119141e+01
1.148939418792724609e+01
1.136118125915527344e+01
1.180831050872802734e+01
1.221318912506103516e+01
1.177774429321289062e+01
1.105766391754150391e+01
1.128031539916992188e+01
1.222407817840576172e+01
1.215598297119140625e+01
1.114555358886718750e+01
1.096836566925048828e+01
1.169921398162841797e+01
1.164286804199218750e+01
1.168809700012207031e+01
1.164798927307128906e+01
1.164725303649902344e+01
1.120354175567626953e+01
1.161921405792236328e+01
1.142894744873046875e+01
1.157578277587890625e+01
1.154483032226562500e+01
1.177632713317871094e+01
1.130380821228027344e+01
1.172683334350585938e+01
1.140819263458251953e+01
1.202642059326171875e+01
1.236952495574951172e+01
1.214936256408691406e+01
1.146584320068359375e+01
1.202253723144531250e+01
1.152618789672851562e+01
1.110895919799804688e+01
1.122152709960937500e+01
1.198545074462890625e+01
1.152222537994384766e+01
1.205188655853271484e+01
1.118472766876220703e+01
1.051401901245117188e+01
1.163392162322998047e+01
1.191778564453125000e+01
1.162874889373779297e+01
1.147888183593750000e+01
1.153494548797607422e+01
1.164922046661376953e+01
1.116554832458496094e+01
1.045113372802734375e+01
1.162038612365722656e+01
1.222567653656005859e+01
1.153325366973876953e+01
1.126698684692382812e+01
1.253558063507080078e+01
1.177869892120361328e+01
1.133298206329345703e+01
1.078993511199951172e+01
1.175233745574951172e+01
1.150631999969482422e+01
1.104764270782470703e+01
1.149432945251464844e+01
1.366935920715332031e+01
1.098296833038330078e+01
1.169657802581787109e+01
1.119620418548583984e+01
1.153651428222656250e+01
1.198662567138671875e+01
1.225747489929199219e+01
1.108230876922607422e+01
1.110673332214355469e+01
1.131290721893310547e+01
1.165226650238037109e+01
1.144175434112548828e+01
1.167746925354003906e+01
1.251335525512695312e+01
1.158952617645263672e+01
1.183832359313964844e+01
1.156711769104003906e+01
1.202980899810791016e+01
1.151097106933593750e+01
1.124277496337890625e+01
1.195857143402099609e+01
1.157867050170898438e+01
1.126060771942138672e+01
1.118371486663818359e+01
1.316589069366455078e+01
1.174409198760986328e+01
1.167665958404541016e+01
1.201968479156494141e+01
1.160495662689208984e+01
1.150207805633544922e+01
1.141064548492431641e+01
1.053292274475097656e+01
1.140269374847412109e+01
1.167964839935302734e+01
1.147258663177490234e+01
1.178539276123046875e+01
1.164992713928222656e+01
1.158933925628662109e+01
1.133075523376464844e+01
1.160687923431396484e+01
1.159270477294921875e+01
1.195476436614990234e+01
1.157366085052490234e+01
1.112307071685791016e+01
1.133670806884765625e+01
1.137685871124267578e+01
1.164732360839843750e+01
1.159202384948730469e+01
1.113912105560302734e+01
1.125504493713378906e+01
1.163372707366943359e+01
1.118680572509765625e+01
1.136851692199707031e+01
1.113281917572021484e+01
1.183592700958251953e+01
1.177753162384033203e+01
1.147631645202636719e+01
1.136776256561279297e+01
1.144979667663574219e+01
1.233470058441162109e+01
1.124184513092041016e+01
1.017223644256591797e+01
1.166519546508789062e+01
1.155127716064453125e+01
1.184816551208496094e+01
1.134060287475585938e+01
1.167491149902343750e+01
1.165158557891845703e+01
1.136652469635009766e+01
1.146215629577636719e+01
1.212014675140380859e+01
1.110228729248046875e+01
1.105707168579101562e+01
1.029856300354003906e+01
1.172747516632080078e+01
1.177752971649169922e+01
1.149556922912597656e+01
1.122676181793212891e+01
1.254491519927978516e+01
1.164883136749267578e+01
1.203155994415283203e+01
1.057901763916015625e+01
1.175973510742187500e+01
1.162843704223632812e+01
1.122651672363281250e+01
1.194338798522949219e+01
1.171931552886962891e+01
1.092686462402343750e+01
1.106591606140136719e+01
1.116306972503662109e+01
1.175638866424560547e+01
1.352577114105224609e+01
1.127276229858398438e+01
1.091391754150390625e+01
1.128224945068359375e+01
1.115737628936767578e+01
1.187024879455566406e+01
1.182135295867919922e+01
1.202541160583496094e+01
1.103894329071044922e+01
1.187215423583984375e+01
1.129631614685058594e+01
1.186794948577880859e+01
1.281531143188476562e+01
1.129256439208984375e+01
1.136450195312500000e+01
1.241882419586181641e+01
1.283637905120849609e+01
1.130521297454833984e+01
1.206269550323486328e+01
1.173789501190185547e+01
1.161235713958740234e+01
1.144418144226074219e+01
1.158980941772460938e+01
1.165805053710937500e+01
1.136540222167968750e+01
1.156471252441406250e+01
1.220325851440429688e+01
1.121502590179443359e+01
1.114862823486328125e+01
1.149899864196777344e+01
1.168324947357177734e+01
1.142301368713378906e+01
1.146404933929443359e+01
1.197664546966552734e+01
1.196411705017089844e+01
1.148619842529296875e+01
1.110400962829589844e+01
1.111066532135009766e+01
1.135151672363281250e+01
1.155262279510498047e+01
1.113507270812988281e+01
1.152463150024414062e+01
1.111493587493896484e+01
1.180629062652587891e+01
1.135012149810791016e+01
1.176908969879150391e+01
1.144555282592773438e+01
1.159058761596679688e+01
1.144811534881591797e+01
1.083361434936523438e+01
1.279562759399414062e+01
1.272086524963378906e+01
1.147636318206787109e+01
1.273705291748046875e+01
1.107898044586181641e+01
1.107547664642333984e+01
1.207086563110351562e+01
1.186323547363281250e+01
1.166819953918457031e+01
1.199805736541748047e+01
1.149653244018554688e+01
1.137178802490234375e+01
1.227721309661865234e+01
1.105524826049804688e+01
1.173300170898437500e+01
1.127616405487060547e+01
1.141344451904296875e+01
1.156967067718505859e+01
1.184372997283935547e+01
1.231354522705078125e+01
1.153260326385498047e+01
1.194761943817138672e+01
1.160883998870849609e+01
1.236140727996826172e+01
1.201845264434814453e+01
1.162786293029785156e+01
1.254923915863037109e+01
1.112885761260986328e+01
1.140188884735107422e+01
1.138805580139160156e+01
1.043101119995117188e+01
1.200980186462402344e+01
1.161152648925781250e+01
1.131234359741210938e+01
1.157954025268554688e+01
1.143079090118408203e+01
1.140174865722656250e+01
1.157322406768798828e+01
1.166148757934570312e+01
1.167287540435791016e+01
1.178523063659667969e+01
1.128242301940917969e+01
1.165917015075683594e+01
1.155949211120605469e+01
1.150719070434570312e+01
1.122097778320312500e+01
1.094932842254638672e+01
1.360511112213134766e+01
1.171421337127685547e+01
1.185785102844238281e+01
1.138651847839355469e+01
1.219442749023437500e+01
1.180694961547851562e+01
1.093857765197753906e+01
1.158005714416503906e+01
1.178298950195312500e+01
1.117561531066894531e+01
1.223554039001464844e+01
1.167486476898193359e+01
1.089596366882324219e+01
1.190414047241210938e+01
1.168239974975585938e+01
1.195263576507568359e+01
1.185651206970214844e+01
1.120897483825683594e+01
1.130737972259521484e+01
1.150023651123046875e+01
1.115631580352783203e+01
1.214470863342285156e+01
1.157144451141357422e+01
1.225535678863525391e+01
1.208698081970214844e+01
1.159387302398681641e+01
1.185232830047607422e+01
1.110015392303466797e+01
1.187074375152587891e+01
9.970284461975097656e+00
1.181045722961425781e+01
1.250117969512939453e+01
1.167858123779296875e+01
1.190621566772460938e+01
1.151648044586181641e+01
1.138061523437500000e+01
1.136914825439453125e+01
1.172449493408203125e+01
1.127813053131103516e+01
1.138646221160888672e+01
1.264556026458740234e+01
1.190089893341064453e+01
1.153504657745361328e+01
1.183710289001464844e+01
1.157975769042968750e+01
1.153135013580322266e+01
1.249826431274414062e+01
1.118958377838134766e+01
1.150578308105468750e+01
1.152839565277099609e+01
1.176578330993652344e+01
1.116806983947753906e+01
1.164106464385986328e+01
1.161434459686279297e+01
1.156523418426513672e+01
1.143263244628906250e+01
1.154800987243652344e+01
1.150403499603271484e+01
1.103706264495849609e+01
1.119759654998779297e+01
1.224473381042480469e+01
1.136183166503906250e+01
1.136615085601806641e+01
1.166343212127685547e+01
1.168518829345703125e+01
1.285034084320068359e+01
1.106436443328857422e+01
1.220898723602294922e+01
1.139948558807373047e+01
1.158102512359619141e+01
1.097022533416748047e+01
1.215627288818359375e+01
1.122999286651611328e+01
1.145819091796875000e+01
1.108718967437744141e+01
1.128632831573486328e+01
1.302910995483398438e+01
1.111169528961181641e+01
1.209107208251953125e+01
1.147269630432128906e+01
1.167099380493164062e+01
1.106842041015625000e+01
1.177886199951171875e+01
1.162463092803955078e+01
1.177937030792236328e+01
1.088626766204833984e+01
1.346301841735839844e+01
1.154653263092041016e+01
1.141142845153808594e+01
1.133584308624267578e+01
1.176635456085205078e+01
1.176077270507812500e+01
1.215006065368652344e+01
1.155765628814697266e+01
1.176335334777832031e+01
1.159942340850830078e+01
1.130979442596435547e+01
1.154916667938232422e+01
1.164914321899414062e+01
1.212153434753417969e+01
1.196214485168457031e+01
1.181851959228515625e+01
1.154566478729248047e+01
1.204691505432128906e+01
1.191626453399658203e+01
1.136125946044921875e+01
1.128326702117919922e+01
1.125579547882080078e+01
1.120231246948242188e+01
1.247795772552490234e+01
1.022658824920654297e+01
1.123540687561035156e+01
1.143343353271484375e+01
1.270972728729248047e+01
1.143891906738281250e+01
1.158321857452392578e+01
1.172830390930175781e+01
1.130165576934814453e+01
1.180196857452392578e+01
1.130195713043212891e+01
1.158501625061035156e+01
1.139396572113037109e+01
1.189479923248291016e+01
1.125663471221923828e+01
1.128642749786376953e+01
1.161332035064697266e+01
1.166475009918212891e+01
1.114619445800781250e+01
1.148131275177001953e+01
1.203696823120117188e+01
1.130184268951416016e+01
1.145789241790771484e+01
1.118866539001464844e+01
1.133814907073974609e+01
1.121049594879150391e+01
1.177066612243652344e+01
1.346176815032958984e+01
1.178797817230224609e+01
1.131593036651611328e+01
1.079167938232421875e+01
1.140289211273193359e+01
1.108589553833007812e+01
1.136086559295654297e+01
1.166225719451904297e+01
1.164783954620361328e+01
1.103077602386474609e+01
1.200018215179443359e+01
1.120197772979736328e+01
1.109975719451904297e+01
1.125179576873779297e+01
1.170221710205078125e+01
1.150394153594970703e+01
1.114613246917724609e+01
1.188586044311523438e+01
1.168722152709960938e+01
1.141614055633544922e+01
1.137280654907226562e+01
1.147015666961669922e+01
1.135470771789550781e+01
1.162093830108642578e+01
1.233736610412597656e+01
1.157719802856445312e+01
1.133450031280517578e+01
1.154126453399658203e+01
1.369372749328613281e+01
1.143649005889892578e+01
1.207275772094726562e+01
1.244629287719726562e+01
1.119748878479003906e+01
1.023167705535888672e+01
1.183812236785888672e+01
1.036646366119384766e+01
1.180650520324707031e+01
1.143812656402587891e+01
1.126147651672363281e+01
1.173452663421630859e+01
1.131969165802001953e+01
1.174359416961669922e+01
1.158545875549316406e+01
1.119694900512695312e+01
1.168060588836669922e+01
1.127341556549072266e+01
1.189846229553222656e+01
1.178041648864746094e+01
1.189989185333251953e+01
1.128138637542724609e+01
1.196526622772216797e+01
1.124434757232666016e+01
1.151091957092285156e+01
1.201452255249023438e+01
1.193499660491943359e+01
1.148948574066162109e+01
1.183252906799316406e+01
1.093749618530273438e+01
1.096148586273193359e+01
1.228988838195800781e+01
1.195625877380371094e+01
1.146177577972412109e+01
1.179631996154785156e+01
1.235554981231689453e+01
1.172866630554199219e+01
1.233613681793212891e+01
1.026078891754150391e+01
1.177989959716796875e+01
1.138876247406005859e+01
1.115270805358886719e+01
1.151196575164794922e+01
1.183109951019287109e+01
1.199490833282470703e+01
1.207409572601318359e+01
1.271497821807861328e+01
1.152126789093017578e+01
1.166849422454833984e+01
1.176322650909423828e+01
1.110593986511230469e+01
1.154932212829589844e+01
1.135728263854980469e+01
1.157489967346191406e+01
1.160297775268554688e+01
1.120085525512695312e+01
1.323956775665283203e+01
1.154879188537597656e+01
1.086221122741699219e+01
1.099383449554443359e+01
1.175771427154541016e+01
1.210261726379394531e+01
1.158946800231933594e+01
1.156460952758789062e+01
1.165864562988281250e+01
1.185106086730957031e+01
1.115356731414794922e+01
1.186958503723144531e+01
1.133971309661865234e+01
1.133729267120361328e+01
1.227547359466552734e+01
1.190788269042968750e+01
1.135449123382568359e+01
1.116834640502929688e+01
1.176968574523925781e+01
1.142674255371093750e+01
1.159106540679931641e+01
1.195523834228515625e+01
1.132735061645507812e+01
1.059249210357666016e+01
1.171387577056884766e+01
1.140887641906738281e+01
1.092137241363525391e+01
1.152222061157226562e+01
1.168822288513183594e+01
1.173127651214599609e+01
1.161738681793212891e+01
1.136172199249267578e+01
1.211097335815429688e+01
1.179457855224609375e+01
1.072311210632324219e+01
1.205645942687988281e+01
1.215671730041503906e+01
1.175145721435546875e+01
1.165697956085205078e+01
1.173986053466796875e+01
1.133814334869384766e+01
1.135338497161865234e+01
1.185268878936767578e+01
1.136869239807128906e+01
1.178483295440673828e+01
1.134011268615722656e+01
1.214934253692626953e+01
1.154980182647705078e+01
1.183250999450683594e+01
1.113008975982666016e+01
1.151160049438476562e+01
1.133171081542968750e+01
1.191939926147460938e+01
1.331641674041748047e+01
1.174999046325683594e+01
1.105174922943115234e+01
1.142053985595703125e+01
1.133074951171875000e+01
1.103439140319824219e+01
1.166551399230957031e+01
1.189849662780761719e+01
1.264530467987060547e+01
1.176794338226318359e+01
1.118617153167724609e+01
1.184913349151611328e+01
1.134252548217773438e+01
1.155266475677490234e+01
1.115553760528564453e+01
1.125053882598876953e+01
1.191231536865234375e+01
1.193043613433837891e+01
1.103562355041503906e+01
1.132489776611328125e+01
1.189162635803222656e+01
1.191560649871826172e+01
1.184658813476562500e+01
1.117315578460693359e+01
1.148466110229492188e+01
1.165842056274414062e+01
1.111611366271972656e+01
1.176236915588378906e+01
1.130706501007080078e+01
1.153589916229248047e+01
1.172747707366943359e+01
1.161355400085449219e+01
1.143339443206787109e+01
1.151973533630371094e+01
1.159535217285156250e+01
1.155879116058349609e+01
1.138275814056396484e+01
1.185714626312255859e+01
1.149162864685058594e+01
1.119602489471435547e+01
1.151584625244140625e+01
1.137968254089355469e+01
1.180596828460693359e+01
1.242393970489501953e+01
1.155627441406250000e+01
1.163129711151123047e+01
1.125101757049560547e+01
1.149115943908691406e+01
1.178782081604003906e+01
1.155725479125976562e+01
1.223942565917968750e+01
1.163983058929443359e+01
1.215322780609130859e+01
1.182851791381835938e+01
1.105002307891845703e+01
1.186955547332763672e+01
1.129269695281982422e+01
1.146400928497314453e+01
1.163140010833740234e+01
1.221420860290527344e+01
1.152368927001953125e+01
1.222251033782958984e+01
1.121442413330078125e+01
1.165588569641113281e+01
1.163353347778320312e+01
1.114510154724121094e+01
1.176552009582519531e+01
1.190078163146972656e+01
1.209027481079101562e+01
1.172286033630371094e+01
1.119248676300048828e+01
1.173803043365478516e+01
1.184846305847167969e+01
1.213686752319335938e+01
1.106587982177734375e+01
1.174935436248779297e+01
1.200810813903808594e+01
1.141428184509277344e+01
1.178479576110839844e+01
1.182691478729248047e+01
1.151457881927490234e+01
1.163375949859619141e+01
1.171608829498291016e+01
1.180178451538085938e+01
1.121197986602783203e+01
1.119940853118896484e+01
1.204643058776855469e+01
1.142297267913818359e+01
1.136158847808837891e+01
1.194468402862548828e+01
1.140100479125976562e+01
1.145641231536865234e+01
1.118236351013183594e+01
1.158939266204833984e+01
1.302851009368896484e+01
1.134300613403320312e+01
1.204813575744628906e+01
1.167127990722656250e+01
1.144298076629638672e+01
1.126236152648925781e+01
1.153023719787597656e+01
1.110291862487792969e+01
1.115477561950683594e+01
1.155357551574707031e+01
1.123573780059814453e+01
1.019471645355224609e+01
1.104406547546386719e+01
1.119361495971679688e+01
1.167148303985595703e+01
1.155220222473144531e+01
1.148851871490478516e+01
1.175433826446533203e+01
1.146138381958007812e+01
1.207963180541992188e+01
1.172003936767578125e+01
1.199706459045410156e+01
1.050554943084716797e+01
1.109260559082031250e+01
1.171786212921142578e+01
1.128714656829833984e+01
1.119732475280761719e+01
1.138927268981933594e+01
1.174844074249267578e+01
1.338768672943115234e+01
1.126199913024902344e+01
1.148532104492187500e+01
1.105841541290283203e+01
1.196523666381835938e+01
1.152177238464355469e+01
1.144190025329589844e+01
1.153812217712402344e+01
1.082426261901855469e+01
1.152988147735595703e+01
1.131396484375000000e+01
1.185611152648925781e+01
1.156511402130126953e+01
1.154536151885986328e+01
1.058023262023925781e+01
1.126155757904052734e+01
1.119536399841308594e+01
1.129220676422119141e+01
1.189449787139892578e+01
1.205636119842529297e+01
1.202369689941406250e+01
1.108093261718750000e+01
1.180143833160400391e+01
1.109745121002197266e+01
1.225181198120117188e+01
1.162566661834716797e+01
1.180973148345947266e+01
1.128015041351318359e+01
1.124855899810791016e+01
1.161822605133056641e+01
1.161544609069824219e+01
1.232065677642822266e+01
1.101055240631103516e+01
1.047862815856933594e+01
1.152341651916503906e+01
1.231701755523681641e+01
1.143071651458740234e+01
1.310280323028564453e+01
1.169855785369873047e+01
1.179409122467041016e+01
1.200035667419433594e+01
1.121452617645263672e+01
1.132580757141113281e+01
1.158536434173583984e+01
1.141257095336914062e+01
1.264633178710937500e+01
1.148817634582519531e+01
1.176396179199218750e+01
1.103607940673828125e+01
1.166506481170654297e+01
1.135287570953369141e+01
1.163436698913574219e+01
1.123101615905761719e+01
1.182343387603759766e+01
1.139799308776855469e+01
1.144147491455078125e+01
1.149506092071533203e+01
1.170125293731689453e+01
1.300961017608642578e+01
1.117083644866943359e+01
1.135692882537841797e+01
1.179426670074462891e+01
1.171981048583984375e+01
1.155049133300781250e+01
1.159561920166015625e+01
1.162087154388427734e+01
1.139504623413085938e+01
1.185984230041503906e+01
1.127206420898437500e+01
1.013095474243164062e+01
1.180695343017578125e+01
1.211553478240966797e+01
1.147012042999267578e+01
1.171689033508300781e+01
1.143173694610595703e+01
1.129400920867919922e+01
1.155397605895996094e+01
1.141630268096923828e+01
1.112013816833496094e+01
1.193502521514892578e+01
1.116077327728271484e+01
1.178862857818603516e+01
1.157436275482177734e+01
1.130328845977783203e+01
1.221330356597900391e+01
1.115469837188720703e+01
1.269530487060546875e+01
1.037440776824951172e+01
1.138182926177978516e+01
1.174439048767089844e+01
1.142557334899902344e+01
1.325117969512939453e+01
1.064597988128662109e+01
1.162626552581787109e+01
1.163821697235107422e+01
1.180390548706054688e+01
1.066429042816162109e+01
1.202599334716796875e+01
1.163804531097412109e+01
1.162868404388427734e+01
1.175844764709472656e+01
1.163643646240234375e+01
1.148777484893798828e+01
1.194709491729736328e+01
1.182306671142578125e+01
1.156965160369873047e+01
1.197588157653808594e+01
1.145184516906738281e+01
1.170733547210693359e+01
1.128843498229980469e+01
1.121288204193115234e+01
1.106247997283935547e+01
1.122159576416015625e+01
1.195027828216552734e+01
1.131986141204833984e+01
1.148817253112792969e+01
1.094814395904541016e+01
1.118338775634765625e+01
1.123184967041015625e+01
1.105199527740478516e+01
1.145164299011230469e+01
1.081970977783203125e+01
1.070235824584960938e+01
1.182059192657470703e+01
1.164826202392578125e+01
1.168051338195800781e+01
1.139792537689208984e+01
1.192783260345458984e+01
1.165337753295898438e+01
1.217569828033447266e+01
1.179605007171630859e+01
1.201279926300048828e+01
1.195535945892333984e+01
1.197124767303466797e+01
1.194823074340820312e+01
1.190556430816650391e+01
1.162749290466308594e+01
1.132207107543945312e+01
1.167483139038085938e+01
1.161684703826904297e+01
1.200597286224365234e+01
1.200603389739990234e+01
1.188971519470214844e+01
1.156951427459716797e+01
1.150549697875976562e+01
1.233180522918701172e+01
1.116304397583007812e+01
1.148581981658935547e+01
1.110220527648925781e+01
1.141165924072265625e+01
1.127051544189453125e+01
1.180526161193847656e+01
1.165638637542724609e+01
1.094654464721679688e+01
1.155246353149414062e+01
1.127401161193847656e+01
1.148549842834472656e+01
1.125105381011962891e+01
1.164714527130126953e+01
1.118826961517333984e+01
1.104648399353027344e+01
1.183694171905517578e+01
1.139468860626220703e+01
1.152680683135986328e+01
1.124982643127441406e+01
1.156023883819580078e+01
1.142890357971191406e+01
1.146898937225341797e+01
1.141130447387695312e+01
1.168332672119140625e+01
1.193831729888916016e+01
1.013784980773925781e+01
1.207257652282714844e+01
1.127600955963134766e+01
1.135201454162597656e+01
1.155824565887451172e+01
1.163998985290527344e+01
1.189693450927734375e+01
1.109427452087402344e+01
1.194059371948242188e+01
1.164421272277832031e+01
1.059300422668457031e+01
1.146764469146728516e+01
1.157940196990966797e+01
1.099986839294433594e+01
1.123168468475341797e+01
1.098624706268310547e+01
1.133490180969238281e+01
1.225891304016113281e+01
1.205554103851318359e+01
1.182433223724365234e+01
1.095860004425048828e+01
1.121070766448974609e+01
1.132702350616455078e+01
1.132941913604736328e+01
1.141093635559082031e+01
1.196053886413574219e+01
1.131422233581542969e+01
1.178420829772949219e+01
1.150460529327392578e+01
1.195132446289062500e+01
1.212775039672851562e+01
1.167503261566162109e+01
1.037018489837646484e+01
1.163397884368896484e+01
1.138949108123779297e+01
1.057206821441650391e+01
1.137338256835937500e+01
1.158512115478515625e+01
1.253948688507080078e+01
1.123944377899169922e+01
1.117543506622314453e+01
1.140981769561767578e+01
1.113090515136718750e+01
1.113722896575927734e+01
1.115827560424804688e+01
1.112572097778320312e+01
1.134798336029052734e+01
1.128561973571777344e+01
1.242487144470214844e+01
1.233182334899902344e+01
1.139043426513671875e+01
1.167346096038818359e+01
1.120837593078613281e+01
1.151086330413818359e+01
1.036434745788574219e+01
1.147119617462158203e+01
1.137965965270996094e+01
1.139042282104492188e+01
1.212153911590576172e+01
1.142983913421630859e+01
1.132787513732910156e+01
1.122112178802490234e+01
1.137860107421875000e+01
1.171740722656250000e+01
1.124487781524658203e+01
1.143343257904052734e+01
1.266166400909423828e+01
1.169798183441162109e+01
1.150123119354248047e+01
1.148963165283203125e+01
1.154775047302246094e+01
1.187275886535644531e+01
1.305813980102539062e+01
1.154376792907714844e+01
1.176791477203369141e+01
1.196536922454833984e+01
1.134964275360107422e+01
1.195310783386230469e+01
1.119975185394287109e+01
1.187907409667968750e+01
1.149723148345947266e+01
1.173876571655273438e+01
1.154861640930175781e+01
1.144557952880859375e+01
1.199897193908691406e+01
1.165113162994384766e+01
1.150671672821044922e+01
1.152168464660644531e+01
1.141538429260253906e+01
1.174780082702636719e+01
1.133299827575683594e+01
1.190123367309570312e+01
1.014961910247802734e+01
1.182512950897216797e+01
1.152554988861083984e+01
1.303409385681152344e+01
1.144943046569824219e+01
1.154346084594726562e+01
1.156905078887939453e+01
1.145392894744873047e+01
1.154069805145263672e+01
1.184318351745605469e+01
1.178080749511718750e+01
1.179841518402099609e+01
1.164263343811035156e+01
1.271468544006347656e+01
1.141746711730957031e+01
1.179579448699951172e+01
1.151505565643310547e+01
1.079500293731689453e+01
1.129080295562744141e+01
1.260798072814941406e+01
1.073923492431640625e+01
1.134421253204345703e+01
1.133338928222656250e+01
1.163013553619384766e+01
1.085882091522216797e+01
1.147194766998291016e+01
1.145962524414062500e+01
1.158737373352050781e+01
1.163481235504150391e+01
1.125709342956542969e+01
1.176561737060546875e+01
1.167107772827148438e+01
1.144223594665527344e+01
1.157713985443115234e+01
1.151964092254638672e+01
1.182826232910156250e+01
1.126203155517578125e+01
1.143595695495605469e+01
1.155261516571044922e+01
1.149213504791259766e+01
1.146412563323974609e+01
1.161836242675781250e+01
1.102444744110107422e+01
1.167975711822509766e+01
1.232070541381835938e+01
1.155448818206787109e+01
1.075183963775634766e+01
1.231239795684814453e+01
1.137231922149658203e+01
1.202574443817138672e+01
1.149810886383056641e+01
1.112228679656982422e+01
1.203595447540283203e+01
1.165534019470214844e+01
1.137585926055908203e+01
1.114055442810058594e+01
1.226060962677001953e+01
1.175144672393798828e+01
1.127364635467529297e+01
1.151149749755859375e+01
1.177224254608154297e+01
1.124219036102294922e+01
1.182495498657226562e+01
1.125042057037353516e+01
1.194608592987060547e+01
1.152390289306640625e+01
1.178252983093261719e+01
1.142943763732910156e+01
1.154882240295410156e+01
1.071926879882812500e+01
1.127711296081542969e+01
1.184227848052978516e+01
1.201302814483642578e+01
1.182201099395751953e+01
1.163551998138427734e+01
1.137585067749023438e+01
1.177799606323242188e+01
1.146596717834472656e+01
1.143734264373779297e+01
1.141510963439941406e+01
1.149477100372314453e+01
1.153537750244140625e+01
1.138864040374755859e+01
1.159085464477539062e+01
1.165317821502685547e+01
1.147400093078613281e+01
1.189173603057861328e+01
1.119693183898925781e+01
1.142233180999755859e+01
1.176329708099365234e+01
1.160109138488769531e+01
1.086647605895996094e+01
1.173387908935546875e+01
1.175241374969482422e+01
1.188302516937255859e+01
1.104540348052978516e+01
1.157048797607421875e+01
1.168078708648681641e+01
1.120543956756591797e+01
1.170586013793945312e+01
1.080197525024414062e+01
1.118533992767333984e+01
1.175882244110107422e+01
1.131331634521484375e+01
1.141529560089111328e+01
1.065900230407714844e+01
1.222307872772216797e+01
1.121623420715332031e+01
1.142948532104492188e+01
1.054348754882812500e+01
1.157914638519287109e+01
1.109161853790283203e+01
1.111587524414062500e+01
1.181741142272949219e+01
1.067971801757812500e+01
1.180577754974365234e+01
1.203757572174072266e+01
1.121014308929443359e+01
1.155654525756835938e+01
1.152135276794433594e+01
1.169114303588867188e+01
1.092795658111572266e+01
1.149239826202392578e+01
1.210840415954589844e+01
1.169178962707519531e+01
1.116202259063720703e+01
1.137653255462646484e+01
1.170138549804687500e+01
1.154685878753662109e+01
1.191749858856201172e+01
1.155742073059082031e+01
1.135767364501953125e+01
1.169437694549560547e+01
1.105053520202636719e+01
1.137068176269531250e+01
1.188590145111083984e+01
1.213599586486816406e+01
1.170654487609863281e+01
1.184219360351562500e+01
1.214622020721435547e+01
1.174299716949462891e+01
1.259020519256591797e+01
1.138665962219238281e+01
1.101664924621582031e+01
1.099485683441162109e+01
1.254649543762207031e+01
1.138143730163574219e+01
1.150877475738525391e+01
1.153815078735351562e+01
1.144614124298095703e+01
1.145451641082763672e+01
1.140384960174560547e+01
1.175884628295898438e+01
1.129160308837890625e+01
1.189210700988769531e+01
1.165852069854736328e+01
1.164727592468261719e+01
1.175058078765869141e+01
1.186577320098876953e+01
1.174562168121337891e+01
1.118386554718017578e+01
1.125722122192382812e+01
1.089776706695556641e+01
1.140077304840087891e+01
1.101719284057617188e+01
1.166545867919921875e+01
1.337854671478271484e+01
1.235523128509521484e+01
1.139101886749267578e+01
1.185990238189697266e+01
1.187244701385498047e+01
1.134061336517333984e+01
1.282038593292236328e+01
1.215954685211181641e+01
1.173875522613525391e+01
1.131269359588623047e+01
1.136891937255859375e+01
1.142161655426025391e+01
1.129109287261962891e+01
1.128469085693359375e+01
1.276502513885498047e+01
1.130022430419921875e+01
1.088427162170410156e+01
1.137630367279052734e+01
1.357660007476806641e+01
1.122631740570068359e+01
1.181343078613281250e+01
1.150273704528808594e+01
1.169681167602539062e+01
1.154832553863525391e+01
1.174136352539062500e+01
1.162981224060058594e+01
1.141502666473388672e+01
1.142711257934570312e+01
1.106994342803955078e+01
1.116939830780029297e+01
1.050702762603759766e+01
1.149956798553466797e+01
1.200320243835449219e+01
1.129862308502197266e+01
1.165242290496826172e+01
1.139118289947509766e+01
1.126179790496826172e+01
1.242145061492919922e+01
1.146986865997314453e+01
1.174016952514648438e+01
1.278284740447998047e+01
1.186296176910400391e+01
1.177056694030761719e+01
1.124010372161865234e+01
1.140877437591552734e+01
1.103301143646240234e+01
1.087121582031250000e+01
1.189209556579589844e+01
1.124208831787109375e+01
1.103946781158447266e+01
1.146605110168457031e+01
1.175733280181884766e+01
1.155624866485595703e+01
1.130891704559326172e+01
1.137904739379882812e+01
1.120755577087402344e+01
1.154738998413085938e+01
1.112757587432861328e+01
1.153532218933105469e+01
1.260913944244384766e+01
1.202965736389160156e+01
1.218863105773925781e+01
1.249109268188476562e+01
1.126718997955322266e+01
1.183995628356933594e+01
1.125054550170898438e+01
1.133866977691650391e+01
1.169551467895507812e+01
1.097543048858642578e+01
1.105030822753906250e+01
1.160697460174560547e+01
1.159827232360839844e+01
1.211768722534179688e+01
1.185475826263427734e+01
1.165075206756591797e+01
1.173338508605957031e+01
1.148940467834472656e+01
1.171806621551513672e+01
1.166149997711181641e+01
1.207155323028564453e+01
1.142939090728759766e+01
1.176772594451904297e+01
1.089833736419677734e+01
1.144014835357666016e+01
1.137080669403076172e+01
1.191245269775390625e+01
1.153054714202880859e+01
1.116745281219482422e+01
1.177007102966308594e+01
1.132858848571777344e+01
1.110676956176757812e+01
1.158613204956054688e+01
1.163025093078613281e+01
1.096603298187255859e+01
1.164957809448242188e+01
1.111120033264160156e+01
1.178967475891113281e+01
1.074825096130371094e+01
1.097635746002197266e+01
1.150462245941162109e+01
1.156651210784912109e+01
1.179418849945068359e+01
1.162686729431152344e+01
1.246452426910400391e+01
1.102793312072753906e+01
1.141872215270996094e+01
1.226842308044433594e+01
1.189114093780517578e+01
1.174479389190673828e+01
1.176743602752685547e+01
1.132310581207275391e+01
1.179207229614257812e+01
1.228205871582031250e+01
1.106505870819091797e+01
1.173652458190917969e+01
1.150146389007568359e+01
1.268326950073242188e+01
1.099690055847167969e+01
1.150358486175537109e+01
1.154860687255859375e+01
1.172058868408203125e+01
1.172642135620117188e+01
1.186410522460937500e+01
1.125868606567382812e+01
1.164991569519042969e+01
1.115269088745117188e+01
1.116798400878906250e+01
1.125817775726318359e+01
1.238690948486328125e+01
1.167307662963867188e+01
1.248206996917724609e+01
1.276821517944335938e+01
1.095961666107177734e+01
1.135171699523925781e+01
1.158548831939697266e+01
1.139971160888671875e+01
1.118361186981201172e+01
1.145632553100585938e+01
1.311395549774169922e+01
1.120332145690917969e+01
1.168658733367919922e+01
1.123453998565673828e+01
1.161412620544433594e+01
1.132909965515136719e+01
1.107285976409912109e+01
1.171389675140380859e+01
1.094742679595947266e+01
1.163387584686279297e+01
1.193862819671630859e+01
1.138925075531005859e+01
1.171969985961914062e+01
1.153511142730712891e+01
1.174627876281738281e+01
1.146359157562255859e+01
1.164445400238037109e+01
1.163517093658447266e+01
1.171295166015625000e+01
1.151808452606201172e+01
1.162481689453125000e+01
1.135822200775146484e+01
1.118283557891845703e+01
1.143781471252441406e+01
1.154185104370117188e+01
1.142108917236328125e+01
1.126043701171875000e+01
1.206879425048828125e+01
1.095402240753173828e+01
1.198257923126220703e+01
1.138732242584228516e+01
1.114570999145507812e+01
1.274492931365966797e+01
1.185785770416259766e+01
1.140056991577148438e+01
1.149076175689697266e+01
1.156960105895996094e+01
1.124312686920166016e+01
1.210583019256591797e+01
1.159592247009277344e+01
1.191555118560791016e+01
1.164527797698974609e+01
1.172573566436767578e+01
1.149698066711425781e+01
1.152775382995605469e+01
1.113277721405029297e+01
1.187604045867919922e+01
1.175242805480957031e+01
1.125757217407226562e+01
1.170314884185791016e+01
1.142785835266113281e+01
1.184383964538574219e+01
1.182066917419433594e+01
1.122484397888183594e+01
1.221302795410156250e+01
1.166440868377685547e+01
1.146852874755859375e+01
1.138640117645263672e+01
1.162246322631835938e+01
1.121524047851562500e+01
1.155195522308349609e+01
1.153006076812744141e+01
1.156577587127685547e+01
1.180404281616210938e+01
1.128699302673339844e+01
1.185183906555175781e+01
1.119948482513427734e+01
1.225663948059082031e+01
1.187685489654541016e+01
1.188208675384521484e+01
1.135622310638427734e+01
1.196183872222900391e+01
1.249845027923583984e+01
1.213324069976806641e+01
1.104914569854736328e+01
1.221627426147460938e+01
1.092547607421875000e+01
1.165170478820800781e+01
1.207175922393798828e+01
1.172242736816406250e+01
1.107879543304443359e+01
1.131956005096435547e+01
1.143147659301757812e+01
1.153284740447998047e+01
1.125471210479736328e+01
1.156569766998291016e+01
1.169828319549560547e+01
1.057224369049072266e+01
1.155029392242431641e+01
1.152268409729003906e+01
1.128258514404296875e+01
1.133172988891601562e+01
1.188242912292480469e+01
1.162337970733642578e+01
1.123662281036376953e+01
1.140524196624755859e+01
1.194184494018554688e+01
1.097447872161865234e+01
1.172755050659179688e+01
1.182017517089843750e+01
1.178617477416992188e+01
1.144290161132812500e+01
1.105643653869628906e+01
1.137896823883056641e+01
1.244864368438720703e+01
1.168198966979980469e+01
1.153268527984619141e+01
1.172085571289062500e+01
1.100487709045410156e+01
1.418733501434326172e+01
1.117776393890380859e+01
1.103991127014160156e+01
1.344996356964111328e+01
1.152434921264648438e+01
1.200309085845947266e+01
1.060547828674316406e+01
1.152365493774414062e+01
1.188378047943115234e+01
1.279161739349365234e+01
1.192043590545654297e+01
1.119927883148193359e+01
1.127998733520507812e+01
1.182686614990234375e+01
1.156720161437988281e+01
1.205424690246582031e+01
1.200155735015869141e+01
1.132131385803222656e+01
1.237152576446533203e+01
1.204434394836425781e+01
1.137584877014160156e+01
1.312058925628662109e+01
1.087453269958496094e+01
1.096183490753173828e+01
1.110147953033447266e+01
1.156434345245361328e+01
1.218393802642822266e+01
1.135888862609863281e+01
1.140697479248046875e+01
1.063742733001708984e+01
1.163674068450927734e+01
1.181690692901611328e+01
1.258431911468505859e+01
1.229585456848144531e+01
1.170320510864257812e+01
1.179607868194580078e+01
1.136722660064697266e+01
1.154972743988037109e+01
1.105719947814941406e+01
1.248611450195312500e+01
1.180932617187500000e+01
1.136150074005126953e+01
1.123493194580078125e+01
1.056367206573486328e+01
1.128317260742187500e+01
1.160539436340332031e+01
1.160089206695556641e+01
1.264498138427734375e+01
1.095401668548583984e+01
1.114664554595947266e+01
1.161089611053466797e+01
1.115219306945800781e+01
1.152895832061767578e+01
1.120800876617431641e+01
1.074742794036865234e+01
1.068292522430419922e+01
1.143483066558837891e+01
1.149772262573242188e+01
1.202562808990478516e+01
1.162936496734619141e+01
1.171721744537353516e+01
1.127384662628173828e+01
1.178797912597656250e+01
1.164617061614990234e+01
1.160894870758056641e+01
1.156968593597412109e+01
1.151600170135498047e+01
1.139052772521972656e+01
1.134974956512451172e+01
1.154868698120117188e+01
1.174791812896728516e+01
1.136708164215087891e+01
1.162774467468261719e+01
1.126137542724609375e+01
1.286408329010009766e+01
1.183245563507080078e+01
1.138841247558593750e+01
1.158907985687255859e+01
1.154571723937988281e+01
1.175232791900634766e+01
1.143686676025390625e+01
1.131627750396728516e+01
1.129365730285644531e+01
1.113249588012695312e+01
1.161480236053466797e+01
1.156069850921630859e+01
1.198928928375244141e+01
1.144465351104736328e+01
1.253752231597900391e+01
1.192626285552978516e+01
1.224973011016845703e+01
1.194728946685791016e+01
1.258250141143798828e+01
1.155710601806640625e+01
1.121199321746826172e+01
1.129156208038330078e+01
1.138631725311279297e+01
1.124449729919433594e+01
1.235999298095703125e+01
1.177136611938476562e+01
1.198044395446777344e+01
1.234916687011718750e+01
1.051163673400878906e+01
1.111607742309570312e+01
1.352684116363525391e+01
1.162968444824218750e+01
1.128915405273437500e+01
1.124894714355468750e+01
1.153453159332275391e+01
1.142041969299316406e+01
1.142768859863281250e+01
1.157687950134277344e+01
1.188931274414062500e+01
1.239380073547363281e+01
1.165093898773193359e+01
1.072365760803222656e+01
1.154693031311035156e+01
1.132371234893798828e+01
1.164283943176269531e+01
1.220696830749511719e+01
1.154900550842285156e+01
1.238485813140869141e+01
1.067949199676513672e+01
1.159218120574951172e+01
1.139672565460205078e+01
1.138218593597412109e+01
1.184152317047119141e+01
1.184587001800537109e+01
1.138784885406494141e+01
1.143845176696777344e+01
1.145384311676025391e+01
1.156842231750488281e+01
1.142473888397216797e+01
1.163654899597167969e+01
1.123075485229492188e+01
1.165067100524902344e+01
1.184141349792480469e+01
1.112394809722900391e+01
1.173033905029296875e+01
1.183521461486816406e+01
1.372320556640625000e+01
1.163312721252441406e+01
1.208439540863037109e+01
1.139383125305175781e+01
1.095894908905029297e+01
1.232638454437255859e+01
1.183402919769287109e+01
1.118963718414306641e+01
1.176443481445312500e+01
1.221460342407226562e+01
1.022739505767822266e+01
1.171561241149902344e+01
1.115097904205322266e+01
1.113465499877929688e+01
1.119799804687500000e+01
1.142479228973388672e+01
1.130543136596679688e+01
9.987399101257324219e+00
1.133067798614501953e+01
1.138023948669433594e+01
1.157626342773437500e+01
1.170988464355468750e+01
1.128328704833984375e+01
1.126183509826660156e+01
1.172359466552734375e+01
1.112533569335937500e+01
1.151554775238037109e+01
1.177049446105957031e+01
1.154622554779052734e+01
1.111950778961181641e+01
1.145635509490966797e+01
1.127722263336181641e+01
1.187594795227050781e+01
1.155070209503173828e+01
1.156783103942871094e+01
1.144991779327392578e+01
1.165105628967285156e+01
1.071518421173095703e+01
1.133723068237304688e+01
1.188330841064453125e+01
1.109538364410400391e+01
1.242848300933837891e+01
1.159715652465820312e+01
1.120623016357421875e+01
1.154828929901123047e+01
1.225571346282958984e+01
1.101262283325195312e+01
1.178332328796386719e+01
1.209069824218750000e+01
1.118241691589355469e+01
1.137119388580322266e+01
1.169174861907958984e+01
1.154697608947753906e+01
1.164778804779052734e+01
1.121915435791015625e+01
1.171368026733398438e+01
1.127270793914794922e+01
1.140010166168212891e+01
1.160482120513916016e+01
1.154464912414550781e+01
1.158442401885986328e+01
1.225434589385986328e+01
1.069483375549316406e+01
1.163895988464355469e+01
1.181798744201660156e+01
1.213416862487792969e+01
1.184092998504638672e+01
1.174174785614013672e+01
1.190375232696533203e+01
1.185208129882812500e+01
1.118253421783447266e+01
1.128519821166992188e+01
1.166640377044677734e+01
1.195112895965576172e+01
1.140042400360107422e+01
1.136501312255859375e+01
1.172010803222656250e+01
1.154595375061035156e+01
1.178134346008300781e+01
1.035260391235351562e+01
1.173399639129638672e+01
1.169135093688964844e+01
1.151891994476318359e+01
1.149663543701171875e+01
1.109110927581787109e+01
1.166538333892822266e+01
1.180865478515625000e+01
1.154193305969238281e+01
1.101876354217529297e+01
1.137289237976074219e+01
1.132892417907714844e+01
1.135518455505371094e+01
1.105461883544921875e+01
1.130486106872558594e+01
1.147432136535644531e+01
1.156114196777343750e+01
1.160833740234375000e+01
1.210874652862548828e+01
1.203410911560058594e+01
1.118552398681640625e+01
1.200502300262451172e+01
1.117970466613769531e+01
1.127555847167968750e+01
1.060807418823242188e+01
1.169492149353027344e+01
1.134083557128906250e+01
1.223409271240234375e+01
1.129581451416015625e+01
1.116235542297363281e+01
1.156552410125732422e+01
1.254370975494384766e+01
1.134538745880126953e+01
1.158548927307128906e+01
1.113432884216308594e+01
1.166196155548095703e+01
1.185752296447753906e+01
1.132036304473876953e+01
1.162243556976318359e+01
1.168233680725097656e+01
1.199817085266113281e+01
1.163898277282714844e+01
1.093707561492919922e+01
1.164570808410644531e+01
1.230857563018798828e+01
1.152988529205322266e+01
1.171750259399414062e+01
1.120286655426025391e+01
1.116069507598876953e+01
1.154572391510009766e+01
1.135813903808593750e+01
1.099305343627929688e+01
1.115684223175048828e+01
1.164311408996582031e+01
1.096209049224853516e+01
1.178136253356933594e+01
1.141488170623779297e+01
1.140160751342773438e+01
1.200182819366455078e+01
1.174806594848632812e+01
1.070494461059570312e+01
1.169181537628173828e+01
1.130764865875244141e+01
1.158230018615722656e+01
1.242263793945312500e+01
1.155908012390136719e+01
1.120451068878173828e+01
1.129063606262207031e+01
1.107072067260742188e+01
1.170408725738525391e+01
1.126482009887695312e+01
1.169490814208984375e+01
1.154334831237792969e+01
1.184097862243652344e+01
1.184443283081054688e+01
1.082448196411132812e+01
1.096944141387939453e+01
1.181076526641845703e+01
1.156274127960205078e+01
1.145153045654296875e+01
1.329603767395019531e+01
1.122208595275878906e+01
1.157599258422851562e+01
1.196016883850097656e+01
1.178233718872070312e+01
1.201013565063476562e+01
1.300005817413330078e+01
1.189077186584472656e+01
1.138962364196777344e+01
1.167177009582519531e+01
1.326124954223632812e+01
1.162117958068847656e+01
1.071724605560302734e+01
1.098299789428710938e+01
1.023304462432861328e+01
1.129350662231445312e+01
1.155587100982666016e+01
1.231115722656250000e+01
1.137704277038574219e+01
1.108088970184326172e+01
1.182711029052734375e+01
1.179231452941894531e+01
1.156327247619628906e+01
1.117559432983398438e+01
1.114769840240478516e+01
1.163544178009033203e+01
1.148378562927246094e+01
1.100914382934570312e+01
1.109537792205810547e+01
1.121567440032958984e+01
1.127055740356445312e+01
1.107570648193359375e+01
1.197825145721435547e+01
1.172889614105224609e+01
1.165548515319824219e+01
1.135188007354736328e+01
1.165772628784179688e+01
1.141427803039550781e+01
1.184363746643066406e+01
1.116444683074951172e+01
1.190179538726806641e+01
1.199998950958251953e+01
1.051462554931640625e+01
1.129427146911621094e+01
1.053798961639404297e+01
1.134197139739990234e+01
1.146793079376220703e+01
1.172890186309814453e+01
1.172017860412597656e+01
1.144000244140625000e+01
1.160478305816650391e+01
1.207789707183837891e+01
1.159186553955078125e+01
1.179173374176025391e+01
1.161957168579101562e+01
1.140846061706542969e+01
1.141506290435791016e+01
1.140080165863037109e+01
1.117631816864013672e+01
1.199652004241943359e+01
1.191041946411132812e+01
1.133687591552734375e+01
1.102008914947509766e+01
1.253093528747558594e+01
1.105418395996093750e+01
1.154371929168701172e+01
1.150477027893066406e+01
1.173200893402099609e+01
1.186721324920654297e+01
1.290720844268798828e+01
1.160246944427490234e+01
1.055692958831787109e+01
1.113178730010986328e+01
1.124599647521972656e+01
1.161813926696777344e+01
1.120524978637695312e+01
1.155749702453613281e+01
1.002182388305664062e+01
1.163829326629638672e+01
1.155781841278076172e+01
1.223902130126953125e+01
1.146008586883544922e+01
1.108011150360107422e+01
1.176122283935546875e+01
1.116708087921142578e+01
1.128702545166015625e+01
1.367042732238769531e+01
1.154724884033203125e+01
1.113233661651611328e+01
1.131852054595947266e+01
1.150680923461914062e+01
1.064659214019775391e+01
1.162683296203613281e+01
1.122921657562255859e+01
1.158310508728027344e+01
1.165286064147949219e+01
1.180277442932128906e+01
1.129456710815429688e+01
1.016721248626708984e+01
1.106790828704833984e+01
1.064892959594726562e+01
1.114894866943359375e+01
1.178297710418701172e+01
1.160948562622070312e+01
1.178207397460937500e+01
1.149853229522705078e+01
1.144662570953369141e+01
1.129433250427246094e+01
1.162124824523925781e+01
1.178921890258789062e+01
1.220060348510742188e+01
1.118831157684326172e+01
1.164528369903564453e+01
1.167936611175537109e+01
1.059779739379882812e+01
1.109969329833984375e+01
1.118708229064941406e+01
1.174779033660888672e+01
1.136633777618408203e+01
1.246488094329833984e+01
1.154264640808105469e+01
1.126006889343261719e+01
1.048188400268554688e+01
1.150467967987060547e+01
1.156155300140380859e+01
1.170450115203857422e+01
1.156502246856689453e+01
1.119420242309570312e+01
1.136849403381347656e+01
1.173432445526123047e+01
1.138072013854980469e+01
1.110443019866943359e+01
1.134012031555175781e+01
1.048497390747070312e+01
1.119927501678466797e+01
1.137117004394531250e+01
1.142756557464599609e+01
1.151961708068847656e+01
1.274221420288085938e+01
1.100816249847412109e+01
1.313387584686279297e+01
1.173344516754150391e+01
1.109791088104248047e+01
1.132382297515869141e+01
1.099005222320556641e+01
1.061053180694580078e+01
1.266354656219482422e+01
1.015246105194091797e+01
1.060325717926025391e+01
1.140726852416992188e+01
1.176672267913818359e+01
1.129017829895019531e+01
1.246815395355224609e+01
1.186992740631103516e+01
1.155674457550048828e+01
1.115954303741455078e+01
1.163635730743408203e+01
1.128062438964843750e+01
1.151406478881835938e+01
1.218842887878417969e+01
1.130221748352050781e+01
1.101561260223388672e+01
1.157941150665283203e+01
1.245126056671142578e+01
1.140159702301025391e+01
1.175588512420654297e+01
1.132292270660400391e+01
1.274647235870361328e+01
1.181116390228271484e+01
1.138826560974121094e+01
1.141868209838867188e+01
1.160125541687011719e+01
1.190330410003662109e+01
1.152135562896728516e+01
1.216069126129150391e+01
1.171104907989501953e+01
1.203154754638671875e+01
1.147801971435546875e+01
1.108675861358642578e+01
1.200488090515136719e+01
1.215018653869628906e+01
1.133831024169921875e+01
1.116318035125732422e+01
1.172771549224853516e+01
1.100238990783691406e+01
1.149313354492187500e+01
1.176956748962402344e+01
1.145796012878417969e+01
1.176558399200439453e+01
1.122105026245117188e+01
1.101070404052734375e+01
1.176190280914306641e+01
1.205049228668212891e+01
1.203732109069824219e+01
1.154261589050292969e+01
1.179460811614990234e+01
1.174956703186035156e+01
1.151860427856445312e+01
1.147085475921630859e+01
1.152967166900634766e+01
1.145039176940917969e+01
1.125767517089843750e+01
1.137404537200927734e+01
1.129967498779296875e+01
1.056093502044677734e+01
1.163606548309326172e+01
1.162032508850097656e+01
1.107031440734863281e+01
1.162271785736083984e+01
1.166007900238037109e+01
1.176152610778808594e+01
1.167841529846191406e+01
1.143030643463134766e+01
1.110474681854248047e+01
1.171044635772705078e+01
1.128423690795898438e+01
1.214425373077392578e+01
1.110788536071777344e+01
1.139723682403564453e+01
1.086285686492919922e+01
1.145699119567871094e+01
1.124072551727294922e+01
1.194295597076416016e+01
1.160517692565917969e+01
1.159684467315673828e+01
1.142998600006103516e+01
1.204685115814208984e+01
1.136691379547119141e+01
1.214125061035156250e+01
1.183151054382324219e+01
1.132819557189941406e+01
1.156311130523681641e+01
1.177569103240966797e+01
1.136487865447998047e+01
1.157077121734619141e+01
1.156161785125732422e+01
1.174433994293212891e+01
1.220861434936523438e+01
1.149719142913818359e+01
1.177954959869384766e+01
1.199589920043945312e+01
1.162996006011962891e+01
1.170870876312255859e+01
1.057304096221923828e+01
1.152790451049804688e+01
1.150222492218017578e+01
1.180937480926513672e+01
1.133072376251220703e+01
1.195020866394042969e+01
1.160329627990722656e+01
1.189932727813720703e+01
1.162564563751220703e+01
1.167179775238037109e+01
1.161997222900390625e+01
1.080943202972412109e+01
1.161159896850585938e+01
1.050333976745605469e+01
1.157001113891601562e+01
1.193987941741943359e+01
1.159049224853515625e+01
1.151350975036621094e+01
1.030147743225097656e+01
1.256677055358886719e+01
1.189941883087158203e+01
1.203075218200683594e+01
1.119941139221191406e+01
1.193006801605224609e+01
1.076694202423095703e+01
1.188218688964843750e+01
1.203266239166259766e+01
1.266461181640625000e+01
1.159851360321044922e+01
1.155879020690917969e+01
1.164518165588378906e+01
1.145065307617187500e+01
1.152660179138183594e+01
1.144200992584228516e+01
1.103604602813720703e+01
1.126662826538085938e+01
1.118570709228515625e+01
1.194756507873535156e+01
1.124254226684570312e+01
1.214422225952148438e+01
1.129183101654052734e+01
1.119561481475830078e+01
1.153890228271484375e+01
1.151994132995605469e+01
1.214764499664306641e+01
1.135655403137207031e+01
1.154729461669921875e+01
1.153101730346679688e+01
1.293002319335937500e+01
1.158195209503173828e+01
1.138836765289306641e+01
1.148325634002685547e+01
1.129103279113769531e+01
1.305655765533447266e+01
1.058819961547851562e+01
1.117860221862792969e+01
1.173685073852539062e+01
1.160265731811523438e+01
1.234572410583496094e+01
1.255551528930664062e+01
1.104310894012451172e+01
1.221951007843017578e+01
1.181907367706298828e+01
1.191827964782714844e+01
1.137307453155517578e+01
1.167429256439208984e+01
1.201127624511718750e+01
1.137395000457763672e+01
1.208447837829589844e+01
1.298169708251953125e+01
1.132212257385253906e+01
1.297231769561767578e+01
1.094331645965576172e+01
1.143726730346679688e+01
1.139507484436035156e+01
1.117858791351318359e+01
1.158524131774902344e+01
1.140939331054687500e+01
1.251042461395263672e+01
1.179930973052978516e+01
1.138312053680419922e+01
1.188235473632812500e+01
1.162093448638916016e+01
1.156146621704101562e+01
1.132513618469238281e+01
1.262597751617431641e+01
1.123209095001220703e+01
1.102450561523437500e+01
1.170017051696777344e+01
1.141434478759765625e+01
1.101292133331298828e+01
1.108828258514404297e+01
1.120807743072509766e+01
1.131327056884765625e+01
1.237931251525878906e+01
1.088887786865234375e+01
9.770034790039062500e+00
1.149331951141357422e+01
1.166463184356689453e+01
1.079956340789794922e+01
